{
"type": "FeatureCollection",
"name": "erosion_seed_corridors_sylhet",
"crs": { "type": "name", "properties": { "name": "urn:ogc:def:crs:OGC:1.3:CRS84" } },
"features": [
{ "type": "Feature", "properties": { "ARCID": 739413, "UP_CELLS": 1185, "buffer_m": 80 }, "geometry": { "type": "Polygon", "coordinates": [ [ [ 92.423710835416841, 25.219029439947615 ], [ 92.427670783949381, 25.215069463623642 ], [ 92.427717520493715, 25.215018157929226 ], [ 92.427758861952483, 25.214963153180655 ], [ 92.427794456637827, 25.214904917307791 ], [ 92.427824001751517, 25.214843945727267 ], [ 92.427847245960635, 25.214780757127858 ], [ 92.427863991535432, 25.214715889057878 ], [ 92.427874096031118, 25.214649893352117 ], [ 92.427877473499294, 25.214583331437339 ], [ 92.427877451360061, 25.211139112930333 ], [ 92.431250012254594, 25.211139104221434 ], [ 92.431332509497565, 25.2111351941309 ], [ 92.431414113853236, 25.211123508480657 ], [ 92.431493942228485, 25.211104173728398 ], [ 92.431571130750058, 25.211077399107577 ], [ 92.431644844113734, 25.211043474363105 ], [ 92.431714284623851, 25.211002766615685 ], [ 92.431778700826129, 25.210955716388792 ], [ 92.431837395639633, 25.210902832841278 ], [ 92.436004059554421, 25.206736149834256 ], [ 92.436050796975138, 25.206684843000868 ], [ 92.43609213929038, 25.206629836611452 ], [ 92.436127734772157, 25.206571598653504 ], [ 92.436157280587224, 25.206510624607649 ], [ 92.436180525373189, 25.206447433232047 ], [ 92.436197271376997, 25.206382562148796 ], [ 92.436207376136849, 25.206316563269848 ], [ 92.436210753694127, 25.206249998101367 ], [ 92.436210726662424, 25.202083330966687 ], [ 92.436207347544382, 25.202016757776978 ], [ 92.436197239864455, 25.201950751152133 ], [ 92.436180489648081, 25.201885872797135 ], [ 92.436157239446928, 25.201822674814711 ], [ 92.436127687125506, 25.201761695007068 ], [ 92.436092084177076, 25.201703452299448 ], [ 92.436050733583173, 25.201648442324171 ], [ 92.436003987235125, 25.201597133203077 ], [ 92.428156803228248, 25.193750031236654 ], [ 92.43183727577329, 25.190069520784874 ], [ 92.431884014804751, 25.19001821182874 ], [ 92.431925358707318, 25.189963202324481 ], [ 92.431960955673901, 25.189904960373362 ], [ 92.431990502802108, 25.189843981582431 ], [ 92.432013748671494, 25.18978078484697 ], [ 92.432030495482877, 25.189715907934982 ], [ 92.432040600741018, 25.189649902910947 ], [ 92.432043978467007, 25.189583331438065 ], [ 92.432043951459406, 25.185416664299868 ], [ 92.432040572391088, 25.185350086946727 ], [ 92.432030464863004, 25.185284076263017 ], [ 92.432013714909829, 25.18521919405682 ], [ 92.431990465098352, 25.18515599253103 ], [ 92.431960913313929, 25.185095009583645 ], [ 92.431925311075915, 25.185036764229938 ], [ 92.431883961396792, 25.184981752185269 ], [ 92.431837216203036, 25.184930441646209 ], [ 92.427877255601132, 25.180970509746501 ], [ 92.427877230322281, 25.177083330965591 ], [ 92.427873407008491, 25.177012519436897 ], [ 92.427861974865195, 25.176942389904106 ], [ 92.42784304400287, 25.176873617751479 ], [ 92.427816796747862, 25.176806865289844 ], [ 92.427783485885925, 25.176742775378347 ], [ 92.427743432227473, 25.176681965233431 ], [ 92.427697021517588, 25.176625020484931 ], [ 92.427644700720847, 25.176572489536326 ], [ 92.427586973716672, 25.176524878283491 ], [ 92.427524396446628, 25.176482645242928 ], [ 92.427457571560453, 25.176446197136162 ], [ 92.427387142612332, 25.176415884973085 ], [ 92.427313787863312, 25.176392000671658 ], [ 92.427238213749732, 25.176374774246852 ], [ 92.42716114808006, 25.176364371595543 ], [ 92.42708333302626, 25.176360892899023 ], [ 92.42700551797671, 25.176364371658227 ], [ 92.426928452319714, 25.176374774371144 ], [ 92.426852878226939, 25.176392000855472 ], [ 92.426779523506497, 25.176415885213309 ], [ 92.426709094594003, 25.176446197428824 ], [ 92.426642269749834, 25.176482645583217 ], [ 92.426579692527341, 25.176524878665951 ], [ 92.426521965575262, 25.176572489954935 ], [ 92.426469644834171, 25.17662502093329 ], [ 92.426423234182465, 25.176681965704891 ], [ 92.426383180583656, 25.17674277586617 ], [ 92.426349869781816, 25.176806865787373 ], [ 92.426323622586338, 25.17687361825223 ], [ 92.426304691782107, 25.17694239040194 ], [ 92.426293259694688, 25.177012519926109 ], [ 92.426289436433848, 25.177083331441025 ], [ 92.426289409438311, 25.181249997631863 ], [ 92.426292787209974, 25.181316572340251 ], [ 92.426302892697677, 25.181382580521841 ], [ 92.426319639912293, 25.181447460432612 ], [ 92.426342886341601, 25.181510659929462 ], [ 92.426372434162715, 25.181571641169192 ], [ 92.426408031925305, 25.181629885185714 ], [ 92.426449376691238, 25.181684896306678 ], [ 92.426496116612441, 25.181736206371887 ], [ 92.430456046911502, 25.185696165375919 ], [ 92.430456023527086, 25.189303857657031 ], [ 92.426496059492109, 25.193263793936271 ], [ 92.426446388737375, 25.193318657871714 ], [ 92.426402884004844, 25.19337769751014 ], [ 92.426365966456828, 25.19344034131047 ], [ 92.426335993489218, 25.193505982840179 ], [ 92.42631325527141, 25.19357398664587 ], [ 92.426297971936833, 25.193643694404681 ], [ 92.42629029145148, 25.193714431297252 ], [ 92.426290288181065, 25.193785512540355 ], [ 92.426297962170608, 25.193856250016015 ], [ 92.426313239143383, 25.19392595893304 ], [ 92.426335971219572, 25.193993964456254 ], [ 92.426365938347374, 25.19405960823957 ], [ 92.426402850432723, 25.194122254799289 ], [ 92.426446350147359, 25.194181297666255 ], [ 92.426496016387674, 25.194236165257095 ], [ 92.434622605038953, 25.202362812857807 ], [ 92.434622581633349, 25.205970553392198 ], [ 92.430898885654798, 25.209694233607156 ], [ 92.427083345587448, 25.209694229471317 ], [ 92.427005508512181, 25.2096977071648 ], [ 92.426928420935681, 25.209708108930339 ], [ 92.426852825255637, 25.209725334592733 ], [ 92.426779449502646, 25.209749218258697 ], [ 92.426709000329126, 25.209779529914407 ], [ 92.42664215620421, 25.209815977640606 ], [ 92.42657956087983, 25.209858210423803 ], [ 92.426521817191258, 25.209905821536644 ], [ 92.426469481251388, 25.209958352454709 ], [ 92.426423057095136, 25.210015297272285 ], [ 92.426382991825079, 25.210076107574338 ], [ 92.426349671305474, 25.210140197717969 ], [ 92.426323416445754, 25.210206950472369 ], [ 92.426304480109764, 25.210275722963015 ], [ 92.42629304467998, 25.21034585286289 ], [ 92.426289220300632, 25.210416664771088 ], [ 92.426289195164941, 25.21430390168354 ], [ 92.422329217982124, 25.218263851077733 ], [ 92.42228247599499, 25.21831515733793 ], [ 92.422241129484675, 25.218370163127091 ], [ 92.422205530220666, 25.218428400474476 ], [ 92.422175981078169, 25.218489373915684 ], [ 92.422152733461104, 25.218552564707792 ], [ 92.422135985162981, 25.218617435242567 ], [ 92.422125878683858, 25.21868343362021 ], [ 92.422122500017664, 25.218749998344681 ], [ 92.422122445899873, 25.227083330719793 ], [ 92.422126269779966, 25.227154141757257 ], [ 92.422137705626028, 25.227224270890311 ], [ 92.422156643317379, 25.227293042735585 ], [ 92.422182900485495, 25.227359794980014 ], [ 92.422216224269889, 25.227423884759428 ], [ 92.422256293752923, 25.227484694849785 ], [ 92.422302723050024, 25.227541639611545 ], [ 92.422355065025798, 25.227594170629935 ], [ 92.422412815599927, 25.227641781996642 ], [ 92.422475418601792, 25.227684015182277 ], [ 92.422542271126659, 25.227720463452425 ], [ 92.422612729342148, 25.227750775784973 ], [ 92.422686114688943, 25.227774660250883 ], [ 92.422761720415934, 25.227791886825731 ], [ 92.422838818387092, 25.227802289605194 ], [ 92.42291666609421, 25.227805768402874 ], [ 92.422994513808135, 25.227802289715232 ], [ 92.423071611799642, 25.227791887044273 ], [ 92.423147217560171, 25.227774660574916 ], [ 92.423220602953094, 25.227750776210051 ], [ 92.423291061226578, 25.227720463972751 ], [ 92.42335791382034, 25.227684015790864 ], [ 92.423420516900848, 25.227641782685428 ], [ 92.42347826756216, 25.227594171389921 ], [ 92.423530609632252, 25.227541640433035 ], [ 92.423577039029439, 25.227484695722524 ], [ 92.423617108616838, 25.227423885672799 ], [ 92.423650432508452, 25.227359795923228 ], [ 92.423676689785154, 25.227293043697877 ], [ 92.423695627585133, 25.227224271861083 ], [ 92.423707063538572, 25.227154142726242 ], [ 92.423710887523569, 25.227083331677207 ], [ 92.423710835416841, 25.219029439947615 ] ] ] } },
{ "type": "Feature", "properties": { "ARCID": 739552, "UP_CELLS": 4499, "buffer_m": 80 }, "geometry": { "type": "Polygon", "coordinates": [ [ [ 92.010767749468869, 25.206972383156369 ], [ 92.014583345553717, 25.206972379308144 ], [ 92.014665829132468, 25.206968469934264 ], [ 92.014747420063472, 25.206956786409116 ], [ 92.014827235488042, 25.206937455154385 ], [ 92.014904411760369, 25.206910685344372 ], [ 92.014978113792978, 25.206876766642491 ], [ 92.015047544093363, 25.206836066066828 ], [ 92.01511195139345, 25.206789024018619 ], [ 92.015170638778912, 25.206736149516715 ], [ 92.023503967631484, 25.198402783415268 ], [ 92.023553629364955, 25.198347920735596 ], [ 92.023597125079817, 25.198288883408466 ], [ 92.023634033731653, 25.198226242935174 ], [ 92.023663998042778, 25.198160605695836 ], [ 92.023686727960538, 25.19809260707931 ], [ 92.023702003464649, 25.198022905332323 ], [ 92.023709676696669, 25.197952175187304 ], [ 92.02370967339084, 25.197881101330712 ], [ 92.023701993592496, 25.197810371775098 ], [ 92.023686711657106, 25.197740671198872 ], [ 92.023663975529971, 25.197672674318582 ], [ 92.02363400531361, 25.197607039357475 ], [ 92.023597091136679, 25.197544401673916 ], [ 92.023553590345117, 25.197485367611087 ], [ 92.023503924042544, 25.19743050862764 ], [ 92.019543940202865, 25.193470553855345 ], [ 92.019543914837612, 25.18958333079501 ], [ 92.019540536068973, 25.189516760402267 ], [ 92.01953042947089, 25.189450756594205 ], [ 92.019513681066016, 25.189385881093639 ], [ 92.019490433401245, 25.189322686020088 ], [ 92.019460884334251, 25.189261709191019 ], [ 92.019425285349357, 25.1892034695449 ], [ 92.019383939416997, 25.18914846272483 ], [ 92.019337198415045, 25.189097156860591 ], [ 92.015170527104758, 25.184930506360445 ], [ 92.015111845340869, 25.184877629928291 ], [ 92.015047444292307, 25.184830586737768 ], [ 92.014978020880349, 25.184789885865779 ], [ 92.014904326373269, 25.184755967755418 ], [ 92.014827158256722, 25.18472919944989 ], [ 92.014747351603916, 25.184709870620775 ], [ 92.014665770039343, 25.184698190433572 ], [ 92.014583296393553, 25.184694285284298 ], [ 92.002434307583755, 25.184694301877737 ], [ 91.998503828824795, 25.1807638322415 ], [ 91.998445151867259, 25.180710959815382 ], [ 91.998380756576381, 25.180663919993766 ], [ 91.998311339730563, 25.180623221758243 ], [ 91.998237652440196, 25.180589305472452 ], [ 91.998160492020617, 25.180562538117393 ], [ 91.998080693365225, 25.180543209320899 ], [ 91.997999119912151, 25.180531528223899 ], [ 91.99791665430206, 25.180527621217642 ], [ 91.994100921236125, 25.18052762643709 ], [ 91.981837097303526, 25.16826383100334 ], [ 91.981778419781989, 25.168210953661749 ], [ 91.981714023425113, 25.16816391022541 ], [ 91.981644605170331, 25.168123209822735 ], [ 91.981570916302175, 25.168089292933978 ], [ 91.981493754321789, 25.168062526624336 ], [ 91.981413954316139, 25.168043200571592 ], [ 91.981332379920659, 25.168031523931226 ], [ 91.98124991397296, 25.168027623072987 ], [ 91.952083419195475, 25.168027628535736 ], [ 91.952000958393839, 25.168031528966065 ], [ 91.95191938899768, 25.168043204268564 ], [ 91.951839593693208, 25.168062528100908 ], [ 91.951762435969485, 25.168089291353741 ], [ 91.951688750774963, 25.168123204413458 ], [ 91.951619335482448, 25.168163900296047 ], [ 91.951554941260937, 25.168210938618142 ], [ 91.951496264947025, 25.168263810362415 ], [ 91.947329596140321, 25.172430460658262 ], [ 91.947280054686843, 25.172485167365995 ], [ 91.947236644089472, 25.172544029643994 ], [ 91.947199782420611, 25.172606480621976 ], [ 91.947169824685133, 25.172671918868062 ], [ 91.947147059401416, 25.172739714180661 ], [ 91.947131705822244, 25.172809213657509 ], [ 91.947123911822985, 25.17287974798332 ], [ 91.947123752476983, 25.172950637875608 ], [ 91.947131229332001, 25.173021200626369 ], [ 91.94714627039491, 25.173090756677063 ], [ 91.947168730824444, 25.173158636163038 ], [ 91.947198394325682, 25.173224185364827 ], [ 91.94723497523259, 25.173286773003934 ], [ 91.94727812125879, 25.173345796322504 ], [ 91.947327416890033, 25.173400686888439 ], [ 91.947382387385517, 25.173450916069868 ], [ 91.947442503349833, 25.173496000126409 ], [ 91.947507185831341, 25.173535504868063 ], [ 91.947575811897792, 25.173569049836942 ], [ 91.947647720635786, 25.173596311971483 ], [ 91.947722219515853, 25.173617028717949 ], [ 91.947798591062394, 25.173631000559066 ], [ 91.947876099763661, 25.173638092935697 ], [ 91.947953999155615, 25.173638237542786 ], [ 91.948031539011367, 25.173631432987225 ], [ 91.948107972566632, 25.173617744801334 ], [ 91.948182563712081, 25.173597304811647 ], [ 91.94825459408294, 25.173570309869362 ], [ 91.948323369977686, 25.173537019954384 ], [ 91.948388229039054, 25.173497755671459 ], [ 91.948448546633287, 25.173452895162388 ], [ 91.948503741865892, 25.173402870464095 ], [ 91.952434200284273, 25.169472405626291 ], [ 91.980899108535908, 25.16947241095982 ], [ 91.993162884028933, 25.181736214956704 ], [ 91.993221557110388, 25.181789075234658 ], [ 91.99328594650386, 25.181836104251346 ], [ 91.993355355697929, 25.181876793280694 ], [ 91.99342903387813, 25.18191070217749 ], [ 91.993506184048968, 25.181937464138763 ], [ 91.993585971655477, 25.181956789671801 ], [ 91.99366753361123, 25.181968469725831 ], [ 91.993749987634928, 25.181972377953549 ], [ 91.997565706081673, 25.181972383173971 ], [ 92.001496161865305, 25.185902848081209 ], [ 92.001554835797336, 25.185955713864672 ], [ 92.001619227088511, 25.186002748225018 ], [ 92.001688639151311, 25.186043442337823 ], [ 92.001762321080363, 25.186077355967758 ], [ 92.001839475776023, 25.186104122231388 ], [ 92.001919268567832, 25.186123451566374 ], [ 92.002000836244392, 25.186135134864148 ], [ 92.002083296392186, 25.186139045732226 ], [ 92.014232361066689, 25.186139062329275 ], [ 92.017956083666036, 25.189862802281986 ], [ 92.017956058300584, 25.193749997461293 ], [ 92.017959435662135, 25.193816562153415 ], [ 92.017969539961825, 25.193882560484063 ], [ 92.017986285232595, 25.193947430870988 ], [ 92.018009528998562, 25.194010621328761 ], [ 92.018039073487017, 25.194071594165717 ], [ 92.01807466731097, 25.194129830559241 ], [ 92.018116007607873, 25.194184834970603 ], [ 92.018162742616582, 25.194236139361614 ], [ 92.021843262911673, 25.197916698343434 ], [ 92.014232279414657, 25.205527625213808 ], [ 92.010416678886571, 25.205527621366471 ], [ 92.010334185868842, 25.205531529380369 ], [ 92.010252585535028, 25.205543213421045 ], [ 92.010172761037708, 25.205562547032795 ], [ 92.010095576310704, 25.205589320969274 ], [ 92.010021866719129, 25.205623245458099 ], [ 92.009952430018757, 25.20566395333687 ], [ 92.00988801772229, 25.205711004026774 ], [ 92.009829326965871, 25.205763888300741 ], [ 92.005662658069724, 25.209930538578195 ], [ 92.005613110015886, 25.209985252815923 ], [ 92.005569695495424, 25.210044121801115 ], [ 92.005532832618528, 25.210106578598882 ], [ 92.005502876401749, 25.210172021721302 ], [ 92.005480115348888, 25.21023982091981 ], [ 92.005464768672013, 25.210309323254691 ], [ 92.005456984180071, 25.210379859383139 ], [ 92.005456836854862, 25.210450750005251 ], [ 92.005464328128426, 25.210521312406005 ], [ 92.005479385868782, 25.210590867030167 ], [ 92.005501865074095, 25.210658744026823 ], [ 92.005531549268568, 25.210724289700448 ], [ 92.005568152586903, 25.210786872806494 ], [ 92.005611322526903, 25.21084589063075 ], [ 92.005660643343973, 25.210900774793991 ], [ 92.005715640054746, 25.210950996726016 ], [ 92.00577578301133, 25.210996072756227 ], [ 92.005840493002054, 25.211035568771933 ], [ 92.005909146829751, 25.211069104399279 ], [ 92.005981083313571, 25.211096356666669 ], [ 92.006055609656869, 25.211117063115392 ], [ 92.006132008119465, 25.211131024327397 ], [ 92.006209542930364, 25.211138105845897 ], [ 92.006287467374079, 25.21113823947044 ], [ 92.00636503098238, 25.21113142391372 ], [ 92.006441486762242, 25.211117724814013 ], [ 92.006516098390307, 25.211097274103007 ], [ 92.006588147304527, 25.21107026873516 ], [ 92.006656939624747, 25.211036968790818 ], [ 92.006721812835579, 25.21099769497134 ], [ 92.006782142167012, 25.210952825510372 ], [ 92.006837346611562, 25.210902792531094 ], [ 92.010767749468869, 25.206972383156369 ] ] ] } },
{ "type": "Feature", "properties": { "ARCID": 739658, "UP_CELLS": 4774, "buffer_m": 80 }, "geometry": { "type": "Polygon", "coordinates": [ [ [ 91.931600890215805, 25.172194318869039 ], [ 91.919337029292166, 25.15993048669166 ], [ 91.919278364145839, 25.159877619659174 ], [ 91.919213982513511, 25.159830584756776 ], [ 91.919144580960364, 25.159789890864975 ], [ 91.91907091036073, 25.159755978258982 ], [ 91.918993767774452, 25.159729213845495 ], [ 91.91891398782353, 25.15970988719323 ], [ 91.918832433662544, 25.159698207400233 ], [ 91.918749987640496, 25.159694300831731 ], [ 91.914583345520469, 25.159694301649985 ], [ 91.91450554928565, 25.159697778935048 ], [ 91.914428502142982, 25.159708179461539 ], [ 91.914352946085856, 25.159725403067988 ], [ 91.914279608748501, 25.159749283884043 ], [ 91.914209196399071, 25.159779591927808 ], [ 91.914142387138227, 25.159816035320524 ], [ 91.914079824369011, 25.159858263097416 ], [ 91.91402211060084, 25.15990586858743 ], [ 91.913969801647013, 25.159958393329504 ], [ 91.9139234012722, 25.160015331487593 ], [ 91.913883356340733, 25.160076134721884 ], [ 91.913850052512998, 25.160140217469404 ], [ 91.913823810531056, 25.160206962583121 ], [ 91.913804883129401, 25.160275727275195 ], [ 91.913793452600714, 25.160345849307223 ], [ 91.913789629039698, 25.160416653367836 ], [ 91.913793449282437, 25.160487457576252 ], [ 91.913804876551083, 25.160557580049087 ], [ 91.913823800807577, 25.160626345467303 ], [ 91.913850039812829, 25.160693091579954 ], [ 91.913883340881384, 25.160757175582063 ], [ 91.91392338331454, 25.160817980305378 ], [ 91.913969781488362, 25.160874920162161 ], [ 91.914022088567421, 25.160927446784942 ], [ 91.914079800807727, 25.160975054307809 ], [ 91.914142362408015, 25.161017284238341 ], [ 91.914209170862506, 25.161053729873466 ], [ 91.914279582763513, 25.161084040216352 ], [ 91.914352919997896, 25.161107923356987 ], [ 91.914428476278118, 25.161125149283588 ], [ 91.91450552394447, 25.161135552097878 ], [ 91.91458332097335, 25.161139031612951 ], [ 91.918399124902777, 25.161139036884865 ], [ 91.930662951824587, 25.173402892560077 ], [ 91.93072161597668, 25.173455745357014 ], [ 91.930785994697075, 25.173502767984793 ], [ 91.930855391724648, 25.173543451884974 ], [ 91.930929056522004, 25.173577357053052 ], [ 91.931006192392772, 25.173604116797403 ], [ 91.931085965098291, 25.173623441705338 ], [ 91.931167511880446, 25.173635122773305 ], [ 91.931249950792974, 25.173639033667474 ], [ 91.947916715705063, 25.173639036870615 ], [ 91.947994521188974, 25.173635554073517 ], [ 91.948071576880452, 25.173625147957278 ], [ 91.948147140678316, 25.173607918739794 ], [ 91.948220484850012, 25.173584032350263 ], [ 91.948290903040544, 25.173553718831084 ], [ 91.94835771707551, 25.173517270122332 ], [ 91.948420283492595, 25.173475037249997 ], [ 91.948477999738714, 25.173427426945274 ], [ 91.948530309973108, 25.173374897727257 ], [ 91.948576710420468, 25.173317955486954 ], [ 91.948616754222499, 25.173257148615054 ], [ 91.948650055741297, 25.173193062720387 ], [ 91.948676294273056, 25.173126314989993 ], [ 91.948695217136304, 25.173057548245087 ], [ 91.948706642104924, 25.172987424750168 ], [ 91.94871045916274, 25.172916619834957 ], [ 91.948706631562501, 25.172845815390495 ], [ 91.948695196179301, 25.172775693302132 ], [ 91.948676263154837, 25.172706928882604 ], [ 91.948650014836431, 25.172640184368454 ], [ 91.94861670402021, 25.172576102542408 ], [ 91.948576651516262, 25.172515300543186 ], [ 91.948530243058784, 25.172458363922278 ], [ 91.948477925590836, 25.172405841004917 ], [ 91.948420202960008, 25.172358237609668 ], [ 91.948357631065932, 25.17231601217734 ], [ 91.948290812506812, 25.172279571356139 ], [ 91.948220390776058, 25.172249266085682 ], [ 91.948147044065408, 25.172225388217441 ], [ 91.948071478733894, 25.172208167704269 ], [ 91.947994422505516, 25.17219777038596 ], [ 91.947916617461388, 25.172194296392242 ], [ 91.931600890215805, 25.172194318869039 ] ] ] } },
{ "type": "Feature", "properties": { "ARCID": 739738, "UP_CELLS": 1346, "buffer_m": 80 }, "geometry": { "type": "Polygon", "coordinates": [ [ [ 92.440170460904881, 25.165069552099833 ], [ 92.440217196763399, 25.165018241322596 ], [ 92.440258537990388, 25.164963229203686 ], [ 92.440294132749997, 25.164904983935269 ], [ 92.440323678114154, 25.164844001225262 ], [ 92.440346922640614, 25.164780800078361 ], [ 92.44036366851256, 25.16471591837897 ], [ 92.440373773221879, 25.16464990831324 ], [ 92.440377150781671, 25.164583331669625 ], [ 92.440377096844884, 25.156249997406842 ], [ 92.440373274149863, 25.156179185555256 ], [ 92.440361843904853, 25.156109055704839 ], [ 92.440342916202027, 25.156040283242895 ], [ 92.440316673337264, 25.155973530483237 ], [ 92.440283368054097, 25.155909440287864 ], [ 92.440243321109136, 25.155848629875972 ], [ 92.440196918182821, 25.155791684879969 ], [ 92.440144606164722, 25.155739153705717 ], [ 92.440086888849763, 25.155691542251265 ], [ 92.440024322086174, 25.155649309035073 ], [ 92.439957508422495, 25.155612860780359 ], [ 92.43988709130484, 25.155582548498433 ], [ 92.439813748880368, 25.155558664108444 ], [ 92.439738187466659, 25.155541437626169 ], [ 92.439661134749926, 25.155531034949103 ], [ 92.439583332777403, 25.155527556258747 ], [ 92.439505530811516, 25.155531035056018 ], [ 92.43942847811455, 25.155541437838522 ], [ 92.439352916733398, 25.155558664423282 ], [ 92.439279574353719, 25.155582548911461 ], [ 92.439209157292382, 25.155612861285938 ], [ 92.439142343695593, 25.155649309626401 ], [ 92.439079777008359, 25.155691542920522 ], [ 92.439022059778054, 25.155739154444156 ], [ 92.438969747851573, 25.155791685678174 ], [ 92.438923345022445, 25.155848630723966 ], [ 92.438883298178837, 25.155909441175339 ], [ 92.438849992999764, 25.155973531399717 ], [ 92.438823750240473, 25.156040284177902 ], [ 92.438804822643135, 25.156109056648088 ], [ 92.438793392502362, 25.156179186496779 ], [ 92.438789569909233, 25.15624999833711 ], [ 92.438789517972964, 25.164303833671788 ], [ 92.426496202226431, 25.176597063341038 ], [ 92.426446652359559, 25.176651773951633 ], [ 92.426403234013549, 25.176710640712056 ], [ 92.426366365335582, 25.176773096708779 ], [ 92.426336401398288, 25.176838540461475 ], [ 92.426313630779845, 25.176906341715387 ], [ 92.426298272784592, 25.176975847510882 ], [ 92.426290475330489, 25.177046388471652 ], [ 92.426290313524191, 25.177117285251086 ], [ 92.426297788937191, 25.177187855074692 ], [ 92.426312829590188, 25.177257418315605 ], [ 92.426335290645795, 25.177325305039751 ], [ 92.426364955802896, 25.177390861457813 ], [ 92.426401539379427, 25.177453456221627 ], [ 92.426444689063118, 25.17751248650465 ], [ 92.426493989304262, 25.177567383807606 ], [ 92.426548965317451, 25.177617619433732 ], [ 92.426609087653986, 25.177662709580549 ], [ 92.426673777300607, 25.177702219999475 ], [ 92.426742411255873, 25.177735770177996 ], [ 92.426814328530199, 25.1777630370045 ], [ 92.426888836511807, 25.177783757880185 ], [ 92.426965217637289, 25.177797733248184 ], [ 92.427042736302553, 25.17780482851558 ], [ 92.427120645947596, 25.177804975349638 ], [ 92.427198196246735, 25.177798172336036 ], [ 92.427274640335185, 25.177784484992397 ], [ 92.427349242002236, 25.177764045137362 ], [ 92.427421282781921, 25.177737049620962 ], [ 92.427490068872586, 25.177703758428784 ], [ 92.427554937818968, 25.177664492177978 ], [ 92.42761526489231, 25.177619629029373 ], [ 92.427670469107056, 25.177569601045352 ], [ 92.440170460904881, 25.165069552099833 ] ] ] } },
{ "type": "Feature", "properties": { "ARCID": 739806, "UP_CELLS": 704, "buffer_m": 80 }, "geometry": { "type": "Polygon", "coordinates": [ [ [ 92.348504426891608, 25.259930643962861 ], [ 92.348445702458918, 25.259877731046874 ], [ 92.348381249230712, 25.259830654192228 ], [ 92.348311765160943, 25.259789923182097 ], [ 92.348238002678883, 25.259755979081607 ], [ 92.348160760541361, 25.259729189461858 ], [ 92.348080875183541, 25.259709844419817 ], [ 92.347999211661786, 25.259698153437025 ], [ 92.347916654286564, 25.259694243111422 ], [ 92.344101351818821, 25.259694248102925 ], [ 92.340171063463416, 25.255763968456453 ], [ 92.340112341389812, 25.25571105754468 ], [ 92.340047891058489, 25.255663982526375 ], [ 92.339978410363102, 25.25562325314371 ], [ 92.339904651665165, 25.255589310425915 ], [ 92.339827413647441, 25.25556252191388 ], [ 92.339747532665854, 25.255543177680526 ], [ 92.339665873693463, 25.255531487189987 ], [ 92.339583320954887, 25.2555275770296 ], [ 92.335767986531735, 25.255527582025977 ], [ 92.327671016376115, 25.247430629832795 ], [ 92.327612298603299, 25.247377720195956 ], [ 92.327547853184186, 25.247330646345166 ], [ 92.327478377941219, 25.247289917996738 ], [ 92.327404625157428, 25.247255976157295 ], [ 92.327327393430878, 25.247229188348715 ], [ 92.327247519027722, 25.247209844628795 ], [ 92.327165866827471, 25.24719815445069 ], [ 92.327083320958508, 25.247194244395061 ], [ 92.323267956718169, 25.247194249398731 ], [ 92.319337640244157, 25.243263941654632 ], [ 92.319278925209431, 25.243211036720744 ], [ 92.319214483525911, 25.243163967180468 ], [ 92.319145012906915, 25.243123242653311 ], [ 92.319071265511369, 25.243089304061108 ], [ 92.318994039800373, 25.24306251885438 ], [ 92.318914171892686, 25.243043177034231 ], [ 92.318832526512324, 25.243031488012591 ], [ 92.318749987626816, 25.243027578345185 ], [ 92.314934591442935, 25.243027583353737 ], [ 92.307044258671866, 25.235137286789843 ], [ 92.30704420815961, 25.227362763632886 ], [ 92.315170815880734, 25.219236099053248 ], [ 92.315217548328789, 25.219184795540119 ], [ 92.315258886066189, 25.219129793639226 ], [ 92.315294477476542, 25.219071561203155 ], [ 92.315324019823834, 25.219010593563166 ], [ 92.315347261827114, 25.218947409315724 ], [ 92.315364005797775, 25.218882545911196 ], [ 92.315374109320842, 25.218816555082153 ], [ 92.315377486465906, 25.218749998150255 ], [ 92.315377461342365, 25.214862775916533 ], [ 92.319337411429672, 25.210902798133809 ], [ 92.319384147555226, 25.210851492808739 ], [ 92.319425488687855, 25.210796488248725 ], [ 92.319461083126569, 25.210738252403203 ], [ 92.319490628061445, 25.210677280711035 ], [ 92.319513872149727, 25.210614091885461 ], [ 92.319530617653669, 25.210549223501047 ], [ 92.319540722122625, 25.210483227420305 ], [ 92.319544099604556, 25.210416665098624 ], [ 92.319544045534101, 25.202083330635702 ], [ 92.319540666666143, 25.202016760843186 ], [ 92.319530559799418, 25.201950757552236 ], [ 92.319513810946816, 25.201885882402557 ], [ 92.319490562639075, 25.201822687433342 ], [ 92.319461012711571, 25.201761710385828 ], [ 92.319425412620703, 25.201703470127654 ], [ 92.319384065303794, 25.201648462237742 ], [ 92.3193373226012, 25.201597154789425 ], [ 92.315656815571089, 25.197916686300811 ], [ 92.319337294634394, 25.194236169377678 ], [ 92.319384032422306, 25.194184861870756 ], [ 92.31942537518475, 25.194129854130772 ], [ 92.319460971140799, 25.194071614222004 ], [ 92.319490517410841, 25.194010637710868 ], [ 92.319513762593559, 25.193947443448902 ], [ 92.319530508904805, 25.193882569157839 ], [ 92.31954061386034, 25.193816566853975 ], [ 92.319543991487819, 25.193749998150995 ], [ 92.319543966397674, 25.189862819957973 ], [ 92.323503903358613, 25.185902855334518 ], [ 92.323553572523707, 25.18584798673449 ], [ 92.323597074952289, 25.18578894198977 ], [ 92.323633989448467, 25.185726292790999 ], [ 92.323663958604584, 25.185660645727438 ], [ 92.323686692261489, 25.185592636413709 ], [ 92.323701970317501, 25.185522923335402 ], [ 92.323709644859093, 25.185452181473345 ], [ 92.323709641592558, 25.185381095768211 ], [ 92.323701960562886, 25.185310354488657 ], [ 92.32368667615269, 25.185240642567351 ], [ 92.323663936361626, 25.185172634969359 ], [ 92.323633961372877, 25.185106990157024 ], [ 92.323597041420925, 25.185044343714711 ], [ 92.32355353398097, 25.184985302195081 ], [ 92.323503860307525, 25.184930437246496 ], [ 92.315377214536412, 25.176803850562628 ], [ 92.315377191167372, 25.173196182294763 ], [ 92.319337119639812, 25.169236226187493 ], [ 92.31938679051288, 25.169181355298438 ], [ 92.319430294617973, 25.169122307145749 ], [ 92.319467210664527, 25.169059653559511 ], [ 92.319497181163285, 25.168994001284457 ], [ 92.319519915888037, 25.168925986104046 ], [ 92.31953519468577, 25.168856266683328 ], [ 92.319542869608213, 25.168785518190266 ], [ 92.319542866344136, 25.168714425757308 ], [ 92.319535184938474, 25.168643677846418 ], [ 92.319519899791345, 25.168573959582115 ], [ 92.319497158937097, 25.168505946116547 ], [ 92.319467182610211, 25.168440296091536 ], [ 92.31943026111216, 25.1683776452603 ], [ 92.319386751999687, 25.168318600330977 ], [ 92.319337076621991, 25.168263733091404 ], [ 92.311210439377703, 25.160137154892475 ], [ 92.311210414107393, 25.156249997585803 ], [ 92.311207034803274, 25.156183410429904 ], [ 92.311196926588153, 25.156117390211751 ], [ 92.311180175530495, 25.156052499003501 ], [ 92.311156924252955, 25.155989289264443 ], [ 92.311127370717784, 25.155928299137631 ], [ 92.311091766541111, 25.155870047868408 ], [ 92.311050414850556, 25.155815031383852 ], [ 92.311003667704341, 25.155763718070769 ], [ 92.306836996767771, 25.151597067576247 ], [ 92.306781804521322, 25.151547041113254 ], [ 92.306721490773697, 25.151502179425442 ], [ 92.306656636376971, 25.151462914549555 ], [ 92.306587865909606, 25.151429624622242 ], [ 92.306515841661692, 25.151402630238653 ], [ 92.306441257256935, 25.151382191365101 ], [ 92.306364830973109, 25.151368504835624 ], [ 92.306287298825026, 25.15136170245647 ], [ 92.306209407476743, 25.15136184973688 ], [ 92.306131907051352, 25.151368945258191 ], [ 92.306055543907306, 25.151382920687563 ], [ 92.305981053451148, 25.151403641435998 ], [ 92.305909153055566, 25.151430907954413 ], [ 92.305840535151191, 25.151464457655337 ], [ 92.305775860558398, 25.15150396744157 ], [ 92.305715752123589, 25.151549056817643 ], [ 92.305660788721013, 25.15159929155395 ], [ 92.305611499678022, 25.151654187868427 ], [ 92.305568359677409, 25.151713217085398 ], [ 92.305531784185732, 25.151775810726786 ], [ 92.305502125452094, 25.15184136598667 ], [ 92.305479669115485, 25.151909251536413 ], [ 92.305464631453503, 25.151978813604565 ], [ 92.305457157299173, 25.152049382272867 ], [ 92.305457318645566, 25.152120277927892 ], [ 92.30546511395201, 25.152190817805963 ], [ 92.305480468158464, 25.152260322568608 ], [ 92.305503233407777, 25.152328122844942 ], [ 92.305533190469305, 25.152393565678175 ], [ 92.305570050849639, 25.152456020814046 ], [ 92.305613459570736, 25.152514886770692 ], [ 92.305662998588176, 25.152569596631409 ], [ 92.309622917638364, 25.156529544447135 ], [ 92.309622892367912, 25.160416664252072 ], [ 92.309626270069785, 25.160483243533431 ], [ 92.30963637535271, 25.160549256153679 ], [ 92.309653122214797, 25.160614140235989 ], [ 92.309676368122709, 25.160677343508439 ], [ 92.309705915224555, 25.160738328004733 ], [ 92.309741512033639, 25.160796574643307 ], [ 92.309782855568713, 25.16085158764567 ], [ 92.309829593932704, 25.160902898756451 ], [ 92.317676644296995, 25.168750031173005 ], [ 92.313996215770032, 25.17243042188699 ], [ 92.313949470101306, 25.172481733166581 ], [ 92.313908119885738, 25.172536746642997 ], [ 92.313872517104485, 25.172594994040374 ], [ 92.313842964817738, 25.17265597955501 ], [ 92.313819714584909, 25.172719184075554 ], [ 92.31380296432306, 25.172784069601569 ], [ 92.313792856621902, 25.172850083823025 ], [ 92.313789477529753, 25.172916664821432 ], [ 92.31378945053973, 25.177083330918911 ], [ 92.31379282807373, 25.177149903910443 ], [ 92.313802932860185, 25.177215910399955 ], [ 92.31381967891744, 25.177280788667495 ], [ 92.313842923745582, 25.177343986593502 ], [ 92.313872469538779, 25.177404966357397 ], [ 92.313908064868301, 25.177463209014579 ], [ 92.313949406821948, 25.177518218912823 ], [ 92.31399614358169, 25.177569527910396 ], [ 92.32184323142063, 25.185416697859495 ], [ 92.318162765375575, 25.189097126059888 ], [ 92.318116021306082, 25.189148435226308 ], [ 92.318074672667336, 25.189203445598775 ], [ 92.318039071361554, 25.189261689015055 ], [ 92.318009520379945, 25.189322669797683 ], [ 92.31798627122393, 25.189385868972259 ], [ 92.317969521764567, 25.189450748684081 ], [ 92.317959414558189, 25.189516756775447 ], [ 92.317956035632861, 25.189583331484727 ], [ 92.3179560105429, 25.19347053657205 ], [ 92.313996040769737, 25.197430478676882 ], [ 92.313946370575366, 25.197485341975057 ], [ 92.313902866490963, 25.197544380747626 ], [ 92.313865949666479, 25.197607023470045 ], [ 92.313835977485695, 25.19767266372893 ], [ 92.313813240106199, 25.197740666092251 ], [ 92.313797957650124, 25.197810372260562 ], [ 92.313790278072872, 25.197881107439585 ], [ 92.313790275730284, 25.197952186872453 ], [ 92.313797950658369, 25.198022922468621 ], [ 92.313813228572414, 25.198092629464885 ], [ 92.313835961585625, 25.198160633054353 ], [ 92.313865929640301, 25.198226274919058 ], [ 92.313902842637546, 25.198288919602994 ], [ 92.313946343245462, 25.198347960663842 ], [ 92.313996010357798, 25.19840282654388 ], [ 92.317955952991795, 25.202362798002277 ], [ 92.317955902547752, 25.210137232356267 ], [ 92.313995923970623, 25.214097183240796 ], [ 92.313949182386096, 25.214148489142183 ], [ 92.313907836189045, 25.214203494755864 ], [ 92.313872237162457, 25.214261732091053 ], [ 92.313842688193461, 25.214322705660617 ], [ 92.313819440696022, 25.214385896696658 ], [ 92.313802692471782, 25.214450767564134 ], [ 92.313792586026679, 25.214516766334992 ], [ 92.313789207358298, 25.21458333148399 ], [ 92.313789182234885, 25.218470590814675 ], [ 92.305662516917451, 25.226597199282569 ], [ 92.305615773756102, 25.226648504248463 ], [ 92.305574426231615, 25.226703508529912 ], [ 92.305538826112752, 25.226761744181342 ], [ 92.305509276273966, 25.22682271576592 ], [ 92.305486028118423, 25.226885904570228 ], [ 92.305469279438995, 25.22695077301719 ], [ 92.305459172735212, 25.227016769239377 ], [ 92.305455794000579, 25.227083331773944 ], [ 92.305455739857621, 25.235416663955586 ], [ 92.305459116763274, 25.235483214673213 ], [ 92.305469219750137, 25.235549199450151 ], [ 92.30548596290798, 25.235614057117306 ], [ 92.305509203854427, 25.23567723609024 ], [ 92.305538744945693, 25.235738199060208 ], [ 92.305574334956944, 25.235796427563741 ], [ 92.305615671218746, 25.235851426392099 ], [ 92.305662402190833, 25.235902727802888 ], [ 92.313995726907237, 25.244236093594527 ], [ 92.314054438455798, 25.244288988976397 ], [ 92.314118875071443, 25.244336050089856 ], [ 92.314188339260795, 25.244376767517696 ], [ 92.314262079106626, 25.244410700509953 ], [ 92.314339296407297, 25.244437481755053 ], [ 92.314419155317111, 25.244456821356053 ], [ 92.314500791394508, 25.244468509968772 ], [ 92.314583320959684, 25.244472421068036 ], [ 92.318398713488037, 25.244472426077454 ], [ 92.322329017457236, 25.248402738777887 ], [ 92.322387731744072, 25.248455638858026 ], [ 92.322452172094572, 25.248502704277684 ], [ 92.322521640906274, 25.248543425522932 ], [ 92.322595386137991, 25.248577361759128 ], [ 92.322672609451246, 25.24860414560348 ], [ 92.32275247485309, 25.248623487102382 ], [ 92.322834117746638, 25.248635176870529 ], [ 92.322916654291376, 25.248639088357788 ], [ 92.32673201486277, 25.248639093362318 ], [ 92.334828970378567, 25.256736066844908 ], [ 92.334887688966077, 25.256788968196723 ], [ 92.334952134227962, 25.256836034780889 ], [ 92.335021608490635, 25.256876757057725 ], [ 92.335095359634479, 25.256910694170067 ], [ 92.335172589236436, 25.25693747871615 ], [ 92.335252461213898, 25.256956820727318 ], [ 92.335334110876545, 25.256968510807319 ], [ 92.335416654287755, 25.256972422399397 ], [ 92.339231985040058, 25.25697242739664 ], [ 92.343162260920948, 25.260902711987818 ], [ 92.343220982245768, 25.260955618039532 ], [ 92.343285431242236, 25.261002688931477 ], [ 92.343354910127658, 25.261043415027189 ], [ 92.34342866665834, 25.261077355384764 ], [ 92.343505902274345, 25.261104142531167 ], [ 92.343585780745642, 25.261123486441026 ], [ 92.343667437226472, 25.261135177676948 ], [ 92.343749987619432, 25.261139089657192 ], [ 92.347565297698395, 25.261139094649423 ], [ 92.351495564166513, 25.265069369818985 ], [ 92.351550784600278, 25.265119417301936 ], [ 92.351611133836968, 25.265164301991017 ], [ 92.351676030678078, 25.26520359161626 ], [ 92.351744850126735, 25.265236907791515 ], [ 92.351816929406823, 25.265263929658744 ], [ 92.351891574346283, 25.26528439697821 ], [ 92.351968066062625, 25.265298112634948 ], [ 92.352045667886657, 25.265304944537185 ], [ 92.352123632457392, 25.26530482688857 ], [ 92.352201208920135, 25.265297760821881 ], [ 92.352277650158072, 25.265283814388116 ], [ 92.352352219987949, 25.265263121901118 ], [ 92.352424200250354, 25.265235882643935 ], [ 92.352492897726449, 25.26520235894953 ], [ 92.352557650814433, 25.26516287367421 ], [ 92.352617835901313, 25.265117807088142 ], [ 92.352672873369031, 25.265067593212979 ], [ 92.352722233176408, 25.265012715641717 ], [ 92.352765439963861, 25.26495370288124 ], [ 92.352802077631281, 25.264891123262259 ], [ 92.352831793345075, 25.264825579465796 ], [ 92.352854300935874, 25.264757702718804 ], [ 92.352869383654181, 25.264688146714963 ], [ 92.352876896257342, 25.264617581319104 ], [ 92.35287676640786, 25.264546686115967 ], [ 92.352868995369519, 25.264476143865359 ], [ 92.352853657994743, 25.2644066339268 ], [ 92.352830902003177, 25.264338825716937 ], [ 92.352800946558659, 25.264273372262799 ], [ 92.352764080158025, 25.264210903912922 ], [ 92.352720657852473, 25.264152022266845 ], [ 92.352671097827809, 25.264097294381632 ], [ 92.348504426891608, 25.259930643962861 ] ] ] } },
{ "type": "Feature", "properties": { "ARCID": 740049, "UP_CELLS": 1694, "buffer_m": 80 }, "geometry": { "type": "Polygon", "coordinates": [ [ [ 92.486003601071289, 25.134930388019043 ], [ 92.485948561197503, 25.134880480129695 ], [ 92.485888424806134, 25.134835709938024 ], [ 92.485823768118436, 25.134796506423751 ], [ 92.485755210666397, 25.13476324522733 ], [ 92.485683409356668, 25.134736245050746 ], [ 92.485609052176343, 25.134715764603925 ], [ 92.485532851601107, 25.134702000125962 ], [ 92.485455537768672, 25.134695083504912 ], [ 92.485377851483179, 25.134695081014122 ], [ 92.485300537117269, 25.134701992677243 ], [ 92.485224335480069, 25.134715752268033 ], [ 92.485149976719327, 25.134736227944881 ], [ 92.485078173325604, 25.13476322351406 ], [ 92.485009613305635, 25.134796480309493 ], [ 92.484944953590286, 25.134835679671124 ], [ 92.484884813740166, 25.134880445998142 ], [ 92.484829770009199, 25.134930350347759 ], [ 92.480899224811338, 25.138860888447475 ], [ 92.477083345551918, 25.138860884290803 ], [ 92.477000917282169, 25.138864790097099 ], [ 92.476919380404667, 25.138876467574207 ], [ 92.476839616801811, 25.138895790421216 ], [ 92.476762489177688, 25.138922549646782 ], [ 92.476688831727657, 25.138956455829366 ], [ 92.476619441116284, 25.138997142247479 ], [ 92.476555067861057, 25.139044168845803 ], [ 92.476496408215141, 25.139097026994584 ], [ 92.472916666931155, 25.142676776557508 ], [ 92.469336924154192, 25.139097027131697 ], [ 92.469278264565318, 25.139044169110097 ], [ 92.469213891385522, 25.138997142630036 ], [ 92.469144500866733, 25.138956456319185 ], [ 92.469070843524818, 25.138922550230806 ], [ 92.468993716022482, 25.138895791084558 ], [ 92.468913952552938, 25.138876468300317 ], [ 92.468832415817815, 25.138864790868009 ], [ 92.468749987696924, 25.138860885087364 ], [ 92.464583345550949, 25.138860885490374 ], [ 92.464500912611825, 25.138864791747171 ], [ 92.464419371219734, 25.138876470565727 ], [ 92.464339603409044, 25.138895795615834 ], [ 92.464262472030214, 25.138922557857878 ], [ 92.464188811416776, 25.138956467803858 ], [ 92.464119418360667, 25.138997158648674 ], [ 92.464055043493588, 25.139044190237666 ], [ 92.463996383167554, 25.139097053827619 ], [ 92.451732522452417, 25.151360892485865 ], [ 92.447916678889939, 25.151360888347213 ], [ 92.447834237459318, 25.151364794615123 ], [ 92.447752687673685, 25.15137647346717 ], [ 92.447672911664256, 25.151395798571937 ], [ 92.44759577237609, 25.151422560887767 ], [ 92.447522104234039, 25.151456470923851 ], [ 92.447452704116898, 25.151497161871614 ], [ 92.447388322737908, 25.151544193572235 ], [ 92.447329656524303, 25.151597057277804 ], [ 92.443399146351268, 25.155527560392812 ], [ 92.439583345558276, 25.155527556258839 ], [ 92.439505543530842, 25.155531033915913 ], [ 92.439428490649846, 25.155541435569216 ], [ 92.43935292896397, 25.155558661046619 ], [ 92.43927958616176, 25.155582544459971 ], [ 92.439209168564162, 25.155612855802485 ], [ 92.43914235432257, 25.155649303163791 ], [ 92.4390797868882, 25.155691535540999 ], [ 92.439022068815618, 25.155739146218782 ], [ 92.438969755959803, 25.155791676686167 ], [ 92.438923352123254, 25.155848621051916 ], [ 92.438883304203841, 25.155909430916399 ], [ 92.438849997890955, 25.15597352065268 ], [ 92.438823753950729, 25.156040273046276 ], [ 92.438804825136728, 25.156109045239063 ], [ 92.43879339375529, 25.156179174920226 ], [ 92.438789569909417, 25.156249986704534 ], [ 92.438793390437951, 25.156320798636592 ], [ 92.438804818560243, 25.156390928758441 ], [ 92.438823744229978, 25.156459701677164 ], [ 92.438849985194324, 25.156526455069383 ], [ 92.438883288748826, 25.156590546059867 ], [ 92.438923334170624, 25.156651357412912 ], [ 92.43896973580685, 25.156708303476858 ], [ 92.439022046788452, 25.156760835824386 ], [ 92.439079763333623, 25.15680844853442 ], [ 92.439142329599434, 25.156850683064636 ], [ 92.439209143034972, 25.156887132667698 ], [ 92.439279560184289, 25.156917446308682 ], [ 92.439352902883613, 25.15694133204595 ], [ 92.43942846479257, 25.156958559842874 ], [ 92.439505518197194, 25.156968963783356 ], [ 92.439583321018489, 25.156972443669844 ], [ 92.443750012225408, 25.156972444091618 ], [ 92.443832451079189, 25.156968536065808 ], [ 92.44391399815666, 25.156956856559805 ], [ 92.443993771458096, 25.156937531896979 ], [ 92.444070908169536, 25.156910771089382 ], [ 92.444144573995359, 25.156876863577043 ], [ 92.444213972182197, 25.156836176097269 ], [ 92.444278352136706, 25.156789148717923 ], [ 92.444337017544129, 25.156736290077511 ], [ 92.448267517759049, 25.152805782803298 ], [ 92.452083345557099, 25.152805778663627 ], [ 92.452165775204591, 25.152801871249167 ], [ 92.452247313316377, 25.152790193563614 ], [ 92.452327078129187, 25.152770871890674 ], [ 92.452404207057313, 25.152744115177022 ], [ 92.452477866021255, 25.152710212772629 ], [ 92.45254725846786, 25.152669531301584 ], [ 92.452611633984574, 25.152622510697149 ], [ 92.452670296414752, 25.152569659444143 ], [ 92.464934148136408, 25.14030578565702 ], [ 92.468399208325991, 25.140305785991881 ], [ 92.472329733803434, 25.144236319947353 ], [ 92.472384778516911, 25.144286221070796 ], [ 92.472444919216471, 25.144330984749633 ], [ 92.472509579703114, 25.144370182105767 ], [ 92.472578140472166, 25.144403437591286 ], [ 92.472649944648822, 25.144430432586706 ], [ 92.472724304281783, 25.144450908453837 ], [ 92.472800506934746, 25.14446466901385 ], [ 92.472877822512572, 25.144471582426988 ], [ 92.472955510256597, 25.144471582455818 ], [ 92.473032825842182, 25.144464669099847 ], [ 92.473109028510535, 25.144450908595548 ], [ 92.473183388166149, 25.14443043278176 ], [ 92.47325519237225, 25.144403437836431 ], [ 92.473323753176956, 25.144370182396973 ], [ 92.47338841370474, 25.144330985082199 ], [ 92.47344855445003, 25.144286221439469 ], [ 92.473503599213018, 25.144236320346426 ], [ 92.4774341256132, 25.140305786855496 ], [ 92.48125001221905, 25.140305782698093 ], [ 92.481332433516926, 25.140301875288152 ], [ 92.48141396337536, 25.140290197615613 ], [ 92.481493720126224, 25.140270875963211 ], [ 92.481570841276877, 25.140244119276005 ], [ 92.481644492837475, 25.140210216901746 ], [ 92.481713878340287, 25.140169535461741 ], [ 92.481778247452951, 25.140122514885967 ], [ 92.481836904092731, 25.140069663655527 ], [ 92.485416624928021, 25.136489951085466 ], [ 92.501496378132316, 25.15256967428385 ], [ 92.501551578502529, 25.152619696660405 ], [ 92.501611900029516, 25.152664553552448 ], [ 92.501676761781582, 25.15270381295775 ], [ 92.501745539099687, 25.152737096781244 ], [ 92.501817569613479, 25.152764084476519 ], [ 92.501892159620525, 25.152784516133028 ], [ 92.50196859076739, 25.152798194979297 ], [ 92.502046126968224, 25.152804989278145 ], [ 92.502124021494112, 25.152804833595436 ], [ 92.502201524165017, 25.152797729430304 ], [ 92.502277888574852, 25.152783745200718 ], [ 92.502352379280353, 25.152763015584554 ], [ 92.502424278884249, 25.152735740222482 ], [ 92.502492894944623, 25.152702181795203 ], [ 92.502557566643816, 25.152662663493523 ], [ 92.502617671152805, 25.152617565905683 ], [ 92.502672629629586, 25.152567323351875 ], [ 92.502721912793831, 25.152512419701246 ], [ 92.502765046024123, 25.152453383711805 ], [ 92.502801613928796, 25.152390783937914 ], [ 92.502831264346113, 25.152325223254639 ], [ 92.502853711735568, 25.152257333051494 ], [ 92.502868739927393, 25.15218776715167 ], [ 92.502876204204043, 25.152117195515238 ], [ 92.502876032693337, 25.152046297786967 ], [ 92.502868227060233, 25.1519757567509 ], [ 92.502852862490187, 25.151906251754806 ], [ 92.502830086964693, 25.151838452167688 ], [ 92.502800119835555, 25.1517730109335 ], [ 92.502763249712046, 25.151710558283064 ], [ 92.502719831681091, 25.1516516956647 ], [ 92.502670283887269, 25.151596989952246 ], [ 92.486003601071289, 25.134930388019043 ] ] ] } },
{ "type": "Feature", "properties": { "ARCID": 740113, "UP_CELLS": 5416, "buffer_m": 150 }, "geometry": { "type": "Polygon", "coordinates": [ [ [ 91.907738085461261, 25.151559264932853 ], [ 91.907738040959401, 25.147916658338545 ], [ 91.907730873801796, 25.147783899411909 ], [ 91.907709444788466, 25.147652419199467 ], [ 91.907673960341313, 25.147523483946888 ], [ 91.907624762243117, 25.147398335386157 ], [ 91.907562324344298, 25.1472781787771 ], [ 91.907487247998077, 25.147164171300307 ], [ 91.907400256267692, 25.147057410913241 ], [ 91.907302186961957, 25.14695892577679 ], [ 91.907193984565993, 25.146869664354035 ], [ 91.907076691144823, 25.146790486276672 ], [ 91.906951436307708, 25.146722154066918 ], [ 91.906819426329577, 25.146665325794704 ], [ 91.90668193253461, 25.146620548740636 ], [ 91.906540279053431, 25.14658825412598 ], [ 91.906395830072128, 25.146568752960235 ], [ 91.906249976695747, 25.146562233046307 ], [ 91.902740990224913, 25.146562242144977 ], [ 91.891071209842991, 25.134892564219168 ], [ 91.89107116537599, 25.131249991664429 ], [ 91.891063998661252, 25.131117227852314 ], [ 91.891042570977788, 25.130985742901967 ], [ 91.891007088750854, 25.130856803204253 ], [ 91.890957893768672, 25.130731650631557 ], [ 91.890895459888895, 25.130611490577103 ], [ 91.890820388473259, 25.130497480345632 ], [ 91.890733402594364, 25.130390718007433 ], [ 91.890635340070517, 25.130292231823017 ], [ 91.890527145395737, 25.13020297034009 ], [ 91.89040986064262, 25.130123793258509 ], [ 91.890284615425728, 25.130055463150846 ], [ 91.890152616022192, 25.129998638118476 ], [ 91.890015133754275, 25.129953865453821 ], [ 91.889873492745664, 25.129921576369746 ], [ 91.889729057169603, 25.129902081846904 ], [ 91.889583218111355, 25.129895569638968 ], [ 91.868750114597503, 25.129895577579486 ], [ 91.868595586760634, 25.129902891853742 ], [ 91.868442729113681, 25.129924777172857 ], [ 91.868293195011972, 25.129960996816642 ], [ 91.8681486018654, 25.130011159020285 ], [ 91.868010513645629, 25.130074721211539 ], [ 91.867880423970917, 25.130150995878825 ], [ 91.867759739951666, 25.130239158007072 ], [ 91.867649766971283, 25.130338254000609 ], [ 91.86392574591224, 25.134062263885031 ], [ 91.856250045655571, 25.134062249824233 ], [ 91.856095518891351, 25.134069570074729 ], [ 91.855942662934297, 25.134091460225303 ], [ 91.855793131005711, 25.134127683520017 ], [ 91.855648540378809, 25.134177848182027 ], [ 91.855510454888503, 25.134241411650422 ], [ 91.85538036801897, 25.134317686447929 ], [ 91.855259686751765, 25.134405847615806 ], [ 91.855149716349189, 25.134504941635516 ], [ 91.851425719928784, 25.138228926906585 ], [ 91.847916689337367, 25.138228920489301 ], [ 91.847770849647759, 25.138235440291623 ], [ 91.847626414218695, 25.138254940898726 ], [ 91.847484773997408, 25.138287234513559 ], [ 91.847347293014934, 25.13833201013928 ], [ 91.847215295251331, 25.13838883657403 ], [ 91.847090051886397, 25.138457166563175 ], [ 91.846972769058752, 25.138536342069091 ], [ 91.846864576250965, 25.138625600607764 ], [ 91.846766515412568, 25.138724082591136 ], [ 91.846679530925798, 25.138830839604719 ], [ 91.846604460510491, 25.138944843540433 ], [ 91.84654202715609, 25.139064996497137 ], [ 91.846492832157878, 25.139190141353261 ], [ 91.846457349325291, 25.139319072909881 ], [ 91.84643592041742, 25.13945054949685 ], [ 91.846428751850183, 25.139583304930369 ], [ 91.846435912706767, 25.139716060706711 ], [ 91.846457334070493, 25.139847538314804 ], [ 91.846492809686822, 25.139976471548938 ], [ 91.846541997947909, 25.140101618703262 ], [ 91.846604425180885, 25.140221774530382 ], [ 91.84667949020816, 25.140335781849004 ], [ 91.846766470135975, 25.140442542688785 ], [ 91.846864527315248, 25.140541028865105 ], [ 91.846972717408079, 25.140630291881745 ], [ 91.847089998482005, 25.140709472066252 ], [ 91.847215241044438, 25.140777806849812 ], [ 91.847347238920776, 25.140834638112029 ], [ 91.847484720871321, 25.140879418519685 ], [ 91.847626362835044, 25.140911716798545 ], [ 91.847770800682369, 25.140931221887282 ], [ 91.847916643354054, 25.14093774593362 ], [ 91.852083356005693, 25.14093774756282 ], [ 91.85223787632907, 25.140930422147797 ], [ 91.852390725401676, 25.14090852934628 ], [ 91.852540250282203, 25.140872305909657 ], [ 91.852684833980959, 25.140822143563607 ], [ 91.852822912947744, 25.140758584771586 ], [ 91.852952993981845, 25.14068231686808 ], [ 91.853073670380681, 25.140594164625035 ], [ 91.853183637152767, 25.140495081331963 ], [ 91.856907606772481, 25.136771100559631 ], [ 91.864583378992307, 25.136771086494392 ], [ 91.864737888466976, 25.136763759449188 ], [ 91.864890726690362, 25.136741866115095 ], [ 91.865040240967929, 25.136705643230727 ], [ 91.865184814551171, 25.136655482485139 ], [ 91.865322884121781, 25.136591926282051 ], [ 91.865452956697538, 25.136515661874125 ], [ 91.865573625777472, 25.136427513930954 ], [ 91.865683586551427, 25.136328435620928 ], [ 91.869407543785726, 25.132604467210435 ], [ 91.888095486132258, 25.132604526702622 ], [ 91.888095451408404, 25.135416658329692 ], [ 91.888101783347082, 25.135541496589163 ], [ 91.888120728483173, 25.135665272170851 ], [ 91.888152125564801, 25.135786931308647 ], [ 91.888195707328279, 25.135905438251722 ], [ 91.888251102772188, 25.136019784082627 ], [ 91.88831784031477, 25.136128995306944 ], [ 91.888395351807958, 25.136232142141644 ], [ 91.888482977373442, 25.13632834643116 ], [ 91.900982950528785, 25.14882843713756 ], [ 91.901092925854172, 25.148927519340312 ], [ 91.901213611282813, 25.14901567057349 ], [ 91.901343701764716, 25.149091937583272 ], [ 91.901481790536707, 25.149155495627912 ], [ 91.901626384335444, 25.149205657397218 ], [ 91.901775919546324, 25.149241880445651 ], [ 91.901928779113362, 25.149263773058951 ], [ 91.902083310027436, 25.149271098490491 ], [ 91.904761943849607, 25.149271112947709 ], [ 91.90476190910411, 25.152083325003812 ], [ 91.904768241154713, 25.152208155916195 ], [ 91.904787186632078, 25.15233192434377 ], [ 91.90481858430131, 25.152453576710695 ], [ 91.904862166926506, 25.152572077450934 ], [ 91.904917563544487, 25.152686417823663 ], [ 91.904984302621457, 25.15279562450047 ], [ 91.905061816065995, 25.152898767851148 ], [ 91.905149444064179, 25.152994969857613 ], [ 91.91348275954293, 25.161328363702872 ], [ 91.913586246642907, 25.16142215271763 ], [ 91.913699336469151, 25.161506258312482 ], [ 91.913820939897221, 25.161579870483919 ], [ 91.913949885803277, 25.161642280286721 ], [ 91.914084932343215, 25.161692886662266 ], [ 91.91422477891328, 25.161731202227788 ], [ 91.914368078676802, 25.161756857970666 ], [ 91.914513451536422, 25.161769606802775 ], [ 91.914659497426783, 25.161769325940394 ], [ 91.914804809799733, 25.161756018086937 ], [ 91.914947989171864, 25.161729811406918 ], [ 91.915087656604086, 25.161690958291594 ], [ 91.915222466983252, 25.161639832928035 ], [ 91.915351121977835, 25.161576927695105 ], [ 91.915472382542873, 25.161502848421051 ], [ 91.91558508085366, 25.161418308548413 ], [ 91.915688131553352, 25.161324122262489 ], [ 91.91578054220588, 25.161221196649464 ], [ 91.915861422853709, 25.161110522959937 ], [ 91.915929994588339, 25.160993167061797 ], [ 91.915985597051062, 25.160870259174573 ], [ 91.916027694791495, 25.160742982984139 ], [ 91.916055882423137, 25.160612564242555 ], [ 91.916069888525996, 25.160480258962881 ], [ 91.91606957825887, 25.160347341322773 ], [ 91.916054954656218, 25.16021509139323 ], [ 91.916026158597134, 25.160084782810753 ], [ 91.915983467446864, 25.159957670511609 ], [ 91.915927292383941, 25.159834978646401 ], [ 91.915858174438796, 25.159717888791192 ], [ 91.915776779282069, 25.159607528568849 ], [ 91.915683890812787, 25.159504960789985 ], [ 91.907738085461261, 25.151559264932853 ] ] ] } },
{ "type": "Feature", "properties": { "ARCID": 740114, "UP_CELLS": 2800, "buffer_m": 80 }, "geometry": { "type": "Polygon", "coordinates": [ [ [ 92.227877475711978, 25.219029441007038 ], [ 92.236004082368211, 25.210902777651896 ], [ 92.236053745118141, 25.210847914173083 ], [ 92.236097241588681, 25.210788876692693 ], [ 92.236134150786924, 25.210726236633782 ], [ 92.236164115479781, 25.210660600287898 ], [ 92.236186845651389, 25.210592602946623 ], [ 92.236202121309759, 25.210522902752508 ], [ 92.23620979461559, 25.210452174328815 ], [ 92.236209791312803, 25.210381102249833 ], [ 92.236202111446701, 25.210310374414881 ], [ 92.236186829363021, 25.210240675390239 ], [ 92.236164092987863, 25.210172679783252 ], [ 92.236134122395427, 25.210107045713052 ], [ 92.236097207677474, 25.210044408440737 ], [ 92.236053706135309, 25.209985374220945 ], [ 92.236004038821036, 25.209930514434149 ], [ 92.232323517409824, 25.206250031621742 ], [ 92.240170661886381, 25.198402806482228 ], [ 92.240217395713501, 25.198351501009679 ], [ 92.240258734877798, 25.198296495961717 ], [ 92.240294327669218, 25.198238259326171 ], [ 92.240323871269752, 25.198177286584865 ], [ 92.240347114329509, 25.198114096497903 ], [ 92.240363859105088, 25.19804922668995 ], [ 92.240373963141536, 25.197983229075991 ], [ 92.240377340484216, 25.197916665165547 ], [ 92.240377286449174, 25.189583330571161 ], [ 92.240373907496888, 25.189516756987739 ], [ 92.240363800394761, 25.189450750017713 ], [ 92.24034705116965, 25.189385871410437 ], [ 92.240323802375329, 25.189322673311523 ], [ 92.24029425187895, 25.189261693563875 ], [ 92.240258651176816, 25.189203451130467 ], [ 92.240217303253729, 25.189148441677848 ], [ 92.240170560004287, 25.189097133357933 ], [ 92.236003888965186, 25.184930482878656 ], [ 92.235945206650968, 25.184877605730232 ], [ 92.235880805172442, 25.184830561653158 ], [ 92.235811381403863, 25.184789859696298 ], [ 92.235737686561706, 25.184755940281921 ], [ 92.235660518076102, 25.18472917044026 ], [ 92.235580710962438, 25.184709839838185 ], [ 92.235499128786188, 25.184698157644963 ], [ 92.235416654319181, 25.184694250269072 ], [ 92.23204392044687, 25.184694259786891 ], [ 92.232043899774325, 25.1815294967912 ], [ 92.236003835763981, 25.177569533223728 ], [ 92.236053505008698, 25.17751466433079 ], [ 92.236097007597508, 25.177455618799048 ], [ 92.236133922293774, 25.177392968379873 ], [ 92.236163891654684, 25.177327319730765 ], [ 92.236186625492053, 25.17725930854078 ], [ 92.236201903682002, 25.177189593374909 ], [ 92.236209578295927, 25.177118849296964 ], [ 92.236209575032532, 25.177047761332751 ], [ 92.236201893936723, 25.176977017836805 ], [ 92.236186609398729, 25.176907303826962 ], [ 92.236163869433156, 25.176839294351264 ], [ 92.236133894245398, 25.176773647951471 ], [ 92.236096974098842, 25.176711000286403 ], [ 92.236053466503819, 25.176651957976969 ], [ 92.236003792755554, 25.176597092732308 ], [ 92.22787714801305, 25.168470507205075 ], [ 92.227877095608548, 25.160416663896768 ], [ 92.227873716367213, 25.160350079390437 ], [ 92.227863608410701, 25.160284061775158 ], [ 92.22784685780114, 25.160219173073994 ], [ 92.227823607150555, 25.160155965698419 ], [ 92.22779405440636, 25.160094977745558 ], [ 92.227758451165926, 25.160036728417367 ], [ 92.227717100534392, 25.159981713600622 ], [ 92.227670354544074, 25.159930401645468 ], [ 92.223503683503225, 25.155763751145713 ], [ 92.223445016069647, 25.155710886659669 ], [ 92.223380632974326, 25.155663854342265 ], [ 92.223311230717101, 25.155623162986917 ], [ 92.223237560092443, 25.15558925279025 ], [ 92.223160418067607, 25.155562490590299 ], [ 92.223080639161367, 25.155543165898287 ], [ 92.222999086416507, 25.155531487766851 ], [ 92.222916642064078, 25.155527582528677 ], [ 92.214934178661636, 25.155527593115576 ], [ 92.211489911693704, 25.152083352935716 ], [ 92.2151702961052, 25.148402930796312 ], [ 92.215219968194731, 25.148348058056516 ], [ 92.215263473591051, 25.148289006732664 ], [ 92.215300390893162, 25.148226348818419 ], [ 92.215330362516525, 25.148160691241454 ], [ 92.215353098156569, 25.148092669984351 ], [ 92.2153683776002, 25.148022943924079 ], [ 92.215376052858488, 25.14795218844985 ], [ 92.215376049599683, 25.147881088920947 ], [ 92.215368367868649, 25.147810334028136 ], [ 92.215353082085926, 25.147740609122732 ], [ 92.215330340326446, 25.147672589578185 ], [ 92.215300362884634, 25.147606934248259 ], [ 92.215263440140262, 25.147544279085313 ], [ 92.215219929745217, 25.147485230980447 ], [ 92.215170253159087, 25.147430361885149 ], [ 92.207043622577402, 25.139303790469182 ], [ 92.207043597317721, 25.135416664211196 ], [ 92.207040217864417, 25.135350070448354 ], [ 92.207030109217584, 25.135284043811502 ], [ 92.207013357469378, 25.135219146557962 ], [ 92.206990105281434, 25.135155931326757 ], [ 92.206960550669677, 25.135094936432676 ], [ 92.206924945317894, 25.135036681282212 ], [ 92.206883592434068, 25.134981661950622 ], [ 92.206836844168336, 25.134930346957709 ], [ 92.202670173113489, 25.130763696439448 ], [ 92.20261498658536, 25.130713675130799 ], [ 92.202554680012838, 25.130668818911996 ], [ 92.202489834178891, 25.130629559767083 ], [ 92.2024210735796, 25.130596275777524 ], [ 92.202349060410029, 25.130569287481265 ], [ 92.202274488187285, 25.130548854785971 ], [ 92.202198075071834, 25.130535174466136 ], [ 92.202120556951684, 25.130528378268181 ], [ 92.202042680355831, 25.130528531641772 ], [ 92.201965195265316, 25.130535633109528 ], [ 92.201888847890899, 25.130549614281303 ], [ 92.201814373487281, 25.130570340512744 ], [ 92.201742489272505, 25.130597612201949 ], [ 92.201673887521366, 25.130631166711588 ], [ 92.201609228898647, 25.130670680898149 ], [ 92.201549136096901, 25.130715774223745 ], [ 92.201494187839799, 25.130766012420725 ], [ 92.201444913308791, 25.130820911673702 ], [ 92.201401787046848, 25.1308799432787 ], [ 92.201365224388184, 25.130942538734651 ], [ 92.201335577458281, 25.131008095218174 ], [ 92.201313131782371, 25.131075981388889 ], [ 92.201298103535379, 25.131145543469376 ], [ 92.201290637459621, 25.131216111541317 ], [ 92.201290805470336, 25.131287005997041 ], [ 92.201298605962677, 25.131357544084491 ], [ 92.201313963826621, 25.131427046482457 ], [ 92.201336731169832, 25.131494843842884 ], [ 92.201366688741487, 25.131560283237079 ], [ 92.201403548043317, 25.131622734443958 ], [ 92.201446954107666, 25.131681596019519 ], [ 92.201496488915723, 25.131736301089262 ], [ 92.205456401130135, 25.135696242127811 ], [ 92.205456375870298, 25.139583330877464 ], [ 92.205459753716539, 25.139649916797175 ], [ 92.205469859432554, 25.139715935867489 ], [ 92.205486606992679, 25.139780826025731 ], [ 92.205509853824438, 25.139844034819461 ], [ 92.205539402021955, 25.139905024110018 ], [ 92.205575000030564, 25.139963274653983 ], [ 92.205616344788211, 25.140018290524058 ], [ 92.205663084305385, 25.140069603331288 ], [ 92.213510096674753, 25.147916697787316 ], [ 92.209829706105424, 25.15159705063116 ], [ 92.209780032074221, 25.151651919279903 ], [ 92.209736524134442, 25.151710966408082 ], [ 92.20969960368916, 25.151773620117353 ], [ 92.209669628340308, 25.151839273577167 ], [ 92.209646888424771, 25.151907290902042 ], [ 92.209631604202045, 25.151977013310304 ], [ 92.209623923720358, 25.152047765504594 ], [ 92.209623921382402, 25.152118862212408 ], [ 92.209631597224146, 25.152189614823296 ], [ 92.209646876913922, 25.152259338058386 ], [ 92.20966961247197, 25.152327356607739 ], [ 92.209699583703113, 25.152393011671204 ], [ 92.209736500329115, 25.152455667339307 ], [ 92.209780004799768, 25.152514716752606 ], [ 92.209829675755685, 25.152569587979606 ], [ 92.213996338033624, 25.156736270809514 ], [ 92.214055000023293, 25.156789126568963 ], [ 92.214119376155281, 25.156836151515623 ], [ 92.214188770181408, 25.15687683705513 ], [ 92.214262431580465, 25.156910743155844 ], [ 92.214339563675651, 25.156937503108271 ], [ 92.214419332251111, 25.15695682749136 ], [ 92.214500874574838, 25.156968507302889 ], [ 92.214583308729829, 25.156972416220015 ], [ 92.222565813881658, 25.156972426808871 ], [ 92.226289569633437, 25.160696199672412 ], [ 92.226289517228409, 25.168749997229327 ], [ 92.226292894762722, 25.168816572377978 ], [ 92.226302999619335, 25.168882580955611 ], [ 92.226319745807857, 25.1689474611713 ], [ 92.226342990813777, 25.169010660836584 ], [ 92.226372536810985, 25.169071642065141 ], [ 92.226408132345242, 25.169129885850747 ], [ 92.226449474473924, 25.169184896484598 ], [ 92.226496211344141, 25.169236205774336 ], [ 92.234343287888962, 25.177083364492454 ], [ 92.230662833080785, 25.180763781513217 ], [ 92.230616088931143, 25.180815090943099 ], [ 92.230574740140767, 25.18087010201787 ], [ 92.23053913864598, 25.180928346525601 ], [ 92.230509587467878, 25.180989328733226 ], [ 92.230486338133048, 25.181052529605768 ], [ 92.230469588532515, 25.181117411223831 ], [ 92.230459481237133, 25.181183421361915 ], [ 92.230456102283739, 25.18124999818853 ], [ 92.230456075281239, 25.185416664216891 ], [ 92.230459897680689, 25.18548747268143 ], [ 92.230471329063278, 25.18555759927785 ], [ 92.230490259353388, 25.185626368660198 ], [ 92.230516506257302, 25.185693118551871 ], [ 92.230549817018243, 25.185757206123732 ], [ 92.230589870850153, 25.185818014184836 ], [ 92.230636282026666, 25.185874957126465 ], [ 92.230688603595482, 25.185927486561873 ], [ 92.230746331682568, 25.185975096607695 ], [ 92.230808910344578, 25.186017328756034 ], [ 92.230875736922783, 25.18605377629023 ], [ 92.230946167847122, 25.186084088201955 ], [ 92.23101952483411, 25.186107972571751 ], [ 92.231095101419413, 25.186125199380484 ], [ 92.231172169761592, 25.186135602724665 ], [ 92.231249987652035, 25.186139082414325 ], [ 92.235065667456155, 25.186139087471009 ], [ 92.238789378784006, 25.189862815922179 ], [ 92.23878932837313, 25.19763722460937 ], [ 92.230662671111659, 25.205763825211086 ], [ 92.230613000284578, 25.205818686349375 ], [ 92.230569495555741, 25.205877722604882 ], [ 92.230532578056113, 25.205940362511683 ], [ 92.230502605154541, 25.206005999719991 ], [ 92.230479866998195, 25.206073998865417 ], [ 92.230464583703537, 25.206143701719114 ], [ 92.230456903225189, 25.206214433559332 ], [ 92.230456899923283, 25.206285509702614 ], [ 92.230464573843079, 25.206356242131481 ], [ 92.230479850714147, 25.20642594615444 ], [ 92.230502582668635, 25.206493947033856 ], [ 92.230532549672276, 25.206559586517443 ], [ 92.230569461653801, 25.20662222921035 ], [ 92.230612961312545, 25.206681268725855 ], [ 92.230662627576748, 25.206736133555459 ], [ 92.234343153717759, 25.210416698297301 ], [ 92.226495917297939, 25.218263854022684 ], [ 92.226449174010995, 25.218315159296186 ], [ 92.226407826291108, 25.218370164326508 ], [ 92.226372225941319, 25.218428401118413 ], [ 92.226342675866022, 25.218489374179462 ], [ 92.226319427493664, 25.218552564735688 ], [ 92.226302678637239, 25.218617435145333 ], [ 92.226292571810959, 25.218683433473181 ], [ 92.226289193017365, 25.218749998186542 ], [ 92.226289165960566, 25.222916664211645 ], [ 92.226292989600466, 25.222987472938897 ], [ 92.226304424694007, 25.223057599782543 ], [ 92.226323361127754, 25.22312636938133 ], [ 92.226349616545335, 25.223193119443909 ], [ 92.226382938103214, 25.223257207127165 ], [ 92.226423004905214, 25.223318015227314 ], [ 92.226469431092696, 25.223374958124023 ], [ 92.226521769560236, 25.22342748742048 ], [ 92.226579516261467, 25.223475097224984 ], [ 92.2266421150631, 25.223517329023178 ], [ 92.226708963100961, 25.223553776093983 ], [ 92.226779416585941, 25.223584087426804 ], [ 92.226852797004369, 25.223607971102187 ], [ 92.226928397652657, 25.223625197103242 ], [ 92.227005490443716, 25.223635599531118 ], [ 92.22708333291925, 25.223639078202719 ], [ 92.227161175400525, 25.223635599615644 ], [ 92.227238268208694, 25.223625197270863 ], [ 92.227313868885076, 25.223607971350052 ], [ 92.227387249342001, 25.223584087750766 ], [ 92.227457702875071, 25.223553776488643 ], [ 92.227524550969633, 25.223517329482082 ], [ 92.227587149835401, 25.223475097740753 ], [ 92.227644896606918, 25.223427487985006 ], [ 92.227697235149563, 25.223374958728666 ], [ 92.227743661415516, 25.223318015863121 ], [ 92.227783728297965, 25.22325720778505 ], [ 92.227817049936874, 25.22319312011486 ], [ 92.227843305434803, 25.223126370056629 ], [ 92.227862241946937, 25.22305760045392 ], [ 92.227873677115852, 25.222987473598646 ], [ 92.227877500827191, 25.2229166648528 ], [ 92.227877475711978, 25.219029441007038 ] ] ] } },
{ "type": "Feature", "properties": { "ARCID": 740192, "UP_CELLS": 5582, "buffer_m": 150 }, "geometry": { "type": "Polygon", "coordinates": [ [ [ 91.844407612480452, 25.138228929655732 ], [ 91.841071188665083, 25.134892535225831 ], [ 91.841071144183303, 25.13124999162552 ], [ 91.841064807470772, 25.13112513665423 ], [ 91.841045854531345, 25.131001345082232 ], [ 91.841014446806028, 25.130879671117132 ], [ 91.840970851798687, 25.130761150929867 ], [ 91.84091544079682, 25.130646793830962 ], [ 91.840848685708451, 25.130537573675436 ], [ 91.840771155042603, 25.130434420569941 ], [ 91.840683509067034, 25.130338212952378 ], [ 91.836516833332624, 25.126171576494851 ], [ 91.836413369622818, 25.126077796934513 ], [ 91.836300307354691, 25.125993701200446 ], [ 91.836178735372215, 25.12592009915986 ], [ 91.836049824463828, 25.125857699620877 ], [ 91.83591481608768, 25.125807103507043 ], [ 91.835775010416583, 25.125768798070801 ], [ 91.835631753817992, 25.125743152201633 ], [ 91.835486425889059, 25.125730412873864 ], [ 91.835340426172095, 25.125730702768607 ], [ 91.83519516067787, 25.125744019092433 ], [ 91.835052028346723, 25.125770233604374 ], [ 91.834912407577832, 25.125809093850847 ], [ 91.834777642956126, 25.125860225596639 ], [ 91.834649032304654, 25.125923136428657 ], [ 91.834527814187211, 25.125997220497563 ], [ 91.834415155981318, 25.126081764351841 ], [ 91.834312142636421, 25.126175953808001 ], [ 91.834219766225743, 25.126278881790849 ], [ 91.834138916392035, 25.126389557068286 ], [ 91.834070371779632, 25.126506913796664 ], [ 91.834014792534987, 25.126629821784672 ], [ 91.833972713948242, 25.126757097376977 ], [ 91.833944541296773, 25.126887514852879 ], [ 91.833930545940817, 25.127019818230199 ], [ 91.833930862708414, 25.127152733360671 ], [ 91.833945488595248, 25.127284980200503 ], [ 91.833974282791786, 25.12741528513785 ], [ 91.834016968037602, 25.127542393258434 ], [ 91.834073133289877, 25.127665080431349 ], [ 91.834142237680439, 25.127782165098502 ], [ 91.834223615723317, 25.127892519654154 ], [ 91.834316483722716, 25.127995081305045 ], [ 91.838095517110503, 25.13177416681987 ], [ 91.838095472628098, 25.135416658290794 ], [ 91.838101805275699, 25.135541502669948 ], [ 91.838120752533683, 25.1356652841848 ], [ 91.838152153111764, 25.135786948885094 ], [ 91.838195739682547, 25.135905460841318 ], [ 91.838251141156661, 25.136019810965365 ], [ 91.838317885841263, 25.13612902560283 ], [ 91.838395405455444, 25.136232174823682 ], [ 91.838483039968082, 25.136328380340682 ], [ 91.842649697565392, 25.140495077228454 ], [ 91.842759663979109, 25.140594160565623 ], [ 91.842880340044843, 25.140682312880656 ], [ 91.843010420774803, 25.140758580879371 ], [ 91.843148499469123, 25.14082213978455 ], [ 91.84329308292871, 25.140872302255985 ], [ 91.843442607603905, 25.140908525824216 ], [ 91.84359545650419, 25.140930418757492 ], [ 91.843749976686198, 25.140937744298551 ], [ 91.847916689337922, 25.140937745933638 ], [ 91.848062532021899, 25.140931222000994 ], [ 91.848206969905661, 25.140911717021591 ], [ 91.848348611928557, 25.140879418843493 ], [ 91.848486093958741, 25.140834638524147 ], [ 91.848618091932124, 25.140777807334409 ], [ 91.848743334605246, 25.140709472604701 ], [ 91.848860615799282, 25.140630292453363 ], [ 91.848968806017027, 25.140541029447917 ], [ 91.849066863321212, 25.140442543260384 ], [ 91.849153843369123, 25.140335782387432 ], [ 91.849228908507101, 25.140221775014947 ], [ 91.849291335837094, 25.140101619115338 ], [ 91.849340524177805, 25.139976471872686 ], [ 91.849375999853294, 25.139847538537783 ], [ 91.849397421253443, 25.139716060820362 ], [ 91.849404582122318, 25.139583304930301 ], [ 91.849397413542775, 25.139450549383078 ], [ 91.849375984598453, 25.139319072686771 ], [ 91.849340501706692, 25.139190141029403 ], [ 91.849291306628842, 25.139064996084954 ], [ 91.849228873177395, 25.138944843055768 ], [ 91.849153802651401, 25.138830839066202 ], [ 91.849066818044506, 25.138724082019461 ], [ 91.848968757081195, 25.138625600024888 ], [ 91.848860564148495, 25.138536341497428 ], [ 91.84874328120074, 25.138457166024686 ], [ 91.848618037725117, 25.138388836089408 ], [ 91.848486039864468, 25.138332009727147 ], [ 91.848348558802371, 25.13828723418975 ], [ 91.848206918521925, 25.138254940675694 ], [ 91.848062483056424, 25.13823544017793 ], [ 91.847916643354523, 25.138228920489311 ], [ 91.844407612480452, 25.138228929655732 ] ] ] } },
{ "type": "Feature", "properties": { "ARCID": 740193, "UP_CELLS": 1089, "buffer_m": 80 }, "geometry": { "type": "Polygon", "coordinates": [ [ [ 92.302434148137905, 25.151360909348327 ], [ 92.294336949880687, 25.143263729031144 ], [ 92.294278289241603, 25.143210867853618 ], [ 92.294213914186173, 25.143163838441215 ], [ 92.294144521054704, 25.143123149502983 ], [ 92.294070860464871, 25.143089241163629 ], [ 92.293993729192394, 25.14306248020295 ], [ 92.293913961552917, 25.143043156088677 ], [ 92.293832420377584, 25.143031477845469 ], [ 92.293749987680414, 25.143027571794125 ], [ 92.289934107252009, 25.143027576802151 ], [ 92.281836890358804, 25.134930377874021 ], [ 92.281778227520604, 25.134877515087414 ], [ 92.281713850134039, 25.134830485092309 ], [ 92.281644454662114, 25.134789796675264 ], [ 92.281570791852857, 25.134755890016926 ], [ 92.281493658617563, 25.134729131930236 ], [ 92.281413889409819, 25.134709811892328 ], [ 92.2813323471985, 25.134698138913038 ], [ 92.281249914132289, 25.13469423927387 ], [ 92.252434105548289, 25.134694277208204 ], [ 92.248503511693841, 25.13076369211981 ], [ 92.248444858720092, 25.130710839832776 ], [ 92.248380493412611, 25.130663818561256 ], [ 92.248311111880639, 25.130623136834423 ], [ 92.24823746448088, 25.130589234619539 ], [ 92.248160347702651, 25.130562478563935 ], [ 92.248080595554214, 25.130543158030015 ], [ 92.247999070543415, 25.130531481966006 ], [ 92.24791665435032, 25.130527576646269 ], [ 92.244100722029046, 25.130527581683967 ], [ 92.240170148347161, 25.126597016775584 ], [ 92.240111495444211, 25.126544164635984 ], [ 92.24004713034337, 25.126497143796033 ], [ 92.239977749174585, 25.126456462796991 ], [ 92.239904102315322, 25.126422561612713 ], [ 92.239826986275247, 25.126395806891459 ], [ 92.239747235082106, 25.126376487990719 ], [ 92.239665711261793, 25.126364813847907 ], [ 92.239583296510503, 25.126360910720791 ], [ 92.227083370033768, 25.126360912459052 ], [ 92.227000955396463, 25.126364815607833 ], [ 92.226919431695947, 25.12637648976898 ], [ 92.226839680628686, 25.126395808683547 ], [ 92.226762564720701, 25.126422563412891 ], [ 92.226688917999468, 25.12645646459827 ], [ 92.226619536974241, 25.126497145590189 ], [ 92.226555172021762, 25.126544166413638 ], [ 92.226496519271038, 25.126597018526315 ], [ 92.222565926638467, 25.130527604402236 ], [ 92.20208339455165, 25.130527583090849 ], [ 92.202005611284235, 25.130531056248557 ], [ 92.201928576511321, 25.130541453187362 ], [ 92.201853032107138, 25.130558673780456 ], [ 92.201779705593836, 25.13058255218662 ], [ 92.201709303135402, 25.130612858447218 ], [ 92.201642502737343, 25.130649300700767 ], [ 92.201579947717505, 25.130691527993481 ], [ 92.201522240510755, 25.130739133659013 ], [ 92.201469936867355, 25.13079165923461 ], [ 92.201423540500969, 25.130848598876167 ], [ 92.201383498237405, 25.130909404229556 ], [ 92.20135019571147, 25.13097348971133 ], [ 92.201323953652775, 25.131040238148049 ], [ 92.201305024796653, 25.131109006719758 ], [ 92.201293591449783, 25.131179133150606 ], [ 92.201289763734053, 25.13124994208674 ], [ 92.201293578525551, 25.131320751600295 ], [ 92.201304999098852, 25.131390879756704 ], [ 92.201323915480387, 25.13145965118207 ], [ 92.20135014550678, 25.131526403567491 ], [ 92.201383436578993, 25.131590494047515 ], [ 92.201423468094418, 25.131651305391415 ], [ 92.201469854534224, 25.131708251947671 ], [ 92.201522149175801, 25.13176078528425 ], [ 92.2015798483948, 25.131808399470575 ], [ 92.201642396515297, 25.131850635950098 ], [ 92.201709191161186, 25.131887087956692 ], [ 92.201779589057637, 25.131917404432244 ], [ 92.201852912226315, 25.131941293407756 ], [ 92.201928454515084, 25.131958524815342 ], [ 92.202005488398953, 25.131968932704059 ], [ 92.202083271986993, 25.131972416838217 ], [ 92.222916727887522, 25.131972419813849 ], [ 92.222999130366304, 25.131968508836337 ], [ 92.223080641285989, 25.131956829749825 ], [ 92.223160379386925, 25.131937508823032 ], [ 92.223237482577289, 25.131910754944762 ], [ 92.223311117254127, 25.131876857365466 ], [ 92.223380487316192, 25.131836182569781 ], [ 92.223444842771286, 25.131789170314153 ], [ 92.223503487845093, 25.131736328872176 ], [ 92.227434041397643, 25.127805768563167 ], [ 92.239232624744403, 25.127805770203889 ], [ 92.243163176007926, 25.131736330241811 ], [ 92.24322182587963, 25.131789175708974 ], [ 92.243286186970764, 25.131836191057939 ], [ 92.243355563342192, 25.131876867905039 ], [ 92.24342920482141, 25.13191076640517 ], [ 92.243506315114487, 25.13193752000814 ], [ 92.243586060416732, 25.131956839422418 ], [ 92.243667578429196, 25.131968515743477 ], [ 92.243749987683188, 25.131972422712799 ], [ 92.247565927617103, 25.131972427751226 ], [ 92.25149647933506, 25.135902988235149 ], [ 92.251555124701824, 25.135955830133174 ], [ 92.251619480625649, 25.136002843102414 ], [ 92.251688851349385, 25.136043518877113 ], [ 92.251762486897618, 25.1360774177035 ], [ 92.25183959118489, 25.136104173094324 ], [ 92.251919330622655, 25.1361234957912 ], [ 92.252000843131682, 25.136135176891962 ], [ 92.252083247462622, 25.136139090109328 ], [ 92.280899257122712, 25.136139128059071 ], [ 92.288996429750142, 25.144236318653178 ], [ 92.28905508653439, 25.144289167639005 ], [ 92.289119455705929, 25.144336186203958 ], [ 92.28918884119166, 25.144376865895595 ], [ 92.289262492670318, 25.144410766808662 ], [ 92.289339613686579, 25.144437522342365 ], [ 92.289419370264042, 25.144456843164988 ], [ 92.28950089992415, 25.144468520342798 ], [ 92.289583321013282, 25.144472427599595 ], [ 92.293399186625081, 25.144472432608605 ], [ 92.301496370249026, 25.15256963417692 ], [ 92.301555031695003, 25.152622487116918 ], [ 92.301619406592167, 25.152669509305337 ], [ 92.301688798748117, 25.152710192208627 ], [ 92.301762457707625, 25.152744095850544 ], [ 92.301839586868809, 25.152770853570583 ], [ 92.301919352098409, 25.152790175989519 ], [ 92.30200089075322, 25.152801854139156 ], [ 92.30208332100969, 25.152805761722377 ], [ 92.306250012212516, 25.15280576224805 ], [ 92.306327810760607, 25.152802282450374 ], [ 92.306404859936947, 25.152791878739439 ], [ 92.306480417703128, 25.152774651310114 ], [ 92.306553756384787, 25.152750766074483 ], [ 92.306624169679921, 25.152720453063978 ], [ 92.306690979461422, 25.152684004213835 ], [ 92.306753542308059, 25.15264177055148 ], [ 92.306811255701291, 25.152594158815734 ], [ 92.306863563827989, 25.152541627539502 ], [ 92.306909962933304, 25.152484682633578 ], [ 92.306950006172016, 25.152423872514291 ], [ 92.306983307911793, 25.152359782821655 ], [ 92.307009547446796, 25.152293030779191 ], [ 92.307028472085946, 25.152224259249525 ], [ 92.307039899586172, 25.152154130543117 ], [ 92.307043719906886, 25.152083320039726 ], [ 92.30703989626943, 25.152012509684067 ], [ 92.307028465510669, 25.15194238141828 ], [ 92.30700953772778, 25.151873610614448 ], [ 92.306983295217449, 25.151806859570474 ], [ 92.306949990719787, 25.151742771131872 ], [ 92.306909944983914, 25.151681962500948 ], [ 92.306863543678645, 25.151625019292997 ], [ 92.306811233678062, 25.151572489896658 ], [ 92.306753518757631, 25.151524880192895 ], [ 92.306690954742635, 25.151482648683263 ], [ 92.30662414415518, 25.151446202074567 ], [ 92.306553730411835, 25.151415891362227 ], [ 92.306480391627247, 25.151392008450223 ], [ 92.306404834084077, 25.151374783340099 ], [ 92.306327785431222, 25.151364381916046 ], [ 92.306249987676821, 25.151360904347474 ], [ 92.302434148137905, 25.151360909348327 ] ] ] } },
{ "type": "Feature", "properties": { "ARCID": 740331, "UP_CELLS": 5859, "buffer_m": 150 }, "geometry": { "type": "Polygon", "coordinates": [ [ [ 91.832350110802551, 25.12200489324222 ], [ 91.832240151700674, 25.121905809284293 ], [ 91.832119484445471, 25.121817657629681 ], [ 91.831989414034595, 25.12174139160755 ], [ 91.831851347149225, 25.121677836006064 ], [ 91.831706776941701, 25.121627678153352 ], [ 91.831557266888552, 25.121591460485011 ], [ 91.831404433883293, 25.121569574678492 ], [ 91.831249930751966, 25.121562257417711 ], [ 91.819407475838631, 25.121562288418534 ], [ 91.815683384201421, 25.117838213361978 ], [ 91.815579924608812, 25.117744437509575 ], [ 91.815466867533317, 25.117660345734858 ], [ 91.815345301768986, 25.117586747866952 ], [ 91.815216398044356, 25.117524352673751 ], [ 91.815081397748443, 25.117473761036962 ], [ 91.814941600976312, 25.117435460165904 ], [ 91.814798354009696, 25.117409818906051 ], [ 91.814653036353079, 25.117397084187335 ], [ 91.814507047449823, 25.117397378646434 ], [ 91.814361793206558, 25.117410699445958 ], [ 91.814218672455326, 25.117436918301792 ], [ 91.814079063483788, 25.117475782718483 ], [ 91.813944310763247, 25.117526918420641 ], [ 91.813815712002125, 25.11758983295703 ], [ 91.813694505649707, 25.117663920442638 ], [ 91.813581858970181, 25.117748467393014 ], [ 91.813478856801964, 25.117842659594835 ], [ 91.81338649111062, 25.117945589946462 ], [ 91.813305651435627, 25.118056267192983 ], [ 91.813237116323464, 25.118173625471794 ], [ 91.813181545829025, 25.118296534576654 ], [ 91.813139475158181, 25.118423810841485 ], [ 91.81311130951201, 25.118554228539139 ], [ 91.813097320183289, 25.11868653168532 ], [ 91.813097641941951, 25.11881944613403 ], [ 91.813112271735619, 25.118951691848054 ], [ 91.813141068717115, 25.11908199522642 ], [ 91.813183755599169, 25.119209101369893 ], [ 91.813239921323216, 25.11933178616664 ], [ 91.813309025016551, 25.119448868081474 ], [ 91.813390401199925, 25.119559219535194 ], [ 91.813483266195462, 25.119661777764417 ], [ 91.817649923749642, 25.123828474627395 ], [ 91.817759868085702, 25.123927539370271 ], [ 91.817880517308197, 25.124015675211243 ], [ 91.818010567031365, 25.124091929262018 ], [ 91.818148611226718, 25.124155477093222 ], [ 91.818293157424961, 25.124205631648586 ], [ 91.818442642852915, 25.124241850673801 ], [ 91.818595451330751, 25.124263742579828 ], [ 91.818749930747146, 25.124271070677018 ], [ 91.830592520650256, 25.124271101685729 ], [ 91.834316530512197, 25.12799512809497 ], [ 91.834419998921717, 25.128088904695879 ], [ 91.834533066022445, 25.128172997055902 ], [ 91.834654642908973, 25.128246595299004 ], [ 91.834783558713184, 25.12830899061408 ], [ 91.834918571881019, 25.12835958208202 ], [ 91.835058382130242, 25.128397882463542 ], [ 91.835201642974127, 25.128423522892199 ], [ 91.835346974690211, 25.128436256427253 ], [ 91.835492977609519, 25.128435960432217 ], [ 91.835638245597792, 25.12842263775611 ], [ 91.835781379599126, 25.128396416706085 ], [ 91.835921001111416, 25.128357549811689 ], [ 91.836055765463755, 25.128306411392586 ], [ 91.836184374767853, 25.128243493953271 ], [ 91.836305590418704, 25.12816940343945 ], [ 91.836418245024134, 25.128084853401859 ], [ 91.836521253648044, 25.127990658123625 ], [ 91.836613624259499, 25.127887724777509 ], [ 91.836694467286435, 25.127777044688575 ], [ 91.836763004182572, 25.127659683786344 ], [ 91.836818574924493, 25.127536772338594 ], [ 91.836860644367235, 25.127409494065542 ], [ 91.836888807396662, 25.127279074739359 ], [ 91.836902792829619, 25.127146770378854 ], [ 91.83690246602383, 25.127013855152899 ], [ 91.836887830172955, 25.126881609109383 ], [ 91.836859026273999, 25.126751305847471 ], [ 91.836816331767665, 25.126624200252316 ], [ 91.836760157864816, 25.126501516410055 ], [ 91.836691045584743, 25.126384435819599 ], [ 91.836609660543559, 25.126274086014654 ], [ 91.836516786542944, 25.126171529705598 ], [ 91.832350110802551, 25.12200489324222 ] ] ] } },
{ "type": "Feature", "properties": { "ARCID": 740333, "UP_CELLS": 917, "buffer_m": 80 }, "geometry": { "type": "Polygon", "coordinates": [ [ [ 92.106250012194735, 25.147194266062325 ], [ 92.106167580351027, 25.147198171936068 ], [ 92.106086040013395, 25.147209849601005 ], [ 92.106006273174842, 25.147229172743561 ], [ 92.105929142645991, 25.147255932351676 ], [ 92.105855482722717, 25.147289838975531 ], [ 92.10578609016234, 25.147330525858283 ], [ 92.105721715565551, 25.147377552903009 ], [ 92.105663055257679, 25.147430411432854 ], [ 92.101732521697116, 25.151360938384158 ], [ 92.098267456030584, 25.151360938949313 ], [ 92.086003575008547, 25.139097085947142 ], [ 92.085944915314698, 25.139044223502022 ], [ 92.085880540924151, 25.138997193315404 ], [ 92.085811148257861, 25.138956504168728 ], [ 92.085737488023042, 25.138922596244335 ], [ 92.085660357092038, 25.138895836363663 ], [ 92.085580589881886, 25.138876514019124 ], [ 92.085499049327765, 25.138864838242466 ], [ 92.08541661754812, 25.138860935343615 ], [ 92.069100763956456, 25.138860957388655 ], [ 92.065376904607376, 25.13513711529756 ], [ 92.065376879329264, 25.131249997486123 ], [ 92.065373499718191, 25.131183402091658 ], [ 92.06536339061438, 25.131117373899773 ], [ 92.065346638123259, 25.131052475242683 ], [ 92.065323384928462, 25.130989258831971 ], [ 92.065293829076268, 25.130928263051501 ], [ 92.065258222288577, 25.130870007372256 ], [ 92.065216867818918, 25.1308149879284 ], [ 92.065170117869556, 25.13076367329203 ], [ 92.056836775412577, 25.122430372220187 ], [ 92.056778127840758, 25.122377522347218 ], [ 92.056713768568315, 25.122330503381463 ], [ 92.056644393646806, 25.122289823832627 ], [ 92.056570753369598, 25.122255923649085 ], [ 92.056493644157626, 25.122229169460098 ], [ 92.056413899946335, 25.122209850610925 ], [ 92.056332383167089, 25.12219817603372 ], [ 92.056249975420386, 25.122194271988061 ], [ 92.048267338863056, 25.122194282804042 ], [ 92.044336732044329, 25.118263685014476 ], [ 92.044278088429195, 25.11821084081221 ], [ 92.044213734308855, 25.118163826892694 ], [ 92.044144365585367, 25.11812315164255 ], [ 92.0440707323841, 25.118089254904451 ], [ 92.043993630942168, 25.118062503221001 ], [ 92.04391389499871, 25.118043185871407 ], [ 92.043832386779556, 25.118031511743453 ], [ 92.043749987673905, 25.11802760707485 ], [ 92.03958334550677, 25.118027607799213 ], [ 92.039505573180747, 25.11803108521519 ], [ 92.039428549716533, 25.118041486133265 ], [ 92.03935301687946, 25.118058710388219 ], [ 92.039279702080236, 25.118082592103526 ], [ 92.039209311370001, 25.118112901288637 ], [ 92.039142522641086, 25.118149346053848 ], [ 92.039079979098886, 25.118191575421154 ], [ 92.039022283067652, 25.118239182704198 ], [ 92.038969990189983, 25.11829170942465 ], [ 92.038923604075762, 25.118348649727388 ], [ 92.038883571452033, 25.118409455251921 ], [ 92.038850277860661, 25.118473540413195 ], [ 92.038824043945141, 25.118540288040879 ], [ 92.038805122362376, 25.118609055322878 ], [ 92.038793695348929, 25.118679179995787 ], [ 92.038789872965665, 25.118749986722776 ], [ 92.038793692037316, 25.118820793597312 ], [ 92.038805115797231, 25.118890918710296 ], [ 92.038824034241131, 25.118959686717233 ], [ 92.038850265185872, 25.11902643534216 ], [ 92.038883556023549, 25.119090521755918 ], [ 92.038923586153885, 25.119151328766993 ], [ 92.038969970071449, 25.119208270765604 ], [ 92.039022261077974, 25.119260799363644 ], [ 92.039079955584228, 25.119308408676176 ], [ 92.039142497959674, 25.119350640193581 ], [ 92.039209285883658, 25.119387087197516 ], [ 92.039279676146137, 25.119417398678017 ], [ 92.039352990842374, 25.119441282714131 ], [ 92.039428523901861, 25.119458509285529 ], [ 92.039505547888524, 25.119468912487751 ], [ 92.039583321006774, 25.119472392130199 ], [ 92.043399336465086, 25.119472397307941 ], [ 92.047329925412313, 25.123402995285424 ], [ 92.04738856714863, 25.123455833781545 ], [ 92.047452918617054, 25.123502842947794 ], [ 92.047522284065508, 25.123543514527917 ], [ 92.04759591352915, 25.123577408786169 ], [ 92.047673010938922, 25.123604159261848 ], [ 92.047752742728932, 25.123623476731662 ], [ 92.047834246849121, 25.123635152336913 ], [ 92.04791664208615, 25.123639059841789 ], [ 92.055899309174308, 25.123639070660005 ], [ 92.063789785831247, 25.131529583886699 ], [ 92.063789760552964, 25.135416664152388 ], [ 92.063793138548803, 25.135483251740041 ], [ 92.063803244720901, 25.135549272401846 ], [ 92.063819993030208, 25.135614163999353 ], [ 92.063843240882079, 25.135677374006743 ], [ 92.063872790340099, 25.13573836421541 ], [ 92.06390838981099, 25.135796615316664 ], [ 92.063949736186757, 25.135851631323533 ], [ 92.063996477425164, 25.135902943794036 ], [ 92.06816313953172, 25.140069626599182 ], [ 92.068221788325801, 25.140122471170706 ], [ 92.068286148582018, 25.140169486200811 ], [ 92.068355524390213, 25.140210163323793 ], [ 92.068429165605536, 25.140244062704138 ], [ 92.068506275959763, 25.14027081779258 ], [ 92.068586021671521, 25.140290139289728 ], [ 92.068667540462116, 25.140301818274448 ], [ 92.068749950879692, 25.140305728462945 ], [ 92.085065891959715, 25.140305750514834 ], [ 92.097329740087289, 25.152569626669337 ], [ 92.097388398753097, 25.152622474799617 ], [ 92.097452770185981, 25.152669492638005 ], [ 92.097522158270039, 25.152710171726401 ], [ 92.097595812636143, 25.152744072154377 ], [ 92.097672936776704, 25.15277082731664 ], [ 92.097752696659484, 25.15279014787772 ], [ 92.097834229747363, 25.152801824901108 ], [ 92.097916654326355, 25.152805732108838 ], [ 92.102083345530218, 25.152805732788742 ], [ 92.102165774730125, 25.152801825172517 ], [ 92.102247312296498, 25.152790146878509 ], [ 92.102327076369221, 25.152770824211533 ], [ 92.102404204270087, 25.152744066153225 ], [ 92.102477861833435, 25.152710162101645 ], [ 92.102547252428323, 25.152669478741291 ], [ 92.102611625574724, 25.152622456077044 ], [ 92.102670285060341, 25.152569602675154 ], [ 92.106600809348336, 25.148639071776667 ], [ 92.110416678861895, 25.148639067873873 ], [ 92.110494471741063, 25.148635588212489 ], [ 92.110571515303704, 25.148625184903306 ], [ 92.110647067565424, 25.148607958137234 ], [ 92.110720400904825, 25.148584073819915 ], [ 92.110790809071318, 25.148553761973858 ], [ 92.110857613987108, 25.148517314523037 ], [ 92.110920172277758, 25.148475082481372 ], [ 92.110977881468514, 25.148427472572056 ], [ 92.11103018578666, 25.14837494331038 ], [ 92.111076581513885, 25.148318000587761 ], [ 92.111116621837439, 25.148257192799498 ], [ 92.111149921153, 25.14819310556322 ], [ 92.111176158777994, 25.148126356078841 ], [ 92.111195082039728, 25.148057587184397 ], [ 92.11120650870825, 25.147987461165048 ], [ 92.111210328751042, 25.14791665337474 ], [ 92.111206505392062, 25.147845845732153 ], [ 92.111195075465545, 25.147775720153373 ], [ 92.111176149060626, 25.147706951984684 ], [ 92.111149908460803, 25.147640203498671 ], [ 92.111116606387796, 25.14757611751628 ], [ 92.111076563567465, 25.147515311216228 ], [ 92.111030165640628, 25.147458370191384 ], [ 92.110977859448894, 25.147405842809398 ], [ 92.110920148731168, 25.147358234931822 ], [ 92.110857589272314, 25.147316005042644 ], [ 92.110790783550669, 25.14727955983302 ], [ 92.110720374935966, 25.147249250284865 ], [ 92.110647041493621, 25.147225368290904 ], [ 92.110571489454813, 25.147208143843773 ], [ 92.110494446415515, 25.147197742821206 ], [ 92.110416654329839, 25.147194265388674 ], [ 92.106250012194735, 25.147194266062325 ] ] ] } },
{ "type": "Feature", "properties": { "ARCID": 740399, "UP_CELLS": 1142, "buffer_m": 80 }, "geometry": { "type": "Polygon", "coordinates": [ [ [ 92.036003368466226, 25.114097009885697 ], [ 92.03594818768039, 25.114046993764941 ], [ 92.035887888123668, 25.114002142875925 ], [ 92.035823050511539, 25.113962889151377 ], [ 92.035754299260972, 25.113929610620534 ], [ 92.035682296477077, 25.113902627768741 ], [ 92.03560773557696, 25.113882200451169 ], [ 92.035531334612131, 25.113868525390494 ], [ 92.0354538293536, 25.113861734282402 ], [ 92.035375966206558, 25.113861892527485 ], [ 92.035298495022474, 25.113868998601394 ], [ 92.035222161878252, 25.113882984069534 ], [ 92.035147701891461, 25.113903714246128 ], [ 92.035075832141331, 25.113930989491212 ], [ 92.035007244763278, 25.113964547133175 ], [ 92.034942600283614, 25.114004063998294 ], [ 92.034882521258623, 25.114049159522843 ], [ 92.034827586279249, 25.114099399417999 ], [ 92.034778324398985, 25.114154299851997 ], [ 92.03473521003886, 25.1142133321095 ], [ 92.034698658418463, 25.114275927683192 ], [ 92.034669021556851, 25.114341483748593 ], [ 92.034646584882267, 25.114409368969373 ], [ 92.034631564482893, 25.114478929577331 ], [ 92.034624105025387, 25.114549495668381 ], [ 92.034624278361278, 25.114620387654004 ], [ 92.034632082834406, 25.114690922805988 ], [ 92.034647443296421, 25.114760421831473 ], [ 92.034670211829976, 25.114828215414928 ], [ 92.034700169172794, 25.114893650664108 ], [ 92.034737026828893, 25.11495609739789 ], [ 92.034780429846478, 25.115014954215397 ], [ 92.034829960236181, 25.115069654287975 ], [ 92.038996622316574, 25.119236337076661 ], [ 92.039051806638966, 25.119286352134097 ], [ 92.039112109921035, 25.119331201815768 ], [ 92.039176951407001, 25.119370454188882 ], [ 92.039245706633224, 25.11940373122604 ], [ 92.039317713442259, 25.119430712446057 ], [ 92.039392278360111, 25.119451138000631 ], [ 92.039468683275132, 25.119464811176901 ], [ 92.03954619235418, 25.11947160029213 ], [ 92.039624059129636, 25.11947143996192 ], [ 92.039701533688685, 25.119464331729958 ], [ 92.039777869895971, 25.119450344053217 ], [ 92.039852332579812, 25.119429611642577 ], [ 92.039924204612689, 25.119402334165471 ], [ 92.03999279381803, 25.119368774322826 ], [ 92.040057439636712, 25.119329255318981 ], [ 92.04011751948876, 25.119284157748844 ], [ 92.040172454769404, 25.119233915932398 ], [ 92.040221716421527, 25.119179013731685 ], [ 92.040264830030694, 25.119119979890776 ], [ 92.04030138039397, 25.119057382943428 ], [ 92.040331015518376, 25.118991825737552 ], [ 92.040353450010542, 25.118923939629315 ], [ 92.040368467824777, 25.118854378402627 ], [ 92.040375924343351, 25.11878381197273 ], [ 92.040375747768763, 25.118712919934403 ], [ 92.040367939814701, 25.118642385017111 ], [ 92.040352575688999, 25.118572886509863 ], [ 92.04032980336892, 25.11850509371936 ], [ 92.0402998421755, 25.118439659524263 ], [ 92.040262980660984, 25.118377214087708 ], [ 92.040219573829546, 25.118318358788702 ], [ 92.040170039718049, 25.118263660430621 ], [ 92.036003368466226, 25.114097009885697 ] ] ] } },
{ "type": "Feature", "properties": { "ARCID": 740821, "UP_CELLS": 6105, "buffer_m": 150 }, "geometry": { "type": "Polygon", "coordinates": [ [ [ 91.816070931351902, 25.114583324944906 ], [ 91.816063766322657, 25.114450568916613 ], [ 91.816042343683549, 25.114319091575091 ], [ 91.816006869795004, 25.114190159138403 ], [ 91.815957686338052, 25.114065013311428 ], [ 91.815895267022171, 25.113944859327649 ], [ 91.815820213021539, 25.1138308543424 ], [ 91.815733247184255, 25.113724096289147 ], [ 91.815635207069818, 25.11362561330624 ], [ 91.815527036882202, 25.113536353835997 ], [ 91.815409778376335, 25.113457177491242 ], [ 91.815284560825276, 25.113388846777458 ], [ 91.815152590144947, 25.11333201975004 ], [ 91.815015137281051, 25.113287243677497 ], [ 91.814873525970086, 25.113254949771537 ], [ 91.814729119992023, 25.113235449034701 ], [ 91.814583310037747, 25.113228929265613 ], [ 91.811074047287107, 25.113228938464772 ], [ 91.807737537874104, 25.109892458461516 ], [ 91.807737493442275, 25.106249991607839 ], [ 91.807731155117494, 25.106125108318039 ], [ 91.807712197382216, 25.10600128916635 ], [ 91.80768078179382, 25.105879589088499 ], [ 91.807637176048289, 25.105761044962644 ], [ 91.807581751698208, 25.105646666775382 ], [ 91.807514980986141, 25.105537429017026 ], [ 91.807437432820109, 25.105434262379269 ], [ 91.807349767925828, 25.105338045826226 ], [ 91.790683064731638, 25.088671499815224 ], [ 91.790579625296971, 25.088577729031126 ], [ 91.79046659126162, 25.088493642727613 ], [ 91.790345051197761, 25.088420050681126 ], [ 91.790216175586536, 25.088357661603553 ], [ 91.790081205546215, 25.088307076317687 ], [ 91.789941440880597, 25.088268781971653 ], [ 91.789798227562301, 25.088243147348095 ], [ 91.789652944771817, 25.088230419313007 ], [ 91.789506991616804, 25.088230720438688 ], [ 91.789361773659721, 25.08824404782348 ], [ 91.789218689383191, 25.088270273119839 ], [ 91.789079116723642, 25.088309143770228 ], [ 91.788944399802745, 25.08836028543919 ], [ 91.788815835984167, 25.088423205617982 ], [ 91.788694663380667, 25.088497298367191 ], [ 91.788582048931445, 25.088581850151652 ], [ 91.788479077164482, 25.08867604671147 ], [ 91.788386739752525, 25.08877898090298 ], [ 91.788305925962646, 25.088889661434283 ], [ 91.788237414092009, 25.089007022411135 ], [ 91.788181863971602, 25.089129933601303 ], [ 91.788139810610957, 25.089257211318625 ], [ 91.788111659044461, 25.089387629821989 ], [ 91.788097680429132, 25.089519933119359 ], [ 91.788098009431678, 25.089652847063292 ], [ 91.788112642929903, 25.08978509162149 ], [ 91.788141440040846, 25.089915393204144 ], [ 91.788184123476, 25.090042496929357 ], [ 91.788240282209927, 25.090165178708624 ], [ 91.78830937543718, 25.090282257035859 ], [ 91.788390737779338, 25.090392604366453 ], [ 91.788483585691822, 25.090495157976783 ], [ 91.804762501219955, 25.106774297986572 ], [ 91.804762456788126, 25.11041665827311 ], [ 91.804768789849192, 25.110541519202457 ], [ 91.804787738330731, 25.110665316830268 ], [ 91.804819140886934, 25.110786996775165 ], [ 91.804862730099046, 25.110905522688942 ], [ 91.804918134751688, 25.111019885083252 ], [ 91.804984882993395, 25.111129109927695 ], [ 91.80506240635448, 25.111232266946008 ], [ 91.805150044587847, 25.111328477539622 ], [ 91.809316702130033, 25.115495174390926 ], [ 91.809426641993412, 25.115594235178197 ], [ 91.809547285495924, 25.11568236683819 ], [ 91.809677328324369, 25.115758616535647 ], [ 91.809815364536348, 25.115822159895021 ], [ 91.809959901761147, 25.11587230991401 ], [ 91.810109377335436, 25.115908524391816 ], [ 91.810262175199213, 25.115930411791748 ], [ 91.810416643369422, 25.115937735474805 ], [ 91.813095720256868, 25.115937750002221 ], [ 91.813095685518135, 25.11874999161018 ], [ 91.81310284724492, 25.118882746355311 ], [ 91.813124266898811, 25.11901422274935 ], [ 91.813159738241694, 25.119143154598369 ], [ 91.81320891970681, 25.119268300209878 ], [ 91.813271337686786, 25.119388454351419 ], [ 91.813346391093148, 25.119502459857944 ], [ 91.813433357144035, 25.119609218776624 ], [ 91.813531398324074, 25.119707702941362 ], [ 91.813639570449482, 25.119796963875341 ], [ 91.81375683176087, 25.119876141926159 ], [ 91.81388205295606, 25.119944474545594 ], [ 91.81401402806631, 25.120001303634059 ], [ 91.814151486071225, 25.120046081879259 ], [ 91.814293103140443, 25.12007837802776 ], [ 91.814437515384242, 25.120097881038721 ], [ 91.814583331989965, 25.12010440307985 ], [ 91.814729148618127, 25.120097881336605 ], [ 91.814873560928604, 25.120078378617279 ], [ 91.815015178107032, 25.120046082748139 ], [ 91.815152636260891, 25.120001304764326 ], [ 91.81528461155601, 25.119944475914149 ], [ 91.815409832967362, 25.119876143505465 ], [ 91.815527094520831, 25.119796965634222 ], [ 91.815635266908345, 25.119707704845943 ], [ 91.815733308364273, 25.119609220791286 ], [ 91.81582027469851, 25.119502461946343 ], [ 91.815895328389374, 25.119388456477481 ], [ 91.815957746648991, 25.119268302338778 ], [ 91.816006928383317, 25.119143156697373 ], [ 91.816042399980006, 25.119014224788657 ], [ 91.81606381986812, 25.118882748308668 ], [ 91.816070981806234, 25.11874999345541 ], [ 91.816070931351902, 25.114583324944906 ] ] ] } },
{ "type": "Feature", "properties": { "ARCID": 740945, "UP_CELLS": 4199, "buffer_m": 80 }, "geometry": { "type": "Polygon", "coordinates": [ [ [ 92.19791667885913, 25.130527583693361 ], [ 92.197834263384465, 25.130531489006454 ], [ 92.19775273909147, 25.13054316500363 ], [ 92.197672987654059, 25.130562485410202 ], [ 92.197595871573839, 25.130589241278258 ], [ 92.197522224852761, 25.130623143246243 ], [ 92.197452843973849, 25.130663824668257 ], [ 92.197388479287596, 25.130710845579078 ], [ 92.197329826897217, 25.130763697452188 ], [ 92.193399261691681, 25.134694255937863 ], [ 92.190376924364003, 25.134694260897863 ], [ 92.190376847215759, 25.122916663532664 ], [ 92.190373467371643, 25.122850063223016 ], [ 92.190363357698686, 25.122784030214603 ], [ 92.190346604314996, 25.122719126931759 ], [ 92.190323349924753, 25.122655906175694 ], [ 92.190293792602361, 25.122594906416179 ], [ 92.190258184105133, 25.122536647205312 ], [ 92.190216827728662, 25.122481624752403 ], [ 92.190170075723444, 25.12243030769778 ], [ 92.18204345704126, 25.114303748151414 ], [ 92.182043431811266, 25.110416664203147 ], [ 92.182040052121067, 25.110350061300348 ], [ 92.182029942774705, 25.110284025759434 ], [ 92.182013189894207, 25.11021912007017 ], [ 92.18198993619059, 25.11015589709741 ], [ 92.181960379747892, 25.110094895371823 ], [ 92.181924772335535, 25.11003663450278 ], [ 92.181883417263577, 25.109981610752456 ], [ 92.18183666679883, 25.109930292808794 ], [ 92.177669995724912, 25.105763642271661 ], [ 92.177611354867594, 25.105710800386227 ], [ 92.177547004510018, 25.105663788932784 ], [ 92.177477640479154, 25.105623116246242 ], [ 92.177404012812545, 25.10558922211985 ], [ 92.177326917648145, 25.105562473049964 ], [ 92.177247188616079, 25.105543158273306 ], [ 92.177165687824825, 25.105531486639588 ], [ 92.17708329653982, 25.105527584353403 ], [ 92.164583369994574, 25.105527586234011 ], [ 92.164500978832862, 25.10553148854363 ], [ 92.164419478171183, 25.105543160197172 ], [ 92.164339749275271, 25.105562474988783 ], [ 92.164262654253733, 25.105589224067405 ], [ 92.164189026736437, 25.10562311819498 ], [ 92.164119662860827, 25.105663790873823 ], [ 92.164055312663692, 25.105710802309424 ], [ 92.16399667197102, 25.105763644165723 ], [ 92.160066050973839, 25.109694258500124 ], [ 92.156600604582707, 25.109694259029194 ], [ 92.148710037484435, 25.101803728251106 ], [ 92.14871001226571, 25.097916664190478 ], [ 92.148706632256719, 25.097850054907767 ], [ 92.148696521964808, 25.097784013156375 ], [ 92.148679767537544, 25.097719101593018 ], [ 92.148656511728049, 25.097655873244644 ], [ 92.148626952678427, 25.097594866796864 ], [ 92.14859134223137, 25.097536602004606 ], [ 92.148549983784221, 25.097481575264055 ], [ 92.148503229704005, 25.097430255383614 ], [ 92.140169887482628, 25.089096954283377 ], [ 92.140111258042509, 25.08904411967378 ], [ 92.140046921190319, 25.088997114584593 ], [ 92.139977572480163, 25.088956447189172 ], [ 92.139903961647107, 25.08892255714337 ], [ 92.139826884501986, 25.088895810832568 ], [ 92.139747174327994, 25.088876497410872 ], [ 92.139665692872541, 25.088864825675241 ], [ 92.13958332103131, 25.08886092180833 ], [ 92.135767169674409, 25.088860926913636 ], [ 92.127669827847186, 25.080763603414063 ], [ 92.127614654610156, 25.080713591722677 ], [ 92.12755436452565, 25.080668745924569 ], [ 92.12748953821793, 25.080629497903441 ], [ 92.127420799995036, 25.080596225633641 ], [ 92.127348811836598, 25.080569249540233 ], [ 92.127274267018876, 25.080548829413335 ], [ 92.127197883438456, 25.080535161906408 ], [ 92.12712039669897, 25.080528378642448 ], [ 92.127042553027238, 25.080528544946535 ], [ 92.12696510208724, 25.080535659216725 ], [ 92.126888789760898, 25.080549652939556 ], [ 92.12681435096539, 25.080570391349763 ], [ 92.126742502575851, 25.080597674728125 ], [ 92.126673936522053, 25.080631240324717 ], [ 92.126609313125002, 25.080670764889227 ], [ 92.126549254737995, 25.080715867783798 ], [ 92.126494339753251, 25.080766114648597 ], [ 92.126445097031748, 25.080821021584757 ], [ 92.12640200081006, 25.080880059814291 ], [ 92.126365466133109, 25.080942660772354 ], [ 92.126335844856825, 25.081008221582557 ], [ 92.126313422259344, 25.081076110862881 ], [ 92.126298414293274, 25.081145674805974 ], [ 92.126290965505589, 25.081216243475591 ], [ 92.126291147644991, 25.081287137258329 ], [ 92.126298958970509, 25.081357673408657 ], [ 92.126314324267796, 25.081427172624032 ], [ 92.126337095572879, 25.08149496558709 ], [ 92.12636705359678, 25.081560399411529 ], [ 92.126403909836867, 25.081622843929917 ], [ 92.126447309354973, 25.08168169776269 ], [ 92.126496834195365, 25.081736394109956 ], [ 92.134830158615387, 25.090069759663599 ], [ 92.134888784197486, 25.090122582141106 ], [ 92.13495311517471, 25.090169576438306 ], [ 92.135022456259009, 25.090210234636906 ], [ 92.135096058010333, 25.090244117299129 ], [ 92.135173124936728, 25.090270858217444 ], [ 92.135252824092376, 25.090290168372739 ], [ 92.135334294080593, 25.090301839058235 ], [ 92.135416654364164, 25.090305744135375 ], [ 92.139232791074193, 25.090305749241658 ], [ 92.147123319537442, 25.098196314031693 ], [ 92.147123294318632, 25.102083330856743 ], [ 92.147126672504811, 25.102149930209176 ], [ 92.147136779229029, 25.102215962360741 ], [ 92.147153528421072, 25.102280864902099 ], [ 92.147176777434865, 25.102344085044184 ], [ 92.147206328263096, 25.102405084326438 ], [ 92.147241929223412, 25.102463343203066 ], [ 92.14728327710182, 25.102518365468239 ], [ 92.147330019734895, 25.102569682482525 ], [ 92.155663344186834, 25.110903048067591 ], [ 92.155721981335162, 25.110955880354727 ], [ 92.155786326524563, 25.111002883642318 ], [ 92.155855684170334, 25.111043549810422 ], [ 92.155929304499168, 25.111077439244717 ], [ 92.156006391654671, 25.111104185589124 ], [ 92.156086112301026, 25.111123499706427 ], [ 92.15616760463196, 25.111135172804119 ], [ 92.15624998768763, 25.111139078691593 ], [ 92.160416678844854, 25.11113907932787 ], [ 92.160499064200451, 25.111135173250499 ], [ 92.160580558763868, 25.111123499536681 ], [ 92.160660281503127, 25.111104184389724 ], [ 92.16073737054225, 25.111077436623869 ], [ 92.160810992479298, 25.11104354540678 ], [ 92.160880351396685, 25.111002877133135 ], [ 92.160944697465965, 25.110955871463478 ], [ 92.161003335054374, 25.110903036570882 ], [ 92.164933936848527, 25.10697242811322 ], [ 92.176732729250759, 25.106972429888344 ], [ 92.180456566646797, 25.11069628440212 ], [ 92.180456541416632, 25.114583330869422 ], [ 92.180459919500038, 25.114649925943159 ], [ 92.180470025918552, 25.114715953931452 ], [ 92.180486774616526, 25.114780852538836 ], [ 92.180510022972015, 25.114844069086811 ], [ 92.180539573010918, 25.114905065220494 ], [ 92.180575173092706, 25.114963321493367 ], [ 92.180616520053135, 25.115018341790961 ], [ 92.180663261785668, 25.115069657555921 ], [ 92.18878981819114, 25.123196273105915 ], [ 92.188789738804601, 25.135416663531494 ], [ 92.188793559545772, 25.135487471931903 ], [ 92.188804986115599, 25.135557598470537 ], [ 92.18882390848465, 25.135626367801166 ], [ 92.188850144435222, 25.135693117646888 ], [ 92.188883441315696, 25.135757205178209 ], [ 92.188923478473285, 25.135818013203842 ], [ 92.188969870341722, 25.135874956114669 ], [ 92.189022170154104, 25.135927485523602 ], [ 92.189079874245294, 25.135975095546904 ], [ 92.189142426902364, 25.136017327676324 ], [ 92.189209225716297, 25.136053775194888 ], [ 92.189279627383641, 25.136084087093991 ], [ 92.189352953901846, 25.136107971453921 ], [ 92.189428499099151, 25.136125198255339 ], [ 92.189505535435558, 25.136135601594628 ], [ 92.189583321009778, 25.136139081281708 ], [ 92.193750012194613, 25.136139081892537 ], [ 92.193832425044562, 25.136135174834163 ], [ 92.193913946584502, 25.136123498201815 ], [ 92.193993695272937, 25.136104178261565 ], [ 92.194070808740165, 25.136077423931155 ], [ 92.194144453114106, 25.136043524520712 ], [ 92.194213832037732, 25.136002846604125 ], [ 92.194278195280901, 25.135955830054939 ], [ 92.194336846853204, 25.135902983289494 ], [ 92.198267402618455, 25.131972420803123 ], [ 92.202083345526276, 25.131972416840302 ], [ 92.202161129353044, 25.131968937103068 ], [ 92.20223816395027, 25.131958533568273 ], [ 92.202313707419961, 25.131941306429045 ], [ 92.202387032225417, 25.13191742159465 ], [ 92.202457432198258, 25.131887109092588 ], [ 92.202524229339645, 25.131850660853186 ], [ 92.202586780350032, 25.131808427897965 ], [ 92.202644482824851, 25.131760816958916 ], [ 92.20269678105609, 25.131708286561256 ], [ 92.202743171384114, 25.131651342607331 ], [ 92.202783207048199, 25.131590533504291 ], [ 92.202816502488886, 25.131526444882386 ], [ 92.202842737061019, 25.131459693954849 ], [ 92.20286165812125, 25.131390923573612 ], [ 92.202873083460887, 25.131320796038079 ], [ 92.202876903060186, 25.131249986716796 ], [ 92.202873080147384, 25.131179177543125 ], [ 92.202861651552368, 25.131109050447868 ], [ 92.202842727351495, 25.131040280791883 ], [ 92.202816489806921, 25.130973530862043 ], [ 92.202783191610962, 25.130909443493188 ], [ 92.202743153452118, 25.130848635877342 ], [ 92.202696760926216, 25.130791693620047 ], [ 92.202644460822853, 25.130739165100806 ], [ 92.202586756822228, 25.130691556192147 ], [ 92.202524204644504, 25.130649325387974 ], [ 92.202457406697846, 25.130612879388281 ], [ 92.202387006277078, 25.1305825691826 ], [ 92.202313681368679, 25.130558686670042 ], [ 92.202238138121629, 25.130541461848242 ], [ 92.202161104047221, 25.130531060598596 ], [ 92.202083321013234, 25.130527583088796 ], [ 92.19791667885913, 25.130527583693361 ] ] ] } },
{ "type": "Feature", "properties": { "ARCID": 741013, "UP_CELLS": 2044, "buffer_m": 80 }, "geometry": { "type": "Polygon", "coordinates": [ [ [ 91.786210721987985, 25.219029399905949 ], [ 91.790170700435752, 25.215069394193694 ], [ 91.79022035949815, 25.215014537521295 ], [ 91.79026385287392, 25.214955507324589 ], [ 91.790300759605856, 25.214892874948156 ], [ 91.790330722489642, 25.214827246600727 ], [ 91.790353451530862, 25.21475925748765 ], [ 91.790368726751453, 25.214689565662677 ], [ 91.790376400318365, 25.214618845658745 ], [ 91.790376397974001, 25.214547781959151 ], [ 91.790368719754412, 25.214477062372609 ], [ 91.790353439988365, 25.214407371376065 ], [ 91.790330706577535, 25.214339383489833 ], [ 91.790300739564429, 25.214273756749151 ], [ 91.790263829002242, 25.214211126335361 ], [ 91.790220332147157, 25.214152098428269 ], [ 91.790170670000165, 25.214097244339239 ], [ 91.786003998396794, 25.209930593834528 ], [ 91.785945309000027, 25.209877711065626 ], [ 91.785880897916101, 25.209830661672523 ], [ 91.785811462295925, 25.209789954887523 ], [ 91.785737753670347, 25.209756031294059 ], [ 91.785660569816201, 25.209729258058271 ], [ 91.78558074612198, 25.209709924955273 ], [ 91.785499146546485, 25.209698241232996 ], [ 91.785416654268303, 25.209694333347525 ], [ 91.781601041364752, 25.209694338719189 ], [ 91.769543912217628, 25.197637266609856 ], [ 91.769543886803547, 25.19374999735761 ], [ 91.769540508303351, 25.19368343318941 ], [ 91.769530402528162, 25.193617435527059 ], [ 91.769513655489547, 25.193552566014578 ], [ 91.769490409716084, 25.193489376694405 ], [ 91.769460863040067, 25.193428405309678 ], [ 91.769425266913601, 25.193370170727977 ], [ 91.769383924268496, 25.193315168525899 ], [ 91.769337186938131, 25.193263866771769 ], [ 91.765377190487769, 25.189303899600063 ], [ 91.765377165084416, 25.185416664023311 ], [ 91.76537378629007, 25.185350094672621 ], [ 91.765363679639421, 25.185284091960526 ], [ 91.765346931164999, 25.185219217661846 ], [ 91.765323683429855, 25.18515602394616 ], [ 91.765294134313905, 25.185095048678111 ], [ 91.765258535329394, 25.185036810839517 ], [ 91.765217189479856, 25.184981806112205 ], [ 91.765170448680934, 25.184930502659221 ], [ 91.757043776277314, 25.176803890320134 ], [ 91.757043483295163, 25.131529548615994 ], [ 91.761003416350576, 25.127569588447656 ], [ 91.761050154333162, 25.127518279288932 ], [ 91.761091497919253, 25.12746326643007 ], [ 91.761127095059251, 25.127405018326904 ], [ 91.761156642638184, 25.127344030983988 ], [ 91.761179889056535, 25.12728082373086 ], [ 91.761196636372503, 25.127215934799658 ], [ 91.761206741987266, 25.127149916741764 ], [ 91.761210119858859, 25.127083331722609 ], [ 91.761210094947614, 25.123196232400264 ], [ 91.76517002562592, 25.11923627461783 ], [ 91.76521969431559, 25.119181404997967 ], [ 91.765263197160706, 25.119122355438343 ], [ 91.76530011266145, 25.119059698083031 ], [ 91.765330083145926, 25.118994040031996 ], [ 91.765352818235442, 25.118926017458669 ], [ 91.765368097657699, 25.118856289445755 ], [ 91.765375773380555, 25.118785531599229 ], [ 91.765375771045925, 25.118714429502127 ], [ 91.765368090689719, 25.118643672071808 ], [ 91.765352806741006, 25.118573944884979 ], [ 91.765330067300269, 25.118505923534997 ], [ 91.765300092704095, 25.118440267086122 ], [ 91.765263173389727, 25.118377611687798 ], [ 91.765219667080757, 25.11831856441113 ], [ 91.765169995320619, 25.118263697367041 ], [ 91.761210039261371, 25.114303770482657 ], [ 91.761209797198177, 25.077083326580951 ], [ 91.76120597710387, 25.077012524863363 ], [ 91.761194555528888, 25.076942405089628 ], [ 91.761175642481973, 25.076873642550268 ], [ 91.761149420117945, 25.076806899463794 ], [ 91.761116140983006, 25.076742818599268 ], [ 91.761076125582221, 25.076682017086217 ], [ 91.761029759292398, 25.076625080471498 ], [ 91.760977488650639, 25.07657255708034 ], [ 91.760919817053619, 25.076524952735902 ], [ 91.760857299909617, 25.076482725888148 ], [ 91.760790539289601, 25.076446283198916 ], [ 91.760720178129148, 25.0764159756258 ], [ 91.760646894036768, 25.076392095042426 ], [ 91.760571392768554, 25.076374871427749 ], [ 91.760494401431629, 25.07636447065136 ], [ 91.760416661482282, 25.07636099287625 ], [ 91.760338921585671, 25.076364471594196 ], [ 91.760261930406386, 25.076374873303326 ], [ 91.7601864293988, 25.07639209783073 ], [ 91.760113145667077, 25.07641597929711 ], [ 91.760042784963105, 25.076446287714251 ], [ 91.759976024890136, 25.076482731199746 ], [ 91.759913508377508, 25.076524958787864 ], [ 91.759855837489056, 25.076572563809339 ], [ 91.759803567625141, 25.076625087807596 ], [ 91.759757202173859, 25.076682024953726 ], [ 91.759717187663099, 25.076742826917666 ], [ 91.759683909460236, 25.076806908148694 ], [ 91.759657688060415, 25.076873651514401 ], [ 91.759638775999903, 25.07694241424381 ], [ 91.759627355423461, 25.077012534117465 ], [ 91.75962353632994, 25.077083335844847 ], [ 91.759623294415675, 25.114583326577861 ], [ 91.759626671968263, 25.114649917094066 ], [ 91.759636777665719, 25.114715940554714 ], [ 91.759653525451654, 25.114780834657793 ], [ 91.759676772700445, 25.114844046718851 ], [ 91.759706321431608, 25.114905038377998 ], [ 91.759741919995619, 25.114963290185131 ], [ 91.759783265216868, 25.115018306023973 ], [ 91.759830004975541, 25.115069617337504 ], [ 91.763510368538434, 25.118750019579952 ], [ 91.759829977150019, 25.122430373511413 ], [ 91.759783232808644, 25.122481684384418 ], [ 91.75974188328351, 25.122536699941108 ], [ 91.759706280746713, 25.122594951625825 ], [ 91.759676728425831, 25.1226559433209 ], [ 91.759653478021221, 25.122719155571904 ], [ 91.759636727562011, 25.122784050011553 ], [ 91.759626619719327, 25.122850073944878 ], [ 91.759623240590756, 25.122916665056351 ], [ 91.759623215679682, 25.12680379086726 ], [ 91.755663253095292, 25.130763726341673 ], [ 91.755616509199513, 25.130815036593354 ], [ 91.755575160208224, 25.130870051095538 ], [ 91.755539558263067, 25.130928301336038 ], [ 91.755510006564293, 25.130989291245964 ], [ 91.755486756788429, 25.131052501424268 ], [ 91.755470006944719, 25.131117393560917 ], [ 91.755459899688546, 25.131183415021201 ], [ 91.755456521106183, 25.13125000355198 ], [ 91.755456224506361, 25.177083325526453 ], [ 91.755459601111198, 25.177149890267476 ], [ 91.755469704209631, 25.177215888610359 ], [ 91.755486447832538, 25.177280758892358 ], [ 91.755509689497686, 25.177343949049909 ], [ 91.755539231421949, 25.177404921316914 ], [ 91.755574822204181, 25.177463156801341 ], [ 91.755616158964443, 25.177518159901215 ], [ 91.755662889921297, 25.177569462522477 ], [ 91.763789500168158, 25.185696132842349 ], [ 91.763789474764664, 25.18958333068959 ], [ 91.763792851921792, 25.189649892286685 ], [ 91.763802955629757, 25.18971588752277 ], [ 91.763819699922479, 25.189780754815402 ], [ 91.763842942325709, 25.18984394217939 ], [ 91.763872485069015, 25.189904911923978 ], [ 91.763908076768374, 25.189963145228337 ], [ 91.763949414565076, 25.190018146556579 ], [ 91.763996146702624, 25.190069447874574 ], [ 91.767956111780379, 25.194029442233735 ], [ 91.767956086366212, 25.197916664023872 ], [ 91.767959463014776, 25.197983218329504 ], [ 91.767969565207665, 25.19804920646072 ], [ 91.767986307010588, 25.198114067019016 ], [ 91.768009546001807, 25.198177248197894 ], [ 91.768039084483405, 25.198238212477449 ], [ 91.768074671162921, 25.198296441197467 ], [ 91.768116003290956, 25.198351438970032 ], [ 91.768162729236622, 25.198402737894209 ], [ 91.780662714388669, 25.210902786361089 ], [ 91.780721399893864, 25.210955657010189 ], [ 91.780785805069883, 25.211002695626224 ], [ 91.780855233032639, 25.211043393231737 ], [ 91.780928932546999, 25.211077309461036 ], [ 91.78100610615563, 25.211104077325366 ], [ 91.781085918808003, 25.211123407184132 ], [ 91.781167506896466, 25.211135089879043 ], [ 91.781249987601171, 25.211138998997487 ], [ 91.785065586018476, 25.211139004370132 ], [ 91.788509907471393, 25.214583352979929 ], [ 91.784829302287065, 25.218263920524794 ], [ 91.784782566914089, 25.218315219501847 ], [ 91.784741226260138, 25.218370217488918 ], [ 91.784705632045743, 25.218428446580319 ], [ 91.784676087103847, 25.218489411380538 ], [ 91.784652842803183, 25.218552593218753 ], [ 91.784636096909537, 25.218617454561496 ], [ 91.784625991902814, 25.218683443585689 ], [ 91.784622613764597, 25.218749998873413 ], [ 91.784622559638905, 25.227083330191057 ], [ 91.784626382913601, 25.227154131085889 ], [ 91.784637817063313, 25.227224250179368 ], [ 91.784656751983775, 25.227293012185033 ], [ 91.784683005333278, 25.227359754884816 ], [ 91.784716324288297, 25.227423835506666 ], [ 91.784756387977907, 25.227484636914898 ], [ 91.784802810573609, 25.227541573553701 ], [ 91.784855145004769, 25.227594097086602 ], [ 91.78491288726407, 25.227641701677417 ], [ 91.784975481261228, 25.227683928861961 ], [ 91.785042324178491, 25.227720371963542 ], [ 91.785112772276278, 25.227750680009727 ], [ 91.785186147092887, 25.227774561112565 ], [ 91.785261741978843, 25.227791785279816 ], [ 91.785338828902653, 25.227802186630136 ], [ 91.785416665462563, 25.227805664990619 ], [ 91.78549450203684, 25.227802186861702 ], [ 91.785571589003467, 25.22779178573974 ], [ 91.785647183959995, 25.22777456179448 ], [ 91.78572055887372, 25.227750680904283 ], [ 91.785791007093536, 25.227720373058563 ], [ 91.78585785015575, 25.227683930142714 ], [ 91.785920444318421, 25.22764170312692 ], [ 91.785978186761156, 25.22759409868598 ], [ 91.786030521390856, 25.227541575282512 ], [ 91.786076944197163, 25.227484638751552 ], [ 91.78611700810643, 25.227423837428837 ], [ 91.786150327287046, 25.227359756869806 ], [ 91.786176580865103, 25.227293014210165 ], [ 91.78619551601416, 25.227224252222356 ], [ 91.78620695038984, 25.227154133125126 ], [ 91.786210773885344, 25.227083332205915 ], [ 91.786210721987985, 25.219029399905949 ] ] ] } },
{ "type": "Feature", "properties": { "ARCID": 741014, "UP_CELLS": 6417, "buffer_m": 150 }, "geometry": { "type": "Polygon", "coordinates": [ [ [ 91.7781828739556, 25.076171426926102 ], [ 91.778072959754184, 25.076072372485982 ], [ 91.777952346336221, 25.07598424814184 ], [ 91.777822337720366, 25.075908006637558 ], [ 91.777684339491813, 25.075844472245251 ], [ 91.777539843606419, 25.075794331854581 ], [ 91.77739041226161, 25.075758127547289 ], [ 91.777237661008115, 25.07573625073713 ], [ 91.777083241285339, 25.075728937938678 ], [ 91.760416758028967, 25.075728944923011 ], [ 91.760270995983632, 25.075735458476988 ], [ 91.760126636790389, 25.075754952660873 ], [ 91.75998507066241, 25.075787239739341 ], [ 91.759847660917231, 25.075832008778356 ], [ 91.759715730848882, 25.075888828639357 ], [ 91.759590550985223, 25.075957152130901 ], [ 91.759473326853268, 25.076036321277822 ], [ 91.759365187370236, 25.076125573657244 ], [ 91.759267173971963, 25.076224049740397 ], [ 91.759180230583638, 25.076330801169505 ], [ 91.759105194529184, 25.076444799890293 ], [ 91.759042788466871, 25.076564948051853 ], [ 91.758993613428956, 25.076690088578825 ], [ 91.758958143032444, 25.076819016314023 ], [ 91.758936718916431, 25.07695048962421 ], [ 91.758929547450535, 25.077083242357237 ], [ 91.758936697745668, 25.077215996035513 ], [ 91.758958100986746, 25.077347472168292 ], [ 91.75899355109361, 25.077476404564226 ], [ 91.759042706704037, 25.077601551525674 ], [ 91.759105094459571, 25.077721707807228 ], [ 91.759180113562863, 25.077835716223344 ], [ 91.75926704156241, 25.077942478793226 ], [ 91.759365041309351, 25.078040967315676 ], [ 91.759473169019032, 25.078130233271967 ], [ 91.759590383359907, 25.078209416961357 ], [ 91.759715555482231, 25.078277755781315 ], [ 91.759847479890027, 25.078334591572563 ], [ 91.759984886051313, 25.078379376958221 ], [ 91.760126450635155, 25.078411680616064 ], [ 91.760270810257396, 25.078431191432852 ], [ 91.760416574612336, 25.078437721501079 ], [ 91.776426245213457, 25.078437763666379 ], [ 91.788483749008421, 25.090495321298761 ], [ 91.788587205118745, 25.090589078157471 ], [ 91.788700254723878, 25.090673149105168 ], [ 91.788821809086954, 25.090746724471998 ], [ 91.788950697556857, 25.090809095667218 ], [ 91.789085678842866, 25.090859662003979 ], [ 91.789225452969916, 25.090897936485014 ], [ 91.789368673799217, 25.090923550493276 ], [ 91.789513961993819, 25.090936257342438 ], [ 91.789659918303968, 25.090935934652954 ], [ 91.78980513704434, 25.090922585530866 ], [ 91.78994821963343, 25.090896338537981 ], [ 91.790087788064312, 25.090857446453587 ], [ 91.790222498177329, 25.0908062838399 ], [ 91.790351052606582, 25.090743343434333 ], [ 91.790472213275535, 25.090669231403737 ], [ 91.790584813321487, 25.090584661505996 ], [ 91.790687768333811, 25.090490448215458 ], [ 91.790780086797724, 25.090387498878329 ], [ 91.790860879643375, 25.09027680497363 ], [ 91.790929368807653, 25.090159432563947 ], [ 91.790984894726748, 25.09003651202789 ], [ 91.791026922687223, 25.089909227173198 ], [ 91.791055047974368, 25.089778803835472 ], [ 91.791068999768356, 25.089646498072167 ], [ 91.791068643750833, 25.089513584065759 ], [ 91.791053983396651, 25.089381341852423 ], [ 91.791025159938727, 25.089251044994498 ], [ 91.790982451006073, 25.089123948315542 ], [ 91.790926267948407, 25.089001275815885 ], [ 91.790857151873197, 25.088884208885268 ], [ 91.790775768433079, 25.088773874925899 ], [ 91.790682901414314, 25.088671336495619 ], [ 91.7781828739556, 25.076171426926102 ] ] ] } },
{ "type": "Feature", "properties": { "ARCID": 741225, "UP_CELLS": 576, "buffer_m": 80 }, "geometry": { "type": "Polygon", "coordinates": [ [ [ 91.715376589143574, 25.098196271539358 ], [ 91.719336509518456, 25.094236324134464 ], [ 91.719383250045695, 25.094185011483386 ], [ 91.719424596218957, 25.094129993213286 ], [ 91.719460195837257, 25.094071737998188 ], [ 91.719489745653135, 25.094010742085448 ], [ 91.719512993955547, 25.093947525068401 ], [ 91.719529742713931, 25.093882625460083 ], [ 91.719539849264763, 25.093816596105825 ], [ 91.719543227526458, 25.093749999473832 ], [ 91.7195431469233, 25.081249996283244 ], [ 91.719539766816112, 25.081183386462804 ], [ 91.719529656488362, 25.08111734432649 ], [ 91.719512902108818, 25.081052432670752 ], [ 91.719489646464837, 25.080989204657474 ], [ 91.719460087745205, 25.080928199100033 ], [ 91.71942447785095, 25.08086993587181 ], [ 91.719383120248338, 25.080814911476004 ], [ 91.719336367382724, 25.080763594814695 ], [ 91.707043061579142, 25.068470379525607 ], [ 91.707043036329566, 25.06458333067685 ], [ 91.707039217129804, 25.064512530043356 ], [ 91.707027797347834, 25.06444241130384 ], [ 91.707008886975117, 25.06437364973889 ], [ 91.706982668140753, 25.064306907557651 ], [ 91.706949393356965, 25.064242827520484 ], [ 91.706909383086867, 25.064182026748966 ], [ 91.706863022657956, 25.064125090782831 ], [ 91.70681075855083, 25.064072567941057 ], [ 91.706753094099312, 25.064024964041543 ], [ 91.706690584642871, 25.063982737529948 ], [ 91.706623832178465, 25.06394629506487 ], [ 91.706553479563155, 25.063915987601739 ], [ 91.706480204323199, 25.063892107013121 ], [ 91.706404712129427, 25.06387488327799 ], [ 91.706327730001604, 25.063864482267093 ], [ 91.70624999930736, 25.063861004145643 ], [ 91.706172268622694, 25.063864482408754 ], [ 91.706095286523507, 25.063874883558892 ], [ 91.706019794376772, 25.063892107428519 ], [ 91.705946519201234, 25.063915988144647 ], [ 91.705876166666414, 25.063946295726261 ], [ 91.705809414296894, 25.063982738298993 ], [ 91.705746904947773, 25.06402496490589 ], [ 91.705689240613893, 25.064072568887116 ], [ 91.705636976632462, 25.064125091796118 ], [ 91.705590616334888, 25.064182027814475 ], [ 91.705550606199438, 25.064242828622984 ], [ 91.705517331551292, 25.06430690868207 ], [ 91.705491112851348, 25.064373650870607 ], [ 91.705472202609855, 25.064442412428978 ], [ 91.70546078295402, 25.06451253114902 ], [ 91.705456963873814, 25.064583331751347 ], [ 91.705456937036033, 25.068749997343126 ], [ 91.7054603149342, 25.068816599362535 ], [ 91.705470420823673, 25.068882633984018 ], [ 91.705487168614681, 25.068947538602881 ], [ 91.705510415628837, 25.069010760240975 ], [ 91.705539963814573, 25.069071760258044 ], [ 91.705575561434046, 25.069130018940957 ], [ 91.705616905207776, 25.069185039931664 ], [ 91.705663642898202, 25.06923635445624 ], [ 91.717956852138684, 25.081529654228781 ], [ 91.71795677514163, 25.093470402554811 ], [ 91.713996826653414, 25.097430324015903 ], [ 91.713950080466077, 25.097481637458689 ], [ 91.713908729077673, 25.097536657031757 ], [ 91.71387312477566, 25.097594914012841 ], [ 91.713843570888343, 25.097655912098961 ], [ 91.713820319200494, 25.097719131634449 ], [ 91.713803567808142, 25.097784034037815 ], [ 91.713793459430633, 25.097850066390102 ], [ 91.713790080194443, 25.097916666145132 ], [ 91.713789999519108, 25.11041666294221 ], [ 91.713793819009567, 25.110487463354875 ], [ 91.713805241964778, 25.110557581976362 ], [ 91.713824158388206, 25.110626343524796 ], [ 91.713850386116221, 25.110693085786561 ], [ 91.713883672572024, 25.110757165993856 ], [ 91.713923697197629, 25.110817967015024 ], [ 91.713970074540725, 25.110874903298047 ], [ 91.714022357966527, 25.110927426509896 ], [ 91.714080043958916, 25.110975030817517 ], [ 91.714142576969536, 25.111017257759482 ], [ 91.714209354768045, 25.111053700661472 ], [ 91.714279734242027, 25.111084008552957 ], [ 91.714353037590769, 25.111107889547494 ], [ 91.714428558853143, 25.111125113653912 ], [ 91.714505570706777, 25.111135514991403 ], [ 91.714583331472966, 25.111138993387179 ], [ 91.714661092259988, 25.111135515341314 ], [ 91.714738104175808, 25.111125114349328 ], [ 91.714813625540813, 25.111107890579675 ], [ 91.714886929031096, 25.11108400990901 ], [ 91.71495730868341, 25.111053702324558 ], [ 91.715024086694456, 25.111017259709165 ], [ 91.715086619948764, 25.11097503303009 ], [ 91.715144306212537, 25.110927428958817 ], [ 91.715196589933683, 25.110874905954418 ], [ 91.715242967592076, 25.110817969848039 ], [ 91.715282992548794, 25.110757168971304 ], [ 91.715316279347334, 25.110693088875333 ], [ 91.715342507425547, 25.11062634669139 ], [ 91.715361424202484, 25.110557585187298 ], [ 91.715372847510608, 25.110487466577208 ], [ 91.715376667349631, 25.110416666143863 ], [ 91.715376589143574, 25.098196271539358 ] ] ] } },
{ "type": "Feature", "properties": { "ARCID": 741226, "UP_CELLS": 8636, "buffer_m": 150 }, "geometry": { "type": "Polygon", "coordinates": [ [ [ 91.753182733338775, 25.067838042007264 ], [ 91.753072829159905, 25.067739000480028 ], [ 91.752952228655758, 25.067650887955494 ], [ 91.752822235525144, 25.067574656917976 ], [ 91.752684254991479, 25.06751113141247 ], [ 91.752539778613055, 25.067460998137555 ], [ 91.752390368160448, 25.067424799023058 ], [ 91.75223763873521, 25.067402925372438 ], [ 91.752083241312377, 25.06739561363338 ], [ 91.736073647356207, 25.067395655909355 ], [ 91.73234931511341, 25.063671340395612 ], [ 91.732239412314073, 25.063572304590142 ], [ 91.732118814338364, 25.063484197851913 ], [ 91.731988824827781, 25.063407972580777 ], [ 91.731850848934315, 25.063344452740406 ], [ 91.73170637813179, 25.063294324952331 ], [ 91.731556974094616, 25.063258131074559 ], [ 91.731404251817821, 25.063236262344912 ], [ 91.731249862161206, 25.063228955152407 ], [ 91.706250137124925, 25.063228966056506 ], [ 91.706104392172151, 25.063235475423649 ], [ 91.705960049466597, 25.063254965257507 ], [ 91.705818499062673, 25.063287247864547 ], [ 91.705681104126484, 25.06333201235374 ], [ 91.705549187809382, 25.063388827630263 ], [ 91.70542402050674, 25.063457146546753 ], [ 91.705306807624567, 25.06353631117209 ], [ 91.705198677971637, 25.063625559126873 ], [ 91.70510067288906, 25.063724030924934 ], [ 91.705013736221844, 25.063830778249795 ], [ 91.704938705229068, 25.063944773086686 ], [ 91.704876302520162, 25.064064917622126 ], [ 91.704827129095051, 25.064190054815739 ], [ 91.704791658555081, 25.064318979542495 ], [ 91.704770232540682, 25.064450450198169 ], [ 91.704763057439692, 25.064583200656273 ], [ 91.704770202397967, 25.064715952461196 ], [ 91.704791598651838, 25.064847427140307 ], [ 91.70482704018842, 25.06497635851634 ], [ 91.70487618572804, 25.065101504901556 ], [ 91.704938562009247, 25.06522166105616 ], [ 91.705013568345251, 25.065335669795878 ], [ 91.705100482407587, 25.065442433136862 ], [ 91.705198467181674, 25.065540922870515 ], [ 91.705306579027123, 25.065630190466461 ], [ 91.705423776765286, 25.065709376208176 ], [ 91.705548931706417, 25.065777717473349 ], [ 91.705680838520053, 25.065834556079132 ], [ 91.70581822684376, 25.065879344621496 ], [ 91.705959773518472, 25.065911651747736 ], [ 91.706104115332607, 25.065931166311184 ], [ 91.706249862151964, 25.065937700368153 ], [ 91.730593093513974, 25.065937764869208 ], [ 91.734317326076379, 25.069662014161207 ], [ 91.734427210365354, 25.069761027958513 ], [ 91.734547786121794, 25.069849117423367 ], [ 91.734677750499415, 25.069925330713215 ], [ 91.734815699195693, 25.069988844310309 ], [ 91.734960141626431, 25.070038971920916 ], [ 91.735109517033067, 25.070075171891759 ], [ 91.735262211348498, 25.07009705306336 ], [ 91.735416574639373, 25.070104378997257 ], [ 91.751426345954016, 25.070104421286498 ], [ 91.759317232016926, 25.077995342696457 ], [ 91.759420679574575, 25.078089096224449 ], [ 91.759533719267836, 25.078173163667657 ], [ 91.759655262455311, 25.078246735389996 ], [ 91.759784138593588, 25.078309102835799 ], [ 91.759919106510765, 25.078359665354323 ], [ 91.760058866360524, 25.078397935985059 ], [ 91.760202072141681, 25.078423546148006 ], [ 91.760347344662222, 25.078436249193825 ], [ 91.760493284823383, 25.078435922779587 ], [ 91.760638487095434, 25.078422570047152 ], [ 91.760781553055438, 25.078396319593036 ], [ 91.760921104856635, 25.078357424229843 ], [ 91.761055798499555, 25.078306258551308 ], [ 91.761184336776878, 25.078243315324347 ], [ 91.761305481767607, 25.078169200742927 ], [ 91.761418066760015, 25.078084628589473 ], [ 91.761521007488383, 25.077990413360052 ], [ 91.761613312575491, 25.077887462419522 ], [ 91.761694093080251, 25.077776767262364 ], [ 91.761762571058313, 25.077659393963206 ], [ 91.761818087053584, 25.077536472909241 ], [ 91.761860106448125, 25.077409187913211 ], [ 91.761888224609663, 25.077278764812117 ], [ 91.761902170786996, 25.077146459661186 ], [ 91.76190181071577, 25.077013546637009 ], [ 91.761887147909889, 25.076881305766332 ], [ 91.76185832362583, 25.076751010598638 ], [ 91.761815615500552, 25.076623915941227 ], [ 91.761759434876026, 25.076501245775003 ], [ 91.761690322836245, 25.076384181467287 ], [ 91.761608944995032, 25.07627385039504 ], [ 91.761516085084764, 25.076171315088331 ], [ 91.753182733338775, 25.067838042007264 ] ] ] } },
{ "type": "Feature", "properties": { "ARCID": 741297, "UP_CELLS": 3434, "buffer_m": 80 }, "geometry": { "type": "Polygon", "coordinates": [ [ [ 92.436003675445292, 25.151597057706852 ], [ 92.435945009326346, 25.151544194166853 ], [ 92.435880628064851, 25.151497162618959 ], [ 92.43581122808628, 25.151456471808558 ], [ 92.435737560101742, 25.151422561892055 ], [ 92.435660420987631, 25.151395799675871 ], [ 92.43558064516597, 25.151376474648867 ], [ 92.435499095578763, 25.151364795851077 ], [ 92.435416654353943, 25.15136088961264 ], [ 92.43160082194548, 25.151360894524025 ], [ 92.423503628836073, 25.143263719002491 ], [ 92.423444966976433, 25.143210856708539 ], [ 92.42338059057866, 25.143163826302015 ], [ 92.423311195997783, 25.143123136502911 ], [ 92.423237533867322, 25.14308922744544 ], [ 92.423160400979967, 25.143062465917318 ], [ 92.423080631668995, 25.143043141392567 ], [ 92.422999088783911, 25.143031462900421 ], [ 92.422916654357564, 25.143027556764469 ], [ 92.419100792443956, 25.143027561683155 ], [ 92.415170253015646, 25.13909703080321 ], [ 92.415111593871686, 25.139044173186392 ], [ 92.415047221180814, 25.138997147066743 ], [ 92.414977831189589, 25.138956461067945 ], [ 92.414904174408207, 25.138922555239873 ], [ 92.414827047493262, 25.138895796299327 ], [ 92.414747284631517, 25.138876473663906 ], [ 92.414665748518061, 25.138864796321894 ], [ 92.414583321025873, 25.138860890572015 ], [ 92.410767438629264, 25.138860895495711 ], [ 92.406836889860728, 25.134930355284375 ], [ 92.406778230767245, 25.134877497796673 ], [ 92.406713858260815, 25.134830472092407 ], [ 92.406644468608945, 25.134789786807517 ], [ 92.406570812342864, 25.134755881998629 ], [ 92.406493686139783, 25.134729124383583 ], [ 92.406413924206262, 25.134709803375156 ], [ 92.406332389255681, 25.134698127950909 ], [ 92.406249963177515, 25.134694224392998 ], [ 92.39410076090364, 25.134694240093832 ], [ 92.39037692775257, 25.130970423858049 ], [ 92.390376875510185, 25.122916664035078 ], [ 92.39037349580461, 25.122850063394623 ], [ 92.390363386442544, 25.122784030018966 ], [ 92.390346633534122, 25.12271912630089 ], [ 92.390323379770649, 25.122655905011243 ], [ 92.390293823208992, 25.122594904591146 ], [ 92.390258215584396, 25.122536644566313 ], [ 92.390216860166348, 25.122481621122429 ], [ 92.390170109175372, 25.122430302879376 ], [ 92.386003438351565, 25.118263652370477 ], [ 92.385944790787164, 25.11821080458509 ], [ 92.385880432328847, 25.118163787476089 ], [ 92.385811058925796, 25.118123109464882 ], [ 92.385737420754069, 25.118089210424248 ], [ 92.385660314104825, 25.118062456921976 ], [ 92.385580572773748, 25.118043138257185 ], [ 92.38549905904523, 25.118031463332123 ], [ 92.385416654368413, 25.118027558393358 ], [ 92.38160067022099, 25.118027563333534 ], [ 92.377670075193691, 25.114096976891094 ], [ 92.377611429968212, 25.114044131093017 ], [ 92.377547074381411, 25.113997115804821 ], [ 92.3774777043227, 25.113956439407271 ], [ 92.377404069901132, 25.113922541737544 ], [ 92.377326967334426, 25.113895789333533 ], [ 92.377247230339819, 25.113876471470526 ], [ 92.377165721119212, 25.113864797033497 ], [ 92.377083321036721, 25.113860892258529 ], [ 92.373267316407421, 25.113860897203725 ], [ 92.369336712032165, 25.109930301422182 ], [ 92.369278069146148, 25.109877457611951 ], [ 92.369213716431375, 25.109830444145036 ], [ 92.369144349717544, 25.109789769361523 ], [ 92.369070719046562, 25.109755873063044 ], [ 92.368993620562833, 25.109729121757532 ], [ 92.36891388790508, 25.109709804696489 ], [ 92.36883238319281, 25.109698130747606 ], [ 92.368749987705044, 25.109694226136462 ], [ 92.364933940177778, 25.10969423108644 ], [ 92.352876707964384, 25.097637053666951 ], [ 92.35287662882422, 25.08541666373835 ], [ 92.35287324873282, 25.085350049323662 ], [ 92.352863138287773, 25.085284002529864 ], [ 92.352846383644319, 25.085219086098235 ], [ 92.35282312756793, 25.08515585313814 ], [ 92.352793568217649, 25.08509484241436 ], [ 92.3527579574573, 25.085036573756728 ], [ 92.35271659870935, 25.084981543631109 ], [ 92.352669844369387, 25.08493022090946 ], [ 92.348709933525924, 25.080970338691628 ], [ 92.348709800563057, 25.060416663193791 ], [ 92.348705980806429, 25.060345851423566 ], [ 92.348694559534749, 25.060275721662151 ], [ 92.348675646753776, 25.060206949296035 ], [ 92.34864942461563, 25.060140196638166 ], [ 92.348616145664167, 25.060076106549594 ], [ 92.348576130402435, 25.060015296248537 ], [ 92.34852976420575, 25.059958351366372 ], [ 92.348477493609977, 25.05990582030789 ], [ 92.348419822011124, 25.059858208970088 ], [ 92.348357304817227, 25.059815975870276 ], [ 92.348290544099498, 25.059779527730608 ], [ 92.348220182794208, 25.059749215561268 ], [ 92.348146898511089, 25.059725331280312 ], [ 92.348071397007871, 25.059708104902484 ], [ 92.347994405393905, 25.059697702324208 ], [ 92.347916665127997, 25.059694223726055 ], [ 92.347838924878388, 25.059697702607973 ], [ 92.34776193331308, 25.059708105466743 ], [ 92.347686431890295, 25.059725332118607 ], [ 92.347613147718306, 25.059749216664017 ], [ 92.347542786553362, 25.059779529085279 ], [ 92.347476026003463, 25.059815977461582 ], [ 92.347413509002706, 25.059858210780192 ], [ 92.347355837619901, 25.059905822316718 ], [ 92.34730356726044, 25.059958353551878 ], [ 92.347257201317419, 25.060015298587004 ], [ 92.347217186323775, 25.060076109016013 ], [ 92.347183907651683, 25.060140199206529 ], [ 92.347157685801065, 25.060206951939705 ], [ 92.347138773312636, 25.06027572435416 ], [ 92.347127352335448, 25.060345854136951 ], [ 92.347123532872203, 25.060416665901904 ], [ 92.347123398674754, 25.081249996525194 ], [ 92.347126777326068, 25.081316608522862 ], [ 92.347136885634853, 25.081382653050714 ], [ 92.34715363749163, 25.081447567425752 ], [ 92.347176890184869, 25.081510798592721 ], [ 92.347206445616706, 25.081571807836038 ], [ 92.347242051990222, 25.081630075369667 ], [ 92.347283405954556, 25.081685104765601 ], [ 92.347330155189027, 25.081736427183486 ], [ 92.351290036476229, 25.085696337099073 ], [ 92.35128995733524, 25.097916663737184 ], [ 92.351293335435727, 25.097983265145725 ], [ 92.351303441995668, 25.098049299349004 ], [ 92.351320190947618, 25.098114203929416 ], [ 92.351343439649867, 25.09817742608957 ], [ 92.35137299010097, 25.098238427360524 ], [ 92.351408590625894, 25.098296688188057 ], [ 92.351449938019258, 25.098351712357879 ], [ 92.351496680127497, 25.098403031222013 ], [ 92.363996667568415, 25.110903079654559 ], [ 92.364055306607369, 25.110955911277269 ], [ 92.364119653447304, 25.111002913899785 ], [ 92.364189012525443, 25.111043579438473 ], [ 92.364262634095894, 25.111077468311056 ], [ 92.36433972233435, 25.111104214188607 ], [ 92.364419443940974, 25.111123527955602 ], [ 92.364500937148435, 25.111135200835349 ], [ 92.364583321037912, 25.111139106646942 ], [ 92.36839935373402, 25.111139111597904 ], [ 92.372329945824816, 25.115069712283749 ], [ 92.372388587959833, 25.115122551257034 ], [ 92.372452939340732, 25.115169560616991 ], [ 92.372522304248037, 25.115210232128547 ], [ 92.372595932756838, 25.115244126076878 ], [ 92.37267302884473, 25.11527087602148 ], [ 92.372752758998089, 25.115290192758163 ], [ 92.372834261223915, 25.115301867445829 ], [ 92.37291665436959, 25.115305773864527 ], [ 92.376732666581347, 25.115305778810459 ], [ 92.38066324933709, 25.119236370152407 ], [ 92.380721893811241, 25.119289211111191 ], [ 92.380786248063444, 25.119336222290254 ], [ 92.380855616314548, 25.119376895413954 ], [ 92.380929248572642, 25.11941079073193 ], [ 92.381006348741963, 25.119437541773777 ], [ 92.381086083230471, 25.119456859311537 ], [ 92.381167589962786, 25.119468534486877 ], [ 92.381249987701281, 25.119472441069341 ], [ 92.38506597943001, 25.119472446010235 ], [ 92.388789789653927, 25.123196273145552 ], [ 92.388789737410974, 25.131249997367625 ], [ 92.388793115650586, 25.131316590739001 ], [ 92.388803222574438, 25.13138261710986 ], [ 92.388819972133049, 25.131447514266927 ], [ 92.388843221714467, 25.131510729611296 ], [ 92.38887277335823, 25.131571724863839 ], [ 92.388908375440749, 25.131629980648739 ], [ 92.388949724817579, 25.131685000916058 ], [ 92.388996469404475, 25.13173631716576 ], [ 92.393163131912161, 25.135902999999146 ], [ 92.393221783266938, 25.135955846874289 ], [ 92.393286146112501, 25.136002863775598 ], [ 92.39335552451368, 25.136043542319481 ], [ 92.393429168300869, 25.136077442657108 ], [ 92.393506281181516, 25.13610419823063 ], [ 92.393586029350544, 25.136123519736845 ], [ 92.393667550506592, 25.136135198255598 ], [ 92.393749963176134, 25.136139107508882 ], [ 92.405899241351335, 25.136139123213315 ], [ 92.409829768024025, 25.140069658444052 ], [ 92.409888424077764, 25.140122509226128 ], [ 92.40995279256083, 25.140169529408379 ], [ 92.410022177396826, 25.140210210513093 ], [ 92.410095828259941, 25.140244112613026 ], [ 92.410172948689265, 25.14027086908894 ], [ 92.41025270470189, 25.140290190594538 ], [ 92.410334233812122, 25.140301868185571 ], [ 92.410416654358741, 25.140305775579478 ], [ 92.4142325443337, 25.140305780503915 ], [ 92.418163071542921, 25.144236316262795 ], [ 92.418221729933919, 25.144289169028454 ], [ 92.418286101286824, 25.144336191028216 ], [ 92.418355489465483, 25.144376873743752 ], [ 92.418429144077081, 25.144410777212258 ], [ 92.418506268587265, 25.144437534784615 ], [ 92.418586028934683, 25.144456857090731 ], [ 92.41866756255115, 25.144468535169079 ], [ 92.418749987690433, 25.144472442726649 ], [ 92.422565845931601, 25.144472447646187 ], [ 92.430663024942319, 25.152569644249102 ], [ 92.430721687592509, 25.152622498257543 ], [ 92.430786063808299, 25.152669521395673 ], [ 92.430855457383217, 25.152710205119863 ], [ 92.430929117846858, 25.15274410944518 ], [ 92.43100624858134, 25.152770867703889 ], [ 92.43108601543662, 25.152790190511084 ], [ 92.431167555752182, 25.152801868894507 ], [ 92.431249987686812, 25.152805776554619 ], [ 92.435065816420973, 25.15280578146686 ], [ 92.438996315796331, 25.156736289370915 ], [ 92.439051512719629, 25.156786315749063 ], [ 92.439111831433237, 25.156831177101022 ], [ 92.4391766910326, 25.156870441381628 ], [ 92.439245466879456, 25.156903730448846 ], [ 92.439317496617619, 25.156930723705738 ], [ 92.439392086552161, 25.156951161188168 ], [ 92.43946851833033, 25.156964846068551 ], [ 92.439546055860262, 25.156971646551572 ], [ 92.439623952400197, 25.156971497143491 ], [ 92.439701457750701, 25.156964399283009 ], [ 92.439777825479894, 25.156950421327331 ], [ 92.439852320112536, 25.156929697893915 ], [ 92.439924224213485, 25.156902428563843 ], [ 92.43999284529751, 25.156868875959713 ], [ 92.440057522498535, 25.156829363216239 ], [ 92.44011763293453, 25.15678427086813 ], [ 92.440172597706407, 25.156734033185099 ], [ 92.440221887473115, 25.156679133989392 ], [ 92.4402650275497, 25.156620101996129 ], [ 92.44030160247847, 25.156557505721196 ], [ 92.44033126003005, 25.156491948005975 ], [ 92.440353714595204, 25.15642406021141 ], [ 92.440368749935061, 25.156354496137524 ], [ 92.440376221263193, 25.156283925726836 ], [ 92.44037605663955, 25.15621302861231 ], [ 92.440368257662726, 25.15614248757214 ], [ 92.440352899454098, 25.156072981954136 ], [ 92.440330129933898, 25.15600518113332 ], [ 92.440300168396135, 25.155939738065559 ], [ 92.440263303396279, 25.155877282999324 ], [ 92.440219889971885, 25.155818417406255 ], [ 92.440170346223212, 25.1557637081888 ], [ 92.436003675445292, 25.151597057706852 ] ] ] } },
{ "type": "Feature", "properties": { "ARCID": 741659, "UP_CELLS": 2837, "buffer_m": 80 }, "geometry": { "type": "Polygon", "coordinates": [ [ [ 91.623710626031752, 25.210696087096032 ], [ 91.636003914351591, 25.198402714592302 ], [ 91.63605063765084, 25.198351418184593 ], [ 91.636091967448451, 25.198296423168365 ], [ 91.636127552138888, 25.198238197412877 ], [ 91.636157088994395, 25.198177236272215 ], [ 91.636180326740217, 25.198114058371026 ], [ 91.636197067692095, 25.198049201192187 ], [ 91.636207169437668, 25.197983216504156 ], [ 91.636210546047806, 25.197916665666718 ], [ 91.636210494280945, 25.189862770802751 ], [ 91.640170467706767, 25.185902770278201 ], [ 91.640220127412462, 25.185847912184016 ], [ 91.640263621667643, 25.185788878803898 ], [ 91.640300529369227, 25.185726241699591 ], [ 91.640330493186923, 25.185660607323353 ], [ 91.640353223022629, 25.18559261114612 ], [ 91.640368498818788, 25.185522911504702 ], [ 91.640376172688562, 25.185452183227763 ], [ 91.640376170347139, 25.185381111102011 ], [ 91.640368491830529, 25.185310383242125 ], [ 91.640353211494613, 25.185240684428447 ], [ 91.640330477294839, 25.185172689477021 ], [ 91.640300509353153, 25.185107056706187 ], [ 91.640263597826348, 25.185044421562871 ], [ 91.640220100096528, 25.184985390470395 ], [ 91.640170437310502, 25.184930534957335 ], [ 91.636210436638322, 25.180970563662623 ], [ 91.63621038398837, 25.172916663404752 ], [ 91.636207005368718, 25.172850094295033 ], [ 91.636196899367803, 25.172784091869037 ], [ 91.636180152018937, 25.172719217940713 ], [ 91.636156905886168, 25.172656024717355 ], [ 91.636127358850445, 25.172595050099179 ], [ 91.636091762424911, 25.172536813100876 ], [ 91.636050419613738, 25.172481809433783 ], [ 91.636003682332756, 25.172430507286542 ], [ 91.632043687614498, 25.168470541931416 ], [ 91.632043664251313, 25.164862814412917 ], [ 91.636003625278249, 25.160902826327195 ], [ 91.636050358080368, 25.160851523557966 ], [ 91.636091696760104, 25.160796519225613 ], [ 91.636127289440736, 25.160738281538961 ], [ 91.63615683315804, 25.160677306229253 ], [ 91.636180076439075, 25.160614112330258 ], [ 91.636196821442425, 25.160549237760044 ], [ 91.636206925642028, 25.160483234742063 ], [ 91.636210303040031, 25.160416665104435 ], [ 91.63621027810288, 25.156529496057626 ], [ 91.64017023452368, 25.152569512586798 ], [ 91.640216968208321, 25.152518208671975 ], [ 91.640258307749832, 25.15246320269242 ], [ 91.640293901231388, 25.152404962914598 ], [ 91.640323445653735, 25.152343985133673 ], [ 91.640346689514487, 25.152280788452764 ], [ 91.640363434948924, 25.152215910863696 ], [ 91.640373539414043, 25.152149904667024 ], [ 91.640376916901687, 25.152083331770218 ], [ 91.640376891975293, 25.148196188004437 ], [ 91.648503495444189, 25.140069529042652 ], [ 91.648550227602911, 25.140018224107969 ], [ 91.648591565857672, 25.139963216709269 ], [ 91.648627158277108, 25.139904975158942 ], [ 91.64865670184912, 25.139843995303146 ], [ 91.648679945060366, 25.139780796300219 ], [ 91.648696690037283, 25.139715916200682 ], [ 91.648706794230463, 25.139649907366419 ], [ 91.648710171627869, 25.13958333176803 ], [ 91.648710146717121, 25.135696200339854 ], [ 91.652670091488531, 25.131736228538561 ], [ 91.652716827409805, 25.131684921726784 ], [ 91.652758169132397, 25.131629911594352 ], [ 91.652793764639085, 25.131571666551967 ], [ 91.652823310842933, 25.131510682554925 ], [ 91.652846556167873, 25.131447478880006 ], [ 91.65286330269069, 25.131382593703691 ], [ 91.65287340782595, 25.131316579519567 ], [ 91.652876785539789, 25.131249998433809 ], [ 91.652876760639728, 25.127362881962288 ], [ 91.65683670081637, 25.123402914764494 ], [ 91.656883437294951, 25.123351607199588 ], [ 91.656924779635943, 25.123296595863856 ], [ 91.656960375789296, 25.123238349214908 ], [ 91.656989922638786, 25.123177363260602 ], [ 91.657013168583205, 25.123114157335017 ], [ 91.657029915678535, 25.12304926967596 ], [ 91.657040021323269, 25.122983252841422 ], [ 91.657043399472499, 25.122916669004177 ], [ 91.657043187994631, 25.089862966722237 ], [ 91.669336410286277, 25.077569660708058 ], [ 91.669383145961916, 25.077518348176781 ], [ 91.669424487882878, 25.077463329800359 ], [ 91.669460083865644, 25.077405074278683 ], [ 91.669489630677518, 25.077344077888178 ], [ 91.669512876619649, 25.077280860253925 ], [ 91.669529623670996, 25.07721595992291 ], [ 91.669539729174943, 25.07714992977612 ], [ 91.669543107054267, 25.077083332318459 ], [ 91.669543055615733, 25.069029662019535 ], [ 91.677669616056505, 25.060903046273157 ], [ 91.677719287132078, 25.060848169936964 ], [ 91.677762792514841, 25.060789110134618 ], [ 91.6777997104208, 25.060726439461757 ], [ 91.677829682934487, 25.060660765521252 ], [ 91.677852419478697, 25.060592725032251 ], [ 91.677867699631364, 25.060522977656973 ], [ 91.677875375262076, 25.060452199605066 ], [ 91.677875371967801, 25.060381077077583 ], [ 91.677867689793757, 25.060310299614162 ], [ 91.677852403232421, 25.060240553407812 ], [ 91.677829660500777, 25.060172514652297 ], [ 91.677799682102943, 25.0601068429864 ], [ 91.67776275869187, 25.060044175098806 ], [ 91.677719248251051, 25.059985118555463 ], [ 91.677669572623586, 25.05993024590941 ], [ 91.673709639052149, 25.055970341504516 ], [ 91.673709613813799, 25.052083330664161 ], [ 91.673706233980994, 25.052016714864411 ], [ 91.673696124266968, 25.051950666905601 ], [ 91.67367937085271, 25.051885749747665 ], [ 91.673656116546184, 25.051822516711226 ], [ 91.673626559564894, 25.051761506761473 ], [ 91.673590951845938, 25.051703239914371 ], [ 91.673549596898468, 25.051648212804377 ], [ 91.673502847216454, 25.051596894451524 ], [ 91.669542917883959, 25.04763699427728 ], [ 91.669542865619036, 25.039583330110649 ], [ 91.669539047180692, 25.039512530123414 ], [ 91.669527629796747, 25.039442412029373 ], [ 91.669508723435541, 25.039373651102924 ], [ 91.669482510187564, 25.039306909547083 ], [ 91.669449242511178, 25.039242830116191 ], [ 91.669409240801102, 25.03918202992601 ], [ 91.669362890302395, 25.03912509451068 ], [ 91.669310637400031, 25.039072572183915 ], [ 91.669252985319929, 25.039024968758614 ], [ 91.669190489282443, 25.038982742675902 ], [ 91.669123751155311, 25.038946300590261 ], [ 91.669053413657537, 25.038915993453443 ], [ 91.668980154169816, 25.038892113134867 ], [ 91.668904678211319, 25.038874889610916 ], [ 91.668827712645466, 25.038864488750274 ], [ 91.668749998680397, 25.038861010716705 ], [ 91.668672284731031, 25.03886448900446 ], [ 91.668595319212116, 25.038874890115753 ], [ 91.668519843330955, 25.038892113883406 ], [ 91.66844658394966, 25.038915994435381 ], [ 91.668376246585652, 25.038946301792247 ], [ 91.668309508617369, 25.038982744081775 ], [ 91.66824701276127, 25.039024970349729 ], [ 91.668189360882209, 25.039072573939524 ], [ 91.668137108197428, 25.039125096408373 ], [ 91.668090757929548, 25.039182031942083 ], [ 91.668050756460204, 25.039242832226133 ], [ 91.668017489031087, 25.03930691172598 ], [ 91.667991276033575, 25.039373653325899 ], [ 91.667972369922936, 25.039442414271939 ], [ 91.667960952786615, 25.039512532361865 ], [ 91.667957134590281, 25.039583332322351 ], [ 91.667957080980031, 25.04791666344321 ], [ 91.667960459422176, 25.047983276768026 ], [ 91.667970567042957, 25.048049322399407 ], [ 91.667987317706846, 25.048114237436554 ], [ 91.66801056865971, 25.048177468613734 ], [ 91.668040121745179, 25.048238477015744 ], [ 91.668075725093175, 25.048296742671173 ], [ 91.668117075266338, 25.04835176898408 ], [ 91.66816381984593, 25.048403086966662 ], [ 91.672123718146665, 25.052363014428376 ], [ 91.672123692908116, 25.056249997330433 ], [ 91.672127071319636, 25.056316607526771 ], [ 91.672137178739547, 25.05638265010537 ], [ 91.672153929042196, 25.056447562244713 ], [ 91.672177179490063, 25.056510790756139 ], [ 91.672206731949814, 25.056571796798181 ], [ 91.672242334580588, 25.056630060468745 ], [ 91.672283683979813, 25.056685085235831 ], [ 91.672330427768756, 25.056736402169186 ], [ 91.676010685266505, 25.060416698288371 ], [ 91.66816371842647, 25.068263585570953 ], [ 91.668116967278962, 25.068314902655171 ], [ 91.668075611155885, 25.068369927894111 ], [ 91.668040002522289, 25.068428192334604 ], [ 91.668010444861523, 25.06848919941676 ], [ 91.66798719008861, 25.068552429205795 ], [ 91.66797043640301, 25.068617342823046 ], [ 91.667960326599214, 25.068683387038572 ], [ 91.667956946849358, 25.068749998985954 ], [ 91.667956895411123, 25.076803732183311 ], [ 91.655663589129517, 25.089096954760961 ], [ 91.655616837046026, 25.089148270029995 ], [ 91.65557548027671, 25.089203292600057 ], [ 91.655539871238545, 25.089261553612012 ], [ 91.655510313372176, 25.089322556610661 ], [ 91.655487058556105, 25.089385781775032 ], [ 91.655470304960048, 25.089450690347789 ], [ 91.655460195356014, 25.089516729226066 ], [ 91.655456815901388, 25.089583335674476 ], [ 91.655456604425794, 25.122637124716068 ], [ 91.651496635426383, 25.12659706669724 ], [ 91.651449893126411, 25.126648375235703 ], [ 91.651408545448007, 25.126703388080919 ], [ 91.651372944531289, 25.126761636721941 ], [ 91.651343393575985, 25.126822625089936 ], [ 91.651320144259216, 25.12688583378273 ], [ 91.651303394591693, 25.126950724488221 ], [ 91.651293287231212, 25.127016744568749 ], [ 91.651289908267259, 25.12708333176754 ], [ 91.651289883367383, 25.130970474667052 ], [ 91.647329911424151, 25.134930419583252 ], [ 91.647283170001842, 25.13498172697949 ], [ 91.647241823180764, 25.135036738181626 ], [ 91.647206223061033, 25.135094984736227 ], [ 91.647176672807461, 25.135155970638291 ], [ 91.647153424067795, 25.135219176554912 ], [ 91.64713667482944, 25.135284064247628 ], [ 91.647126567733281, 25.135350081155757 ], [ 91.647123188858572, 25.135416665101772 ], [ 91.647123163947953, 25.139303833272379 ], [ 91.638996505721721, 25.147430436014705 ], [ 91.638949762768121, 25.147481742393175 ], [ 91.638908414655461, 25.147536752178826 ], [ 91.638872813469391, 25.147594996964131 ], [ 91.638843262361945, 25.147655980794958 ], [ 91.63882001296993, 25.147719184393551 ], [ 91.638803263272067, 25.147784069580059 ], [ 91.638793155902817, 25.147850083855026 ], [ 91.638789776937557, 25.147916665103963 ], [ 91.638789752011292, 25.151803845620837 ], [ 91.634829768399754, 25.155763802185209 ], [ 91.634783029207611, 25.155815106686063 ], [ 91.63474168456186, 25.155870113737368 ], [ 91.634706086462273, 25.155928355029918 ], [ 91.634676537985996, 25.15598933471874 ], [ 91.634653290707206, 25.15605253364452 ], [ 91.634636542554873, 25.156117413753364 ], [ 91.634626436127476, 25.156183422677561 ], [ 91.634623057478635, 25.156249998438181 ], [ 91.634623032541668, 25.160137193934208 ], [ 91.630663044315099, 25.16409715510488 ], [ 91.630616306003034, 25.164148458460705 ], [ 91.630574962216826, 25.164203463865594 ], [ 91.630539364916189, 25.164261703067879 ], [ 91.630509817143334, 25.164322680286549 ], [ 91.630486570442969, 25.164385876431574 ], [ 91.630469822720769, 25.164450753522825 ], [ 91.63045971655832, 25.164516759269631 ], [ 91.630456337998922, 25.164583331772409 ], [ 91.630456311016104, 25.168749997302864 ], [ 91.630459688234467, 25.16881656393134 ], [ 91.630469792129233, 25.168882564024301 ], [ 91.630486536712709, 25.168947435826947 ], [ 91.630509779474906, 25.169010627186925 ], [ 91.630539322596206, 25.169071600254021 ], [ 91.630574914630756, 25.169129836058087 ], [ 91.630616252646305, 25.169184838926324 ], [ 91.630662984802512, 25.169236140702317 ], [ 91.6346229482144, 25.173196133480094 ], [ 91.634622895563879, 25.181249996737314 ], [ 91.634626272609438, 25.181316558783578 ], [ 91.634636376106073, 25.1813825544161 ], [ 91.63465312008131, 25.181447421995344 ], [ 91.634676362049944, 25.181510609480892 ], [ 91.634705904226351, 25.1815715791295 ], [ 91.634741495207308, 25.181629812071535 ], [ 91.634782832111242, 25.181684812726765 ], [ 91.634829563155677, 25.181736113022023 ], [ 91.638510097565415, 25.185416686293308 ], [ 91.634829535208937, 25.189097211133706 ], [ 91.634782799227466, 25.189148511399861 ], [ 91.634741457752554, 25.18920351223835 ], [ 91.634705862626646, 25.189261745566181 ], [ 91.634676316789452, 25.18932271578975 ], [ 91.634653071699532, 25.189385904022483 ], [ 91.634636325193995, 25.189450772500678 ], [ 91.634626219804531, 25.189516769160079 ], [ 91.634622841544058, 25.189583332334209 ], [ 91.634622789777552, 25.197637280040492 ], [ 91.622329418377518, 25.209930567275109 ], [ 91.622282678853836, 25.209981866107981 ], [ 91.622241334331193, 25.210036864967861 ], [ 91.622205736643423, 25.210095095834546 ], [ 91.622176188722307, 25.210156063184066 ], [ 91.622152942019426, 25.210219248205256 ], [ 91.622136194366178, 25.21028411321457 ], [ 91.622126088290059, 25.210350106231505 ], [ 91.622122709801374, 25.210416665675712 ], [ 91.622122655696899, 25.218749996723695 ], [ 91.62212647849455, 25.218820793957214 ], [ 91.622137911246355, 25.218890909425983 ], [ 91.622156843861532, 25.218959667878522 ], [ 91.622183094020571, 25.219026407131047 ], [ 91.62221640893074, 25.219090484444756 ], [ 91.622256467760138, 25.219151282715853 ], [ 91.622302884727077, 25.219208216418785 ], [ 91.622355212815265, 25.219260737245378 ], [ 91.622412948078505, 25.219308339385503 ], [ 91.622475534493944, 25.219350564398585 ], [ 91.62254236931696, 25.219387005628828 ], [ 91.622612808885975, 25.219417312121781 ], [ 91.622686174821496, 25.219441192004396 ], [ 91.622761760559598, 25.219458415296188 ], [ 91.622838838156937, 25.219468816124131 ], [ 91.622916665301602, 25.219472294320315 ], [ 91.622994492462567, 25.219468816386684 ], [ 91.623071570108436, 25.219458415817652 ], [ 91.62314715592656, 25.219441192777573 ], [ 91.623220521972158, 25.219417313136042 ], [ 91.62329096167953, 25.219387006870377 ], [ 91.62335779666688, 25.219350565850736 ], [ 91.623420383269988, 25.219308341028992 ], [ 91.62347811874119, 25.219260739058782 ], [ 91.623530447054449, 25.219208218378956 ], [ 91.623576864260187, 25.219151284798293 ], [ 91.623616923338602, 25.219090486624157 ], [ 91.623650238504553, 25.219026409381684 ], [ 91.623676488922712, 25.21895967017468 ], [ 91.623695421797052, 25.218890911742378 ], [ 91.623706854805036, 25.218820796269366 ], [ 91.623710677853026, 25.218749999008214 ], [ 91.623710626031752, 25.210696087096032 ] ] ] } },
{ "type": "Feature", "properties": { "ARCID": 741660, "UP_CELLS": 28576, "buffer_m": 150 }, "geometry": { "type": "Polygon", "coordinates": [ [ [ 91.668750022518097, 25.038228978371798 ], [ 91.668604309488686, 25.038235497912098 ], [ 91.668459999503099, 25.038254997702634 ], [ 91.668318482300691, 25.038287289953946 ], [ 91.668181120727809, 25.038332063682056 ], [ 91.668049237614554, 25.038388887703121 ], [ 91.667924103036526, 25.038457214785506 ], [ 91.667806922084552, 25.038536386919397 ], [ 91.667698823259855, 25.038625641653081 ], [ 91.667600847606622, 25.038724119435042 ], [ 91.667513938686369, 25.038830871891168 ], [ 91.667438933490928, 25.038944870957266 ], [ 91.667376554381164, 25.039065018779134 ], [ 91.667327402129672, 25.039190158284743 ], [ 91.667291950133816, 25.039319084326834 ], [ 91.667270539855352, 25.039450555288557 ], [ 91.66726337753046, 25.039583305040509 ], [ 91.667270532181959, 25.039716055133923 ], [ 91.667291934952701, 25.039847527112709 ], [ 91.66732737976703, 25.039976454825666 ], [ 91.667376525313685, 25.040101596620381 ], [ 91.667438898331142, 25.040221747301317 ], [ 91.667513898164003, 25.040335749736986 ], [ 91.667600802546474, 25.040442506004283 ], [ 91.667698774557223, 25.040540987962761 ], [ 91.667806870678845, 25.040630247156955 ], [ 91.667924049884149, 25.040709423951295 ], [ 91.668049183661935, 25.040777755809607 ], [ 91.668181066885666, 25.040834584639654 ], [ 91.668318429420125, 25.040879363131534 ], [ 91.668459948354723, 25.040911660029316 ], [ 91.668604260745084, 25.0409311642848 ], [ 91.668749976740486, 25.040937688053521 ], [ 91.672916689186451, 25.040937689939597 ], [ 91.673062405398966, 25.04093116629307 ], [ 91.673206718032333, 25.040911662136665 ], [ 91.673348237232275, 25.040879365310246 ], [ 91.673485600049901, 25.040834586857979 ], [ 91.673617483569217, 25.040777758032483 ], [ 91.673742617648969, 25.040709426141188 ], [ 91.673859797156027, 25.040630249274898 ], [ 91.673967893572282, 25.040540989969319 ], [ 91.674065865863568, 25.04044250786076 ], [ 91.674152770505628, 25.040335751406509 ], [ 91.674227770570653, 25.0402217487499 ], [ 91.674290143786891, 25.040101597817944 ], [ 91.674339289493844, 25.039976455746984 ], [ 91.674374734425797, 25.039847527738143 ], [ 91.674396137268388, 25.039716055450025 ], [ 91.674403291944031, 25.039583305040455 ], [ 91.674396129594967, 25.039450554972362 ], [ 91.674374719244653, 25.039319083701312 ], [ 91.67433926713116, 25.03919015736334 ], [ 91.674290114719355, 25.039065017581486 ], [ 91.674227735410796, 25.038944869508615 ], [ 91.674152729983177, 25.038830870221577 ], [ 91.674065820803349, 25.038724117578496 ], [ 91.673967844869566, 25.038625639646462 ], [ 91.673859745750235, 25.038536384801414 ], [ 91.673742564496507, 25.038457212595564 ], [ 91.673617429616513, 25.038388885480202 ], [ 91.673485546207672, 25.038332061463695 ], [ 91.673348184351639, 25.038287287775212 ], [ 91.6732066668839, 25.03825499559527 ], [ 91.673062356655322, 25.03823549590382 ], [ 91.672916643408797, 25.038228976485719 ], [ 91.668750022518097, 25.038228978371798 ] ] ] } },
{ "type": "Feature", "properties": { "ARCID": 741661, "UP_CELLS": 9264, "buffer_m": 150 }, "geometry": { "type": "Polygon", "coordinates": [ [ [ 91.694406925192979, 25.063228997498626 ], [ 91.691070213119616, 25.059892314972956 ], [ 91.691070067341201, 25.047916656162055 ], [ 91.69106372876044, 25.04779174424673 ], [ 91.691044770710391, 25.047667897282487 ], [ 91.691013354834709, 25.047546170988486 ], [ 91.69096974897036, 25.047427603003356 ], [ 91.690914324863357, 25.047313204040165 ], [ 91.690847554998669, 25.047203949270955 ], [ 91.690770008571775, 25.047100770014428 ], [ 91.690682346635725, 25.047004545797439 ], [ 91.682348994613449, 25.038671272621063 ], [ 91.682239126839164, 25.038572261961914 ], [ 91.682118570598547, 25.038484177126417 ], [ 91.681988628640255, 25.038407969954903 ], [ 91.681850705126237, 25.038344463936159 ], [ 91.681706290458848, 25.038294345309581 ], [ 91.681556945176638, 25.038258155650443 ], [ 91.681404283092377, 25.038236286018311 ], [ 91.681249953855925, 25.038228972731751 ], [ 91.672916712074382, 25.038228976486167 ], [ 91.672770998731849, 25.03823549399149 ], [ 91.672626688215715, 25.038254991784807 ], [ 91.672485170270392, 25.038287282095908 ], [ 91.67234780774946, 25.03833205395949 ], [ 91.672215923492075, 25.038388876209687 ], [ 91.672090787584906, 25.038457201631925 ], [ 91.671973605131555, 25.038536372232358 ], [ 91.671865504647741, 25.038625625574056 ], [ 91.671767527193609, 25.038724102118913 ], [ 91.671680616348041, 25.038830853504709 ], [ 91.6716056091214, 25.038944851677591 ], [ 91.671543227894119, 25.039064998791929 ], [ 91.671494073459215, 25.039190137782519 ], [ 91.67145861923504, 25.039319063507055 ], [ 91.671437206704823, 25.039450534351737 ], [ 91.671430042126488, 25.039583284188275 ], [ 91.671437194544467, 25.039716034567107 ], [ 91.671458595123184, 25.039847507029375 ], [ 91.671494037808102, 25.039976435419213 ], [ 91.671543181308408, 25.040101578077678 ], [ 91.671605552382317, 25.04022172980093 ], [ 91.671680550393148, 25.040335733447439 ], [ 91.671767453092627, 25.040442491082409 ], [ 91.671865423575625, 25.040540974552247 ], [ 91.67197351833947, 25.040630235386931 ], [ 91.672090696370034, 25.040709413935069 ], [ 91.672215829167428, 25.040777747643638 ], [ 91.67234771161452, 25.040834578402542 ], [ 91.672485073583616, 25.040879358883341 ], [ 91.672626592169564, 25.040911657810938 ], [ 91.672770904431303, 25.040931164117584 ], [ 91.672916620519359, 25.040937689939085 ], [ 91.680593271215287, 25.040937710370986 ], [ 91.688096594971796, 25.048441100553909 ], [ 91.688096449190439, 25.060416656157958 ], [ 91.688102782784526, 25.060541548272969 ], [ 91.688121733254704, 25.060665376242177 ], [ 91.688153139147659, 25.060787084834292 ], [ 91.688196732866174, 25.060905636875685 ], [ 91.688252142948187, 25.06102002208916 ], [ 91.688318897231326, 25.061129265703514 ], [ 91.688396426875542, 25.061232436760733 ], [ 91.688484071209928, 25.061328656049788 ], [ 91.692650728526445, 25.065495352820026 ], [ 91.692760609241134, 25.065594363439441 ], [ 91.692881180672103, 25.065682449747449 ], [ 91.693011140025121, 25.065758659939412 ], [ 91.693149083057676, 25.065822170534357 ], [ 91.693293519252848, 25.065872295273699 ], [ 91.693442887925741, 25.065908492537307 ], [ 91.69359557508858, 25.065930371196483 ], [ 91.693749930891968, 25.065937694840784 ], [ 91.706250068384648, 25.06593770037259 ], [ 91.706395815549342, 25.065931172580612 ], [ 91.706540158394745, 25.065911664218095 ], [ 91.706681706775612, 25.065879363165468 ], [ 91.706819097461974, 25.065834580507644 ], [ 91.706951007269424, 25.065777747537808 ], [ 91.707076165803585, 25.065709411603333 ], [ 91.70719336769578, 25.065630230834014 ], [ 91.70730148421238, 25.065540967803198 ], [ 91.707399474125694, 25.06544248218308 ], [ 91.707486393741817, 25.065335722464773 ], [ 91.707561405988784, 25.065221716823071 ], [ 91.707623788477633, 25.065101563213748 ], [ 91.707672940458622, 25.064976418798881 ], [ 91.707708388605724, 25.064847488802158 ], [ 91.707729791573641, 25.064716014901304 ], [ 91.707736943283706, 25.064583263269629 ], [ 91.707729774906781, 25.064450512381779 ], [ 91.707708355524389, 25.064319040701168 ], [ 91.707672891461684, 25.064190114367722 ], [ 91.7076237242986, 25.064064975004381 ], [ 91.707561327578802, 25.063944827759929 ], [ 91.707486302247645, 25.063830829703193 ], [ 91.707399370863627, 25.063724078680391 ], [ 91.707301370638831, 25.063625602742981 ], [ 91.707193245375521, 25.063536350247666 ], [ 91.707076036376591, 25.063457180724019 ], [ 91.706950872417309, 25.063388856597467 ], [ 91.706818958875047, 25.063332035847623 ], [ 91.706681566121603, 25.063287265672187 ], [ 91.706540017289896, 25.063254977217881 ], [ 91.706395675532804, 25.063235481428791 ], [ 91.70624993089676, 25.063228966052257 ], [ 91.694406925192979, 25.063228997498626 ] ] ] } },
{ "type": "Feature", "properties": { "ARCID": 741777, "UP_CELLS": 5096, "buffer_m": 150 }, "geometry": { "type": "Polygon", "coordinates": [ [ [ 92.281250068428207, 25.029895429713505 ], [ 92.281104342016818, 25.029901946175624 ], [ 92.280960018331228, 25.029921444992262 ], [ 92.28081848724301, 25.029953738384176 ], [ 92.280681111732733, 25.02999851535716 ], [ 92.28054921476533, 25.030055344696798 ], [ 92.280424066550566, 25.030123679120777 ], [ 92.280306872311471, 25.030202860548968 ], [ 92.280198760678147, 25.03029212644039 ], [ 92.280100772819083, 25.030390617136145 ], [ 92.280013852414314, 25.030497384137657 ], [ 92.27993883656714, 25.030611399240378 ], [ 92.279876447741913, 25.030731564435246 ], [ 92.279827286805471, 25.030856722482362 ], [ 92.279791827239393, 25.030985668055202 ], [ 92.27977041057882, 25.031117159348053 ], [ 92.27976324312165, 25.031249930034871 ], [ 92.279770393940154, 25.031382701464409 ], [ 92.279791794214049, 25.031514194974225 ], [ 92.279827237891396, 25.031643144204935 ], [ 92.279876383671379, 25.031768307296126 ], [ 92.27993875828966, 25.031888478846508 ], [ 92.280013761074642, 25.032002501523063 ], [ 92.280100669731254, 25.032109277207343 ], [ 92.280198647296075, 25.032207777571692 ], [ 92.280306750197241, 25.032297053983292 ], [ 92.28042393734134, 25.032376246640869 ], [ 92.280549080139821, 25.032444592855754 ], [ 92.280680973378395, 25.032501434397858 ], [ 92.280818346824717, 25.032546223835428 ], [ 92.280959877462493, 25.032578529807804 ], [ 92.281104202234204, 25.032598041180169 ], [ 92.281249931169626, 25.03260457004037 ], [ 92.293750068433269, 25.032604573074178 ], [ 92.293895797702703, 25.032598044269761 ], [ 92.294040122820192, 25.032578532921381 ], [ 92.294181653811549, 25.032546226939047 ], [ 92.294319027614804, 25.032501437455842 ], [ 92.294450921208806, 25.032444595831311 ], [ 92.29457606435605, 25.0323762494967 ], [ 92.294693251836918, 25.0322970566823 ], [ 92.294801355057487, 25.032207780077673 ], [ 92.294899332919002, 25.032109279485788 ], [ 92.294986241844555, 25.032002503541829 ], [ 92.295061244866005, 25.031888480576558 ], [ 92.295123619683991, 25.031768308712152 ], [ 92.29517276562332, 25.031643145285955 ], [ 92.295208209416643, 25.031514195704055 ], [ 92.295229609761009, 25.031382701832044 ], [ 92.295236760603146, 25.03124993003474 ], [ 92.295229593122301, 25.031117158980162 ], [ 92.295208176391228, 25.030985667325119 ], [ 92.295172716709132, 25.030856721401094 ], [ 92.29512355561333, 25.030731563018989 ], [ 92.295061166588354, 25.030611397510111 ], [ 92.294986150504698, 25.030497382118682 ], [ 92.294899229830975, 25.030390614857509 ], [ 92.294801241675188, 25.030292123934231 ], [ 92.294693129722461, 25.030202857849812 ], [ 92.294575935146582, 25.030123676264814 ], [ 92.29445078658307, 25.030055341721134 ], [ 92.294318889260239, 25.029998512299088 ], [ 92.294181513393042, 25.02995373528049 ], [ 92.294039981951229, 25.029921441878638 ], [ 92.293895657919876, 25.02990194308601 ], [ 92.293749931174503, 25.029895426679694 ], [ 92.281250068428207, 25.029895429713505 ] ] ] } },
{ "type": "Feature", "properties": { "ARCID": 741778, "UP_CELLS": 3785, "buffer_m": 80 }, "geometry": { "type": "Polygon", "coordinates": [ [ [ 92.34016964908426, 25.051596851047261 ], [ 92.340111037725649, 25.051544031625316 ], [ 92.340046723445624, 25.051497040519912 ], [ 92.339977401297091, 25.051456385565476 ], [ 92.339903820450843, 25.051422506120918 ], [ 92.339826776099358, 25.051395768321669 ], [ 92.339747100863363, 25.051376461123059 ], [ 92.339665655794121, 25.051364793177697 ], [ 92.339583321068389, 25.051360890580721 ], [ 92.335767014481874, 25.051360895540753 ], [ 92.331836273382649, 25.047430163052269 ], [ 92.331777664739093, 25.047377348292443 ], [ 92.331713354159945, 25.04733036145964 ], [ 92.331644036590234, 25.047289710292493 ], [ 92.331570461078044, 25.047255834066068 ], [ 92.331493422680509, 25.047229098845197 ], [ 92.331413753872667, 25.047209793529134 ], [ 92.331332315552118, 25.047198126729739 ], [ 92.331249987736712, 25.04719422451744 ], [ 92.327083345489413, 25.047194225025098 ], [ 92.327001017658105, 25.047198127261836 ], [ 92.326919579327964, 25.047209794093664 ], [ 92.326839910518331, 25.047229099448959 ], [ 92.326762872128114, 25.047255834714456 ], [ 92.326689296633361, 25.047289710989453 ], [ 92.326619979091845, 25.047330362207479 ], [ 92.326555668552146, 25.047377349091867 ], [ 92.326497059959436, 25.047430163902334 ], [ 92.322566305125676, 25.051360911891706 ], [ 92.30660034966067, 25.051360913878547 ], [ 92.298709685007552, 25.043470285112107 ], [ 92.298709632977662, 25.035416663966956 ], [ 92.298706252432851, 25.035350031229363 ], [ 92.298696140600029, 25.035283966582679 ], [ 92.298679383694179, 25.035219033233489 ], [ 92.29865612457948, 25.035155784743118 ], [ 92.298626561551103, 25.035094760308503 ], [ 92.298590946644339, 25.035036480165576 ], [ 92.298549583485837, 25.034981441154351 ], [ 92.298502824704812, 25.034930112483408 ], [ 92.294336153808871, 25.030763461907775 ], [ 92.294280988577583, 25.030713459725117 ], [ 92.294220709702714, 25.030668624706621 ], [ 92.294155897700435, 25.030629388632207 ], [ 92.294087176740987, 25.030596129361186 ], [ 92.294015208637688, 25.030569167193512 ], [ 92.293940686473633, 25.030548761785248 ], [ 92.293864327927224, 25.030535109648163 ], [ 92.293786868360982, 25.030528342257309 ], [ 92.293709053740102, 25.030528524784959 ], [ 92.293631633448769, 25.030535655473024 ], [ 92.293555353073813, 25.030549665649964 ], [ 92.293480947224765, 25.030570420392134 ], [ 92.293409132459558, 25.030597719823078 ], [ 92.293340600384212, 25.030631301038301 ], [ 92.293276010992585, 25.0306708406371 ], [ 92.293215986310571, 25.030715957836851 ], [ 92.293161104405868, 25.030766218139981 ], [ 92.293111893820992, 25.030821137518142 ], [ 92.293068828483058, 25.030880187073528 ], [ 92.293032323139641, 25.030942798132177 ], [ 92.293002729364204, 25.031008367720375 ], [ 92.292980332170075, 25.031076264371485 ], [ 92.292965347265252, 25.031145834207123 ], [ 92.292957918974551, 25.031216407234226 ], [ 92.292958118849327, 25.031287303797363 ], [ 92.292965944977752, 25.031357841124123 ], [ 92.292981322002831, 25.031427339900606 ], [ 92.293004101847657, 25.031495130813592 ], [ 92.293034065140844, 25.031560560996478 ], [ 92.293070923329012, 25.031623000316859 ], [ 92.293114321455107, 25.031681847445213 ], [ 92.293163841576714, 25.031736535646196 ], [ 92.297123698906475, 25.035696421578717 ], [ 92.297123646876074, 25.043749997299503 ], [ 92.297127025732536, 25.043816620704632 ], [ 92.297137134487301, 25.043882676337269 ], [ 92.297153886996838, 25.043947601222651 ], [ 92.297177140494128, 25.044010842022143 ], [ 92.297206696804949, 25.044071859749362 ], [ 92.297242304036729, 25.044130134363819 ], [ 92.297283658724936, 25.044185169203249 ], [ 92.297330408419356, 25.044236495216623 ], [ 92.305663733293798, 25.052569860753085 ], [ 92.305722337099226, 25.052622664986515 ], [ 92.305786641182252, 25.052669642948796 ], [ 92.305855950879817, 25.052710287142546 ], [ 92.305929517451489, 25.052744158492775 ], [ 92.306006546168064, 25.052770891090432 ], [ 92.306086204897312, 25.052790196145434 ], [ 92.306167633093708, 25.052801865106627 ], [ 92.306249951095253, 25.052805771914826 ], [ 92.322916715462014, 25.052805773989487 ], [ 92.322999035946367, 25.052801866976992 ], [ 92.323080466554714, 25.052790197366271 ], [ 92.323160127550665, 25.052770891229784 ], [ 92.3232371583168, 25.052744157141216 ], [ 92.323310726652764, 25.052710283922025 ], [ 92.323380037766256, 25.052669637521088 ], [ 92.323444342859958, 25.052622657060944 ], [ 92.323502947221215, 25.052569850093583 ], [ 92.327433677689072, 25.048639112780791 ], [ 92.330899655677172, 25.04863911320308 ], [ 92.334830384472994, 25.052569850610968 ], [ 92.334888992366984, 25.052622660553062 ], [ 92.334953301616494, 25.052669643295971 ], [ 92.335022617386272, 25.052710291205635 ], [ 92.335096190744864, 25.052744165093404 ], [ 92.335173226756638, 25.052770898961509 ], [ 92.335252893071086, 25.052790203957798 ], [ 92.33533432891663, 25.052801871496815 ], [ 92.335416654401271, 25.052805775513654 ], [ 92.339232957393349, 25.052805780474532 ], [ 92.347330337931396, 25.060903178732765 ], [ 92.347385514018058, 25.060953184055538 ], [ 92.347445805461859, 25.060998022410455 ], [ 92.347510631620864, 25.061037261973809 ], [ 92.347579368178955, 25.06107052484165 ], [ 92.347651353158355, 25.061097490669354 ], [ 92.347725893295248, 25.061117899756926 ], [ 92.347802270716571, 25.061131555550237 ], [ 92.347879749853973, 25.06113832653406 ], [ 92.34795758452816, 25.061138147498745 ], [ 92.348035025135545, 25.061131020168261 ], [ 92.348111325867805, 25.061117013183615 ], [ 92.348185751894988, 25.061096261441758 ], [ 92.348257586442713, 25.061068964796384 ], [ 92.34832613769558, 25.061035386133103 ], [ 92.348390745460065, 25.060995848837546 ], [ 92.348450787522836, 25.060950733680855 ], [ 92.348505685643232, 25.060900475152351 ], [ 92.348554911122108, 25.06084555727502 ], [ 92.348597989893548, 25.060786508943863 ], [ 92.348634507090253, 25.060723898832126 ], [ 92.348664111038758, 25.060658329914414 ], [ 92.348686516645984, 25.060590433659577 ], [ 92.348701508144487, 25.060520863949129 ], [ 92.34870894116996, 25.06045029077989 ], [ 92.348708744151168, 25.060379393811424 ], [ 92.348700918998617, 25.060308855820534 ], [ 92.348685541085757, 25.06023935612571 ], [ 92.348662758522465, 25.060171564044992 ], [ 92.34863279072836, 25.06010613245007 ], [ 92.348595926319121, 25.060043691479009 ], [ 92.348552520326621, 25.059984842467721 ], [ 92.348502990779522, 25.059930152159016 ], [ 92.34016964908426, 25.051596851047261 ] ] ] } },
{ "type": "Feature", "properties": { "ARCID": 741839, "UP_CELLS": 31447, "buffer_m": 150 }, "geometry": { "type": "Polygon", "coordinates": [ [ [ 91.661073309746712, 25.038228998831194 ], [ 91.64901550937654, 25.026171253122762 ], [ 91.648912098270443, 25.026077512264024 ], [ 91.64879910084872, 25.025993457974579 ], [ 91.648677605331173, 25.025919899722556 ], [ 91.648548781770145, 25.025857545894354 ], [ 91.648413870782946, 25.02580699697323 ], [ 91.648274171604839, 25.02576873975703 ], [ 91.648131029578039, 25.025743142670667 ], [ 91.647985823196649, 25.025730452218482 ], [ 91.647839950832704, 25.025730790610645 ], [ 91.64769481727069, 25.02574415458642 ], [ 91.64755182018061, 25.02577041544566 ], [ 91.647412336659301, 25.025809320288147 ], [ 91.647277709969984, 25.025860494448942 ], [ 91.647149236607333, 25.025923445106208 ], [ 91.647028153812897, 25.025997566026877 ], [ 91.646915627660803, 25.026082143404341 ], [ 91.646812741828555, 25.026176362732137 ], [ 91.646720487161076, 25.026279316647265 ], [ 91.64663975212838, 25.026390013667886 ], [ 91.646571314268854, 25.02650738774096 ], [ 91.64651583270053, 25.026630308508189 ], [ 91.646473841772504, 25.026757592191284 ], [ 91.646445745917603, 25.026888012991819 ], [ 91.646431815756145, 25.027020314895758 ], [ 91.64643218548801, 25.027153223769293 ], [ 91.646446851598583, 25.027285459629123 ], [ 91.646475672890745, 25.02741574896941 ], [ 91.646518371843001, 25.027542837026381 ], [ 91.6465745372805, 25.027665499862582 ], [ 91.646643628333265, 25.027782556154548 ], [ 91.646724979643878, 25.027892878570039 ], [ 91.646817807774113, 25.027995404625493 ], [ 91.659317779539535, 25.040495494809999 ], [ 91.659427634404111, 25.040594474711551 ], [ 91.659548172684637, 25.040682532602641 ], [ 91.659678092362725, 25.040758717290778 ], [ 91.659815990074719, 25.040822205834488 ], [ 91.659960376271215, 25.040872312433418 ], [ 91.660109691307895, 25.040908495837023 ], [ 91.660262322293903, 25.040930365191681 ], [ 91.66041662051569, 25.040937684263184 ], [ 91.668750045407819, 25.04093768805307 ], [ 91.668895761307169, 25.040931162371919 ], [ 91.669040073409974, 25.040911656218636 ], [ 91.669181591867101, 25.040879357452322 ], [ 91.669318953736763, 25.040834577135833 ], [ 91.669450836112119, 25.04077774653971 ], [ 91.669575968862958, 25.040709412988456 ], [ 91.66969314686888, 25.040630234588836 ], [ 91.669801241626274, 25.040540973891353 ], [ 91.669899212116931, 25.040442490545697 ], [ 91.669986114833932, 25.040335733021074 ], [ 91.67006111286797, 25.040221729471121 ], [ 91.670123483966918, 25.040101577831482 ], [ 91.670172627490601, 25.03997643524529 ], [ 91.670208070194377, 25.039847506918651 ], [ 91.670229470785287, 25.039716034513226 ], [ 91.670236623207458, 25.03958328418798 ], [ 91.67022945862486, 25.03945053440502 ], [ 91.670208046082394, 25.039319063617203 ], [ 91.67017259183929, 25.039190137955877 ], [ 91.670123437380909, 25.039064999037606 ], [ 91.67006105612856, 25.038944852006914 ], [ 91.669986048878613, 25.038830853930627 ], [ 91.669899138015495, 25.038724102655223 ], [ 91.669801160553675, 25.038625626234602 ], [ 91.66969306007627, 25.038536373030173 ], [ 91.669575877647532, 25.038457202578314 ], [ 91.669450741786918, 25.038388877313459 ], [ 91.669318857601255, 25.038332055226117 ], [ 91.669181495179728, 25.038287283526895 ], [ 91.669039977363241, 25.038254993377141 ], [ 91.668895667006055, 25.03823549573724 ], [ 91.66874995385227, 25.03822897837231 ], [ 91.661073309746712, 25.038228998831194 ] ] ] } },
{ "type": "Feature", "properties": { "ARCID": 741972, "UP_CELLS": 4705, "buffer_m": 80 }, "geometry": { "type": "Polygon", "coordinates": [ [ [ 92.10660044712138, 25.08052761710881 ], [ 92.08600304827273, 25.059930265085328 ], [ 92.085944434224373, 25.059877436543452 ], [ 92.085880115143198, 25.059830437004987 ], [ 92.085810786308258, 25.059789774522713 ], [ 92.085737197150465, 25.059755888646933 ], [ 92.085660143151443, 25.059729145674243 ], [ 92.085580457244887, 25.059709834688185 ], [ 92.085499000813158, 25.059698164434479 ], [ 92.085416654376388, 25.059694261064678 ], [ 92.081600347854334, 25.059694266202328 ], [ 92.069336267369394, 25.04743021365676 ], [ 92.069277658788593, 25.047377394536078 ], [ 92.069213347275323, 25.047330403927958 ], [ 92.069144027914191, 25.047289749706302 ], [ 92.069070449912175, 25.047255871260873 ], [ 92.068993408501413, 25.047229134748601 ], [ 92.068913736344541, 25.047209829136325 ], [ 92.068832294535667, 25.047198163077844 ], [ 92.068749963294209, 25.047194262658916 ], [ 92.05660025147678, 25.047194279051617 ], [ 92.027669442204513, 25.018263535925438 ], [ 92.027614290539006, 25.018213532009753 ], [ 92.027554025532055, 25.018168694562643 ], [ 92.027489227566406, 25.01812945538741 ], [ 92.027420520677239, 25.018096192373193 ], [ 92.027348566542472, 25.018069225855921 ], [ 92.027274058110748, 25.018048815533483 ], [ 92.027197712928327, 25.018035157964874 ], [ 92.027120266229062, 25.018028384677361 ], [ 92.027042463854258, 25.018028560899904 ], [ 92.026965055070178, 25.018035684935004 ], [ 92.026888785352838, 25.018049688175111 ], [ 92.026814389209051, 25.018070435763271 ], [ 92.026742583103257, 25.018097727891824 ], [ 92.026674058557973, 25.018131301726545 ], [ 92.026609475494453, 25.018170833937731 ], [ 92.026549455877543, 25.018215943813864 ], [ 92.026494577726055, 25.018266196927861 ], [ 92.026445369546224, 25.018321109320642 ], [ 92.026402305241888, 25.018380152161676 ], [ 92.026365799550518, 25.018442756841687 ], [ 92.026336204048889, 25.018508320448476 ], [ 92.026313803766811, 25.018576211573077 ], [ 92.026298814441944, 25.018645776390414 ], [ 92.026291380441677, 25.018716344955855 ], [ 92.02629157337222, 25.018787237657044 ], [ 92.026299391388704, 25.018857771758878 ], [ 92.026314759212241, 25.018927267978619 ], [ 92.026337528854555, 25.018995057027769 ], [ 92.026367481042627, 25.019060486057775 ], [ 92.026404327330042, 25.019122924947411 ], [ 92.0264477128745, 25.019181772371351 ], [ 92.026497219854861, 25.019236461591468 ], [ 92.055663854722198, 25.048403240730405 ], [ 92.055722452519703, 25.0484560280252 ], [ 92.055786747727822, 25.048502990384957 ], [ 92.055856045976981, 25.048543620625018 ], [ 92.055929598863329, 25.048577479945894 ], [ 92.056006612031553, 25.048604202672394 ], [ 92.056086253753975, 25.048623500203036 ], [ 92.056167663913413, 25.048635164127116 ], [ 92.056249963292842, 25.048639068475595 ], [ 92.068399661854826, 25.048639084875383 ], [ 92.080663714481403, 25.060903165449119 ], [ 92.080722323169894, 25.060955971243835 ], [ 92.08078663307019, 25.06100295025951 ], [ 92.080855949361009, 25.061043594917574 ], [ 92.080929523127864, 25.06107746607762 ], [ 92.081006559454664, 25.061104197782278 ], [ 92.081086226012616, 25.06112350121133 ], [ 92.08116766205336, 25.06113516780243 ], [ 92.08124998770927, 25.061139071504556 ], [ 92.085066235208359, 25.061139076643677 ], [ 92.105663591308385, 25.081736479587768 ], [ 92.105722206302218, 25.081789286211762 ], [ 92.105786523454597, 25.081836266577941 ], [ 92.10585584790438, 25.081876913121281 ], [ 92.105929430690409, 25.08191078670535 ], [ 92.106006476843177, 25.081937521366861 ], [ 92.106086153973862, 25.081956828269668 ], [ 92.106167601267543, 25.081968498825443 ], [ 92.106249938783748, 25.081972406947347 ], [ 92.127083394408984, 25.081972410287818 ], [ 92.127161145145237, 25.08196892621871 ], [ 92.127238146500062, 25.081958518456922 ], [ 92.127313656895623, 25.081941287236265 ], [ 92.12738694911377, 25.081917398505272 ], [ 92.127457317299942, 25.081887082328933 ], [ 92.127524083761415, 25.081850630672943 ], [ 92.127586605494145, 25.081808394591686 ], [ 92.127644280375463, 25.081760780847258 ], [ 92.127696552963073, 25.081708247991855 ], [ 92.127742919844266, 25.081651301951499 ], [ 92.127782934484102, 25.081590491153413 ], [ 92.127816211525555, 25.081526401244194 ], [ 92.127842430500579, 25.081459649449467 ], [ 92.127861338916006, 25.081390878629534 ], [ 92.127872754684901, 25.08132075108805 ], [ 92.127876567879611, 25.081249942193626 ], [ 92.127872741790028, 25.081179133875569 ], [ 92.127861313276611, 25.081109008056444 ], [ 92.127842392414891, 25.08104024008486 ], [ 92.127816161434865, 25.080973492231518 ], [ 92.127782872965625, 25.080909407311264 ], [ 92.127742847601951, 25.080848602492598 ], [ 92.127696470816531, 25.08079166335412 ], [ 92.127644189247363, 25.080739138245345 ], [ 92.127586506396156, 25.080691533005954 ], [ 92.127523977779433, 25.080649306094529 ], [ 92.127457205578523, 25.080612864173588 ], [ 92.127386832840344, 25.080582558193381 ], [ 92.127313537284792, 25.080558680012285 ], [ 92.127238024778237, 25.080541459586247 ], [ 92.127161022535986, 25.080531062754282 ], [ 92.127083272119251, 25.08052758964152 ], [ 92.10660044712138, 25.08052761710881 ] ] ] } },
{ "type": "Feature", "properties": { "ARCID": 742066, "UP_CELLS": 1299, "buffer_m": 80 }, "geometry": { "type": "Polygon", "coordinates": [ [ [ 92.318399812907714, 25.018027561106461 ], [ 92.314583345472286, 25.018027557085709 ], [ 92.314501046681855, 25.018031458436877 ], [ 92.314419636875371, 25.018043122628068 ], [ 92.314339995562477, 25.018062423645063 ], [ 92.314262983147827, 25.018089152969242 ], [ 92.314189431636152, 25.018123021830238 ], [ 92.314120135644089, 25.018163664325506 ], [ 92.314055843815765, 25.018210641373233 ], [ 92.313997250735085, 25.018263445455688 ], [ 92.305899785355436, 25.026360896807414 ], [ 92.30208334547595, 25.026360892793836 ], [ 92.302001040334062, 25.026364794224502 ], [ 92.301919624265793, 25.02637645865271 ], [ 92.301839976869289, 25.026395760058666 ], [ 92.301762958635308, 25.026422489914626 ], [ 92.301689401651188, 25.026456359437606 ], [ 92.30162010061153, 25.026497002709267 ], [ 92.301555804232734, 25.026543980628961 ], [ 92.301497207164303, 25.026596785657514 ], [ 92.297566421087922, 25.030527564934115 ], [ 92.293750012144272, 25.030527560925353 ], [ 92.293672290937579, 25.030531038567172 ], [ 92.293595318100159, 25.03054144016059 ], [ 92.293519834909901, 25.030558665533995 ], [ 92.293446568299458, 25.030582548800151 ], [ 92.293376223856015, 25.030612859953646 ], [ 92.293309479026462, 25.030649307085859 ], [ 92.293246976593522, 25.030691539196031 ], [ 92.293189318485702, 25.030739149571385 ], [ 92.293137059980495, 25.0307916797038 ], [ 92.293090704356857, 25.030848623705253 ], [ 92.293050698048248, 25.030909433179598 ], [ 92.293017426343226, 25.03097352250365 ], [ 92.292991209674554, 25.031040274466928 ], [ 92.292972300533023, 25.031109046215462 ], [ 92.292960881035398, 25.031179175442755 ], [ 92.292957061170156, 25.031249986767993 ], [ 92.292960877737684, 25.031320798240252 ], [ 92.292972293995447, 25.03139092790607 ], [ 92.292991200011244, 25.031459700376999 ], [ 92.293017413721557, 25.031526453334024 ], [ 92.293050682684338, 25.03159054390618 ], [ 92.293090686509856, 25.031651354861864 ], [ 92.293137039945847, 25.031708300553294 ], [ 92.293189296587514, 25.031760832556778 ], [ 92.293246953176407, 25.031808444954599 ], [ 92.293309454447098, 25.031850679207466 ], [ 92.293376198474689, 25.031887128570723 ], [ 92.293446542471784, 25.031917442011782 ], [ 92.293519808979184, 25.031941327590889 ], [ 92.293595292390449, 25.031958555272922 ], [ 92.293672265747631, 25.031968959142869 ], [ 92.293749987742771, 25.031972439003773 ], [ 92.297916678811404, 25.031972439536812 ], [ 92.297998981355704, 25.031968536364136 ], [ 92.29808039469772, 25.031956871296426 ], [ 92.298160039370671, 25.031937570345136 ], [ 92.298237055014667, 25.031910842008244 ], [ 92.298310609671233, 25.031876975017816 ], [ 92.298379908770869, 25.031836335220898 ], [ 92.29844420371667, 25.031789361627244 ], [ 92.29850279997116, 25.031736561666744 ], [ 92.302433576493726, 25.0278057783432 ], [ 92.306250012143096, 25.027805774328744 ], [ 92.306332307946789, 25.027801871536351 ], [ 92.306413714709464, 25.027790207600979 ], [ 92.306493353122832, 25.027770908509325 ], [ 92.306570362980182, 25.027744182718546 ], [ 92.306643912468317, 25.027710318904493 ], [ 92.306713207152555, 25.02766968284352 ], [ 92.306777498558134, 25.027622713461376 ], [ 92.306836092254912, 25.027569918091991 ], [ 92.314933548932402, 25.019472447382434 ], [ 92.318750012139418, 25.019472443360804 ], [ 92.318832301594796, 25.019468540647971 ], [ 92.318913702098712, 25.019456876949054 ], [ 92.318993334431298, 25.019437578245217 ], [ 92.319070338471832, 25.01941085298451 ], [ 92.319143882489541, 25.019376989830246 ], [ 92.319213172127647, 25.019336354543018 ], [ 92.319277458983592, 25.019289386029854 ], [ 92.319336048692747, 25.019236591603324 ], [ 92.323502712835989, 25.01506990871237 ], [ 92.323552230597429, 25.015015223157121 ], [ 92.323595627466304, 25.014956378263623 ], [ 92.323632485511709, 25.014893940745889 ], [ 92.323662449777501, 25.014828511916416 ], [ 92.323685231700395, 25.014760721894952 ], [ 92.323700611888711, 25.014691223539966 ], [ 92.323708442234775, 25.014620686161152 ], [ 92.323708647340851, 25.01454978907346 ], [ 92.323701225244776, 25.014479215054919 ], [ 92.32368624743826, 25.014409643771057 ], [ 92.323663858178037, 25.014341745229402 ], [ 92.323634273096019, 25.014276173327026 ], [ 92.323597777122231, 25.014213559553273 ], [ 92.323554721740436, 25.014154506908277 ], [ 92.323505521602854, 25.014099584096023 ], [ 92.323450650536614, 25.014049320047491 ], [ 92.323390636980449, 25.014004198827102 ], [ 92.323326058895546, 25.013964654971041 ], [ 92.323257538199471, 25.013931069302728 ], [ 92.323185734777013, 25.013903765265475 ], [ 92.323111340125408, 25.013883005807706 ], [ 92.323035070695127, 25.013868990850838 ], [ 92.322957660990525, 25.013861855364038 ], [ 92.322879856496598, 25.013861668064497 ], [ 92.322802406500074, 25.013868430755707 ], [ 92.322726056873819, 25.013882078310115 ], [ 92.322651542894263, 25.013902479296249 ], [ 92.322579582160643, 25.013929437244467 ], [ 92.322510867684656, 25.013962692538939 ], [ 92.322446061216652, 25.0140019249177 ], [ 92.322385786873028, 25.014046756556798 ], [ 92.322330625125744, 25.014096755708728 ], [ 92.318399812907714, 25.018027561106461 ] ] ] } },
{ "type": "Feature", "properties": { "ARCID": 742132, "UP_CELLS": 7449, "buffer_m": 150 }, "geometry": { "type": "Polygon", "coordinates": [ [ [ 91.914583424456779, 25.009062205323783 ], [ 91.914437734656318, 25.009068719242251 ], [ 91.914293447013463, 25.009088214490138 ], [ 91.914151951052517, 25.009120503322077 ], [ 91.91401460941556, 25.009165274787303 ], [ 91.913882744740945, 25.00922209772402 ], [ 91.91375762692708, 25.009290424911242 ], [ 91.913640460903679, 25.009369598338271 ], [ 91.913532375028595, 25.009458855541006 ], [ 91.913434410221711, 25.009557336944169 ], [ 91.913347509940436, 25.009664094138703 ], [ 91.913272511093723, 25.009778099014657 ], [ 91.913210135981657, 25.009898253661667 ], [ 91.913160985338536, 25.010023400941762 ], [ 91.913125532546417, 25.010152335632487 ], [ 91.913104119074873, 25.010283816033404 ], [ 91.913096951190866, 25.010416575923841 ], [ 91.913104097970702, 25.010549336757059 ], [ 91.913125490632964, 25.010680819973189 ], [ 91.913160923199143, 25.010809759312476 ], [ 91.913210054475684, 25.010934913010253 ], [ 91.913272411338198, 25.011055075756111 ], [ 91.913347393286557, 25.011169090302143 ], [ 91.913434278226774, 25.011275858608503 ], [ 91.913532229424447, 25.011374352418727 ], [ 91.913640303562161, 25.011463623163195 ], [ 91.913757459824097, 25.011542811095165 ], [ 91.913882569919679, 25.011611153571351 ], [ 91.914014428950111, 25.011667992397438 ], [ 91.914151767012953, 25.01171278016751 ], [ 91.914293261433102, 25.011745085536571 ], [ 91.914437549502139, 25.011764597375141 ], [ 91.914583241603509, 25.011771127766099 ], [ 91.931250091130337, 25.011771133882817 ], [ 91.931395783901166, 25.011764603568814 ], [ 91.931540072655864, 25.011745091744466 ], [ 91.931681567770326, 25.011712786323848 ], [ 91.931818906527866, 25.011667998434184 ], [ 91.931950766244498, 25.011611159419271 ], [ 91.932075877008586, 25.011542816684859 ], [ 91.932193033911915, 25.011463628426327 ], [ 91.932301108654485, 25.011374357289199 ], [ 91.932399060411285, 25.011275863023709 ], [ 91.932485945856214, 25.011169094204146 ], [ 91.932560928246673, 25.011055079092809 ], [ 91.932623285481526, 25.010934915736467 ], [ 91.932672417054391, 25.010809761390835 ], [ 91.932707849835921, 25.010680821374947 ], [ 91.932729242628852, 25.010549337462709 ], [ 91.932736389452472, 25.010416575923518 ], [ 91.932729221524596, 25.010283815327117 ], [ 91.932707807922284, 25.010152334230106 ], [ 91.932672354914757, 25.010023398862799 ], [ 91.93262320397524, 25.009898250934882 ], [ 91.932560828490764, 25.009778095677405 ], [ 91.932485829201894, 25.009664090236196 ], [ 91.932398928415878, 25.009557332528502 ], [ 91.932300963049784, 25.009458850670107 ], [ 91.932192876569829, 25.009369593074762 ], [ 91.932075709905007, 25.009290419321221 ], [ 91.93195059142262, 25.009222091875841 ], [ 91.93181872606182, 25.009165268750348 ], [ 91.931681383730179, 25.00912049716559 ], [ 91.931539887074933, 25.009088208282137 ], [ 91.93139559874642, 25.009068713048524 ], [ 91.931249908276541, 25.009062199207058 ], [ 91.914583424456779, 25.009062205323783 ] ] ] } },
{ "type": "Feature", "properties": { "ARCID": 742133, "UP_CELLS": 1614, "buffer_m": 80 }, "geometry": { "type": "Polygon", "coordinates": [ [ [ 92.031836672148373, 25.109930334274921 ], [ 92.031778027523885, 25.109877489432012 ], [ 92.031713672465472, 25.109830475666719 ], [ 92.031644302956963, 25.109789801416287 ], [ 92.031570669209358, 25.109755906557808 ], [ 92.031493567547585, 25.10972915765127 ], [ 92.031413831798915, 25.109709843975594 ], [ 92.031332324275766, 25.109698174400304 ], [ 92.031249926450485, 25.109694275126866 ], [ 92.006600628265247, 25.109694308657314 ], [ 92.002669972197197, 25.105763661668156 ], [ 92.002611335969405, 25.105710823763097 ], [ 92.002546990870115, 25.105663815604299 ], [ 92.002477632617854, 25.105623145453254 ], [ 92.002404011131958, 25.105589253043078 ], [ 92.002326922424501, 25.105562504824263 ], [ 92.002247199993846, 25.10554319000277 ], [ 92.002165705813113, 25.105531517413212 ], [ 92.002083321010758, 25.105527613261035 ], [ 91.998267216237863, 25.105527618464386 ], [ 91.982322860575337, 25.089583387207625 ], [ 91.986003163162991, 25.085903047114748 ], [ 91.986049908104235, 25.085851729453854 ], [ 91.986091258264167, 25.085796705393289 ], [ 91.986126861375197, 25.085738443699857 ], [ 91.986156414132054, 25.085677440722165 ], [ 91.986179664775335, 25.08561421616189 ], [ 91.986196415236208, 25.085549308646272 ], [ 91.986206522823409, 25.08548327113925 ], [ 91.986209901438613, 25.085416666230618 ], [ 91.986209794036256, 25.068749996195123 ], [ 91.986206413958996, 25.068683380702836 ], [ 91.986196303738666, 25.068617332951195 ], [ 91.986179549544204, 25.068552415791906 ], [ 91.986156294163266, 25.068489182441006 ], [ 91.986126735784936, 25.068428171764463 ], [ 91.986091126310612, 25.068369903686129 ], [ 91.986049769206929, 25.0683148747571 ], [ 91.986003016919554, 25.068263553924254 ], [ 91.981836345624274, 25.064096903341369 ], [ 91.981781345552832, 25.064047036643395 ], [ 91.981721258221953, 25.064002304664321 ], [ 91.981656658930888, 25.063963135681171 ], [ 91.981588166175811, 25.063929904708704 ], [ 91.981516435728281, 25.063902929909183 ], [ 91.981442154356898, 25.063882469546275 ], [ 91.981366033252186, 25.063868719512541 ], [ 91.981288801217772, 25.063861811453979 ], [ 91.981211197692971, 25.06386181150971 ], [ 91.98113396567355, 25.063868719678801 ], [ 91.981057844598539, 25.063882469820257 ], [ 91.980983563270911, 25.063902930286275 ], [ 91.980911832880281, 25.063929905182654 ], [ 91.98084334019407, 25.063963136244197 ], [ 91.980778740982416, 25.064002305307341 ], [ 91.980718653739913, 25.064047037356215 ], [ 91.980663653764083, 25.064096904113004 ], [ 91.977083333847048, 25.067677233051423 ], [ 91.973503011032207, 25.064096904380428 ], [ 91.973444397836531, 25.064044086025774 ], [ 91.973380081052497, 25.06399709578648 ], [ 91.973310755806367, 25.063956441521228 ], [ 91.973237171352153, 25.063922562610465 ], [ 91.97316012297415, 25.063895825208018 ], [ 91.973080443391879, 25.063876518283909 ], [ 91.97299899376064, 25.063864850501446 ], [ 91.972916654364852, 25.063860947962176 ], [ 91.969100380385086, 25.063860953178885 ], [ 91.965376401152426, 25.060136991245866 ], [ 91.965376375958826, 25.056249997451552 ], [ 91.965372995671373, 25.056183375329702 ], [ 91.965362884573466, 25.056117321111692 ], [ 91.965346128859366, 25.056052397820686 ], [ 91.965322871359206, 25.055989158839385 ], [ 91.965293310321101, 25.055928143193153 ], [ 91.965257697721185, 25.055869870955718 ], [ 91.965216337115521, 25.055814838816264 ], [ 91.965169581052464, 25.055763515846028 ], [ 91.957042985641948, 25.047636979769642 ], [ 91.957042960463795, 25.043749997449247 ], [ 91.957039580057582, 25.043683370751282 ], [ 91.957029468608638, 25.043617312074936 ], [ 91.957012712326176, 25.043552384559526 ], [ 91.95698945406491, 25.043489141700512 ], [ 91.956959892107037, 25.043428122631113 ], [ 91.956924278471419, 25.043369847526353 ], [ 91.956882916765068, 25.043314813168795 ], [ 91.956836159594644, 25.043263488713638 ], [ 91.948709570356939, 25.03513695878809 ], [ 91.948709518226664, 25.027083330343626 ], [ 91.948706137621258, 25.027016697556959 ], [ 91.948696025670174, 25.026950632951632 ], [ 91.948679268602703, 25.026885699820664 ], [ 91.948656009306447, 25.026822451808822 ], [ 91.948626446108705, 25.026761428192035 ], [ 91.948590831085127, 25.026703149279413 ], [ 91.948549467910127, 25.026648111976971 ], [ 91.948502709267515, 25.026596785550996 ], [ 91.940169366619784, 25.018263484320379 ], [ 91.940110778366517, 25.018210684812878 ], [ 91.940046491874099, 25.018163711846835 ], [ 91.939977201666323, 25.018123072893257 ], [ 91.939903656322087, 25.018089206993256 ], [ 91.939826650388284, 25.018062480015104 ], [ 91.939747015796314, 25.018043180701817 ], [ 91.939665612874506, 25.018031517551858 ], [ 91.939583321054201, 25.018027616566805 ], [ 91.935766824649207, 25.018027621798687 ], [ 91.932042766106576, 25.014303580552678 ], [ 91.932042740969251, 25.010416664108611 ], [ 91.932038923203351, 25.010345858240839 ], [ 91.932027507686385, 25.010275734316366 ], [ 91.932008604368662, 25.010206967665617 ], [ 91.93198239531128, 25.010140220546663 ], [ 91.931949132932161, 25.010076135767346 ], [ 91.93190913757492, 25.01001533049487 ], [ 91.931862794423282, 25.009958390312271 ], [ 91.931810549791379, 25.009905863579153 ], [ 91.931752906825352, 25.009858256150867 ], [ 91.931690420657645, 25.009816026507096 ], [ 91.931623693060885, 25.009779581336648 ], [ 91.931553366652551, 25.009749271621054 ], [ 91.931480118706446, 25.009725389254633 ], [ 91.931404654630541, 25.009708164233583 ], [ 91.931327701173799, 25.00969776244111 ], [ 91.931249999427678, 25.009694284050042 ], [ 91.931172297689514, 25.009697762558197 ], [ 91.931095344256406, 25.009708164465753 ], [ 91.931019880219353, 25.009725389597964 ], [ 91.930946632326496, 25.009749272069769 ], [ 91.93087630598464, 25.009779581883297 ], [ 91.930809578466253, 25.009816027142719 ], [ 91.930747092387236, 25.009858256865254 ], [ 91.930689449518383, 25.009905864361077 ], [ 91.930637204990319, 25.009958391149755 ], [ 91.930590861947181, 25.01001533137552 ], [ 91.930550866701182, 25.010076136678567 ], [ 91.930517604434129, 25.010140221476 ], [ 91.930491395487792, 25.01020696860099 ], [ 91.930472492278469, 25.010275735246285 ], [ 91.930461076865726, 25.010345859154668 ], [ 91.930457259198604, 25.010416664996676 ], [ 91.930457232440588, 25.014583330774876 ], [ 91.930460611545541, 25.014649961871246 ], [ 91.930470721003118, 25.014716024908452 ], [ 91.930487474630439, 25.01478095663056 ], [ 91.930510729595653, 25.014844203426357 ], [ 91.930540287635381, 25.014905226049592 ], [ 91.930575896744728, 25.014963504216613 ], [ 91.930617253325707, 25.015018541042483 ], [ 91.930664004775494, 25.015069867277546 ], [ 91.934830666773891, 25.019236549990787 ], [ 91.934889251539232, 25.019289340087823 ], [ 91.934953532991841, 25.019336304757768 ], [ 91.935022816824713, 25.019376936728154 ], [ 91.935096354696995, 25.019410797126376 ], [ 91.935173352317136, 25.019437520220254 ], [ 91.935252978022334, 25.019456817368532 ], [ 91.935334371761869, 25.019468480138741 ], [ 91.935416654387069, 25.019472382558632 ], [ 91.93923314740583, 25.019472387791346 ], [ 91.947123813832903, 25.027363090863364 ], [ 91.947123761702159, 25.035416663676177 ], [ 91.947127140359726, 25.035483285157586 ], [ 91.947137248575316, 25.035549338831721 ], [ 91.947154000201891, 25.035614261687275 ], [ 91.947177252466417, 25.035677500350648 ], [ 91.947206807186561, 25.03573851580267 ], [ 91.947242412459502, 25.035796787973087 ], [ 91.947283764808802, 25.03585182017348 ], [ 91.947330511770872, 25.035903143330934 ], [ 91.955457038072566, 25.044029728953443 ], [ 91.955457012894314, 25.047916664115526 ], [ 91.955460391471462, 25.047983280960818 ], [ 91.955470499361851, 25.048049330114395 ], [ 91.955487250433293, 25.048114248682566 ], [ 91.955510501937624, 25.048177483406018 ], [ 91.955540055726772, 25.048238495374889 ], [ 91.955575659941275, 25.048296764621693 ], [ 91.95561701115632, 25.048351794552687 ], [ 91.955663756967567, 25.048403116180221 ], [ 91.963790289240436, 25.056529707795892 ], [ 91.963790264046693, 25.060416664117827 ], [ 91.963793642718215, 25.060483278481048 ], [ 91.963803750892907, 25.060549325216691 ], [ 91.963820502442744, 25.060614241494278 ], [ 91.963843754626225, 25.060677474115906 ], [ 91.96387330930456, 25.060738484230452 ], [ 91.963908914629741, 25.060796751925583 ], [ 91.963950267190526, 25.060851780658393 ], [ 91.963997014597737, 25.060903101486936 ], [ 91.968163676616086, 25.065069784233401 ], [ 91.968222286695678, 25.065122595807825 ], [ 91.968286599258036, 25.065169580162344 ], [ 91.968355919346308, 25.065210229582629 ], [ 91.968429497889844, 25.06524410480927 ], [ 91.968506539798753, 25.065270839784631 ], [ 91.968586212555962, 25.065290145608675 ], [ 91.968667655213764, 25.065301813661065 ], [ 91.96874998769772, 25.065305717855566 ], [ 91.972566269338856, 25.065305723072985 ], [ 91.976496979710006, 25.06923644254039 ], [ 91.976551981044409, 25.069286306325242 ], [ 91.976612069459165, 25.069331035656443 ], [ 91.976676669682931, 25.069370202302469 ], [ 91.976745163247145, 25.069403431287583 ], [ 91.976816894407278, 25.069430404481981 ], [ 91.976891176420921, 25.069450863647639 ], [ 91.976967298122872, 25.069464612910842 ], [ 91.977044530734034, 25.069471520637485 ], [ 91.977122134838908, 25.069471520693451 ], [ 91.977199367465147, 25.06946461307777 ], [ 91.977275489196913, 25.069450863922722 ], [ 91.977349771254495, 25.06943040486059 ], [ 91.977421502471742, 25.069403431763433 ], [ 91.977489996105106, 25.069370202867756 ], [ 91.977554596408609, 25.069331036302039 ], [ 91.977614684912098, 25.069286307040926 ], [ 91.977669686342509, 25.06923644331513 ], [ 91.981250000511665, 25.06565613816603 ], [ 91.984623538359202, 25.069029678349004 ], [ 91.984623434561072, 25.08513703305578 ], [ 91.980663506013073, 25.089096934368964 ], [ 91.980613830270244, 25.089151806157034 ], [ 91.980570319825873, 25.089210860035934 ], [ 91.980533396360897, 25.089273523697628 ], [ 91.980503417721664, 25.089339189849831 ], [ 91.98048067445167, 25.089407222101293 ], [ 91.980465386975382, 25.089476961129137 ], [ 91.980457703461639, 25.089547731068485 ], [ 91.980457698387255, 25.089618846062407 ], [ 91.980465371814674, 25.08968961690875 ], [ 91.980480649390884, 25.089759357739464 ], [ 91.9805033830675, 25.089827392667644 ], [ 91.980533352535048, 25.08989306233784 ], [ 91.980570267357677, 25.089955730316273 ], [ 91.980613769787453, 25.090014789258923 ], [ 91.980663438231204, 25.090069666797685 ], [ 91.997330086351923, 25.106736397885289 ], [ 91.99738871833695, 25.106789221022968 ], [ 91.997453056728418, 25.106836215975132 ], [ 91.997522406121774, 25.106876874789755 ], [ 91.997596016947824, 25.106910757999312 ], [ 91.997673093574889, 25.106937499371099 ], [ 91.997752802908664, 25.106956809865871 ], [ 91.997834283397196, 25.10696848076218 ], [ 91.997916654343641, 25.106972385912503 ], [ 92.001732733465161, 25.106972391116944 ], [ 92.005663351884365, 25.110903018615232 ], [ 92.005721981665872, 25.110955847114791 ], [ 92.005786318750694, 25.111002847724205 ], [ 92.005855667731296, 25.111043512417801 ], [ 92.005929279024571, 25.111077401653716 ], [ 92.006006356974211, 25.111104149125119 ], [ 92.006086068451111, 25.111123465719722 ], [ 92.00616755185905, 25.111135142645036 ], [ 92.006249926447936, 25.111139053685257 ], [ 92.030899402216178, 25.111139087226714 ], [ 92.034829985298984, 25.115069679350889 ], [ 92.034885168636535, 25.115119693523923 ], [ 92.034945470657689, 25.115164542243619 ], [ 92.03501031061883, 25.115203793586439 ], [ 92.03507906407097, 25.115237069534906 ], [ 92.035151068873787, 25.115264049618339 ], [ 92.035225631572615, 25.115284473999353 ], [ 92.035302034077148, 25.115298145976425 ], [ 92.035379540577509, 25.115304933878335 ], [ 92.035457404630847, 25.115304772332369 ], [ 92.03553487635061, 25.115297662893944 ], [ 92.035611209628797, 25.115283674031634 ], [ 92.035685669321907, 25.115262940467733 ], [ 92.035757538331239, 25.115235661880789 ], [ 92.035826124509356, 25.115202100982415 ], [ 92.035890767326251, 25.115162580987096 ], [ 92.035950844230911, 25.115117482499318 ], [ 92.036005776646903, 25.115067239847864 ], [ 92.03605503554472, 25.115012336902851 ], [ 92.036098146536446, 25.114953302415504 ], [ 92.036134694444343, 25.114890704925791 ], [ 92.03616432729909, 25.114825147286872 ], [ 92.036186759729148, 25.114757260859061 ], [ 92.036201775708705, 25.114687699429361 ], [ 92.036209230637709, 25.114617132914955 ], [ 92.036209052733923, 25.114546240911469 ], [ 92.036201243723852, 25.114475706148006 ], [ 92.03618587882552, 25.114406207912097 ], [ 92.036163106023594, 25.114338415507845 ], [ 92.036133144643784, 25.11427298181016 ], [ 92.036096283240099, 25.114210536977438 ], [ 92.036052876815631, 25.11415168238284 ], [ 92.03600334340338, 25.114096984822972 ], [ 92.031836672148373, 25.109930334274921 ] ] ] } },
{ "type": "Feature", "properties": { "ARCID": 742198, "UP_CELLS": 32022, "buffer_m": 150 }, "geometry": { "type": "Polygon", "coordinates": [ [ [ 91.604763668130829, 25.01822552619851 ], [ 91.601426775705619, 25.021562393829612 ], [ 91.577083470168319, 25.021562351757709 ], [ 91.576937780905794, 25.021568860897691 ], [ 91.576793493358096, 25.021588350002315 ], [ 91.57665199704843, 25.021620631384888 ], [ 91.576514654621946, 25.021665394165989 ], [ 91.57638278872426, 25.021722207267086 ], [ 91.576257669265118, 25.021790523561613 ], [ 91.576140501189585, 25.021869685143564 ], [ 91.576032412874781, 25.021958929662805 ], [ 91.575934445263513, 25.022057397666163 ], [ 91.575847541839735, 25.022164140873681 ], [ 91.575772539542115, 25.022278131310287 ], [ 91.575710160703522, 25.022398271204914 ], [ 91.575661006093767, 25.022523403561959 ], [ 91.575625549132795, 25.022652323303095 ], [ 91.575604131330095, 25.022783788872282 ], [ 91.575596958994197, 25.022916534192152 ], [ 91.575604101244295, 25.023049280856778 ], [ 91.575625489342642, 25.02318075044321 ], [ 91.575660917354909, 25.023309676823423 ], [ 91.57571004413164, 25.023434818357959 ], [ 91.575772396592171, 25.023554969853915 ], [ 91.575847374279149, 25.023668974172036 ], [ 91.575934255140183, 25.023775733371167 ], [ 91.576032202480604, 25.023874219282686 ], [ 91.576140273020712, 25.02396348341308 ], [ 91.576257425979861, 25.024042666079232 ], [ 91.576382533099789, 25.024111004688429 ], [ 91.576514389510791, 25.024167841083322 ], [ 91.576651725336063, 25.02421262788112 ], [ 91.576793217922344, 25.024244933745784 ], [ 91.576937504579107, 25.024264447542656 ], [ 91.577083195703537, 25.02427098133526 ], [ 91.602083470179068, 25.024270993346562 ], [ 91.602237728240041, 25.024263667396614 ], [ 91.602390318884446, 25.024241794470441 ], [ 91.602539594170025, 25.024205610788087 ], [ 91.602683941962525, 25.024155507122185 ], [ 91.602821803347965, 25.024092024577495 ], [ 91.60295168946972, 25.024015848746558 ], [ 91.603072197608881, 25.023927802304996 ], [ 91.603182026333855, 25.023828836126114 ], [ 91.607348689913593, 25.019662138875706 ], [ 91.607436338624296, 25.019565913028053 ], [ 91.607513872970983, 25.019462731077084 ], [ 91.607580631944728, 25.019353472719885 ], [ 91.607636046408814, 25.019239069456951 ], [ 91.607679643950277, 25.01912049665016 ], [ 91.60771105290668, 25.018998765206767 ], [ 91.607730005533682, 25.01887491296057 ], [ 91.607736340286564, 25.018749995823459 ], [ 91.607736189757219, 25.006249989313691 ], [ 91.607729031401064, 25.006117241607356 ], [ 91.607707629198856, 25.005985772505767 ], [ 91.607672189310193, 25.005856848124157 ], [ 91.607623053082193, 25.005731710066829 ], [ 91.607560693760547, 25.005611563470129 ], [ 91.60748571193048, 25.005497565396777 ], [ 91.607398829731636, 25.005390813693275 ], [ 91.607300883902525, 25.005292336417728 ], [ 91.607192817721739, 25.005203081939797 ], [ 91.607075671923283, 25.005123909808159 ], [ 91.606950574674002, 25.005055582473418 ], [ 91.606818730709008, 25.004998757946012 ], [ 91.606681409730257, 25.004953983460013 ], [ 91.606539934179651, 25.004921690203545 ], [ 91.60639566650454, 25.004902189166863 ], [ 91.606249996038073, 25.004895668147697 ], [ 91.606104325620933, 25.004902189943046 ], [ 91.605960058092819, 25.004921691744464 ], [ 91.605818582784238, 25.004953985743047 ], [ 91.60568126213812, 25.004998760937902 ], [ 91.6055494185904, 25.005055586130961 ], [ 91.605424321835656, 25.005123914079238 ], [ 91.605307176600363, 25.005203086764492 ], [ 91.605199111041756, 25.005292341729653 ], [ 91.605101165883497, 25.005390819420935 ], [ 91.605014284393405, 25.005497571465085 ], [ 91.60493930329892, 25.005611569801868 ], [ 91.604876944728773, 25.005731716584119 ], [ 91.604827809257571, 25.005856854749862 ], [ 91.604792370120961, 25.005985779164781 ], [ 91.604770968656737, 25.006117248227774 ], [ 91.604763811016113, 25.006249995827787 ], [ 91.604763668130829, 25.01822552619851 ] ] ] } },
{ "type": "Feature", "properties": { "ARCID": 742199, "UP_CELLS": 5755, "buffer_m": 150 }, "geometry": { "type": "Polygon", "coordinates": [ [ [ 92.023573203392672, 25.017395509615749 ], [ 92.015682054866758, 25.009504395000405 ], [ 92.015572206065727, 25.009405399779066 ], [ 92.015451674605799, 25.009317329359835 ], [ 92.015321762593999, 25.009241135154706 ], [ 92.015183873465801, 25.009177640276661 ], [ 92.015039496824571, 25.009127530648446 ], [ 92.014890192350435, 25.009091347593404 ], [ 92.014737572952654, 25.009069481988178 ], [ 92.014583287347079, 25.009062170040664 ], [ 92.006906489306886, 25.00906218957536 ], [ 92.003181973881198, 25.005337690184749 ], [ 92.003072128213631, 25.005238702089226 ], [ 92.002951601371393, 25.005150638473182 ], [ 92.002821695333253, 25.005074450617808 ], [ 92.002683813385687, 25.005010961517907 ], [ 92.002539444964782, 25.004960856992525 ], [ 92.002390149567987, 25.004924678277245 ], [ 92.002237539909387, 25.004902816178287 ], [ 92.002083264500385, 25.004895506851437 ], [ 91.989583401606893, 25.004895511128758 ], [ 91.9894291264836, 25.004902820557831 ], [ 91.98927651713592, 25.004924682748683 ], [ 91.989127222075325, 25.004960861540656 ], [ 91.988982854014864, 25.005010966122658 ], [ 91.988844972449925, 25.00507445525443 ], [ 91.988715066813612, 25.005150643112675 ], [ 91.988594540388547, 25.005238706698854 ], [ 91.988484695148927, 25.005337694728709 ], [ 91.984760080205191, 25.009062298333408 ], [ 91.931250296831905, 25.009062199231415 ], [ 91.931104605385556, 25.009068694805372 ], [ 91.930960314131497, 25.009088171944121 ], [ 91.930818812628843, 25.0091204430767 ], [ 91.930681463573023, 25.009165197422806 ], [ 91.930549589673873, 25.009222003985538 ], [ 91.930424460918616, 25.009290315701602 ], [ 91.930307282342397, 25.009369474709313 ], [ 91.93019918242392, 25.009458718683437 ], [ 91.930101202218353, 25.0095571881761 ], [ 91.930014285331424, 25.009663934892934 ], [ 91.929939268832001, 25.009777930824889 ], [ 91.929876875190203, 25.009898078147742 ], [ 91.929827705318786, 25.010023219794029 ], [ 91.929792232785005, 25.010152150595552 ], [ 91.929770799248502, 25.010283628889301 ], [ 91.929763611169562, 25.010416388474894 ], [ 91.929770737818927, 25.010549150808504 ], [ 91.929792110609057, 25.01068063731578 ], [ 91.929827523752834, 25.010809581705274 ], [ 91.929876636243733, 25.010934742163652 ], [ 91.929938975138256, 25.011054913315387 ], [ 91.930013940109333, 25.011168937831616 ], [ 91.93010080922646, 25.011275717576453 ], [ 91.930198745907589, 25.011374224183278 ], [ 91.930306806975111, 25.011463508959245 ], [ 91.930423951739058, 25.011542712022457 ], [ 91.930549052019586, 25.011611070583935 ], [ 91.930680903012401, 25.011667926294443 ], [ 91.930818234892456, 25.011712731585487 ], [ 91.93095972504419, 25.011745054943333 ], [ 91.931104010800269, 25.011764585065301 ], [ 91.931249702566447, 25.011771133858179 ], [ 91.985416963522923, 25.011771153083973 ], [ 91.985571193726955, 25.011763813919771 ], [ 91.985723755719633, 25.011741931739987 ], [ 91.985873002496007, 25.011705742775185 ], [ 91.986017322844162, 25.011655637706735 ], [ 91.986155158740743, 25.011592157448835 ], [ 91.986285022172069, 25.011515987308574 ], [ 91.986405511199237, 25.01142794958696 ], [ 91.986515325093436, 25.011328994701056 ], [ 91.990239793459295, 25.007604514998445 ], [ 92.001426871709981, 25.007604518826469 ], [ 92.005151334685252, 25.011328997839467 ], [ 92.00526117254141, 25.011427972544954 ], [ 92.005381689717154, 25.011516025386527 ], [ 92.005511584650989, 25.011592205394098 ], [ 92.005649454493394, 25.011655689822142 ], [ 92.005793810258083, 25.011705793036057 ], [ 92.005943092904076, 25.011741973917751 ], [ 92.00609569017449, 25.011763841710291 ], [ 92.006249954010471, 25.011771160238577 ], [ 92.013926802396639, 25.011771179778084 ], [ 92.021817911835242, 25.019662323137805 ], [ 92.021927760019011, 25.019761302169272 ], [ 92.022048289048882, 25.019849358690344 ], [ 92.022178197153494, 25.019925541631427 ], [ 92.022316081252868, 25.019989028163597 ], [ 92.022460452113179, 25.020039132586444 ], [ 92.022609750432338, 25.020075313734836 ], [ 92.022762363682816, 25.020097180824415 ], [ 92.02291664352957, 25.020104497672861 ], [ 92.027083355927388, 25.020104499056941 ], [ 92.027229062450573, 25.020097974708879 ], [ 92.027373365484479, 25.020078468486457 ], [ 92.027514875267499, 25.02004616824993 ], [ 92.027652228941719, 25.020001385076743 ], [ 92.027784103679608, 25.01994455026534 ], [ 92.027909229424964, 25.019876211181106 ], [ 92.028026401125373, 25.019797025984317 ], [ 92.028134490338516, 25.019707757291076 ], [ 92.028232456100142, 25.019609264828087 ], [ 92.028319354949389, 25.019502497152288 ], [ 92.028394350014793, 25.01938848251492 ], [ 92.028456719073205, 25.019268318958126 ], [ 92.028505861504556, 25.019143163739468 ], [ 92.02854130407502, 25.0190142221863 ], [ 92.02856270549313, 25.018882736087217 ], [ 92.028569859695196, 25.018749971732539 ], [ 92.028562697828008, 25.018617207718993 ], [ 92.028541288910247, 25.018485722635948 ], [ 92.028505839166002, 25.018356782752001 ], [ 92.028456690037018, 25.018231629820171 ], [ 92.028394314892822, 25.018111469119617 ], [ 92.028319314470579, 25.017997457848494 ], [ 92.028232411088382, 25.017890693980124 ], [ 92.028134441688138, 25.017792205689567 ], [ 92.02802634977472, 25.017702941452519 ], [ 92.027909176329402, 25.017623760911679 ], [ 92.027784049784572, 25.017555426598811 ], [ 92.027652175156902, 25.017498596591846 ], [ 92.027514822443109, 25.01745381817798 ], [ 92.027373314390275, 25.017421522583643 ], [ 92.027229013758429, 25.017402020822132 ], [ 92.027083310197895, 25.017395500698736 ], [ 92.023573203392672, 25.017395509615749 ] ] ] } },
{ "type": "Feature", "properties": { "ARCID": 742200, "UP_CELLS": 1135, "buffer_m": 80 }, "geometry": { "type": "Polygon", "coordinates": [ [ [ 92.322330664061539, 25.014096716774073 ], [ 92.322281141772436, 25.014151398635484 ], [ 92.322237739870999, 25.014210240260997 ], [ 92.322200876345931, 25.014272674979122 ], [ 92.322170906220094, 25.01433810151444 ], [ 92.322148118131167, 25.014405889778008 ], [ 92.322132731551619, 25.014475386935331 ], [ 92.322124894674531, 25.014545923693305 ], [ 92.3221246829861, 25.014616820745843 ], [ 92.32213209853812, 25.014687395315871 ], [ 92.322147069927652, 25.014756967730875 ], [ 92.322169452984284, 25.014824867968485 ], [ 92.322199032158053, 25.014890442109305 ], [ 92.322235522594852, 25.014953058634575 ], [ 92.322278572879426, 25.015012114508217 ], [ 92.322327768419356, 25.015067040984587 ], [ 92.322382635437606, 25.015117309086001 ], [ 92.322442645535205, 25.015162434697288 ], [ 92.322507220779883, 25.015201983228334 ], [ 92.322575739272082, 25.015235573799622 ], [ 92.322647541134316, 25.015262882910541 ], [ 92.322721934866365, 25.015283647555059 ], [ 92.322798204005281, 25.015297667754783 ], [ 92.322875614025591, 25.015304808484991 ], [ 92.322953419413707, 25.015305000975118 ], [ 92.323030870848129, 25.015298243371046 ], [ 92.323107222416283, 25.015284600753059 ], [ 92.323181738798567, 25.015264204508984 ], [ 92.323253702350428, 25.015237251068804 ], [ 92.323322420013952, 25.015204000012819 ], [ 92.323387229992932, 25.015164771571559 ], [ 92.323447508126463, 25.015119943541698 ], [ 92.323502673900251, 25.01506994764733 ], [ 92.331836002177226, 25.006736581875238 ], [ 92.331885517258726, 25.006681896627271 ], [ 92.33192891189718, 25.006623051975541 ], [ 92.331965768183139, 25.006560614631752 ], [ 92.331995731177429, 25.006495185906697 ], [ 92.332018512329014, 25.006427395919122 ], [ 92.332033892253605, 25.006357897527185 ], [ 92.332041722846114, 25.006287360040901 ], [ 92.332041928706374, 25.006216462776287 ], [ 92.332034507864975, 25.006145888513036 ], [ 92.332019531801549, 25.006076316919049 ], [ 92.331997144756045, 25.006008418004843 ], [ 92.331967562338988, 25.005942845671068 ], [ 92.331931069454768, 25.005880231411211 ], [ 92.33188801755739, 25.005821178230118 ], [ 92.331838821265507, 25.005766254836903 ], [ 92.331783954369186, 25.005715990168174 ], [ 92.331723945267044, 25.005670868294299 ], [ 92.331659371877322, 25.005631323757783 ], [ 92.33159085607241, 25.005597737388598 ], [ 92.331519057689974, 25.005570432636787 ], [ 92.331444668178705, 25.005549672457679 ], [ 92.331368403939578, 25.005535656779642 ], [ 92.331290999426969, 25.005528520578789 ], [ 92.331213200075851, 25.005528332579196 ], [ 92.331135755123455, 25.005535094591103 ], [ 92.331059410394076, 25.00554874149347 ], [ 92.330984901116977, 25.005569141861141 ], [ 92.330912944846105, 25.005596099230438 ], [ 92.330844234550213, 25.005629353991068 ], [ 92.330779431939391, 25.005668585886244 ], [ 92.330719161092901, 25.005713417096647 ], [ 92.330664002448998, 25.005763415878917 ], [ 92.322330664061539, 25.014096716774073 ] ] ] } },
{ "type": "Feature", "properties": { "ARCID": 742274, "UP_CELLS": 31712, "buffer_m": 150 }, "geometry": { "type": "Polygon", "coordinates": [ [ [ 91.632348642729156, 25.009504544356211 ], [ 91.632238807127763, 25.009405552349683 ], [ 91.632118288794516, 25.009317484299899 ], [ 91.631988389790678, 25.009241291662736 ], [ 91.631850513514593, 25.009177797594237 ], [ 91.631706149540378, 25.009127688058243 ], [ 91.631556857525993, 25.009091504416215 ], [ 91.63140425036454, 25.009069637579213 ], [ 91.631249976760586, 25.009062323785095 ], [ 91.627739739452707, 25.009062333174342 ], [ 91.624015182561777, 25.005337793215141 ], [ 91.623905353585855, 25.00523881984104 ], [ 91.623784845396159, 25.005150768865143 ], [ 91.623654959673829, 25.005074591361243 ], [ 91.623517099382155, 25.005011110150861 ], [ 91.623372753613154, 25.004961010916414 ], [ 91.623223481504084, 25.004924834795606 ], [ 91.623070895397902, 25.004902972537021 ], [ 91.622916643429193, 25.004895660279967 ], [ 91.61940636691179, 25.004895669678042 ], [ 91.615681791880718, 25.001171111594722 ], [ 91.615571967443117, 25.001072142086624 ], [ 91.615451464800302, 25.00098409464837 ], [ 91.615321585520121, 25.0009079202765 ], [ 91.615183732438737, 25.000844441724944 ], [ 91.615039394509196, 25.000794344619262 ], [ 91.614890130720127, 25.000758170051959 ], [ 91.61473755325845, 25.000736308738784 ], [ 91.614583310097785, 25.000728996799136 ], [ 91.61041668913002, 25.00072899876918 ], [ 91.61026244591541, 25.000736310871307 ], [ 91.610109868439437, 25.000758172375033 ], [ 91.609960604680595, 25.000794347153505 ], [ 91.609816266829142, 25.000844444483125 ], [ 91.609678413875386, 25.00090792326337 ], [ 91.609548534772514, 25.00098409786079 ], [ 91.609428032355481, 25.001072145513923 ], [ 91.609318208189606, 25.001171115219204 ], [ 91.605151538445057, 25.005337751325278 ], [ 91.60505870651069, 25.005440259584208 ], [ 91.604977347155639, 25.005550566069875 ], [ 91.604908243930325, 25.005667608490405 ], [ 91.604852062360109, 25.005790259681604 ], [ 91.604809343535052, 25.005917338461529 ], [ 91.604780498897668, 25.006047621005273 ], [ 91.604765806279175, 25.006179852630552 ], [ 91.60476540722216, 25.006312759880622 ], [ 91.604779305615764, 25.006445062788121 ], [ 91.604807367656463, 25.006575487201758 ], [ 91.604849323134914, 25.006702777057203 ], [ 91.604904768036533, 25.00682570647384 ], [ 91.604973168430874, 25.006943091561116 ], [ 91.605053865612334, 25.00705380182049 ], [ 91.605146082442801, 25.00715677103339 ], [ 91.605248930835174, 25.007251007530197 ], [ 91.605361420305627, 25.007335603741307 ], [ 91.605482467512502, 25.007409744938332 ], [ 91.605610906689677, 25.007472717081146 ], [ 91.605745500874107, 25.007523913695277 ], [ 91.605884953819427, 25.007562841713277 ], [ 91.606027922480621, 25.007589126223827 ], [ 91.606173029949758, 25.007602514082908 ], [ 91.606318878717914, 25.007602876352017 ], [ 91.60646406413575, 25.007590209540204 ], [ 91.606607187942686, 25.007564635637742 ], [ 91.606746871734771, 25.007526400941252 ], [ 91.606881770241145, 25.007475873681464 ], [ 91.60701058428117, 25.007413540476602 ], [ 91.607132073277654, 25.007340001645495 ], [ 91.607245067205255, 25.007255965425529 ], [ 91.607348477859361, 25.007162241151249 ], [ 91.611073032838419, 25.003437675716153 ], [ 91.61392696700257, 25.003437677065502 ], [ 91.61765151581973, 25.007162242834362 ], [ 91.61776133885769, 25.007261204284504 ], [ 91.617881839381553, 25.007349245009795 ], [ 91.618011716014948, 25.007425414174239 ], [ 91.618149566111668, 25.007488889152061 ], [ 91.618293900904533, 25.007538984412744 ], [ 91.618443161585049, 25.007575158925508 ], [ 91.618595736139639, 25.007597022003036 ], [ 91.618749976760867, 25.007604337521357 ], [ 91.622260261117617, 25.007604346921021 ], [ 91.625984791817032, 25.011328894556144 ], [ 91.626094619393015, 25.01142785986799 ], [ 91.626215125462878, 25.011515904126913 ], [ 91.626345008537015, 25.011592076419788 ], [ 91.626482865842107, 25.011655554053309 ], [ 91.626627208472115, 25.011705651440181 ], [ 91.626776477469946, 25.011741827504519 ], [ 91.626929060666114, 25.011763691526212 ], [ 91.62708331009226, 25.011771007361425 ], [ 91.630593493577933, 25.011771016752832 ], [ 91.646817970039393, 25.027995566888539 ], [ 91.646921397689553, 25.028089293909549 ], [ 91.647034410558902, 25.028173332942824 ], [ 91.647155920264609, 25.028246874625911 ], [ 91.647284756585876, 25.028309210692417 ], [ 91.647419678734451, 25.028359740793753 ], [ 91.647559387304995, 25.028397978281511 ], [ 91.647702536790362, 25.0284235548948 ], [ 91.647847748540869, 25.028436224307256 ], [ 91.647993624043139, 25.028435864499688 ], [ 91.648138758390246, 25.028422478935425 ], [ 91.648281753813549, 25.028396196527023 ], [ 91.648421233145626, 25.028357270394647 ], [ 91.648555853084915, 25.028306075428219 ], [ 91.648684317133899, 25.028243104676569 ], [ 91.648805388086373, 25.028168964598617 ], [ 91.648917899943569, 25.02808436922226 ], [ 91.649020769143931, 25.027990133267103 ], [ 91.649113004998981, 25.027887164297592 ], [ 91.649193719234162, 25.027776453981801 ], [ 91.649262134543164, 25.02765906854038 ], [ 91.649317592073245, 25.02753613847749 ], [ 91.649359557769316, 25.02740884769273 ], [ 91.649387627516077, 25.02727842207894 ], [ 91.649401531028374, 25.027146117715652 ], [ 91.649401134452631, 25.027013208772036 ], [ 91.649386441654158, 25.026880975235688 ], [ 91.649357594178213, 25.026750690585601 ], [ 91.649314869885046, 25.026623609527952 ], [ 91.649258680272325, 25.026500955912827 ], [ 91.6491895665106, 25.026383910948258 ], [ 91.649108194230379, 25.026273601825082 ], [ 91.649015347110534, 25.026171090862064 ], [ 91.632348642729156, 25.009504544356211 ] ] ] } },
{ "type": "Feature", "properties": { "ARCID": 742275, "UP_CELLS": 19309, "buffer_m": 150 }, "geometry": { "type": "Polygon", "coordinates": [ [ [ 91.680151451345111, 25.013671047116201 ], [ 91.680063777380667, 25.013767280955339 ], [ 91.679986219640952, 25.013870474295036 ], [ 91.679919439571606, 25.013979747091216 ], [ 91.679864006709863, 25.01409416745134 ], [ 91.679820393826745, 25.014212759581426 ], [ 91.679788972894329, 25.014334512107311 ], [ 91.67977001191241, 25.014458386699602 ], [ 91.679763672621817, 25.014583326928499 ], [ 91.679763622435502, 25.018749991539323 ], [ 91.67976995698497, 25.018874912561124 ], [ 91.679788909870396, 25.018998768685016 ], [ 91.679820319543808, 25.019120503955673 ], [ 91.67986391825292, 25.019239080496309 ], [ 91.679919334322676, 25.019353487357471 ], [ 91.679986095323045, 25.019462749136338 ], [ 91.680063632095766, 25.019565934293038 ], [ 91.680151283606094, 25.019662163093095 ], [ 91.683405753494313, 25.022916696905135 ], [ 91.680151239338628, 25.026171149298367 ], [ 91.680063578374941, 25.026267377423558 ], [ 91.679986032581056, 25.026370562333941 ], [ 91.67991926312088, 25.026479824296644 ], [ 91.679863839286327, 25.026594231765007 ], [ 91.679820233642857, 25.026712809320344 ], [ 91.679788817999679, 25.02683454598785 ], [ 91.679769860238636, 25.026958403855758 ], [ 91.679763522029091, 25.027083326924178 ], [ 91.679763478511958, 25.03072557369677 ], [ 91.671817771072583, 25.03867117991178 ], [ 91.671724924530906, 25.038773699535749 ], [ 91.671643554889016, 25.038884016360154 ], [ 91.671574445796551, 25.039001067993524 ], [ 91.671518262835519, 25.039123727182918 ], [ 91.671475547109509, 25.039250812669327 ], [ 91.671446710031304, 25.03938110056318 ], [ 91.671432029359451, 25.039513336130593 ], [ 91.671431646521597, 25.039646245876757 ], [ 91.671445565250764, 25.039778549810173 ], [ 91.671473651547657, 25.039908973769577 ], [ 91.671515634969339, 25.040036261694894 ], [ 91.67157111123214, 25.040159187724015 ], [ 91.671639546103563, 25.040276567998898 ], [ 91.671720280545927, 25.040387272067267 ], [ 91.671812537062223, 25.040490233770111 ], [ 91.671915427183009, 25.040584461510097 ], [ 91.672027960022533, 25.040669047801909 ], [ 91.672149051821293, 25.040743178012676 ], [ 91.672277536383589, 25.040806138208094 ], [ 91.672412176309194, 25.040857322028778 ], [ 91.672551674911048, 25.040896236530521 ], [ 91.672694688704325, 25.040922506932272 ], [ 91.672839840346313, 25.040935880225927 ], [ 91.672985731902614, 25.040936227613386 ], [ 91.673130958311674, 25.040923545747084 ], [ 91.673274120918109, 25.040897956762414 ], [ 91.673413840944292, 25.040859707101326 ], [ 91.673548772770388, 25.040809165138782 ], [ 91.673677616894892, 25.040746817634695 ], [ 91.673799132450938, 25.040673265045665 ], [ 91.673912149157474, 25.040589215741665 ], [ 91.674015578590598, 25.040495479183292 ], [ 91.682348905388878, 25.032162084678635 ], [ 91.682436548885121, 25.032065860500978 ], [ 91.682514078257228, 25.031962682065775 ], [ 91.682580832671604, 25.031853428863364 ], [ 91.682636243144799, 25.03173903216312 ], [ 91.682679837392897, 25.031620467074944 ], [ 91.682711243856261, 25.031498744237165 ], [ 91.682730194865684, 25.031374901201602 ], [ 91.682736528922717, 25.031249993589423 ], [ 91.682736485405229, 25.02760781566187 ], [ 91.686515440373896, 25.023828812559898 ], [ 91.686608585325118, 25.023725909387725 ], [ 91.686690169093595, 25.023615156992371 ], [ 91.686759400377497, 25.02349762963097 ], [ 91.686815607695621, 25.023374467272475 ], [ 91.686858245899359, 25.02324686453991 ], [ 91.686886901459175, 25.023116059122522 ], [ 91.686901296474147, 25.022983319770425 ], [ 91.686901291365842, 25.022849933987985 ], [ 91.68688688623034, 25.022717195545543 ], [ 91.686858220835575, 25.022586391930489 ], [ 91.686815573263843, 25.022458791859417 ], [ 91.686759357212864, 25.022335632972503 ], [ 91.68669011798157, 25.022218109829499 ], [ 91.686608527179757, 25.022107362323677 ], [ 91.686515376212725, 25.022004464626082 ], [ 91.68273637236004, 25.018225512852563 ], [ 91.682736334809249, 25.015107894855554 ], [ 91.694848555160036, 25.002995520339223 ], [ 91.694941377074045, 25.002893000639183 ], [ 91.695022725147624, 25.002782683384925 ], [ 91.695091815969803, 25.002665631011698 ], [ 91.695147984181858, 25.002542970816105 ], [ 91.695190688884153, 25.002415884098848 ], [ 91.695219518843984, 25.002285594787583 ], [ 91.695234196454734, 25.002153357649309 ], [ 91.695234580407671, 25.002020446205922 ], [ 91.695220667051075, 25.001888140469248 ], [ 91.695192590423787, 25.001757714613781 ], [ 91.695150620962423, 25.001630424705731 ], [ 91.695095162895342, 25.001507496606678 ], [ 91.695026750348219, 25.001390114168249 ], [ 91.694946042198737, 25.00127940783144 ], [ 91.694853815730198, 25.001176443740501 ], [ 91.694750959145125, 25.001082213476082 ], [ 91.694638463010961, 25.000997624506539 ], [ 91.694517410720266, 25.000923491449271 ], [ 91.69438896805724, 25.00086052822634 ], [ 91.69425437197134, 25.00080934118979 ], [ 91.694114918665505, 25.000770423282752 ], [ 91.693971951114349, 25.000744149292885 ], [ 91.693826846131927, 25.00073077224334 ], [ 91.693681001113887, 25.000730420956472 ], [ 91.693535820581474, 25.000743098813384 ], [ 91.693392702657007, 25.000768683721457 ], [ 91.693253025600967, 25.000806929290107 ], [ 91.693118134540256, 25.000857467203414 ], [ 91.692989328515381, 25.00091981076682 ], [ 91.6928678479713, 25.000993359593778 ], [ 91.692754862812322, 25.001077405387157 ], [ 91.692651461136094, 25.001171138759855 ], [ 91.680151451345111, 25.013671047116201 ] ] ] } },
{ "type": "Feature", "properties": { "ARCID": 742277, "UP_CELLS": 1024, "buffer_m": 80 }, "geometry": { "type": "Polygon", "coordinates": [ [ [ 92.368399852913996, 25.013860888070699 ], [ 92.364933503446736, 25.013860888469928 ], [ 92.361002682553121, 25.009930076128889 ], [ 92.360944089358938, 25.009877274613228 ], [ 92.360879798108741, 25.009830300527874 ], [ 92.360810503384585, 25.009789661361147 ], [ 92.360736953821586, 25.009755796161009 ], [ 92.360659944020156, 25.009729070792048 ], [ 92.360580305961776, 25.009709773982987 ], [ 92.360498900020929, 25.009698114207524 ], [ 92.360416605670423, 25.009694217432269 ], [ 92.339933501742024, 25.009694243964095 ], [ 92.336002651251178, 25.005763402057685 ], [ 92.335944065098431, 25.005710606363326 ], [ 92.335879782227352, 25.005663637016401 ], [ 92.335810496998334, 25.005623001358231 ], [ 92.335736957802666, 25.005589138316026 ], [ 92.335659958978809, 25.005562413661984 ], [ 92.335580332232567, 25.005543116062572 ], [ 92.335498937653881, 25.005531453960693 ], [ 92.335416654426837, 25.005527553324285 ], [ 92.331250012133296, 25.005527553829147 ], [ 92.331172306162458, 25.005531031505662 ], [ 92.331095348414195, 25.005541433201831 ], [ 92.331019880021103, 25.005558658745084 ], [ 92.330946627773358, 25.005582542246554 ], [ 92.330876297119872, 25.005612853698565 ], [ 92.330809565374707, 25.005649301189628 ], [ 92.330747075194651, 25.005691533715531 ], [ 92.330689428390187, 25.005739144559492 ], [ 92.330637180129997, 25.005791675208865 ], [ 92.330590833594343, 25.00584861977066 ], [ 92.330550835129245, 25.005909429843292 ], [ 92.330517569947673, 25.005973519797834 ], [ 92.330491358419579, 25.006040272417678 ], [ 92.330472452986257, 25.006109044842564 ], [ 92.330461035728746, 25.006179174759435 ], [ 92.330457216613937, 25.006249986780812 ], [ 92.330461032434982, 25.006320798949073 ], [ 92.330472446456497, 25.006390929304036 ], [ 92.330491348767836, 25.006459702450584 ], [ 92.330517557341082, 25.006526456063202 ], [ 92.330550819783653, 25.006590547264601 ], [ 92.330590815768588, 25.006651358817113 ], [ 92.330637160119139, 25.006708305067203 ], [ 92.330689406517934, 25.006760837585809 ], [ 92.330747051805204, 25.006808450450254 ], [ 92.330809540824305, 25.006850685116756 ], [ 92.330876271768318, 25.006887134836706 ], [ 92.330946601975882, 25.006917448574058 ], [ 92.331019854120555, 25.006941334386251 ], [ 92.331095322734228, 25.006958562235933 ], [ 92.331172281001486, 25.006968966206468 ], [ 92.331249987759705, 25.006972446099976 ], [ 92.335066521361753, 25.006972451055439 ], [ 92.338997339972153, 25.010903278250733 ], [ 92.339055920824563, 25.010956065440251 ], [ 92.339120197023874, 25.011003027909613 ], [ 92.339189474479525, 25.011043658526955 ], [ 92.339263005091681, 25.011077518535458 ], [ 92.339339994829913, 25.011104242291484 ], [ 92.33941961230795, 25.011123541213248 ], [ 92.33950099776186, 25.011135206897297 ], [ 92.339583272334863, 25.011139113369136 ], [ 92.360066519638565, 25.011139139909023 ], [ 92.363997308697648, 25.01506993752108 ], [ 92.364055896590443, 25.015122730526333 ], [ 92.364120181166868, 25.015169697729064 ], [ 92.36418946811483, 25.015210331850589 ], [ 92.364263009090749, 25.01524419401343 ], [ 92.364340009802419, 25.015270918481651 ], [ 92.364419638588089, 25.015290216611348 ], [ 92.364501035399442, 25.015301879968295 ], [ 92.364583321091118, 25.015305782579336 ], [ 92.368750012140964, 25.015305783058889 ], [ 92.368832293032753, 25.015301880925932 ], [ 92.368913685205484, 25.015290218954707 ], [ 92.368993309667786, 25.015270923087893 ], [ 92.369070306519475, 25.015244201710065 ], [ 92.369143844238465, 25.015210343397172 ], [ 92.369213128661215, 25.015169713799878 ], [ 92.369277411559366, 25.015122751694619 ], [ 92.369335998720487, 25.015069964244855 ], [ 92.381835990962358, 25.002569915607072 ], [ 92.381885504345689, 25.002515229564143 ], [ 92.381928897410376, 25.002456384121377 ], [ 92.38196575226219, 25.002393945998065 ], [ 92.381995713975698, 25.002328516512517 ], [ 92.382018494012286, 25.002260725790784 ], [ 92.382033872998377, 25.002191226698066 ], [ 92.382041702837938, 25.00212068855113 ], [ 92.382041908138078, 25.002049790672299 ], [ 92.382034486934728, 25.001979215847189 ], [ 92.382019510711046, 25.001909643749091 ], [ 92.381997123708459, 25.001841744393342 ], [ 92.381967541537136, 25.001776171684842 ], [ 92.381931049099038, 25.001713557120667 ], [ 92.381887997843847, 25.001654503708593 ], [ 92.381838802384038, 25.00159958015994 ], [ 92.38178393650162, 25.001549315412806 ], [ 92.38172392858543, 25.001504193538334 ], [ 92.381659356542272, 25.001464649079026 ], [ 92.381590842231518, 25.001431062864125 ], [ 92.381519045476466, 25.001403758342196 ], [ 92.381444657710105, 25.001382998466372 ], [ 92.381368395316599, 25.001368983162113 ], [ 92.381290992732531, 25.001361847401963 ], [ 92.381213195374343, 25.001361659905758 ], [ 92.381135752459997, 25.001368422478919 ], [ 92.381059409794233, 25.001382069995017 ], [ 92.380984902586434, 25.001402471023017 ], [ 92.380912948370636, 25.001429429092887 ], [ 92.380844240095797, 25.001462684587615 ], [ 92.380779439452596, 25.001501917243324 ], [ 92.380719170501337, 25.001546749233402 ], [ 92.38066401366207, 25.001596748806968 ], [ 92.368399852913996, 25.013860888070699 ] ] ] } },
{ "type": "Feature", "properties": { "ARCID": 742337, "UP_CELLS": 7946, "buffer_m": 150 }, "geometry": { "type": "Polygon", "coordinates": [ [ [ 91.906906472098314, 25.009062225118655 ], [ 91.903181944862808, 25.005337714154518 ], [ 91.903072106352298, 25.005238732144011 ], [ 91.902951587693707, 25.005150673480799 ], [ 91.902821690681264, 25.005074489322155 ], [ 91.902683818400249, 25.005011002561986 ], [ 91.902539460072305, 25.004960898943207 ], [ 91.90239017497062, 25.004924719651438 ], [ 91.902237575578781, 25.004902855470064 ], [ 91.902083310175399, 25.004895542559709 ], [ 91.898573070075628, 25.004895551622912 ], [ 91.89068185602919, 24.997004372088547 ], [ 91.890578446972953, 24.996910637280493 ], [ 91.890465454662674, 24.996826591046201 ], [ 91.890343967268592, 24.996753042776355 ], [ 91.890215154764448, 24.996690700761363 ], [ 91.890080257660799, 24.996640165370945 ], [ 91.889940575059001, 24.996601923272905 ], [ 91.889797452141437, 24.996576342746877 ], [ 91.889652267218125, 24.996563670138034 ], [ 91.889506418454417, 24.996564027485064 ], [ 91.889361310407594, 24.996577411345044 ], [ 91.889218340502097, 24.996603692826667 ], [ 91.889078885573184, 24.996642618831412 ], [ 91.888944288608954, 24.996693814490815 ], [ 91.888815845818186, 24.996756786776228 ], [ 91.88869479414835, 24.996830929246457 ], [ 91.888582299374207, 24.996915527887456 ], [ 91.888479444871493, 24.997009767988011 ], [ 91.888387221183791, 24.997112741985067 ], [ 91.888306516483141, 24.997223458203262 ], [ 91.888238108016139, 24.99734085040452 ], [ 91.888182654618063, 24.997463788055729 ], [ 91.888140690366882, 24.997591087215739 ], [ 91.888112619438729, 24.997721521936747 ], [ 91.888098712213889, 24.99785383607033 ], [ 91.888099102671404, 24.997986755364554 ], [ 91.888113787096955, 24.998118999735407 ], [ 91.888142624116909, 24.998249295594746 ], [ 91.888185336058086, 24.998376388115691 ], [ 91.888241511620251, 24.998499053317563 ], [ 91.888310609835585, 24.998616109853852 ], [ 91.888391965277364, 24.998726430389809 ], [ 91.888484794467146, 24.998828952459867 ], [ 91.8968181101352, 25.007162345918918 ], [ 91.896927942061978, 25.007261311015856 ], [ 91.897048451558803, 25.007349354847694 ], [ 91.897178337225085, 25.007425526598503 ], [ 91.897316196395536, 25.007489003661075 ], [ 91.897460540288421, 25.007539100521242 ], [ 91.897609810084305, 25.007575276161791 ], [ 91.897762393761653, 25.007597139905595 ], [ 91.897916643507088, 25.007604455635239 ], [ 91.901426870650837, 25.007604464700215 ], [ 91.905151363478339, 25.011328973802613 ], [ 91.905261198446212, 25.01142794592133 ], [ 91.905381712455437, 25.011515996463029 ], [ 91.905511603978695, 25.011592174482303 ], [ 91.905649470203286, 25.011655657254913 ], [ 91.905793822182005, 25.011705759163934 ], [ 91.905943100914598, 25.011741939105175 ], [ 91.906095694186362, 25.011763806331668 ], [ 91.906249953981472, 25.011771124674215 ], [ 91.91458337874522, 25.011771127768068 ], [ 91.914729071078526, 25.011764601567389 ], [ 91.914873359840371, 25.011745093875611 ], [ 91.915014855406554, 25.011712792566993 ], [ 91.915152195055995, 25.011668008729135 ], [ 91.915284056096169, 25.01161117366679 ], [ 91.915409168602622, 25.011542834747633 ], [ 91.91552632765034, 25.011463650130281 ], [ 91.915634404918649, 25.011374382425181 ], [ 91.915732359558191, 25.011275891349516 ], [ 91.915819248215058, 25.011169125446873 ], [ 91.915894234115726, 25.011055112951453 ], [ 91.915956595125166, 25.010934951884835 ], [ 91.916005730700689, 25.010809799480718 ], [ 91.916041167674322, 25.010680861039436 ], [ 91.91606256480847, 25.010549378319773 ], [ 91.916069716080571, 25.010416617579658 ], [ 91.916062552665608, 25.010283857381154 ], [ 91.91604114359717, 25.010152376277073 ], [ 91.916005695100822, 25.010023440497807 ], [ 91.915956548606374, 25.009898291757025 ], [ 91.915894177458071, 25.009778135293651 ], [ 91.915819182354682, 25.009664128265115 ], [ 91.915732285563266, 25.009557368603982 ], [ 91.915634323962408, 25.00945888444484 ], [ 91.915526240982047, 25.009369624223616 ], [ 91.915409077517552, 25.009290447544338 ], [ 91.91528396190543, 25.00922211690153 ], [ 91.915152099057195, 25.009165290337702 ], [ 91.915014758856259, 25.009120515106805 ], [ 91.914873263929366, 25.009088222404507 ], [ 91.914728976910197, 25.009068723216085 ], [ 91.914583287318067, 25.009062205321914 ], [ 91.906906472098314, 25.009062225118655 ] ] ] } },
{ "type": "Feature", "properties": { "ARCID": 742465, "UP_CELLS": 780, "buffer_m": 80 }, "geometry": { "type": "Polygon", "coordinates": [ [ [ 92.393750060838173, 24.988860878313595 ], [ 92.39366778350481, 24.988864774804043 ], [ 92.393586394324799, 24.988876433684581 ], [ 92.393506772513263, 24.988895729008675 ], [ 92.393429778194033, 24.988922452336219 ], [ 92.393356243108542, 24.988956314985231 ], [ 92.393286961631162, 24.988996951150153 ], [ 92.393222682188252, 24.989043921853348 ], [ 92.393164099173234, 24.989096719687055 ], [ 92.380664091389875, 25.001596671079515 ], [ 92.380614569118492, 25.001651350150549 ], [ 92.380571166329474, 25.001710189452712 ], [ 92.380534301020049, 25.001772622336912 ], [ 92.380504328230316, 25.001838047545366 ], [ 92.38048153662362, 25.001905835001885 ], [ 92.380466145706279, 25.001975331879727 ], [ 92.380458303713183, 25.002045868888459 ], [ 92.380458086179814, 25.002116766719553 ], [ 92.380465495214182, 25.002187342588417 ], [ 92.380480459476161, 25.002256916810008 ], [ 92.380502834863947, 25.00232481934454 ], [ 92.380532405901391, 25.002390396250469 ], [ 92.380568887812757, 25.002453015982397 ], [ 92.380611929264859, 25.002512075473362 ], [ 92.380661115750286, 25.002567005942876 ], [ 92.3807159735792, 25.002617278374785 ], [ 92.380775974441093, 25.002662408612224 ], [ 92.380840540492642, 25.002701962020534 ], [ 92.380909049922778, 25.00273555767324 ], [ 92.38098084294127, 25.002762872020813 ], [ 92.381055228133093, 25.002783642006801 ], [ 92.381131489117521, 25.002797667601399 ], [ 92.381208891447599, 25.002804813727945 ], [ 92.381286689683805, 25.002805011563918 ], [ 92.381364134573531, 25.002798259203768 ], [ 92.381440480267258, 25.002784621677272 ], [ 92.381514991501973, 25.002764230323251 ], [ 92.381586950682674, 25.002737281524613 ], [ 92.381655664793627, 25.002704034816965 ], [ 92.381720472072828, 25.002664810388993 ], [ 92.38178074838541, 25.002619985998692 ], [ 92.381835913234639, 25.002569993335129 ], [ 92.394100072629385, 24.990305812420196 ], [ 92.414583394174002, 24.990305790538869 ], [ 92.414661091238884, 24.990302306258791 ], [ 92.414738039440905, 24.99029189783651 ], [ 92.414813497714221, 24.990274665512292 ], [ 92.414886739342762, 24.990250775245393 ], [ 92.414957058959331, 24.990220457115679 ], [ 92.415023779339066, 24.990184003107693 ], [ 92.415086257921857, 24.990141764298521 ], [ 92.415143893000746, 24.990094147476515 ], [ 92.415196129516872, 24.990041611223532 ], [ 92.415242464405068, 24.989984661498259 ], [ 92.415282451438571, 24.989923846763332 ], [ 92.415315705526325, 24.989859752703214 ], [ 92.415341906421389, 24.989792996583407 ], [ 92.415360801804781, 24.989724221305732 ], [ 92.415372209715017, 24.989654089216685 ], [ 92.415376020300144, 24.989583275728553 ], [ 92.415372196875126, 24.989512462814762 ], [ 92.415360776274667, 24.989442332442014 ], [ 92.415341868498018, 24.989373560002672 ], [ 92.415315655649025, 24.989306807810379 ], [ 92.415282390182043, 24.989242718721698 ], [ 92.415242392470191, 24.989181909945195 ], [ 92.415196047719689, 24.989124967097577 ], [ 92.415143802259905, 24.989072438564058 ], [ 92.415086159244666, 24.989024830217328 ], [ 92.415023673806715, 24.988982600545917 ], [ 92.414956947711445, 24.988946156238974 ], [ 92.414886623561657, 24.988915848269826 ], [ 92.414813378609296, 24.988891968516086 ], [ 92.414737918233328, 24.988874746948959 ], [ 92.414660969147008, 24.988864349418556 ], [ 92.414583272399668, 24.988860876056862 ], [ 92.393750060838173, 24.988860878313595 ] ] ] } },
{ "type": "Feature", "properties": { "ARCID": 742531, "UP_CELLS": 730, "buffer_m": 80 }, "geometry": { "type": "Polygon", "coordinates": [ [ [ 92.063790674957872, 24.993470232116898 ], [ 92.047566573676676, 25.009694267181096 ], [ 92.043750012113605, 25.009694263349935 ], [ 92.043667729230037, 25.009698163944858 ], [ 92.043586335034973, 25.009709825872466 ], [ 92.043506708746179, 25.009729123160497 ], [ 92.043429710485384, 25.009755847359742 ], [ 92.043356171987753, 25.009789709795527 ], [ 92.043286887617924, 25.009830344685938 ], [ 92.043222605789467, 25.009877313092744 ], [ 92.043164020880766, 25.009930107662637 ], [ 92.039233181486779, 25.013860940603355 ], [ 92.03125002430707, 25.013860932602228 ], [ 92.031167735629211, 25.013864832334331 ], [ 92.031086335640097, 25.013876493985869 ], [ 92.031006703688604, 25.013895791577752 ], [ 92.030929700024771, 25.013922516641205 ], [ 92.030856156506985, 25.013956380469718 ], [ 92.030786867616044, 25.013997017237781 ], [ 92.030722581872766, 25.014043987952647 ], [ 92.030663993751944, 25.014096785196504 ], [ 92.02649732492101, 25.018263435605732 ], [ 92.026447806477549, 25.018318115938367 ], [ 92.026404408440456, 25.018376955546866 ], [ 92.026367548761058, 25.018439387779203 ], [ 92.026337582425114, 25.018504811383977 ], [ 92.02631479803371, 25.018572596300572 ], [ 92.026299415023587, 25.018642089726775 ], [ 92.026291581553451, 25.01871262240557 ], [ 92.02629137307666, 25.018783515070247 ], [ 92.026298791614053, 25.018854084986135 ], [ 92.026313765734002, 25.01892365252564 ], [ 92.026336151239832, 25.018991547713455 ], [ 92.026365732558077, 25.019057116678923 ], [ 92.026402224814063, 25.01911972795321 ], [ 92.026445276575132, 25.019178778550867 ], [ 92.026494473234763, 25.019233699777114 ], [ 92.026549341005264, 25.019283962704836 ], [ 92.026609351480545, 25.019329083268701 ], [ 92.02667392672484, 25.019368626927175 ], [ 92.026742444838717, 25.01940221284762 ], [ 92.02681424594843, 25.019429517574146 ], [ 92.026888638561104, 25.019450278142859 ], [ 92.026964906224634, 25.019464294614519 ], [ 92.027042314427817, 25.019471432000202 ], [ 92.027120117674571, 25.019471621561408 ], [ 92.027197566664015, 25.019464861472162 ], [ 92.027273915507109, 25.019451216836508 ], [ 92.027348428910472, 25.019430819061611 ], [ 92.027420389258083, 25.019403864592107 ], [ 92.027489103522882, 25.019370613018118 ], [ 92.027553909941204, 25.019331384575107 ], [ 92.027614184386366, 25.019286557059711 ], [ 92.02766934637944, 25.019236562191058 ], [ 92.031600158672674, 25.015305743457844 ], [ 92.039583357641376, 25.015305735454778 ], [ 92.039665636295865, 25.015301832121644 ], [ 92.039747026054485, 25.015290168862499 ], [ 92.039826647882236, 25.015270871643764 ], [ 92.039903641839174, 25.015244148880999 ], [ 92.039977176368566, 25.015210289187817 ], [ 92.04004645727818, 25.015169658258689 ], [ 92.040110736318255, 25.015122694919128 ], [ 92.04016931926283, 25.015069906386042 ], [ 92.044100144726727, 25.011139074467863 ], [ 92.047916678780766, 25.011139070635551 ], [ 92.047998947492658, 25.011135169148869 ], [ 92.048080327707964, 25.01112350909521 ], [ 92.048159940653164, 25.011104216383668 ], [ 92.048236926639305, 25.011077499343553 ], [ 92.048310454345611, 25.011043646474693 ], [ 92.048379729796721, 25.011003023331909 ], [ 92.04844400493667, 25.010956068577535 ], [ 92.048502585706785, 25.010903289244347 ], [ 92.065169243606235, 24.99423655759869 ], [ 92.065215989931986, 24.994185229293066 ], [ 92.065257342021724, 24.994130190116795 ], [ 92.06529294730143, 24.994071909351472 ], [ 92.065322502197589, 24.994010883916907 ], [ 92.065345754725314, 24.993947634134091 ], [ 92.065362506636575, 24.993882699288733 ], [ 92.065372615110277, 24.99381663303302 ], [ 92.065375993969568, 24.993749998664988 ], [ 92.065375940521264, 24.985416663777595 ], [ 92.065372123364469, 24.985345855298572 ], [ 92.065360709739409, 24.985275728791105 ], [ 92.065341809578157, 24.985206959610451 ], [ 92.065315604911319, 24.985140210038981 ], [ 92.06528234811455, 24.985076122908151 ], [ 92.065242359477594, 24.985015315407754 ], [ 92.065196024119388, 24.984958373142277 ], [ 92.065143788279002, 24.984905844491376 ], [ 92.065086155017795, 24.984858235328854 ], [ 92.065023679374747, 24.984816004151124 ], [ 92.064956963021018, 24.984779557661788 ], [ 92.064886648465787, 24.984749246855117 ], [ 92.064813412868702, 24.984725363635967 ], [ 92.06473796151873, 24.984708138008791 ], [ 92.064661021042284, 24.984697735862696 ], [ 92.064583332405846, 24.984694257373956 ], [ 92.06450564378045, 24.984697736041397 ], [ 92.064428703336986, 24.984708138363715 ], [ 92.064353252041357, 24.984725364162216 ], [ 92.064280016519064, 24.984749247545452 ], [ 92.064209702057823, 24.984779558506833 ], [ 92.064142985815735, 24.984816005139503 ], [ 92.064080510300158, 24.984858236447462 ], [ 92.064022877180236, 24.984905845725624 ], [ 92.06397064149273, 24.984958374476417 ], [ 92.063924306296755, 24.985015316825123 ], [ 92.063884317828965, 24.985076124391504 ], [ 92.063851061205938, 24.985140211570819 ], [ 92.063824856715129, 24.985206961173262 ], [ 92.063805956729936, 24.985275730367693 ], [ 92.063794543278888, 24.985345856872264 ], [ 92.063790726292169, 24.985416665332473 ], [ 92.063790674957872, 24.993470232116898 ] ] ] } },
{ "type": "Feature", "properties": { "ARCID": 742698, "UP_CELLS": 19052, "buffer_m": 150 }, "geometry": { "type": "Polygon", "coordinates": [ [ [ 91.700985131374239, 24.984504275887534 ], [ 91.700897456657373, 24.984600516286196 ], [ 91.700819897867135, 24.98470371884645 ], [ 91.700753116631532, 24.984813003214747 ], [ 91.700697682647132, 24.984927437155456 ], [ 91.700654068818466, 24.985046044502841 ], [ 91.700622647223156, 24.985167813487713 ], [ 91.700603685936926, 24.985291705367967 ], [ 91.700597346745539, 24.985416663289286 ], [ 91.70059715422633, 25.00155878777446 ], [ 91.697916667521127, 25.00423927536708 ], [ 91.694848488037891, 25.001171087204444 ], [ 91.694745080990273, 25.001077358623402 ], [ 91.694632091003285, 25.000993318090991 ], [ 91.694510606225037, 25.000919774942876 ], [ 91.694381796604404, 25.000857437420063 ], [ 91.694246902624371, 25.00080690584883 ], [ 91.694107223356482, 25.000768666860012 ], [ 91.693964103951117, 25.000743088703032 ], [ 91.693818922684599, 25.00073041770003 ], [ 91.693673077687095, 25.000730775873929 ], [ 91.693527973479661, 25.000744159773564 ], [ 91.693385007449621, 25.000770440506965 ], [ 91.693245556394814, 25.00080936498259 ], [ 91.693110963265852, 25.000860558346442 ], [ 91.692982524234338, 25.000923527591805 ], [ 91.692861476211277, 25.000997666306606 ], [ 91.692748984936046, 25.001082260512874 ], [ 91.692646133750358, 25.001176495542058 ], [ 91.69255391316554, 25.001279463879946 ], [ 91.692473211323488, 25.00139017390574 ], [ 91.692404805442962, 25.001507559441102 ], [ 91.692349354334056, 25.001630490017302 ], [ 91.692307392052541, 25.001757781761519 ], [ 91.692279322755383, 25.001888208797602 ], [ 91.692265416807075, 25.002020515051409 ], [ 91.692265808174326, 25.002153426347146 ], [ 91.692280493134021, 25.002285662678144 ], [ 91.692309330307481, 25.00241595053393 ], [ 91.69235204202019, 25.002543035164972 ], [ 91.692408216974258, 25.002665692666792 ], [ 91.692477314208006, 25.002782741767252 ], [ 91.692558668304358, 25.002893055203344 ], [ 91.692651495798174, 25.002995570577976 ], [ 91.696818153174306, 25.007162267277096 ], [ 91.696921212958685, 25.007255703914151 ], [ 91.697033797295234, 25.007339518122535 ], [ 91.697154828990492, 25.007412907962838 ], [ 91.697283150019601, 25.007475171234923 ], [ 91.69741753260665, 25.007525712197207 ], [ 91.697556690972718, 25.007564047267291 ], [ 91.697699293639175, 25.007589809649364 ], [ 91.697843976168414, 25.007602752844171 ], [ 91.697989354220155, 25.007602753007809 ], [ 91.69813403679818, 25.007589810136871 ], [ 91.698276639560916, 25.007564048068541 ], [ 91.698415798068325, 25.007525713295681 ], [ 91.698550180838154, 25.00747517260816 ], [ 91.698678502086921, 25.007412909583156 ], [ 91.698799534033256, 25.007339519957817 ], [ 91.69891211864612, 25.007255705928802 ], [ 91.699015178725475, 25.007162269433085 ], [ 91.703181842099497, 25.002995572225625 ], [ 91.703269496623946, 25.002899339348165 ], [ 91.703347036425129, 25.002796148299499 ], [ 91.703413800326459, 25.002686879015531 ], [ 91.703469219044919, 25.002572463260687 ], [ 91.70351282004475, 25.002453876682132 ], [ 91.703544231565857, 25.002332130489851 ], [ 91.703563185793001, 25.00220826283358 ], [ 91.703569521138206, 25.002083329950146 ], [ 91.703569328614975, 24.985941306287355 ], [ 91.711514878333617, 24.977995655529178 ], [ 91.711607696268374, 24.977893145688885 ], [ 91.711689043709342, 24.97778283689755 ], [ 91.711758137251678, 24.977665791508926 ], [ 91.711814311510466, 24.977543136752278 ], [ 91.711857025527721, 24.97741605387592 ], [ 91.711885867981053, 24.977285766770478 ], [ 91.711900561143452, 24.977153530181702 ], [ 91.711900963556332, 24.977020617626145 ], [ 91.71188707139018, 24.976888309126345 ], [ 91.711859018479657, 24.976757878883387 ], [ 91.71181707503294, 24.976630583005718 ], [ 91.711761645027792, 24.976507647412429 ], [ 91.711693262319557, 24.976390256027315 ], [ 91.7116125854985, 24.976279539377529 ], [ 91.711520391546216, 24.976176563706687 ], [ 91.711417568352047, 24.976082320706947 ], [ 91.711305106161817, 24.975997717969342 ], [ 91.711184088041179, 24.975923570243911 ], [ 91.711055679445323, 24.975860591594007 ], [ 91.710921116995578, 24.975809388520243 ], [ 91.710781696571047, 24.975770454120273 ], [ 91.710638760829667, 24.975744163340579 ], [ 91.710493686279236, 24.97573076936607 ], [ 91.710347870022346, 24.975730401182087 ], [ 91.710202716303328, 24.975743062332491 ], [ 91.710059622986392, 24.975768630885582 ], [ 91.709919968095036, 24.97580686060828 ], [ 91.709785096542788, 24.975857383337271 ], [ 91.7096563071823, 24.975919712524231 ], [ 91.709534840298147, 24.975993247921057 ], [ 91.709421865663089, 24.976077281359927 ], [ 91.709318471273448, 24.976171003572727 ], [ 91.700985131374239, 24.984504275887534 ] ] ] } },
{ "type": "Feature", "properties": { "ARCID": 742767, "UP_CELLS": 9109, "buffer_m": 150 }, "geometry": { "type": "Polygon", "coordinates": [ [ [ 91.71458335579446, 24.971562279451728 ], [ 91.714429165651865, 24.971569589735672 ], [ 91.714276640195791, 24.97159144583275 ], [ 91.714127426370084, 24.971627611742434 ], [ 91.713983135363094, 24.971677696949175 ], [ 91.713845325211921, 24.971741160638832 ], [ 91.713715483980337, 24.971817317537802 ], [ 91.713595013691773, 24.971905345311974 ], [ 91.713485215191184, 24.972004293445504 ], [ 91.709318545232691, 24.976170929612248 ], [ 91.709225718521438, 24.976273431771862 ], [ 91.709144361064219, 24.976383733710851 ], [ 91.709075256393319, 24.976500773181016 ], [ 91.709019070048086, 24.976623423046505 ], [ 91.708976343164622, 24.976750502138003 ], [ 91.708947487263075, 24.976880786627468 ], [ 91.708932780283106, 24.977013021813736 ], [ 91.708932363905632, 24.977145934205623 ], [ 91.708946242186485, 24.977278243786106 ], [ 91.708974281515751, 24.977408676339493 ], [ 91.709016211902679, 24.977535975722933 ], [ 91.709071629574197, 24.977658915963971 ], [ 91.709140000861922, 24.977776313067704 ], [ 91.709220667340418, 24.977887036419816 ], [ 91.709312852167088, 24.977990019675609 ], [ 91.709415667562865, 24.978084271030252 ], [ 91.709528123361579, 24.978168882771051 ], [ 91.709649136545679, 24.978243040020118 ], [ 91.709777541676587, 24.978306028582839 ], [ 91.709912102119063, 24.978357241826696 ], [ 91.710051521951655, 24.978396186524208 ], [ 91.710194458448186, 24.978422487603574 ], [ 91.710339535010533, 24.978435891761332 ], [ 91.710485354427448, 24.978436269902165 ], [ 91.710630512332301, 24.978423618382426 ], [ 91.710773610729603, 24.978398059045254 ], [ 91.710913271460257, 24.978359838047091 ], [ 91.711048149475587, 24.978309323486869 ], [ 91.711176945792516, 24.978247001860598 ], [ 91.711298420004638, 24.978173473375641 ], [ 91.711411402229231, 24.978089446169768 ], [ 91.711514804374488, 24.977995729490729 ], [ 91.715239461529748, 24.97427106166672 ], [ 91.718750022462814, 24.97427105546333 ], [ 91.718895662198946, 24.974264531664893 ], [ 91.719039899092806, 24.974245027048514 ], [ 91.719181344019702, 24.974212729458539 ], [ 91.719318634746188, 24.974167949946519 ], [ 91.719450449050754, 24.974111119775277 ], [ 91.719575517458864, 24.974042786265194 ], [ 91.719692635469968, 24.973963607522631 ], [ 91.719800675158325, 24.973874346101358 ], [ 91.719898596036202, 24.97377586165797 ], [ 91.719985455074507, 24.973669102672165 ], [ 91.72006041578463, 24.973555097311607 ], [ 91.720122756273852, 24.973434943529245 ], [ 91.720171876196787, 24.973309798488778 ], [ 91.720207302535954, 24.973180867419842 ], [ 91.720228694155907, 24.973049392010438 ], [ 91.720235845087061, 24.972916638448353 ], [ 91.720228686507525, 24.9727838852268 ], [ 91.720207287404293, 24.972652410831685 ], [ 91.720171853906933, 24.972523481429057 ], [ 91.720122727300861, 24.972398338671468 ], [ 91.720060380738943, 24.972278187740407 ], [ 91.719985414683336, 24.972164185740276 ], [ 91.71989855112156, 24.972057430555353 ], [ 91.719800626612454, 24.971958950277227 ], [ 91.71969258422908, 24.971869693304519 ], [ 91.719575464476122, 24.971790519209982 ], [ 91.719450395269433, 24.971722190463183 ], [ 91.719318581073949, 24.971665365088285 ], [ 91.719181291304835, 24.971620590327621 ], [ 91.719039848103392, 24.971588297372129 ], [ 91.718895613605383, 24.971568797209315 ], [ 91.718749976824526, 24.97156227762866 ], [ 91.71458335579446, 24.971562279451728 ] ] ] } },
{ "type": "Feature", "properties": { "ARCID": 742770, "UP_CELLS": 5598, "buffer_m": 150 }, "geometry": { "type": "Polygon", "coordinates": [ [ [ 92.27440331589618, 25.022392132485493 ], [ 92.274403120590762, 25.006249990305054 ], [ 92.274396780340524, 25.006125030045325 ], [ 92.274377817154104, 25.006001135636911 ], [ 92.274346392793902, 25.005879363694341 ], [ 92.274302775293549, 25.005760752727888 ], [ 92.27424733667074, 25.005646314287095 ], [ 92.274180549753609, 25.005537024334135 ], [ 92.274102984147234, 25.005433814920924 ], [ 92.274015301375229, 25.005337566240659 ], [ 92.26606967909089, 24.997392051469916 ], [ 92.26606953436864, 24.985416657525377 ], [ 92.266063193785101, 24.985291682661739 ], [ 92.26604422950048, 24.985167774016194 ], [ 92.266012803323974, 24.985045988569546 ], [ 92.265969183366749, 24.984927365187961 ], [ 92.265913741753693, 24.984812915761239 ], [ 92.265846951447926, 24.984703616571462 ], [ 92.265769382215467, 24.984600399965313 ], [ 92.265681695764087, 24.984504146401314 ], [ 92.257348346499171, 24.976170873267208 ], [ 92.257238527806336, 24.97607190313175 ], [ 92.25711803407097, 24.975983855579742 ], [ 92.256988166517871, 24.975907681429728 ], [ 92.256850327590712, 24.97584420327842 ], [ 92.256706005807644, 24.975794106618288 ], [ 92.256556759687939, 24.975757932435755 ], [ 92.256404200922844, 24.975736071369592 ], [ 92.256249976972711, 24.975728759493041 ], [ 92.252739550467837, 24.975728768123449 ], [ 92.249014933881369, 24.972004166961181 ], [ 92.248911524175767, 24.971910435792221 ], [ 92.248798533682191, 24.971826395134887 ], [ 92.248677050552828, 24.971752854326279 ], [ 92.248548244719856, 24.971690521585192 ], [ 92.248413356629115, 24.97163999719233 ], [ 92.248273685294819, 24.971601767709988 ], [ 92.248130575790597, 24.971576201296717 ], [ 92.247985406297076, 24.971563544162304 ], [ 92.247839574831005, 24.97156391819691 ], [ 92.247694485783143, 24.971577319797412 ], [ 92.247551536395093, 24.971603619902151 ], [ 92.247412103304853, 24.971642565233736 ], [ 92.247277529290557, 24.971693780737976 ], [ 92.247149110340388, 24.971756773195452 ], [ 92.247028083172765, 24.971830935970956 ], [ 92.246915613327019, 24.971915554855073 ], [ 92.24681278393939, 24.972009814941721 ], [ 92.246720585312161, 24.97211280847532 ], [ 92.246639905376568, 24.972223543592232 ], [ 92.246571521141234, 24.972340953872148 ], [ 92.246516091208463, 24.972463908607555 ], [ 92.246474149430654, 24.972591223692366 ], [ 92.246446099767752, 24.972721673024974 ], [ 92.246432212395419, 24.972854000315763 ], [ 92.246432621101533, 24.972986931185545 ], [ 92.246447321995973, 24.973119185438343 ], [ 92.246476173546341, 24.97324948939033 ], [ 92.246518897939225, 24.973376588136215 ], [ 92.246575083754095, 24.973499257634955 ], [ 92.246644189923984, 24.973616316498351 ], [ 92.246725550944987, 24.973726637368937 ], [ 92.246818383284449, 24.973829157777775 ], [ 92.250985041962721, 24.977995854535447 ], [ 92.251094854141641, 24.978094807681586 ], [ 92.251215338769512, 24.978182840323395 ], [ 92.251345195014835, 24.978259001985947 ], [ 92.251483020853897, 24.978322470361565 ], [ 92.251627328208855, 24.978372560188902 ], [ 92.251776559015056, 24.978408730652305 ], [ 92.251929102044684, 24.978430591221493 ], [ 92.2520833103044, 24.978437905868553 ], [ 92.255593723531348, 24.978437914500759 ], [ 92.263097127096984, 24.985941382023082 ], [ 92.263096982371991, 24.997916657521234 ], [ 92.263103317805715, 24.998041608215509 ], [ 92.263122273464148, 24.998165493585066 ], [ 92.263153687748286, 24.998287257247199 ], [ 92.263197292821161, 24.998405860908115 ], [ 92.263252716890577, 24.998520293216803 ], [ 92.26331948737834, 24.998629578389171 ], [ 92.263397034949051, 24.998732784529086 ], [ 92.26348469836411, 24.998829031575156 ], [ 92.271430207763359, 25.006774648508124 ], [ 92.271430012453948, 25.022916656966217 ], [ 92.271436347373211, 25.023041590222142 ], [ 92.271455301621884, 25.023165458600978 ], [ 92.271486713657652, 25.023287206156549 ], [ 92.271530315736698, 25.023405795019059 ], [ 92.271585736195078, 25.023520214242897 ], [ 92.271652502615865, 25.023629488424959 ], [ 92.271730045855563, 25.023732686020111 ], [ 92.271817704895128, 25.023828927282803 ], [ 92.28015102228693, 25.032162320936848 ], [ 92.280254464077657, 25.032256069269287 ], [ 92.280367493657948, 25.032340128562616 ], [ 92.280489022483053, 25.032413689259467 ], [ 92.280617880147105, 25.03247604291067 ], [ 92.280752825655512, 25.032526588998792 ], [ 92.280892559377278, 25.032564840722127 ], [ 92.281035735562455, 25.032590429683431 ], [ 92.281180975303855, 25.032603109438256 ], [ 92.281326879818337, 25.032602757868698 ], [ 92.281472043919578, 25.03258937835966 ], [ 92.281615069552558, 25.032563099766243 ], [ 92.281754579259314, 25.032524175172721 ], [ 92.281889229446264, 25.032472979454944 ], [ 92.282017723325325, 25.032410005669593 ], [ 92.282138823403841, 25.032335860305327 ], [ 92.282251363403404, 25.03225125744126 ], [ 92.282354259492436, 25.032157011869298 ], [ 92.282446520724477, 25.032054031246471 ], [ 92.282527258581567, 25.031943307352922 ], [ 92.282595695530802, 25.031825906539694 ], [ 92.282651172511834, 25.031702959458485 ], [ 92.282693155282999, 25.031575650172137 ], [ 92.282721239565078, 25.031445204750923 ], [ 92.28273515493332, 25.031312879464299 ], [ 92.282734767420166, 25.031179948682045 ], [ 92.282720080803657, 25.031047692601174 ], [ 92.282691236569335, 25.030917384916904 ], [ 92.282648512545848, 25.03079028055642 ], [ 92.282592320227707, 25.030667603593486 ], [ 92.282523200810857, 25.030550535460353 ], [ 92.282441819979425, 25.030440203570489 ], [ 92.282348961493724, 25.030337670461559 ], [ 92.27440331589618, 25.022392132485493 ] ] ] } },
{ "type": "Feature", "properties": { "ARCID": 742975, "UP_CELLS": 622, "buffer_m": 80 }, "geometry": { "type": "Polygon", "coordinates": [ [ [ 92.194542551416191, 24.973196545006498 ], [ 92.206599931921446, 24.961139114886421 ], [ 92.218750036422904, 24.961139102349197 ], [ 92.218827712667675, 24.961135620354693 ], [ 92.21890464048569, 24.961125214403218 ], [ 92.218980079007451, 24.961107984711173 ], [ 92.219053301707049, 24.961084097212382 ], [ 92.219123603399538, 24.961053781959997 ], [ 92.219190307032648, 24.961017330910796 ], [ 92.219252770207461, 24.960975095113316 ], [ 92.219310391365369, 24.96092748132688 ], [ 92.219362615581431, 24.960874948104092 ], [ 92.219408939908888, 24.960818001374442 ], [ 92.219448918222568, 24.960757189571776 ], [ 92.219482165515331, 24.960693098352312 ], [ 92.219508361605577, 24.960626344954235 ], [ 92.219527254220509, 24.960557572253244 ], [ 92.219538661425275, 24.960487442571072 ], [ 92.219542473374645, 24.960416631296891 ], [ 92.219538653370435, 24.960345820382884 ], [ 92.219527238214411, 24.960275691776598 ], [ 92.219508337853341, 24.960206920853448 ], [ 92.219482134319719, 24.960140169912542 ], [ 92.219448879978231, 24.960076081798455 ], [ 92.219408895094887, 24.96001527371045 ], [ 92.219362564752473, 24.95995833125863 ], [ 92.2193103351416, 24.959905802824419 ], [ 92.2192527092636, 24.959858194279569 ], [ 92.21919024208627, 24.959815964114547 ], [ 92.219123535199188, 24.959779519023208 ], [ 92.219053231020325, 24.959749209986402 ], [ 92.218980006609314, 24.959725328892009 ], [ 92.218904567147391, 24.959708105724044 ], [ 92.218827639146483, 24.959697706348003 ], [ 92.218749963452865, 24.959694230913552 ], [ 92.206250036421451, 24.959694232703974 ], [ 92.20616779610414, 24.959698129987046 ], [ 92.206086443484921, 24.959709786629954 ], [ 92.206006857067578, 24.959729076755558 ], [ 92.205929896284061, 24.959755792054867 ], [ 92.205856392214216, 24.959789644036427 ], [ 92.205787138611456, 24.959830267141491 ], [ 92.205722883331632, 24.959877222691432 ], [ 92.205664320257171, 24.959930003624752 ], [ 92.193164313205216, 24.972429955012529 ], [ 92.193117543503206, 24.9724812921847 ], [ 92.193076169974105, 24.97253634404526 ], [ 92.193040545627781, 24.972594640886705 ], [ 92.193010974422933, 24.972655685314425 ], [ 92.192987708673414, 24.972718956490397 ], [ 92.192970946895201, 24.972783914576986 ], [ 92.192960832112377, 24.972850005342771 ], [ 92.192957450636442, 24.972916664891329 ], [ 92.192957423934018, 24.977083330887421 ], [ 92.192961239915789, 24.977154141470159 ], [ 92.192972652099556, 24.977224270151133 ], [ 92.192991550592353, 24.977293041551434 ], [ 92.193017753403069, 24.9773597933624 ], [ 92.193051008194644, 24.977423882724139 ], [ 92.193090994713813, 24.977484692416748 ], [ 92.193137327875036, 24.977541636804624 ], [ 92.19318956146877, 24.977594167476678 ], [ 92.1932471924586, 24.977641778528021 ], [ 92.193309665825652, 24.977684011432338 ], [ 92.193376379913829, 24.97772045945797 ], [ 92.193446692224114, 24.977750771585193 ], [ 92.19351992560253, 24.977774655886904 ], [ 92.193595374761742, 24.977791882340252 ], [ 92.193672313073705, 24.977802285042021 ], [ 92.19374999956807, 24.977805763806497 ], [ 92.193827686068403, 24.97780228513038 ], [ 92.193904624398215, 24.977791882515461 ], [ 92.193980073586744, 24.977774656145996 ], [ 92.194053307005319, 24.977750771923819 ], [ 92.194123619365783, 24.9777204598705 ], [ 92.194190333513077, 24.977684011912018 ], [ 92.194252806947034, 24.977641779067138 ], [ 92.194310438010191, 24.977594168066755 ], [ 92.194362671682242, 24.977541637436644 ], [ 92.194409004925333, 24.977484693081326 ], [ 92.194448991528446, 24.977423883411792 ], [ 92.194482246404561, 24.977359794063712 ], [ 92.194508449299065, 24.977293042257301 ], [ 92.194527347873631, 24.977224270852894 ], [ 92.194538760136027, 24.977154142159769 ], [ 92.194542576192319, 24.977083331557584 ], [ 92.194542551416191, 24.973196545006498 ] ] ] } },
{ "type": "Feature", "properties": { "ARCID": 742976, "UP_CELLS": 5822, "buffer_m": 150 }, "geometry": { "type": "Polygon", "coordinates": [ [ [ 92.244406178859393, 24.971562102839023 ], [ 92.241069321010713, 24.968225273442695 ], [ 92.241069277049235, 24.964583325325528 ], [ 92.241062936606156, 24.964458340145612 ], [ 92.241043972519662, 24.964334421442562 ], [ 92.241012546624603, 24.964212626461876 ], [ 92.24096892707513, 24.964093994326888 ], [ 92.240913486055575, 24.963979537173394 ], [ 92.240846696604066, 24.963870231514623 ], [ 92.240769128575735, 24.96376700991026 ], [ 92.240681443780062, 24.96367075301049 ], [ 92.236514769110869, 24.959504116416149 ], [ 92.236404966280787, 24.959405164224233 ], [ 92.236284492829284, 24.959317133393093 ], [ 92.236154649523584, 24.959240974386383 ], [ 92.236016838288435, 24.959177509486459 ], [ 92.23587254707013, 24.959127423917067 ], [ 92.235723333772142, 24.959091258445604 ], [ 92.235570809435913, 24.959069403545172 ], [ 92.235416620848, 24.959062095179114 ], [ 92.227083378723492, 24.959062097363866 ], [ 92.226929190230052, 24.959069405814088 ], [ 92.226776666008902, 24.959091260802506 ], [ 92.226627452848021, 24.959127426361857 ], [ 92.226483161789318, 24.959177512014996 ], [ 92.226345350735997, 24.959240976990479 ], [ 92.226215507633242, 24.9593171360608 ], [ 92.226095034403983, 24.959405166940059 ], [ 92.225985231812999, 24.95950411916149 ], [ 92.222916667176335, 24.962572697638723 ], [ 92.219848098873697, 24.959504119362069 ], [ 92.219744694936225, 24.959410393386708 ], [ 92.219631711776287, 24.959326358331616 ], [ 92.219510237475518, 24.959252823479908 ], [ 92.219381441881126, 24.959190496993006 ], [ 92.219246565340384, 24.959139979091393 ], [ 92.219106906756323, 24.959101756274809 ], [ 92.218963811079831, 24.959076196637586 ], [ 92.218818656358451, 24.959063546324231 ], [ 92.218672840466624, 24.959063927159171 ], [ 92.218527767645213, 24.959077335473747 ], [ 92.218384834979588, 24.959103642141613 ], [ 92.218245418946623, 24.959142593822115 ], [ 92.218110862160287, 24.959193815399889 ], [ 92.217982460442784, 24.959256813596994 ], [ 92.217861450346561, 24.959330981722893 ], [ 92.217748997246531, 24.95941560551665 ], [ 92.217646184117612, 24.959509870024849 ], [ 92.217554001105484, 24.959612867449341 ], [ 92.217473335990945, 24.959723605889007 ], [ 92.217404965639815, 24.959841018891527 ], [ 92.217349548520673, 24.959963975723195 ], [ 92.217307618362454, 24.960091292257761 ], [ 92.217279579013109, 24.960221742379673 ], [ 92.217265700548992, 24.960354069791752 ], [ 92.217266116672107, 24.96048700011368 ], [ 92.217280823420893, 24.960619253154785 ], [ 92.217309679206565, 24.960749555242959 ], [ 92.217352406174868, 24.96087665149091 ], [ 92.217408592880503, 24.960999317881672 ], [ 92.217477698247919, 24.96111637305702 ], [ 92.217559056780956, 24.961226689695053 ], [ 92.217651884970948, 24.961329205367594 ], [ 92.221818543592718, 24.965495902104642 ], [ 92.221921578191811, 24.965589317842806 ], [ 92.222034129947119, 24.96567311240706 ], [ 92.222155122417249, 24.965746484374609 ], [ 92.222283398426214, 24.965808732004238 ], [ 92.222417731131003, 24.965859259948495 ], [ 92.222556835756066, 24.965897584948156 ], [ 92.222699381881824, 24.96592334045463 ], [ 92.222844006170206, 24.965936280136138 ], [ 92.222989325404995, 24.965936280233823 ], [ 92.223133949722481, 24.965923340745668 ], [ 92.223276495905694, 24.965897585426479 ], [ 92.22341560061507, 24.965859260604255 ], [ 92.223549933428941, 24.965808732824037 ], [ 92.223678209568959, 24.965746485341921 ], [ 92.223799202188914, 24.965673113502728 ], [ 92.223911754109096, 24.965589319045584 ], [ 92.224014788884205, 24.965495903391819 ], [ 92.227739427620563, 24.961771252810447 ], [ 92.234760571761527, 24.961771254651161 ], [ 92.238097383956955, 24.965108095300291 ], [ 92.238097339994837, 24.968749991990801 ], [ 92.238103676454557, 24.968874966532002 ], [ 92.238122634929297, 24.968998875125926 ], [ 92.238154053733865, 24.969120660785816 ], [ 92.238197664889782, 24.969239284631261 ], [ 92.238253096410077, 24.96935373475041 ], [ 92.238319875471348, 24.969463034832316 ], [ 92.238397432446234, 24.96956625249555 ], [ 92.238485105761853, 24.969662507242258 ], [ 92.242651764424494, 24.973829203993301 ], [ 92.242761572216679, 24.973928153413532 ], [ 92.242882051465855, 24.974016182642718 ], [ 92.243011901451851, 24.974092341281693 ], [ 92.243149720275937, 24.97415580708909 ], [ 92.243294019996938, 24.974205894859324 ], [ 92.243443242696443, 24.974242063821094 ], [ 92.243595777300115, 24.974263923476315 ], [ 92.243749976973035, 24.974271237816581 ], [ 92.247916689273282, 24.974271238888011 ], [ 92.248062348730599, 24.974264714180489 ], [ 92.248206605150173, 24.974245206898079 ], [ 92.248348069219517, 24.974212904911511 ], [ 92.248485378521224, 24.974168119315337 ], [ 92.248617210655411, 24.974111281431576 ], [ 92.248742295976498, 24.974042938655359 ], [ 92.248859429821778, 24.973963749182623 ], [ 92.248967484113805, 24.973874475670691 ], [ 92.24906541822503, 24.973775977892672 ], [ 92.249152288999738, 24.973669204456609 ], [ 92.249227259837099, 24.973555183669077 ], [ 92.249289608747603, 24.973435013631271 ], [ 92.249338735305372, 24.973309851662929 ], [ 92.249374166429575, 24.973180903156138 ], [ 92.249395560939092, 24.973049409966148 ], [ 92.249402712836698, 24.97291663845127 ], [ 92.24939555329135, 24.97278386727686 ], [ 92.249374151299179, 24.972652375100957 ], [ 92.249338713017394, 24.972523428260146 ], [ 92.249289579777084, 24.972398268574228 ], [ 92.249227224794453, 24.972278101387161 ], [ 92.249152248612148, 24.972164083959409 ], [ 92.249065373314465, 24.972057314323486 ], [ 92.248967435572467, 24.971958820709947 ], [ 92.248859378585848, 24.971869551645753 ], [ 92.248742242999086, 24.971790366820191 ], [ 92.248617156879746, 24.971722028806404 ], [ 92.248485324854869, 24.971665195718156 ], [ 92.248348016510747, 24.971620414872554 ], [ 92.248206554166984, 24.97158811751973 ], [ 92.248062300143374, 24.971568614690199 ], [ 92.247916643641346, 24.971562094199847 ], [ 92.244406178859393, 24.971562102839023 ] ] ] } },
{ "type": "Feature", "properties": { "ARCID": 743352, "UP_CELLS": 8819, "buffer_m": 150 }, "geometry": { "type": "Polygon", "coordinates": [ [ [ 91.886073013856986, 24.996562221517038 ], [ 91.882348442692475, 24.992837666661465 ], [ 91.882238617477554, 24.992738695960714 ], [ 91.882118115108767, 24.992650647653832 ], [ 91.881988237044197, 24.992574472669201 ], [ 91.881850385991896, 24.99251099370036 ], [ 91.881706050760968, 24.992460896321678 ], [ 91.881556790183282, 24.992424721584747 ], [ 91.881404216279165, 24.992402860175641 ], [ 91.881249976849148, 24.992395548195962 ], [ 91.87773964169881, 24.992395557280744 ], [ 91.874015052644765, 24.988670984551568 ], [ 91.87390522338066, 24.988572010738711 ], [ 91.87378471648033, 24.988483960685031 ], [ 91.873654833589612, 24.988407785439179 ], [ 91.873516977618294, 24.988344307785255 ], [ 91.87337263758738, 24.988294213356522 ], [ 91.87322337254686, 24.988258043230413 ], [ 91.873070794737203, 24.988236188084851 ], [ 91.872916552176832, 24.988228883978937 ], [ 91.852739636502818, 24.988228936300644 ], [ 91.849014990645131, 24.984504306824871 ], [ 91.848905174909433, 24.984405344222075 ], [ 91.848784684075468, 24.984317303316075 ], [ 91.848654819370026, 24.984241134877315 ], [ 91.848516983241879, 24.984177661461139 ], [ 91.848372664216868, 24.984127568525661 ], [ 91.848223420823999, 24.984091397030078 ], [ 91.84807086476583, 24.984069537593349 ], [ 91.847916643515006, 24.984062226276357 ], [ 91.844406206935133, 24.984062235398543 ], [ 91.83690260918975, 24.976558703252369 ], [ 91.836902565086163, 24.97291665834117 ], [ 91.836896224201453, 24.972791679610555 ], [ 91.836877258864234, 24.972667767406097 ], [ 91.836845830935545, 24.972545979018516 ], [ 91.836802208612582, 24.972427353613835 ], [ 91.836746764138937, 24.972312903366699 ], [ 91.836679970627443, 24.972203604824312 ], [ 91.83660239802235, 24.972100390574255 ], [ 91.836514708235427, 24.972004141287613 ], [ 91.819848005767554, 24.955337594638685 ], [ 91.819738218367988, 24.955238643093928 ], [ 91.819617760277012, 24.955150612311765 ], [ 91.819487932212269, 24.955074452839604 ], [ 91.819350136059128, 24.955010987037561 ], [ 91.819205859733827, 24.954960900199534 ], [ 91.819056661117926, 24.954924733154133 ], [ 91.818904151237774, 24.954902876425525 ], [ 91.81874997687035, 24.954895566017054 ], [ 91.81523927404308, 24.954895575165907 ], [ 91.807347847193384, 24.947004183149399 ], [ 91.807238063638863, 24.946905243803204 ], [ 91.807117611947049, 24.946817225027591 ], [ 91.806987792658845, 24.946741077161587 ], [ 91.806850007448801, 24.946677622371912 ], [ 91.80670574399177, 24.946627545776817 ], [ 91.806556559901452, 24.946591388049523 ], [ 91.806404065913966, 24.94656953958123 ], [ 91.806249908498344, 24.946562236266551 ], [ 91.790239222261334, 24.946562278078801 ], [ 91.78234773085471, 24.938670821617276 ], [ 91.78223796293176, 24.938571895349142 ], [ 91.782117530012343, 24.938483887712689 ], [ 91.781987732184348, 24.938407748743746 ], [ 91.781849970620883, 24.938344300354718 ], [ 91.781705732455237, 24.938294227462844 ], [ 91.781556574728214, 24.938258070597261 ], [ 91.781404107581338, 24.938236220064681 ], [ 91.781249976876978, 24.938228911736523 ], [ 91.777083355776711, 24.938228913471782 ], [ 91.776929229300976, 24.938236221536265 ], [ 91.7767767662789, 24.938258071025206 ], [ 91.776627612440905, 24.938294226086825 ], [ 91.776483377800147, 24.938344296450687 ], [ 91.776345619274977, 24.938407741640084 ], [ 91.776215823884513, 24.938483876805655 ], [ 91.776095392698195, 24.938571880117305 ], [ 91.775985625712835, 24.938670801634629 ], [ 91.77226077090819, 24.942395645658991 ], [ 91.743750159167675, 24.94239559498028 ], [ 91.743595985517302, 24.942402894103978 ], [ 91.743443475281367, 24.94242474269781 ], [ 91.743294275618013, 24.942460904788092 ], [ 91.743149997933145, 24.942510989810764 ], [ 91.743012200478219, 24.942574456829355 ], [ 91.742882371522072, 24.942650620376785 ], [ 91.742761913277931, 24.942738657858079 ], [ 91.742652126759765, 24.942837618434016 ], [ 91.717652106848661, 24.967837435602579 ], [ 91.717564407502294, 24.967933685617471 ], [ 91.717486826151855, 24.96803690228688 ], [ 91.717420024911888, 24.96814620474569 ], [ 91.717364573902756, 24.968260660189703 ], [ 91.717320946384376, 24.968379291835944 ], [ 91.717289514716526, 24.968501087258311 ], [ 91.71727054717995, 24.968625007027558 ], [ 91.717264205685666, 24.968749993581788 ], [ 91.717264155623468, 24.972916658250256 ], [ 91.717271308670249, 24.973049411590402 ], [ 91.717292702358506, 24.973180886592946 ], [ 91.717328130699883, 24.973309817077531 ], [ 91.717377252541553, 24.973434961364998 ], [ 91.71743959485012, 24.973555114235818 ], [ 91.717514557265758, 24.973669118537387 ], [ 91.717601417882889, 24.973775876328666 ], [ 91.717699340201506, 24.97387435945458 ], [ 91.717807381182709, 24.973963619448465 ], [ 91.717924500330255, 24.974042796667117 ], [ 91.718049569711312, 24.974111128570375 ], [ 91.718181384819516, 24.974167957065639 ], [ 91.718318676175713, 24.974212734846336 ], [ 91.718460121554841, 24.974245030663479 ], [ 91.718604358721024, 24.974264533479364 ], [ 91.718749998548105, 24.974271055463479 ], [ 91.718895638399417, 24.974264533801705 ], [ 91.719039875637662, 24.974245031301418 ], [ 91.71918132113484, 24.974212735786576 ], [ 91.719318612652017, 24.974167958288735 ], [ 91.719450427960027, 24.97411113005133 ], [ 91.719575497574738, 24.974042798376129 ], [ 91.719692616983906, 24.973963621351803 ], [ 91.719800658248388, 24.973874361515573 ], [ 91.71989858086522, 24.973775878508789 ], [ 91.719985441788594, 24.973669120797304 ], [ 91.720060404511742, 24.973555116536495 ], [ 91.720122747122545, 24.973434963668744 ], [ 91.720171869255168, 24.97330981934893 ], [ 91.720207297870886, 24.973180888799746 ], [ 91.720228691812309, 24.973049413704192 ], [ 91.720235845087501, 24.972916660247041 ], [ 91.720235801700795, 24.969274774612821 ], [ 91.744405927889488, 24.945104467849649 ], [ 91.772916825846892, 24.945104417131319 ], [ 91.773070931102339, 24.945097094527306 ], [ 91.773223371705299, 24.945075235778802 ], [ 91.773372502674519, 24.945039076760779 ], [ 91.773516714745895, 24.944989007661814 ], [ 91.773654451739418, 24.944925568773265 ], [ 91.773784227353303, 24.944849444658544 ], [ 91.773904641203444, 24.944761456765459 ], [ 91.774014393935502, 24.944662554561393 ], [ 91.777739176760377, 24.940937760955098 ], [ 91.780594135882524, 24.940937762144252 ], [ 91.788485568298356, 24.948829229514061 ], [ 91.788595331383178, 24.948928136347071 ], [ 91.788715756942352, 24.949016127666507 ], [ 91.788845545370691, 24.949092253872887 ], [ 91.788983296010969, 24.949155693412596 ], [ 91.789127522270235, 24.949205761644809 ], [ 91.789276667663998, 24.949241918230825 ], [ 91.789429122615019, 24.94926377296602 ], [ 91.789583241825369, 24.94927108999136 ], [ 91.805594084025913, 24.949271131817838 ], [ 91.81348545205239, 24.957162534686415 ], [ 91.813595230766182, 24.95726145457467 ], [ 91.813715675091657, 24.957349457012292 ], [ 91.813845484971012, 24.95742559209712 ], [ 91.813983259245973, 24.957489038021667 ], [ 91.814127510782441, 24.957539109944495 ], [ 91.814276682523598, 24.957575267383145 ], [ 91.814429164298147, 24.957597120048746 ], [ 91.814583310202039, 24.957604432059295 ], [ 91.818093938439901, 24.957604441210474 ], [ 91.833930762925092, 24.973441404205733 ], [ 91.833930718821705, 24.977083325006451 ], [ 91.833937054079115, 24.977208277569364 ], [ 91.833956009030416, 24.977332164539579 ], [ 91.833987422045467, 24.977453929277733 ], [ 91.834031025236655, 24.977572533241997 ], [ 91.834086446742404, 24.977686964846061 ], [ 91.834153213897864, 24.977796248087309 ], [ 91.83423075726526, 24.97789945087154 ], [ 91.83431841548996, 24.977995692963336 ], [ 91.842651730943942, 24.986329086352761 ], [ 91.842761540090564, 24.986428032071196 ], [ 91.842882021763231, 24.9865160581735 ], [ 91.843011875128369, 24.986592214229837 ], [ 91.843149698156651, 24.986655677970816 ], [ 91.843294002761439, 24.986705764166423 ], [ 91.84344323086674, 24.986741932025257 ], [ 91.843595771231264, 24.98676379103415 ], [ 91.843749976846681, 24.986771105175059 ], [ 91.847260400546887, 24.98677111429901 ], [ 91.850984984276209, 24.990495714412518 ], [ 91.851094790079031, 24.990594661959367 ], [ 91.851215268764264, 24.990682690843165 ], [ 91.851345119596829, 24.990758850652437 ], [ 91.851482940646122, 24.990822319119154 ], [ 91.851627243922664, 24.990872410997198 ], [ 91.851776471444097, 24.990908585461337 ], [ 91.851929012057468, 24.990930451947001 ], [ 91.852083218835645, 24.990937774367431 ], [ 91.872260395320055, 24.990937826706386 ], [ 91.875984922325813, 24.99466237003924 ], [ 91.87609474165636, 24.994761328785852 ], [ 91.876215236405585, 24.994849366807784 ], [ 91.876345105419503, 24.994925533415586 ], [ 91.876482946306709, 24.994989006112721 ], [ 91.876627270582702, 24.995039099478124 ], [ 91.876776519744482, 24.995075272568542 ], [ 91.876929082101398, 24.99509713476057 ], [ 91.877083310180851, 24.995104449969336 ], [ 91.880593653053381, 24.995104459055707 ], [ 91.884318198956436, 24.9988290212716 ], [ 91.884428022762677, 24.998927983823986 ], [ 91.884548522989078, 24.999016025329713 ], [ 91.884678398369147, 24.999092195022754 ], [ 91.884816246385256, 24.999155670339576 ], [ 91.884960578414905, 24.999205765802728 ], [ 91.885109835807484, 24.999241940424152 ], [ 91.88526240671743, 24.999263803547912 ], [ 91.885416643512215, 24.999271119069419 ], [ 91.889583355868368, 24.999271120649205 ], [ 91.889729032558449, 24.999264596526558 ], [ 91.889873306048258, 24.999245090961409 ], [ 91.890014786860689, 24.999212791807491 ], [ 91.8901521124168, 24.999168010131608 ], [ 91.890283960159721, 24.999111177217664 ], [ 91.890409060293123, 24.99904284041261 ], [ 91.890526208011082, 24.99896365785467 ], [ 91.89063427510203, 24.998874392134447 ], [ 91.89073222081457, 24.998775902949994 ], [ 91.890819101880709, 24.998669138826664 ], [ 91.890894081599996, 24.998555127981529 ], [ 91.890956437896904, 24.998434968420277 ], [ 91.891005570274046, 24.998309817362127 ], [ 91.891041005594204, 24.998180880094488 ], [ 91.891062402635669, 24.998049398364845 ], [ 91.891069555376717, 24.997916638421628 ], [ 91.891062394978178, 24.99778387881927 ], [ 91.891040990444537, 24.997652398104862 ], [ 91.891005547957676, 24.997523462505104 ], [ 91.890956408889508, 24.997398313731971 ], [ 91.890894046512813, 24.997278157024709 ], [ 91.890819061441846, 24.99716414954316 ], [ 91.890732175847063, 24.997057389224256 ], [ 91.890634226499287, 24.996958904208959 ], [ 91.890526156710479, 24.996869642941437 ], [ 91.890409007249005, 24.996790465035819 ], [ 91.89028390631654, 24.996722132998432 ], [ 91.890152058683313, 24.996665304885219 ], [ 91.890014734086265, 24.996620527965028 ], [ 91.889873255001859, 24.996588233449778 ], [ 91.889728983911297, 24.996568732342169 ], [ 91.889583310180527, 24.996562212441049 ], [ 91.886073013856986, 24.996562221517038 ] ] ] } },
{ "type": "Feature", "properties": { "ARCID": 743501, "UP_CELLS": 9814, "buffer_m": 150 }, "geometry": { "type": "Polygon", "coordinates": [ [ [ 91.700597847202445, 24.943749989556892 ], [ 91.700604183039246, 24.943874964679573 ], [ 91.700623140126083, 24.943998873570642 ], [ 91.700654556744126, 24.944120658943156 ], [ 91.700698164858238, 24.944239281626633 ], [ 91.700753592402776, 24.944353729434145 ], [ 91.700820366455403, 24.944463025799418 ], [ 91.70089791727132, 24.944566238110021 ], [ 91.700985583144146, 24.944662485665571 ], [ 91.704764456787075, 24.948441411170933 ], [ 91.704764311800091, 24.96041665622808 ], [ 91.704770647330974, 24.960541619759397 ], [ 91.704789603513007, 24.960665517354421 ], [ 91.704821018664902, 24.960787292017407 ], [ 91.704864624813453, 24.960905904860674 ], [ 91.704920049978384, 24.961020343967732 ], [ 91.704986821344747, 24.961129633026459 ], [ 91.705064369295698, 24.961232839658564 ], [ 91.705152032271215, 24.961329083374366 ], [ 91.708930921337654, 24.965108024339372 ], [ 91.708930776225387, 24.977083322899297 ], [ 91.708937929276786, 24.97721607581839 ], [ 91.708959323413197, 24.977347550423396 ], [ 91.708994752641928, 24.977476480537781 ], [ 91.709043875801655, 24.977601624485981 ], [ 91.709106219846291, 24.977721777051723 ], [ 91.709181184399341, 24.977835781085361 ], [ 91.709268047534593, 24.977942538648428 ], [ 91.70936597272788, 24.978041021588055 ], [ 91.709474016912566, 24.978130281439366 ], [ 91.70959113956161, 24.97820945856051 ], [ 91.709716212708472, 24.978277790412285 ], [ 91.709848031810495, 24.978334618902554 ], [ 91.709985327350068, 24.978379396724797 ], [ 91.710126777061888, 24.978411692629614 ], [ 91.710271018668308, 24.978431195578427 ], [ 91.710416663000402, 24.978437717739453 ], [ 91.71056230737814, 24.978431196296842 ], [ 91.710706549120573, 24.978411694055858 ], [ 91.710847999056355, 24.978379398837934 ], [ 91.710985294903764, 24.978334621671788 ], [ 91.711117114391939, 24.978277793797627 ], [ 91.711242187996433, 24.978209462513728 ], [ 91.711359311166618, 24.978130285904996 ], [ 91.71146735592707, 24.978041026504648 ], [ 91.711565281741159, 24.977942543949819 ], [ 91.711652145532256, 24.977835786702034 ], [ 91.711727110766006, 24.977721782912212 ], [ 91.711789455506064, 24.977601630518198 ], [ 91.711838579366116, 24.97747648667033 ], [ 91.711874009290767, 24.977347556586768 ], [ 91.711895404110066, 24.977216081946029 ], [ 91.711902557823564, 24.977083328928526 ], [ 91.711902407636416, 24.964583322903394 ], [ 91.711896067846979, 24.964458355126997 ], [ 91.711877106205932, 24.964334453694267 ], [ 91.711845684526551, 24.964212675698025 ], [ 91.711802070925771, 24.964094060111393 ], [ 91.711746637535541, 24.963979618923737 ], [ 91.711679857326686, 24.963870328507006 ], [ 91.711602300072883, 24.963767121285883 ], [ 91.711514627488611, 24.963670877783109 ], [ 91.70773568384891, 24.959891986035078 ], [ 91.707735538865052, 24.947916656232191 ], [ 91.707729198770835, 24.947791676869958 ], [ 91.707710236227612, 24.947667764146651 ], [ 91.707678813086105, 24.947545975446133 ], [ 91.707635197525136, 24.947427350024199 ], [ 91.707579761761835, 24.94731290014056 ], [ 91.707512978874405, 24.947203602421176 ], [ 91.707435418764277, 24.947100389524802 ], [ 91.707347743292175, 24.947004142184774 ], [ 91.70356881512464, 24.94322526587279 ], [ 91.70356867026598, 24.931249989560982 ], [ 91.703561516047259, 24.931117236247822 ], [ 91.703540126156369, 24.930985761590655 ], [ 91.703504706634135, 24.930856831758092 ], [ 91.70345559863128, 24.930731688406858 ], [ 91.703393275121456, 24.930611536724214 ], [ 91.703318336344765, 24.930497533821843 ], [ 91.703231504025993, 24.930390777592748 ], [ 91.703133614423095, 24.930292296138646 ], [ 91.70302561027296, 24.930203037869493 ], [ 91.702908531712154, 24.930123862370579 ], [ 91.702783506259806, 24.930055532125024 ], [ 91.702651737959613, 24.929998705171435 ], [ 91.702514495784797, 24.929953928767397 ], [ 91.702373101418416, 24.929921634119648 ], [ 91.70222891652601, 24.929902132231998 ], [ 91.702083329643699, 24.929895610910528 ], [ 91.701937742807274, 24.929902132955274 ], [ 91.701793558051776, 24.929921635555544 ], [ 91.701652163910779, 24.929953930894829 ], [ 91.701514922045746, 24.929998707959417 ], [ 91.701383154134149, 24.930055535533278 ], [ 91.70125812914236, 24.930123866350549 ], [ 91.701141051105992, 24.930203042365349 ], [ 91.70103304753529, 24.930292301088521 ], [ 91.700935158557144, 24.930390782930026 ], [ 91.700848326898395, 24.930497539476548 ], [ 91.700773388806724, 24.93061154262438 ], [ 91.700711065996757, 24.930731694479931 ], [ 91.700661958698703, 24.930856837932176 ], [ 91.700626539876822, 24.930985767795772 ], [ 91.700605150673198, 24.931117242416974 ], [ 91.700597997120823, 24.93124999563106 ], [ 91.700597847202445, 24.943749989556892 ] ] ] } },
{ "type": "Feature", "properties": { "ARCID": 743653, "UP_CELLS": 585, "buffer_m": 80 }, "geometry": { "type": "Polygon", "coordinates": [ [ [ 92.548709767198773, 25.051803617870409 ], [ 92.548709742115463, 25.047916664361264 ], [ 92.548706360742173, 25.047850025353871 ], [ 92.548696246354922, 25.047783954555165 ], [ 92.548679485200751, 25.047719015291296 ], [ 92.548656220197074, 25.047655761239984 ], [ 92.548626649712858, 25.0475947317098 ], [ 92.548591025877016, 25.04753644704217 ], [ 92.548549652428406, 25.047481404174871 ], [ 92.54850288212603, 25.047430072405302 ], [ 92.527669529121368, 25.026596819658181 ], [ 92.527610928585688, 25.026544002213946 ], [ 92.527546626738271, 25.026497012963738 ], [ 92.52747731844515, 25.026456359683628 ], [ 92.527403752670779, 25.026422481681326 ], [ 92.527326724384636, 25.026395745049111 ], [ 92.527247065970982, 25.026376438707949 ], [ 92.527165638234237, 25.026364771285522 ], [ 92.527083321097422, 25.0263608688619 ], [ 92.523266881843682, 25.026360873687057 ], [ 92.51120952262724, 25.014303568504666 ], [ 92.511209497588283, 25.010416664349226 ], [ 92.511206116716934, 25.010350019993535 ], [ 92.511196003837398, 25.010283943982959 ], [ 92.511179245197567, 25.010218999778047 ], [ 92.511155983716222, 25.010155741187081 ], [ 92.51112641776399, 25.010094707643479 ], [ 92.511090799471361, 25.01003641960596 ], [ 92.511049432578417, 25.009981374120422 ], [ 92.511002669844615, 25.009930040581544 ], [ 92.507322610657354, 25.006250019500438 ], [ 92.510766796303457, 25.002805808123433 ], [ 92.518750024329862, 25.002805799431261 ], [ 92.518832296785646, 25.002801896224153 ], [ 92.518913680519816, 25.002790233348176 ], [ 92.518993296670018, 25.002770936750448 ], [ 92.519070285462931, 25.002744214814502 ], [ 92.519143815499476, 25.002710356109922 ], [ 92.519213092733295, 25.002669726275883 ], [ 92.519277369046051, 25.002622764072502 ], [ 92.519335950326436, 25.002569976642416 ], [ 92.523502614231859, 24.998403293784953 ], [ 92.523549372510402, 24.998351959643895 ], [ 92.52359073530468, 24.998296913519916 ], [ 92.523626349895395, 24.998238624825916 ], [ 92.523655912583138, 24.998177590625541 ], [ 92.523679171278005, 24.99811433139438 ], [ 92.523695927649058, 24.998049386581382 ], [ 92.523706038815249, 24.997983310008671 ], [ 92.523709418563641, 24.997916665148615 ], [ 92.523709338388883, 24.985416663960244 ], [ 92.523705520870919, 24.985345849065094 ], [ 92.523694106127181, 24.985275716213948 ], [ 92.523675204102517, 24.985206940835472 ], [ 92.523648996848735, 24.985140185283829 ], [ 92.523615736770935, 24.985076092459771 ], [ 92.523575744196236, 24.985015279619255 ], [ 92.523529404288468, 24.984958332428921 ], [ 92.523477163338512, 24.984905799325944 ], [ 92.523419524466092, 24.984858186236359 ], [ 92.523357042774222, 24.984815951702871 ], [ 92.523290320003326, 24.984779502468989 ], [ 92.523219998736039, 24.984749189562002 ], [ 92.523146756209016, 24.984725304912502 ], [ 92.523071297790892, 24.984708078543129 ], [ 92.522994350189492, 24.984697676353353 ], [ 92.522916654453539, 24.984694198521922 ], [ 92.51910003842373, 24.984694203342702 ], [ 92.51516915995029, 24.980763333202432 ], [ 92.515110583504935, 24.980710545726346 ], [ 92.515046312922124, 24.980663584250028 ], [ 92.514977042310036, 24.980622955942554 ], [ 92.514903519773256, 24.980589099576285 ], [ 92.514826539333669, 24.980562380788481 ], [ 92.514746932355436, 24.980543088132666 ], [ 92.514665558567003, 24.980531429962586 ], [ 92.514583296776721, 24.980527532182133 ], [ 92.502433360968283, 24.980527547553315 ], [ 92.498709280995783, 24.976803484254862 ], [ 92.498709202443962, 24.964583330597634 ], [ 92.498705820864444, 24.964516667002059 ], [ 92.498695705966583, 24.96445057224301 ], [ 92.498678944064565, 24.96438561026196 ], [ 92.498655678186424, 24.964322335334298 ], [ 92.498626106853251, 24.964261287340101 ], [ 92.49859048238504, 24.96420298715784 ], [ 92.498549108747582, 24.964147932220147 ], [ 92.498502338958758, 24.964096592269716 ], [ 92.490655696591759, 24.956250030988055 ], [ 92.494335628225045, 24.952570061838351 ], [ 92.494385322147593, 24.952515160372638 ], [ 92.494428848889783, 24.95245606712939 ], [ 92.494465785939312, 24.952393355736312 ], [ 92.494495774752835, 24.952327634942272 ], [ 92.494518524236028, 24.952259542707868 ], [ 92.494533813568921, 24.952189740012567 ], [ 92.494541494349036, 24.9521189044384 ], [ 92.494541492031388, 24.9520477235925 ], [ 92.494533806651717, 24.951976888432437 ], [ 92.494518512825508, 24.951907086559018 ], [ 92.49449575902328, 24.951838995541731 ], [ 92.494465766128826, 24.951773276341633 ], [ 92.494428825294719, 24.951710566895461 ], [ 92.494385295115634, 24.951651475923285 ], [ 92.494335598147245, 24.951596577019831 ], [ 92.490375759865955, 24.947636767052778 ], [ 92.490375734913641, 24.943749997680175 ], [ 92.490372353380977, 24.943683328379727 ], [ 92.490362238543426, 24.943617228056496 ], [ 92.490345476729175, 24.943552260794217 ], [ 92.490322210989532, 24.943488981006436 ], [ 92.490292639877723, 24.943427928705464 ], [ 92.490257015754281, 24.943369624894007 ], [ 92.490215642633103, 24.94331456711928 ], [ 92.490168873586967, 24.943263225227113 ], [ 92.48620903964418, 24.939303419590228 ], [ 92.486208963299973, 24.927363284339251 ], [ 92.490168759783302, 24.923403460434468 ], [ 92.490218264594915, 24.923348789781276 ], [ 92.490261654607323, 24.923289957543425 ], [ 92.490298511955672, 24.923227530313014 ], [ 92.490328481690568, 24.923162109303391 ], [ 92.490351275196048, 24.923094324558949 ], [ 92.490366672968889, 24.923024828887275 ], [ 92.490374526732026, 24.922954291572136 ], [ 92.490374760862139, 24.922883391927829 ], [ 92.490367373117479, 24.922812812756909 ], [ 92.490352434658888, 24.922743233774479 ], [ 92.490330089364051, 24.922675325062173 ], [ 92.490300552441369, 24.922609740614956 ], [ 92.49026410835701, 24.922547112042956 ], [ 92.490221108094886, 24.92248804248883 ], [ 92.490171965776312, 24.922433100819372 ], [ 92.490117154671552, 24.922382816147216 ], [ 92.490057202641765, 24.922337672735399 ], [ 92.489992687055548, 24.922298105333869 ], [ 92.489924229228563, 24.922264494992852 ], [ 92.489852488440135, 24.922237165393302 ], [ 92.489778155584247, 24.92221637972991 ], [ 92.489701946516305, 24.922202338176525 ], [ 92.489624595159341, 24.922195175958532 ], [ 92.489546846436511, 24.922194962050618 ], [ 92.48946944909747, 24.92220169851258 ], [ 92.489393148508071, 24.92221532046953 ], [ 92.489318679472575, 24.922235696736578 ], [ 92.489246759157425, 24.922262631082166 ], [ 92.489178080185212, 24.922295864117793 ], [ 92.489113303964459, 24.922335075795882 ], [ 92.489053054320308, 24.922379888491843 ], [ 92.488997911486919, 24.922429870640588 ], [ 92.484831242135826, 24.926596521163354 ], [ 92.484784471386135, 24.926647865244554 ], [ 92.484743096606408, 24.926702926208542 ], [ 92.484707470949857, 24.926761234093686 ], [ 92.48467789850055, 24.926822291224262 ], [ 92.48465463167777, 24.92688557645819 ], [ 92.484637869081268, 24.926950549635031 ], [ 92.484627753795806, 24.92701665618636 ], [ 92.484624372169648, 24.927083331869145 ], [ 92.48462429224567, 24.93958333058427 ], [ 92.484627672461585, 24.939649997312856 ], [ 92.484637785255515, 24.93971609520791 ], [ 92.484654544344508, 24.93978106024818 ], [ 92.484677806731341, 24.939844338078302 ], [ 92.484707373924522, 24.939905388739287 ], [ 92.484742993631613, 24.939963691276127 ], [ 92.484784361911935, 24.940018748183231 ], [ 92.484831125769801, 24.940070089649911 ], [ 92.488790930125916, 24.944029922314645 ], [ 92.488790905173403, 24.947916664346451 ], [ 92.488794285345136, 24.947983327918443 ], [ 92.488804397923033, 24.948049422733497 ], [ 92.488821156634046, 24.948114384849436 ], [ 92.488844418497592, 24.948177659987831 ], [ 92.488873985045217, 24.948238708263219 ], [ 92.488909604013671, 24.948297008789744 ], [ 92.488950971497005, 24.948352064125604 ], [ 92.488997734539467, 24.948403404517517 ], [ 92.492677644803422, 24.952083352795992 ], [ 92.488997707015898, 24.955763253069524 ], [ 92.488948011190487, 24.955818150474933 ], [ 92.488904481945355, 24.955877239550524 ], [ 92.488867541794392, 24.955939946763916 ], [ 92.488837549297926, 24.956005663463422 ], [ 92.488814795582101, 24.956073751785539 ], [ 92.488799501512773, 24.956143550846189 ], [ 92.488791815551295, 24.95621438315527 ], [ 92.488791812313025, 24.956285561192555 ], [ 92.488799491842656, 24.956356394080895 ], [ 92.488814779613094, 24.956426194292106 ], [ 92.488837527248535, 24.956494284320378 ], [ 92.488867513964081, 24.956560003258456 ], [ 92.488904448708311, 24.956622713212742 ], [ 92.488947972987987, 24.956681805495034 ], [ 92.488997664347394, 24.95673670653089 ], [ 92.497124129435093, 24.964863229760173 ], [ 92.497124050882391, 24.977083330596468 ], [ 92.497127430726664, 24.977149983303711 ], [ 92.497137542419168, 24.977216067532819 ], [ 92.497154299722141, 24.97728101961296 ], [ 92.49717755971291, 24.977344285529188 ], [ 92.497207124002728, 24.977405325648022 ], [ 92.497242740428561, 24.977463619320368 ], [ 92.497284105203718, 24.97751866932256 ], [ 92.497330865508857, 24.977570006097597 ], [ 92.501497528220909, 24.981736688839451 ], [ 92.501556096994875, 24.981789465774348 ], [ 92.501620357999698, 24.981836418506852 ], [ 92.501689617456691, 24.981877040118377 ], [ 92.501763127619711, 24.981910892042876 ], [ 92.501840094848319, 24.98193760880196 ], [ 92.501919688176415, 24.981956901950994 ], [ 92.502001048284029, 24.981968563193337 ], [ 92.502083296775339, 24.981972466629344 ], [ 92.514233308044226, 24.981972482004078 ], [ 92.518164164841508, 24.985903347135416 ], [ 92.518222738256085, 24.985956127927683 ], [ 92.518287004829006, 24.986003083897938 ], [ 92.518356270641846, 24.986043708034465 ], [ 92.51842978779402, 24.986077561693641 ], [ 92.518506762478566, 24.986104279336427 ], [ 92.518586363553482, 24.98612357247552 ], [ 92.518667731516572, 24.98613523279052 ], [ 92.518749987786407, 24.986139134377346 ], [ 92.522123991001138, 24.986139143657269 ], [ 92.522123916886414, 24.997636852716457 ], [ 92.518399877335384, 25.001360876589811 ], [ 92.510416690995569, 25.001360867899585 ], [ 92.510334408492895, 25.00136476749244 ], [ 92.510253014500833, 25.001376428744589 ], [ 92.51017338819473, 25.001395725697066 ], [ 92.510096389657264, 25.001422449913992 ], [ 92.510022850588712, 25.001456312733925 ], [ 92.509953565323642, 25.001496948387661 ], [ 92.509889282251279, 25.001543917948915 ], [ 92.509830695731878, 25.001596714075195 ], [ 92.505664026318513, 25.005763364547182 ], [ 92.505614334799262, 25.00581825607242 ], [ 92.505570809973278, 25.005877336058123 ], [ 92.505533874091313, 25.005940031359124 ], [ 92.505503885485382, 25.006005733756595 ], [ 92.50548113509214, 25.006073805858357 ], [ 92.505465843630091, 25.006143587282239 ], [ 92.50545815945793, 25.006214401062447 ], [ 92.505458157134811, 25.006285560216938 ], [ 92.505465836696487, 25.006356374411933 ], [ 92.505481123654505, 25.006426156659032 ], [ 92.505503869718325, 25.006494229979904 ], [ 92.505533854233377, 25.006559933973936 ], [ 92.5055707863214, 25.00662263122506 ], [ 92.505614307701791, 25.006681713485641 ], [ 92.505663996167257, 25.006736607577462 ], [ 92.50962383410544, 25.010696473902069 ], [ 92.509623809066412, 25.014583331015494 ], [ 92.509627188141877, 25.014649965370833 ], [ 92.509637297466185, 25.014716031710631 ], [ 92.509654050868718, 25.014780966823647 ], [ 92.509677305537977, 25.014844217141405 ], [ 92.509706863238648, 25.01490524345737 ], [ 92.509742472001264, 25.014963525523765 ], [ 92.509783828270017, 25.01501856648672 ], [ 92.509830579490213, 25.015069897122121 ], [ 92.522330567630334, 25.027569945435399 ], [ 92.52238916281911, 25.027622739959472 ], [ 92.522453455469019, 25.027669708524829 ], [ 92.522522751174264, 25.027710343833384 ], [ 92.522596301489685, 25.0277442069908 ], [ 92.52267331201476, 25.02777093224708 ], [ 92.522752950974009, 25.027790230947154 ], [ 92.52283435820118, 25.027801894648793 ], [ 92.52291665443029, 25.027805797374025 ], [ 92.526733033954073, 25.027805802200692 ], [ 92.547123589562702, 25.048196449196325 ], [ 92.547123564479477, 25.052083331027532 ], [ 92.547126943514996, 25.052149954689387 ], [ 92.547137052727464, 25.052216010608777 ], [ 92.547153805974844, 25.052280935843722 ], [ 92.547177060492729, 25.052344177087317 ], [ 92.547206618110621, 25.05240519538313 ], [ 92.547242226940554, 25.052463470718443 ], [ 92.547283583523367, 25.052518506455968 ], [ 92.547330335414713, 25.052569833566444 ], [ 92.553580329524308, 25.058819857762355 ], [ 92.553635506083523, 25.058869864675898 ], [ 92.553695798076234, 25.058914704486771 ], [ 92.553760624855144, 25.058953945357288 ], [ 92.553829362098043, 25.058987209370912 ], [ 92.553901347820528, 25.059014176172052 ], [ 92.553975888751523, 25.059034586051389 ], [ 92.554052267010306, 25.059048242447247 ], [ 92.554129747020397, 25.059055013838677 ], [ 92.554207582594103, 25.059054835012166 ], [ 92.554285024119167, 25.059047707689775 ], [ 92.554361325778459, 25.059033700512511 ], [ 92.554435752733127, 25.059012948379255 ], [ 92.554507588199897, 25.058985651147545 ], [ 92.554576140354584, 25.058952071708678 ], [ 92.55464074899507, 25.058912533455832 ], [ 92.554700791899691, 25.05886741716936 ], [ 92.554755690819732, 25.058817157349498 ], [ 92.554804917048472, 25.058762238031687 ], [ 92.554847996512848, 25.058703188124749 ], [ 92.554884514338966, 25.058640576317085 ], [ 92.554914118847378, 25.058575005599582 ], [ 92.554936524939677, 25.058507107458375 ], [ 92.554951516843786, 25.058437535793075 ], [ 92.554958950191562, 25.058366960619228 ], [ 92.554958753408656, 25.058296061615639 ], [ 92.554950928403301, 25.058225521578628 ], [ 92.554935550547498, 25.058156019846304 ], [ 92.554912767950569, 25.058088225756233 ], [ 92.554882800032374, 25.058022792199431 ], [ 92.554845935409716, 25.057960349332756 ], [ 92.554802529116472, 25.057901498510354 ], [ 92.554752999184132, 25.057846806492432 ], [ 92.548709767198773, 25.051803617870409 ] ] ] } },
{ "type": "Feature", "properties": { "ARCID": 743654, "UP_CELLS": 869, "buffer_m": 80 }, "geometry": { "type": "Polygon", "coordinates": [ [ [ 92.623709719969199, 25.043470272969884 ], [ 92.623709616416207, 25.027363114895994 ], [ 92.627669460763485, 25.023403242868191 ], [ 92.627716217165599, 25.023351911317679 ], [ 92.627757578054641, 25.023296869220587 ], [ 92.627793190824946, 25.023238585825915 ], [ 92.627822751876465, 25.023177558015014 ], [ 92.627846009202798, 25.023114306065363 ], [ 92.627862764539458, 25.023049369214984 ], [ 92.627872875053654, 25.022983301065274 ], [ 92.627876254561798, 25.022916664861317 ], [ 92.627876201034709, 25.014583330909037 ], [ 92.627872819719386, 25.014516683030624 ], [ 92.627862705535819, 25.014450603574716 ], [ 92.627845944750092, 25.01438565607727 ], [ 92.62782268031097, 25.014322394419871 ], [ 92.627793110630449, 25.014261358106186 ], [ 92.627757487891429, 25.014203067661061 ], [ 92.627716115896717, 25.014148020191559 ], [ 92.627669347478047, 25.014096685147628 ], [ 92.615169336022817, 25.001596733466044 ], [ 92.615110748064936, 25.00154393141549 ], [ 92.615046462585369, 25.001496956442633 ], [ 92.614977174048988, 25.00145631600547 ], [ 92.614903630965074, 25.001422449131194 ], [ 92.614826627801406, 25.001395721673756 ], [ 92.614746996402189, 25.001376422361805 ], [ 92.614665597002201, 25.001364759679795 ], [ 92.614583308934357, 25.001360859615939 ], [ 92.606600126218225, 25.001360869575745 ], [ 92.602669281119788, 24.997430032703637 ], [ 92.602610697381735, 24.99737723892623 ], [ 92.6025464177619, 24.997330271388119 ], [ 92.602477136528705, 24.997289637369676 ], [ 92.60240360196903, 24.997255775744613 ], [ 92.602326608306257, 24.997229052240023 ], [ 92.602246987122484, 24.997209755486466 ], [ 92.602165598377198, 24.99719809390082 ], [ 92.602083321119636, 24.997194193435263 ], [ 92.597916678815977, 24.997194193738238 ], [ 92.597834401548923, 24.997198094218366 ], [ 92.597753012797909, 24.997209755823359 ], [ 92.597673391613071, 24.997229052600293 ], [ 92.597596397954675, 24.997255776131521 ], [ 92.597522863405388, 24.997289637785549 ], [ 92.597453582189019, 24.997330271834329 ], [ 92.597389302592674, 24.997377239403217 ], [ 92.597330718884947, 24.997430033210829 ], [ 92.593749986278254, 25.001010773869712 ], [ 92.586002597214062, 24.993263370109425 ], [ 92.585944012035228, 24.993210572876421 ], [ 92.585879730455602, 24.993163602613357 ], [ 92.585810446852648, 24.993122966694237 ], [ 92.585736909633567, 24.993089104068819 ], [ 92.585659913150948, 24.993062380521298 ], [ 92.585580289122575, 24.993043084719218 ], [ 92.585498897647525, 24.993031425095531 ], [ 92.585416617915783, 24.993027527597167 ], [ 92.569100027732532, 24.993027548041496 ], [ 92.54016912201844, 24.964096703265398 ], [ 92.540110550977374, 24.964043906251533 ], [ 92.540046284934718, 24.963996936187201 ], [ 92.539977018097787, 24.963956300442518 ], [ 92.539903498690066, 24.963922437963859 ], [ 92.539826520869084, 24.963895714532537 ], [ 92.539746916148218, 24.963876418813864 ], [ 92.539665544415016, 24.963864759239147 ], [ 92.5395832846432, 24.963860861754345 ], [ 92.523266587138792, 24.96386088231338 ], [ 92.506835633198037, 24.947429963155095 ], [ 92.506777075917356, 24.947377184790316 ], [ 92.506712827698735, 24.947330231374671 ], [ 92.506643582248216, 24.947289609872815 ], [ 92.506570087225555, 24.947255758882061 ], [ 92.506493136171699, 24.947229043896979 ], [ 92.506413559941166, 24.947209753363243 ], [ 92.506332217731384, 24.947198095563465 ], [ 92.506249987806314, 24.947194196368379 ], [ 92.502433192361565, 24.947194201193959 ], [ 92.498709067468923, 24.943470092947216 ], [ 92.498709015787668, 24.935416664142345 ], [ 92.498705633934492, 24.935349989544928 ], [ 92.498695518183794, 24.935283884059825 ], [ 92.498678754884978, 24.935218911902187 ], [ 92.49865548712414, 24.935155627613263 ], [ 92.498625913502508, 24.935094571327408 ], [ 92.498590286441143, 24.935036264162072 ], [ 92.498548910026116, 24.934981203770164 ], [ 92.498502137412999, 24.934929860092627 ], [ 92.490375626631376, 24.926803407358388 ], [ 92.490375601707086, 24.922916664348801 ], [ 92.49037178624458, 24.922845849806052 ], [ 92.490360377561345, 24.922775717287514 ], [ 92.490341485541776, 24.92270694220618 ], [ 92.490315292137964, 24.92264018690112 ], [ 92.490282049616923, 24.922576094258858 ], [ 92.490242078130734, 24.922515281522184 ], [ 92.490195762632993, 24.922458334345951 ], [ 92.490143549171307, 24.922405801157051 ], [ 92.4900859405913, 24.922358187873037 ], [ 92.490023491694089, 24.922315953030012 ], [ 92.489956803893094, 24.922279503366948 ], [ 92.48988651942237, 24.922249189908779 ], [ 92.489813315151679, 24.922225304586039 ], [ 92.489737896068263, 24.922208077423559 ], [ 92.489660988487714, 24.922197674325396 ], [ 92.489583333059699, 24.922194195477189 ], [ 92.489505677635449, 24.922197674381362 ], [ 92.489428770066212, 24.922208077534528 ], [ 92.489353351001355, 24.922225304750139 ], [ 92.489280146756101, 24.922249190123257 ], [ 92.489209862317125, 24.922279503628232 ], [ 92.489143174553561, 24.922315953333818 ], [ 92.489080725698699, 24.922358188214499 ], [ 92.489023117165118, 24.922405801530793 ], [ 92.488970903753014, 24.922458334746242 ], [ 92.488924588307114, 24.922515281943106 ], [ 92.48888461687406, 24.922576094694392 ], [ 92.488851374406536, 24.922640187345312 ], [ 92.488825181055773, 24.92270694265326 ], [ 92.488806289087975, 24.922775717731984 ], [ 92.48879488045452, 24.922845850242826 ], [ 92.48879106503918, 24.922916664773265 ], [ 92.488791038409815, 24.927083331015059 ], [ 92.488794418576347, 24.927150000310103 ], [ 92.488804531132971, 24.927216100704619 ], [ 92.48882128979244, 24.927281068114965 ], [ 92.488844551550827, 24.927344348125217 ], [ 92.4888741179075, 24.927405400718474 ], [ 92.48890973655881, 24.927463704885302 ], [ 92.488951103550974, 24.927518763070022 ], [ 92.488997865873571, 24.927570105416827 ], [ 92.497124316005198, 24.93569661360457 ], [ 92.497124264323446, 24.9437499974749 ], [ 92.497127644522578, 24.943816662712457 ], [ 92.497137757222447, 24.943882759153979 ], [ 92.497154516144931, 24.94394772281704 ], [ 92.497177778300966, 24.944010999384037 ], [ 92.497207345210271, 24.944072048932064 ], [ 92.497242964594719, 24.944130350540014 ], [ 92.497284332530612, 24.944185406733602 ], [ 92.497331096041748, 24.944236747730226 ], [ 92.501497758769062, 24.948403430449993 ], [ 92.501556311848887, 24.948456194002716 ], [ 92.501620553396634, 24.948503134165861 ], [ 92.501689790019597, 24.948543744285075 ], [ 92.501763274407764, 24.948577586029604 ], [ 92.501840213400214, 24.948604294123658 ], [ 92.501919776546387, 24.948623580289283 ], [ 92.502001105070079, 24.948635236358065 ], [ 92.502083321139182, 24.948639136518139 ], [ 92.505900090621665, 24.94863914134482 ], [ 92.522331013166692, 24.96507009868478 ], [ 92.522389570831038, 24.965122859189862 ], [ 92.522453817100214, 24.965169797002613 ], [ 92.522523058611696, 24.965210405553314 ], [ 92.522596548090121, 24.965244246579438 ], [ 92.522673492412423, 24.96527095485569 ], [ 92.522753061167649, 24.965290242135861 ], [ 92.522834395619569, 24.965301900263871 ], [ 92.522916617974744, 24.965305803420375 ], [ 92.539233324231347, 24.965305823990398 ], [ 92.56816417949689, 24.99423674022799 ], [ 92.568222752054197, 24.994289506276406 ], [ 92.568287015517342, 24.994336449169062 ], [ 92.56835627625783, 24.994377062222711 ], [ 92.568429786706176, 24.994410907075455 ], [ 92.568506753421019, 24.994437618418367 ], [ 92.568586345653486, 24.99445690793878 ], [ 92.568667704314379, 24.99446856743231 ], [ 92.568749951247256, 24.994472471050319 ], [ 92.585066572609776, 24.994472491504439 ], [ 92.593164057136818, 25.00256999301687 ], [ 92.593219031366786, 25.002619831622948 ], [ 92.593279085520976, 25.002664537455285 ], [ 92.593343645049686, 25.002703682800664 ], [ 92.593412092297186, 25.002736893144121 ], [ 92.593483772411105, 25.00276385075232 ], [ 92.593557999607768, 25.002784297713497 ], [ 92.593634063733532, 25.002798038405079 ], [ 92.593711237059352, 25.002804941365408 ], [ 92.59378878124356, 25.002804940551513 ], [ 92.593865954396094, 25.002798035971022 ], [ 92.593942018176875, 25.00278429368208 ], [ 92.594016244860001, 25.002763845161326 ], [ 92.594087924296559, 25.002736886045984 ], [ 92.594156370709101, 25.002703674261994 ], [ 92.594220929252955, 25.002664527556316 ], [ 92.594280982281461, 25.002619820456758 ], [ 92.59433595525536, 25.002569980688648 ], [ 92.5982667847301, 24.998639144040684 ], [ 92.601733215289002, 24.998639144292728 ], [ 92.605664043766538, 25.002569980997706 ], [ 92.605722625604884, 25.002622768993504 ], [ 92.605786902540544, 25.00266973170444 ], [ 92.605856180455064, 25.002710361981656 ], [ 92.605929711222245, 25.002744221059565 ], [ 92.60600670078729, 25.002770943294252 ], [ 92.606086317742054, 25.002790240112262 ], [ 92.606167702303722, 25.00280190312704 ], [ 92.606249975600093, 25.002805806389429 ], [ 92.614233177418114, 25.002805816351763 ], [ 92.626290464020073, 25.014863156624958 ], [ 92.626290414087393, 25.022636893198648 ], [ 92.622330540962778, 25.02659673864558 ], [ 92.622283779155666, 25.026648070781235 ], [ 92.622242413252849, 25.026703113937057 ], [ 92.622206795941395, 25.026761398822991 ], [ 92.622177230898018, 25.026822428509767 ], [ 92.622153970199776, 25.026885682665593 ], [ 92.62213721217465, 25.026950621992327 ], [ 92.622127099710283, 25.02701669282342 ], [ 92.622123719035415, 25.027083331844317 ], [ 92.622123611885314, 25.043749997256196 ], [ 92.622126990883999, 25.043816623575328 ], [ 92.622137100072948, 25.043882682097873 ], [ 92.622153853305008, 25.04394760982478 ], [ 92.622177107807033, 25.044010853393605 ], [ 92.622206665396376, 25.044071873794689 ], [ 92.622242274169636, 25.044130150965152 ], [ 92.622283630649363, 25.044185188221284 ], [ 92.622330382370208, 25.044236516491825 ], [ 92.630663708043258, 25.052569882091795 ], [ 92.630718884304329, 25.052619887552627 ], [ 92.630779175566573, 25.052664725690324 ], [ 92.630844001189672, 25.0527039646833 ], [ 92.630912736862541, 25.052737226633141 ], [ 92.630984720615842, 25.05276419120413 ], [ 92.631059259197485, 25.05278459870846 ], [ 92.631135634749327, 25.052798252607346 ], [ 92.631213111720953, 25.05280502140392 ], [ 92.631290943953914, 25.052804839909697 ], [ 92.631368381868143, 25.052797709872461 ], [ 92.631444679681309, 25.052783699959381 ], [ 92.631519102591596, 25.052762945095733 ], [ 92.63159093385471, 25.05273564516536 ], [ 92.631659481687009, 25.052702063085583 ], [ 92.631724085927985, 25.052662522275011 ], [ 92.631784124398408, 25.052617403538665 ], [ 92.631839018892293, 25.05256714140036 ], [ 92.631888240745582, 25.052512219917858 ], [ 92.631931315927375, 25.052453168020843 ], [ 92.631967829605074, 25.052390554416839 ], [ 92.631997430139194, 25.052324982114047 ], [ 92.632019832469624, 25.052257082613828 ], [ 92.63203482086054, 25.052187509828833 ], [ 92.632042250977634, 25.052116933785396 ], [ 92.632042051277665, 25.052046034170647 ], [ 92.632034223696976, 25.05197549378676 ], [ 92.632018843632338, 25.051905991975161 ], [ 92.631996059214345, 25.051838198074154 ], [ 92.631966089880351, 25.051772764972892 ], [ 92.631929224260801, 25.05171032282384 ], [ 92.631885817399109, 25.051651472974207 ], [ 92.631836287332206, 25.05159678217483 ], [ 92.623709719969199, 25.043470272969884 ] ] ] } },
{ "type": "Feature", "properties": { "ARCID": 744177, "UP_CELLS": 9399, "buffer_m": 150 }, "geometry": { "type": "Polygon", "coordinates": [ [ [ 91.755152941478983, 24.892837232436893 ], [ 91.755065254254461, 24.892933494739331 ], [ 91.754987682827064, 24.893036728789951 ], [ 91.754920889555805, 24.893146053137208 ], [ 91.754865444776385, 24.893260534326203 ], [ 91.754821821930761, 24.893379194868412 ], [ 91.754790393523862, 24.893501021587596 ], [ 91.754771427941847, 24.893624974270455 ], [ 91.754765087159385, 24.893749994548198 ], [ 91.754764994483295, 24.901558454267299 ], [ 91.751427803630989, 24.904895620234896 ], [ 91.735416757312223, 24.904895591912894 ], [ 91.735271192018018, 24.904902106135623 ], [ 91.735127027800431, 24.904921602208361 ], [ 91.734985653106079, 24.904953892362528 ], [ 91.734848429517925, 24.904998665609554 ], [ 91.73471667864294, 24.905055490735805 ], [ 91.734591669384784, 24.905123820455294 ], [ 91.734474605723676, 24.905202996680213 ], [ 91.734366615121473, 24.905292256858491 ], [ 91.734268737663228, 24.905390741317483 ], [ 91.734181916040114, 24.905497501542925 ], [ 91.734106986469939, 24.905611509313609 ], [ 91.734044670642831, 24.905731666603714 ], [ 91.733995568769686, 24.905856816157524 ], [ 91.733960153800254, 24.905985752634656 ], [ 91.7339387668667, 24.906117234218531 ], [ 91.73393161399656, 24.906249994576264 ], [ 91.733931521269255, 24.914058498306886 ], [ 91.730594363289541, 24.917395631419943 ], [ 91.714583424025619, 24.917395603191384 ], [ 91.714429324277404, 24.917402904851858 ], [ 91.714276886998462, 24.917424748108914 ], [ 91.714127757681169, 24.917460897172234 ], [ 91.7139835461129, 24.917510961826569 ], [ 91.713845809000603, 24.917574401643687 ], [ 91.713716033168154, 24.917650531815571 ], [ 91.713595619507657, 24.917738530546078 ], [ 91.713485867858097, 24.917837447921226 ], [ 91.700985858142843, 24.930337356609051 ], [ 91.700893039474821, 24.930439839093463 ], [ 91.700811683760207, 24.930550123854786 ], [ 91.700742574514408, 24.930667148810222 ], [ 91.70068637732075, 24.930789786963683 ], [ 91.700643633419716, 24.930916857258616 ], [ 91.70061475449522, 24.931047135951701 ], [ 91.700600018708556, 24.931179368397608 ], [ 91.700599568017878, 24.93131228113154 ], [ 91.700613406809438, 24.9314445941332 ], [ 91.70064140185346, 24.931575033154004 ], [ 91.700683283585633, 24.931702341988828 ], [ 91.70073864870136, 24.931825294574246 ], [ 91.70080696403835, 24.931942706796519 ], [ 91.700887571709956, 24.93205344789579 ], [ 91.700979695439941, 24.932156451356491 ], [ 91.701082448037582, 24.932250725179227 ], [ 91.701194839941593, 24.932335361435005 ], [ 91.701315788749781, 24.932409545009868 ], [ 91.701444129643633, 24.932472561455693 ], [ 91.701578626606647, 24.932523803871469 ], [ 91.701717984328795, 24.932562778748789 ], [ 91.701860860682189, 24.932589110725207 ], [ 91.702005879647999, 24.932602546199711 ], [ 91.702151644569824, 24.932602955775366 ], [ 91.702296751605957, 24.932590335505754 ], [ 91.702439803250911, 24.932564806933037 ], [ 91.702579421795917, 24.932526615917354 ], [ 91.702714262598661, 24.932476130268849 ], [ 91.702843027034476, 24.932413836205033 ], [ 91.702964475004052, 24.932340333667764 ], [ 91.703077436877379, 24.932256330544917 ], [ 91.703180824758661, 24.932162635852226 ], [ 91.715238994186535, 24.920104432073785 ], [ 91.731250090699248, 24.92010440383082 ], [ 91.731404152867029, 24.920097088759508 ], [ 91.731556551810655, 24.920075239563108 ], [ 91.731705643219868, 24.920039091981703 ], [ 91.731849818474004, 24.919989036027861 ], [ 91.731987521999898, 24.919925611778289 ], [ 91.732117268056868, 24.919849503546242 ], [ 91.732237656768206, 24.919761532497507 ], [ 91.73234738922568, 24.919662647789856 ], [ 91.736514052599802, 24.915495950700961 ], [ 91.73660172407925, 24.915399695731907 ], [ 91.736679280441734, 24.915296472785048 ], [ 91.736746059726471, 24.915187162923996 ], [ 91.736801491965608, 24.915072699165318 ], [ 91.736845104048442, 24.914954058514386 ], [ 91.736876523758809, 24.914832253625779 ], [ 91.736895482950999, 24.914708324159491 ], [ 91.736901819837442, 24.914583327906751 ], [ 91.736901738067374, 24.907604484089806 ], [ 91.752083423985795, 24.907604414992196 ], [ 91.752237462232841, 24.907597100759038 ], [ 91.752389837717843, 24.907575254051363 ], [ 91.752538906584974, 24.907539110553572 ], [ 91.752683060653879, 24.907489060186432 ], [ 91.752820744770432, 24.907425642900282 ], [ 91.752950473585386, 24.90734954284941 ], [ 91.753070847579465, 24.907261581010825 ], [ 91.753180568162364, 24.907162706326684 ], [ 91.757347231499438, 24.902996009258299 ], [ 91.757434905815217, 24.902899750682632 ], [ 91.757512464912608, 24.90279652269874 ], [ 91.757579246716148, 24.902687206534775 ], [ 91.757634681157853, 24.902572735389843 ], [ 91.757678295042965, 24.902454086467145 ], [ 91.757709716088527, 24.902332272631583 ], [ 91.75772867610047, 24.90220833376296 ], [ 91.757735013261865, 24.902083327878689 ], [ 91.7577349205839, 24.894274928333129 ], [ 91.761513738059094, 24.890496062960832 ], [ 91.761606534870467, 24.890393582654209 ], [ 91.761687872374068, 24.890283299188606 ], [ 91.761756967260737, 24.890166274673778 ], [ 91.761813154132483, 24.890043636137882 ], [ 91.761855891909761, 24.889916564672895 ], [ 91.761884769041217, 24.889786284059479 ], [ 91.761899507465643, 24.889654048980752 ], [ 91.761899965288393, 24.889521132938686 ], [ 91.761886138146096, 24.889388815989321 ], [ 91.76185815924697, 24.889258372415068 ], [ 91.761816298086217, 24.889131058452772 ], [ 91.761760957848921, 24.889008100195664 ], [ 91.761692671525722, 24.888890681785831 ], [ 91.761612096778549, 24.888779934010742 ], [ 91.761520009605775, 24.888676923413797 ], [ 91.761417296868316, 24.888582642023618 ], [ 91.761304947748215, 24.888497997801021 ], [ 91.761184044222219, 24.888423805895656 ], [ 91.761055750641901, 24.888360780796464 ], [ 91.760921302521055, 24.888309529451483 ], [ 91.760781994637796, 24.888270545423349 ], [ 91.760639168566456, 24.888244204136587 ], [ 91.760494199758782, 24.88823075926258 ], [ 91.760348484299229, 24.888230340276952 ], [ 91.760203425461626, 24.888242951212856 ], [ 91.760060420196595, 24.888268470622226 ], [ 91.7599208456799, 24.888306652745271 ], [ 91.759786046051218, 24.888357129877107 ], [ 91.759657319470747, 24.888419415908498 ], [ 91.759535905618549, 24.8884929110069 ], [ 91.759422973756855, 24.888576907392572 ], [ 91.759319611470076, 24.888670596154135 ], [ 91.755152941478983, 24.892837232436893 ] ] ] } },
{ "type": "Feature", "properties": { "ARCID": 744178, "UP_CELLS": 9001, "buffer_m": 150 }, "geometry": { "type": "Polygon", "coordinates": [ [ [ 91.790680527864296, 24.897003977374247 ], [ 91.790570799566666, 24.896905084774509 ], [ 91.790450415599835, 24.896817108297125 ], [ 91.790320675039752, 24.89674099728828 ], [ 91.790182977920253, 24.896677573052912 ], [ 91.790038810125964, 24.89662751999283 ], [ 91.789889727359082, 24.896591378222116 ], [ 91.789737338353291, 24.89656953773942 ], [ 91.78958328751547, 24.896562234219992 ], [ 91.781905443855806, 24.896562254271238 ], [ 91.778180446676643, 24.892837273558012 ], [ 91.778070725818779, 24.892738391539197 ], [ 91.777950351507002, 24.89265042447521 ], [ 91.777820622540034, 24.892574321484179 ], [ 91.777682938640126, 24.89251090367511 ], [ 91.777538785351339, 24.89246085528929 ], [ 91.777389718012131, 24.892424716318406 ], [ 91.777237344975418, 24.892402876678911 ], [ 91.777083310256728, 24.892395572005544 ], [ 91.773572062611962, 24.892395581186815 ], [ 91.769847056681925, 24.888670591738279 ], [ 91.7697373381814, 24.888571711811096 ], [ 91.769616966856049, 24.888483746935457 ], [ 91.769487241467132, 24.888407646202051 ], [ 91.769349561692621, 24.888344230692169 ], [ 91.769205413026057, 24.888294184619536 ], [ 91.76905635074975, 24.888258047948646 ], [ 91.768903983155454, 24.888236210569573 ], [ 91.768749954193353, 24.888228908091712 ], [ 91.760416711785524, 24.888228911606554 ], [ 91.76027117090581, 24.888235429443483 ], [ 91.760127031194003, 24.888254928191134 ], [ 91.759985680750049, 24.88828722007014 ], [ 91.759848480814725, 24.888331994100188 ], [ 91.759716752661802, 24.888388819094512 ], [ 91.759591764874926, 24.888457147812101 ], [ 91.759474721131497, 24.888536322227306 ], [ 91.759366748611626, 24.888625579866346 ], [ 91.759268887143278, 24.888724061149603 ], [ 91.75918207918842, 24.888830817669085 ], [ 91.759107160766533, 24.888944821321299 ], [ 91.759044853402798, 24.889064974207688 ], [ 91.75899575717871, 24.889190119207253 ], [ 91.758960344951845, 24.889319051119649 ], [ 91.758938957800723, 24.889450528271293 ], [ 91.758931801738498, 24.889583284473019 ], [ 91.758938945727294, 24.889716041213795 ], [ 91.758960321012282, 24.889847519973411 ], [ 91.758995721782128, 24.88997645453528 ], [ 91.759044807149323, 24.890101603180966 ], [ 91.759107104431536, 24.890221760648977 ], [ 91.7591820137024, 24.89033576974246 ], [ 91.759268813567985, 24.890442532474264 ], [ 91.759366668113273, 24.890541020641798 ], [ 91.759474634951928, 24.890630285729927 ], [ 91.759591674301717, 24.890709468046449 ], [ 91.759716658998329, 24.890777805002227 ], [ 91.759848385350949, 24.89083463845607 ], [ 91.75998558473529, 24.890879421053771 ], [ 91.760126935812181, 24.890911721500039 ], [ 91.760271077254046, 24.89093122871267 ], [ 91.760416620856788, 24.890937754818896 ], [ 91.768094613597114, 24.890937774923749 ], [ 91.771819584890622, 24.894662762702307 ], [ 91.771929299864382, 24.89476163283171 ], [ 91.772049666569586, 24.894849589670432 ], [ 91.772179386510146, 24.894925684337494 ], [ 91.77231706027878, 24.894989095919314 ], [ 91.77246120265437, 24.895039140326535 ], [ 91.772610258625377, 24.895075277674632 ], [ 91.772762620166645, 24.895097118108897 ], [ 91.772916643588431, 24.895104426010636 ], [ 91.776427899012376, 24.895104435193485 ], [ 91.780152861574265, 24.898829414224824 ], [ 91.780262578904285, 24.898928286441009 ], [ 91.780382948594081, 24.899016245463645 ], [ 91.780512672110206, 24.899092342384382 ], [ 91.780650350001196, 24.899155756262065 ], [ 91.780794496995455, 24.899205802979818 ], [ 91.780943558025427, 24.899241942626045 ], [ 91.781095925004905, 24.89926378531969 ], [ 91.78124995417889, 24.899271095416761 ], [ 91.788927848057909, 24.899271115472793 ], [ 91.796819438099533, 24.907162740345694 ], [ 91.79692281577293, 24.907256431145722 ], [ 91.797035765006996, 24.90734042942524 ], [ 91.797157198031456, 24.907413926214456 ], [ 91.797285945363896, 24.907476213679519 ], [ 91.797420767072978, 24.907526691940127 ], [ 91.797560364720724, 24.90756487484736 ], [ 91.797703393868261, 24.907590394666233 ], [ 91.797848477025042, 24.907603005617592 ], [ 91.797994216916337, 24.907602586245524 ], [ 91.798139209941539, 24.907589140587206 ], [ 91.798282059693335, 24.907562798134141 ], [ 91.798421390407626, 24.907523812584945 ], [ 91.798555860214464, 24.90747255940185 ], [ 91.798684174062629, 24.907409532194439 ], [ 91.798805096192837, 24.907335337965385 ], [ 91.798917462039867, 24.907250691264043 ], [ 91.799020189448726, 24.90715640730426 ], [ 91.799112289096684, 24.907053394112655 ], [ 91.799192874021159, 24.90694264378304 ], [ 91.799261168161337, 24.906825222921224 ], [ 91.799316513831428, 24.906702262372256 ], [ 91.799358378053611, 24.906574946329094 ], [ 91.799386357689741, 24.906444500927577 ], [ 91.799400183322305, 24.906312182437546 ], [ 91.799399721847522, 24.906179265163956 ], [ 91.799384977755423, 24.90604702917441 ], [ 91.799356093084896, 24.905916747971322 ], [ 91.799313346054021, 24.905789676227499 ], [ 91.799257148379013, 24.9056670377032 ], [ 91.799188041307701, 24.90555001346106 ], [ 91.79910669040575, 24.905439730492297 ], [ 91.799013879145775, 24.905337250863823 ], [ 91.790680527864296, 24.897003977374247 ] ] ] } },
{ "type": "Feature", "properties": { "ARCID": 744362, "UP_CELLS": 1596, "buffer_m": 80 }, "geometry": { "type": "Polygon", "coordinates": [ [ [ 92.494335398006641, 24.919236803381601 ], [ 92.494382163800751, 24.919185459313532 ], [ 92.494423534004312, 24.919130398586699 ], [ 92.494459155525362, 24.919072091150387 ], [ 92.494488724338936, 24.919011034664219 ], [ 92.494511988081641, 24.918947750250549 ], [ 92.49452874820544, 24.918882778046456 ], [ 92.494538861671913, 24.918816672593639 ], [ 92.494542242172784, 24.918749998105273 ], [ 92.494542217427167, 24.914863306483458 ], [ 92.498502007492675, 24.910903489007509 ], [ 92.498548774097841, 24.910852143875353 ], [ 92.498590145101687, 24.910797081592801 ], [ 92.498625767373184, 24.910738772165264 ], [ 92.498655336853261, 24.910677713314744 ], [ 92.498678601149805, 24.91061442623127 ], [ 92.498695361691972, 24.91054945112398 ], [ 92.4987054754247, 24.910483342609918 ], [ 92.49870885602958, 24.910416664979806 ], [ 92.498708802824638, 24.902083330812101 ], [ 92.498705420853085, 24.902016645803545 ], [ 92.498695304755714, 24.901950530169191 ], [ 92.498678540911087, 24.901885548382399 ], [ 92.498655272453448, 24.901822255235235 ], [ 92.498625698050404, 24.901761191101915 ], [ 92.498590070206333, 24.90170287732537 ], [ 92.498548693106514, 24.901647811766257 ], [ 92.49850192001972, 24.901596464552544 ], [ 92.494542107799958, 24.897636680572028 ], [ 92.494541976267229, 24.87708333017925 ], [ 92.494538162122097, 24.877012515169493 ], [ 92.49452675755667, 24.876942382196461 ], [ 92.494507872415667, 24.876873606677535 ], [ 92.494481688584898, 24.876806850955962 ], [ 92.49444845823912, 24.876742757922329 ], [ 92.49440850141319, 24.876681944823183 ], [ 92.494362202919504, 24.876624997316881 ], [ 92.494310008641847, 24.876572463833512 ], [ 92.494252421241157, 24.87652485029346 ], [ 92.494189995314514, 24.876482615235314 ], [ 92.494123332054173, 24.876446165400139 ], [ 92.494053073457835, 24.876415851814532 ], [ 92.493979896146115, 24.876391966410253 ], [ 92.49390450484664, 24.876374739212949 ], [ 92.493827625607466, 24.876364336127015 ], [ 92.493749998805313, 24.876360857337957 ], [ 92.493672372015808, 24.876364336347653 ], [ 92.493595492814421, 24.876374739651684 ], [ 92.493520101577374, 24.876391967062066 ], [ 92.493446924351929, 24.876415852671972 ], [ 92.493376665864574, 24.876446166453462 ], [ 92.493310002734503, 24.876482616472625 ], [ 92.493247576957828, 24.8765248517009 ], [ 92.493189989724868, 24.876572465395473 ], [ 92.493137795630659, 24.876624999016212 ], [ 92.493091497333921, 24.876681946641458 ], [ 92.493051540716138, 24.876742759840084 ], [ 92.493018310587274, 24.876806852952996 ], [ 92.492992126979729, 24.876873608733106 ], [ 92.492973242065844, 24.876942384289624 ], [ 92.492961837729041, 24.87701251727928 ], [ 92.492958023811696, 24.877083332284922 ], [ 92.492957890933511, 24.897916663510639 ], [ 92.492961271536075, 24.897983346030824 ], [ 92.492971385554824, 24.898049459323605 ], [ 92.492988146656444, 24.898114438976013 ], [ 92.493011411760591, 24.898177730252129 ], [ 92.493040982260908, 24.898238792829009 ], [ 92.493076605720319, 24.898297105409522 ], [ 92.493117978025808, 24.898352170172771 ], [ 92.493164745984458, 24.898403517024203 ], [ 92.49712452897117, 24.902363328252932 ], [ 92.497124479341338, 24.910136701751711 ], [ 92.493164661085487, 24.914096492599949 ], [ 92.493117889119702, 24.914147838279 ], [ 92.493076513138746, 24.91420290157755 ], [ 92.493040886354194, 24.914261212449997 ], [ 92.493011312901217, 24.914322273127283 ], [ 92.492988045242043, 24.914385562366036 ], [ 92.492971282010615, 24.914450539898027 ], [ 92.492961166316633, 24.914516651042053 ], [ 92.492957784523568, 24.914583331439008 ], [ 92.492957759778136, 24.918470049765613 ], [ 92.488997937241578, 24.92242984488605 ], [ 92.488948429382049, 24.922484512960025 ], [ 92.488905035930586, 24.922543342907588 ], [ 92.488868174794518, 24.922605768169667 ], [ 92.488838200973746, 24.922671187561868 ], [ 92.488815403141544, 24.922738971063971 ], [ 92.48880000086416, 24.922808465887261 ], [ 92.488792142485863, 24.92287900276105 ], [ 92.488791903699848, 24.922949902378061 ], [ 92.488799286818775, 24.923020481936476 ], [ 92.488814220752047, 24.923090061715669 ], [ 92.488836561689851, 24.923157971622306 ], [ 92.488866094487761, 24.92322355764383 ], [ 92.488902534738202, 24.923286188147035 ], [ 92.488945531509174, 24.923345259961224 ], [ 92.488994670723514, 24.923400204187217 ], [ 92.489049479146573, 24.923450491676419 ], [ 92.489109428943578, 24.923495638126958 ], [ 92.489173942762989, 24.92353520874806 ], [ 92.489242399296757, 24.923568822447539 ], [ 92.489314139264039, 24.923596155502079 ], [ 92.489388471760748, 24.923616944675132 ], [ 92.489464680913628, 24.923630989752141 ], [ 92.489542032774978, 24.923638155468868 ], [ 92.489619782391344, 24.923638372814185 ], [ 92.489697180978396, 24.92363163969469 ], [ 92.489773483132595, 24.923618020954898 ], [ 92.489847954010315, 24.923597647752725 ], [ 92.48991987640531, 24.923570716296304 ], [ 92.489988557656162, 24.923537485954224 ], [ 92.490053336317345, 24.923498276757577 ], [ 92.490113588529738, 24.92345346631766 ], [ 92.490168734028686, 24.923403486189205 ], [ 92.494335398006641, 24.919236803381601 ] ] ] } },
{ "type": "Feature", "properties": { "ARCID": 744363, "UP_CELLS": 131121, "buffer_m": 250 }, "geometry": { "type": "Polygon", "coordinates": [ [ [ 92.513490980080391, 24.878992314943428 ], [ 92.499009017879004, 24.878992319013157 ], [ 92.495578440815635, 24.875561764601823 ], [ 92.495406150805394, 24.875405600165575 ], [ 92.49521791180274, 24.875265593096309 ], [ 92.49501553662877, 24.875143091682457 ], [ 92.494800974219729, 24.875039275626389 ], [ 92.494576290859541, 24.874955144685174 ], [ 92.494343650282971, 24.874891509044346 ], [ 92.494105292841198, 24.874848981516934 ], [ 92.493863513929909, 24.874827971642922 ], [ 92.493620641887972, 24.874828681746177 ], [ 92.493379015578938, 24.874851104986377 ], [ 92.493140961871504, 24.87489502542493 ], [ 92.492908773235186, 24.874960020104293 ], [ 92.492684685667129, 24.875045463120433 ], [ 92.492470857162374, 24.875150531649485 ], [ 92.492269346934606, 24.875274213870529 ], [ 92.492082095587591, 24.875415318708132 ], [ 92.491910906428018, 24.87557248730111 ], [ 92.491757428099675, 24.875744206086953 ], [ 92.49162313870616, 24.875928821376053 ], [ 92.491509331575003, 24.87612455527551 ], [ 92.491417102800455, 24.876329522809151 ], [ 92.491347340684811, 24.87654175006903 ], [ 92.491300717180181, 24.876759193223638 ], [ 92.491277681413123, 24.876979758199852 ], [ 92.491278455354944, 24.877201320849132 ], [ 92.491303031679109, 24.877421747403705 ], [ 92.491351173826999, 24.877638915025859 ], [ 92.49142241828126, 24.877850732252423 ], [ 92.491516079025203, 24.878055159137432 ], [ 92.49163125414546, 24.878250226899144 ], [ 92.491766834514365, 24.878434056881918 ], [ 92.491921514468757, 24.878604878650542 ], [ 92.496088168900187, 24.882771595344789 ], [ 92.496271024540363, 24.882936379227967 ], [ 92.496471629536359, 24.883082974979143 ], [ 92.496687820286255, 24.88320980146257 ], [ 92.496917265062351, 24.883315490762698 ], [ 92.497157489162007, 24.883398902940037 ], [ 92.497405901601709, 24.883459138328188 ], [ 92.497659823066058, 24.883495547238873 ], [ 92.497916514810456, 24.88350773697054 ], [ 92.514583484426169, 24.883507741654142 ], [ 92.514840176544581, 24.88349555205733 ], [ 92.515094098414949, 24.883459143258001 ], [ 92.515342511290484, 24.883398907951541 ], [ 92.515582735852277, 24.883315495820419 ], [ 92.515812181111897, 24.883209806525851 ], [ 92.516028372360779, 24.883082980002911 ], [ 92.516228977864444, 24.882936384163802 ], [ 92.516411834013425, 24.882771600142043 ], [ 92.520578492238158, 24.878604883129857 ], [ 92.52073317271423, 24.878434060723713 ], [ 92.520868753528958, 24.878250230047207 ], [ 92.520983929010882, 24.878055161543731 ], [ 92.521077590025271, 24.877850733878208 ], [ 92.52114883465309, 24.87763891584267 ], [ 92.521196976873554, 24.877421747394116 ], [ 92.521221553166953, 24.877201320007302 ], [ 92.521222326974097, 24.876979756531792 ], [ 92.521199290969705, 24.876759190747229 ], [ 92.521152667128177, 24.876541746813821 ], [ 92.521082904580965, 24.876329518815833 ], [ 92.520990675286697, 24.876124550595126 ], [ 92.520876867555671, 24.875928816069084 ], [ 92.520742577491504, 24.875744200222119 ], [ 92.52058909843214, 24.875572480954016 ], [ 92.520417908492462, 24.875415311959824 ], [ 92.520230656328039, 24.875274206805937 ], [ 92.520029145257652, 24.875150524355867 ], [ 92.519815315897191, 24.875045455685733 ], [ 92.519591227472191, 24.874960012615695 ], [ 92.519359037988977, 24.874895017967354 ], [ 92.519120983455281, 24.874851097641194 ], [ 92.518879356350254, 24.874828674590077 ], [ 92.518636483551091, 24.874827964746896 ], [ 92.51839470392872, 24.874848974945564 ], [ 92.518156345827975, 24.874891502855252 ], [ 92.517923704649334, 24.874955138928602 ], [ 92.517699020747358, 24.875039270345184 ], [ 92.517484457859041, 24.875143086912093 ], [ 92.517282082269347, 24.875265588865101 ], [ 92.517093842914548, 24.875405596495145 ], [ 92.516921552614917, 24.875561761507608 ], [ 92.513490980080391, 24.878992314943428 ] ] ] } },
{ "type": "Feature", "properties": { "ARCID": 744419, "UP_CELLS": 8752, "buffer_m": 150 }, "geometry": { "type": "Polygon", "coordinates": [ [ [ 91.897261358961103, 24.875728898955082 ], [ 91.877738637846889, 24.875728906371801 ], [ 91.874013542180535, 24.872003826926946 ], [ 91.873903837068823, 24.871904958156392 ], [ 91.873783482680182, 24.871817003593989 ], [ 91.873653777380994, 24.871740912064343 ], [ 91.873516120404034, 24.871677504415597 ], [ 91.873371996754329, 24.871627464665117 ], [ 91.873222961190464, 24.871591332621286 ], [ 91.87307062145355, 24.871569498060762 ], [ 91.872916620924983, 24.871562196524284 ], [ 91.86458337844509, 24.871562199743703 ], [ 91.864429373543459, 24.871569501833207 ], [ 91.864277029610079, 24.871591337801693 ], [ 91.864127990172022, 24.871627472075023 ], [ 91.86398386310961, 24.871677514825006 ], [ 91.863846203311681, 24.871740926174645 ], [ 91.863716495902253, 24.871817022022014 ], [ 91.863596140219585, 24.87190498142002 ], [ 91.863486434720315, 24.872003855432304 ], [ 91.855594702969157, 24.879895564061286 ], [ 91.844405316996756, 24.879895568455975 ], [ 91.840680252064971, 24.876170519827536 ], [ 91.840570545933446, 24.876071650177245 ], [ 91.840450190027269, 24.875983694505461 ], [ 91.840320482734512, 24.875907601652536 ], [ 91.840182823315018, 24.875844192484134 ], [ 91.840038696806204, 24.875794151036725 ], [ 91.839889658003727, 24.875758017139081 ], [ 91.839737314690083, 24.875736180589406 ], [ 91.839583310291815, 24.875728876950738 ], [ 91.835416689060935, 24.875728878604797 ], [ 91.835262680101408, 24.875736182809241 ], [ 91.835110332406089, 24.875758020798283 ], [ 91.834961289549398, 24.875794156974955 ], [ 91.834817159455199, 24.875844201488881 ], [ 91.834679497051368, 24.875907614441775 ], [ 91.834549787496144, 24.875983711711566 ], [ 91.834429430156646, 24.876071672332387 ], [ 91.834319723512735, 24.876170547350782 ], [ 91.825986383213007, 24.884503819975055 ], [ 91.825898687369985, 24.884600087574569 ], [ 91.825821108047805, 24.88470332863907 ], [ 91.82575430777608, 24.884812661519828 ], [ 91.8256988570392, 24.88492715254359 ], [ 91.825655229403822, 24.885045823985561 ], [ 91.825623797473824, 24.885167662418546 ], [ 91.825604829707302, 24.885291627367092 ], [ 91.825598488122807, 24.885416660192753 ], [ 91.82559844490504, 24.889058402768804 ], [ 91.822261261481017, 24.892395561205653 ], [ 91.818750022407059, 24.892395554906408 ], [ 91.818595985502768, 24.892402859822081 ], [ 91.818443610337809, 24.892424699930043 ], [ 91.818294540954852, 24.892460839585837 ], [ 91.818150385731954, 24.892510888860759 ], [ 91.818012700030636, 24.89257430774872 ], [ 91.817882969415734, 24.892650411992065 ], [ 91.817762593627876, 24.892738380463886 ], [ 91.817652871481684, 24.892837264026777 ], [ 91.813927883546981, 24.89656224113066 ], [ 91.806250045148232, 24.89656222738078 ], [ 91.80609599303601, 24.896569531111489 ], [ 91.80594360280891, 24.896591371969624 ], [ 91.805794518896562, 24.896627514270424 ], [ 91.805650350053497, 24.896677568003394 ], [ 91.80551265200063, 24.896740993040552 ], [ 91.805382910638912, 24.896817104964459 ], [ 91.805262526016065, 24.896905082453156 ], [ 91.805152797219421, 24.897003976142326 ], [ 91.796819457017705, 24.905337248700874 ], [ 91.796726645575362, 24.905439728072512 ], [ 91.796645294460035, 24.905550010790908 ], [ 91.796576187142946, 24.905667034792859 ], [ 91.796519989188951, 24.905789673091373 ], [ 91.796477241845878, 24.905916744628392 ], [ 91.796448356830879, 24.906047025648508 ], [ 91.796433612363828, 24.906179261483832 ], [ 91.796433150486507, 24.906312178636803 ], [ 91.796446975692774, 24.906444497044447 ], [ 91.796474954883692, 24.906574942405957 ], [ 91.796516818647419, 24.906702258455059 ], [ 91.796572163852318, 24.906825219058739 ], [ 91.796640457527715, 24.906942640025964 ], [ 91.796721041995397, 24.907053390512587 ], [ 91.796813141202435, 24.907156403912641 ], [ 91.796915868194191, 24.90725068813099 ], [ 91.797028233655723, 24.907335335138541 ], [ 91.797149155439442, 24.907409529717849 ], [ 91.797277468986991, 24.90747255731489 ], [ 91.797411938545096, 24.90752381092134 ], [ 91.797551269067597, 24.907562796921155 ], [ 91.797694118688568, 24.907589139844877 ], [ 91.797839111646596, 24.907602585986204 ], [ 91.797984851535801, 24.907603005845612 ], [ 91.798129934755593, 24.907590395377781 ], [ 91.798272964029948, 24.907564876030598 ], [ 91.798412561865632, 24.907526693575484 ], [ 91.798547383819937, 24.907476215740203 ], [ 91.798676131449824, 24.907413928667118 ], [ 91.798797564818031, 24.90734043223085 ], [ 91.798910514435292, 24.907256434260479 ], [ 91.799013892524002, 24.907162743722175 ], [ 91.80690549050199, 24.899271122849665 ], [ 91.814583378484954, 24.899271109094858 ], [ 91.814737408973443, 24.899263799074056 ], [ 91.814889777287107, 24.899241956352569 ], [ 91.815038839660559, 24.899205816570031 ], [ 91.815182987996295, 24.899155769604125 ], [ 91.815320667214436, 24.899092355364267 ], [ 91.815450392030456, 24.899016257966576 ], [ 91.815570762979434, 24.898928298352921 ], [ 91.815680481514278, 24.898829425433973 ], [ 91.819405443284097, 24.895104452830051 ], [ 91.822916689075413, 24.895104446529142 ], [ 91.823070714589548, 24.895097138666781 ], [ 91.823223078234435, 24.895075298094397 ], [ 91.823372136301685, 24.895039160427483 ], [ 91.823516280746688, 24.894989115519387 ], [ 91.823653956537783, 24.894925703255151 ], [ 91.82378367843333, 24.89484960772684 ], [ 91.82390404700557, 24.894761649852899 ], [ 91.824013763738279, 24.894662778521404 ], [ 91.828180426923183, 24.890496081484599 ], [ 91.828268105473569, 24.89039981776142 ], [ 91.828345668531398, 24.890296583082321 ], [ 91.828412453894856, 24.890187258855935 ], [ 91.828467891385841, 24.890072778480747 ], [ 91.828511507717351, 24.889954119375471 ], [ 91.828542930533516, 24.88983229463361 ], [ 91.828561891587611, 24.889708344373567 ], [ 91.828568229031163, 24.889583326857991 ], [ 91.828568185813026, 24.885941652802543 ], [ 91.836071986632405, 24.878437795789548 ], [ 91.838928034934554, 24.878437796923095 ], [ 91.842653056355118, 24.882162834650117 ], [ 91.842762756836677, 24.88226169275994 ], [ 91.842883105627308, 24.882349639072011 ], [ 91.843012804678665, 24.882425725005003 ], [ 91.843150455083062, 24.882489129900581 ], [ 91.843294572162478, 24.882539169875681 ], [ 91.843443601483074, 24.882575305199584 ], [ 91.843595935622417, 24.882597146115934 ], [ 91.843749931508583, 24.88260445704719 ], [ 91.856250067851306, 24.882604461955662 ], [ 91.856404059552304, 24.882597151570906 ], [ 91.856556389681629, 24.882575312038409 ], [ 91.856705415311055, 24.88253917890254 ], [ 91.856849529155411, 24.882489141868476 ], [ 91.856987176909215, 24.882425740598901 ], [ 91.857116874011552, 24.882349658893073 ], [ 91.857237221658536, 24.882261717311284 ], [ 91.857346921890397, 24.882162864324247 ], [ 91.865238612629042, 24.874271150455403 ], [ 91.872261408143572, 24.874271153167971 ], [ 91.875986432988469, 24.877996194236232 ], [ 91.876096126086779, 24.878095046289587 ], [ 91.876216465888646, 24.878182987575325 ], [ 91.876346154591104, 24.878259069674854 ], [ 91.876483793558052, 24.878322472065072 ], [ 91.876627898404593, 24.878372510968237 ], [ 91.876776915006616, 24.878408646726935 ], [ 91.876929236262683, 24.878430489624801 ], [ 91.877083219427774, 24.878437804089877 ], [ 91.897916779953221, 24.878437812004496 ], [ 91.898070763794976, 24.878430497635566 ], [ 91.89822308575171, 24.878408654788448 ], [ 91.898372103074593, 24.878372519030211 ], [ 91.898516208657355, 24.878322480072768 ], [ 91.898653848369946, 24.878259077569616 ], [ 91.898783537820705, 24.87818299529539 ], [ 91.898903878365999, 24.878095053770963 ], [ 91.899013572194761, 24.877996201413779 ], [ 91.903180235221484, 24.873829504414619 ], [ 91.903273031085121, 24.873727025365501 ], [ 91.903354369283065, 24.873616742105021 ], [ 91.903423466499618, 24.873499716740856 ], [ 91.90347965731452, 24.873377076309211 ], [ 91.903522400610413, 24.873250001920184 ], [ 91.903551284782807, 24.873119717382398 ], [ 91.903566031702809, 24.872987477416586 ], [ 91.903566499393918, 24.872854555571596 ], [ 91.903552683397692, 24.872722231959131 ], [ 91.903524716814928, 24.872591780925603 ], [ 91.903482869022071, 24.872464458779493 ], [ 91.903427543075352, 24.872341491692719 ], [ 91.903359271827611, 24.87222406389224 ], [ 91.903278712795341, 24.872113306255891 ], [ 91.903186641825357, 24.872010285421965 ], [ 91.90308394562237, 24.871915993517653 ], [ 91.902971613208962, 24.871831338605034 ], [ 91.902850726400715, 24.871757135936789 ], [ 91.902722449388079, 24.871694100105582 ], [ 91.902588017525105, 24.871642838162938 ], [ 91.902448725433217, 24.871603843773705 ], [ 91.902305914534594, 24.871577492462375 ], [ 91.902160960134808, 24.87156403799704 ], [ 91.90201525817956, 24.871563609945916 ], [ 91.901870211812636, 24.871576212429655 ], [ 91.901727217864675, 24.871601724081778 ], [ 91.901587653402572, 24.871639899217396 ], [ 91.901452862469299, 24.871690370199044 ], [ 91.901324143141494, 24.871752650976866 ], [ 91.901202735029599, 24.87182614176902 ], [ 91.901089807340739, 24.871910134837282 ], [ 91.900986447619431, 24.87200382130224 ], [ 91.897261358961103, 24.875728898955082 ] ] ] } },
{ "type": "Feature", "properties": { "ARCID": 744420, "UP_CELLS": 8255, "buffer_m": 150 }, "geometry": { "type": "Polygon", "coordinates": [ [ [ 91.902083469309176, 24.871562185447935 ], [ 91.901937941448452, 24.871568695443059 ], [ 91.901793813754239, 24.871588186997652 ], [ 91.901652474210792, 24.871620472401858 ], [ 91.901515283954083, 24.871665240737848 ], [ 91.90138356416486, 24.871722060873857 ], [ 91.901258583346376, 24.87179038561576 ], [ 91.901141545109155, 24.871869556976286 ], [ 91.901033576580474, 24.871958812511114 ], [ 91.900935717550112, 24.872057292660884 ], [ 91.900848910456745, 24.872164049028495 ], [ 91.900773991311752, 24.87227805351182 ], [ 91.900711681647479, 24.872398208204221 ], [ 91.900662581567701, 24.872523355967132 ], [ 91.900627163967201, 24.872652291573448 ], [ 91.900605769976366, 24.872783773313831 ], [ 91.900598605674219, 24.872916534954719 ], [ 91.900605740102222, 24.873049297932493 ], [ 91.900627104597547, 24.87318078366669 ], [ 91.9006624934527, 24.873309725873352 ], [ 91.900711565894738, 24.873434882760279 ], [ 91.900773849365677, 24.873555048986436 ], [ 91.900848744071936, 24.873669067270534 ], [ 91.900935528759646, 24.873775839536822 ], [ 91.901033367659764, 24.873874337490857 ], [ 91.901141318536361, 24.873963612523237 ], [ 91.901258341760766, 24.874042804846031 ], [ 91.901383310323723, 24.874111151773821 ], [ 91.901515020689672, 24.874167995069485 ], [ 91.901652204388114, 24.874212787284176 ], [ 91.901793540230827, 24.874245097030144 ], [ 91.90193766703689, 24.874264613135821 ], [ 91.902083196743149, 24.874271147642979 ], [ 91.927083469319726, 24.874271156909984 ], [ 91.927229000033265, 24.874264622465514 ], [ 91.927373127859752, 24.874245106329592 ], [ 91.92751446472522, 24.874212796457741 ], [ 91.92765164943728, 24.874168004020017 ], [ 91.9277833607958, 24.87411116040391 ], [ 91.92790833031809, 24.87404281305939 ], [ 91.92802535445631, 24.873963620226114 ], [ 91.92813330618921, 24.873874344593528 ], [ 91.928231145876424, 24.873775845955045 ], [ 91.928317931271096, 24.873669072926937 ], [ 91.928392826594106, 24.873555053811906 ], [ 91.928455110582604, 24.873434886695161 ], [ 91.928504183435436, 24.873309728868556 ], [ 91.928539572588463, 24.873180785684557 ], [ 91.928560937264322, 24.873049298947532 ], [ 91.928568071752736, 24.872916534954044 ], [ 91.928560907389993, 24.872783772297474 ], [ 91.928539513218482, 24.872652289554274 ], [ 91.928504095319951, 24.872523352970664 ], [ 91.92845499482921, 24.872398204268105 ], [ 91.928392684647235, 24.872278048685196 ], [ 91.928317764885392, 24.872164043371001 ], [ 91.928230957084978, 24.872057286241674 ], [ 91.928133097267406, 24.871958805407523 ], [ 91.928025127882364, 24.871869549272592 ], [ 91.927908088731243, 24.871790377401712 ], [ 91.927783106953385, 24.871722052243175 ], [ 91.927651386171576, 24.871665231786839 ], [ 91.927514194901235, 24.871620463227938 ], [ 91.927372854335061, 24.871588177697976 ], [ 91.927228725620452, 24.871568686113235 ], [ 91.927083196752477, 24.871562176180916 ], [ 91.902083469309176, 24.871562185447935 ] ] ] } },
{ "type": "Feature", "properties": { "ARCID": 744568, "UP_CELLS": 7734, "buffer_m": 150 }, "geometry": { "type": "Polygon", "coordinates": [ [ [ 91.943750067820133, 24.863228835298212 ], [ 91.943596077719675, 24.863236134646698 ], [ 91.943443748009884, 24.863257966732039 ], [ 91.943294721893992, 24.863294096046548 ], [ 91.94315060694197, 24.863344132856071 ], [ 91.94301295775081, 24.863407537403798 ], [ 91.942883259176199, 24.863483625732197 ], [ 91.942762910316077, 24.863571577060458 ], [ 91.942653209419007, 24.863670442637748 ], [ 91.93892811966613, 24.867395521297635 ], [ 91.931250045120763, 24.867395507242865 ], [ 91.931096050183626, 24.867402808741051 ], [ 91.930943715941027, 24.867424642954951 ], [ 91.930794685651762, 24.86746077435296 ], [ 91.930650566937345, 24.867510813176832 ], [ 91.930512914441621, 24.867574219645814 ], [ 91.930383213061958, 24.867650309778885 ], [ 91.930262861932221, 24.867738262772416 ], [ 91.930153159330658, 24.867837129853758 ], [ 91.925986488964398, 24.872003766200599 ], [ 91.925893686499322, 24.872106240399351 ], [ 91.925812340757659, 24.872216519432129 ], [ 91.925743235159004, 24.872333541271132 ], [ 91.925687035251798, 24.872456178950038 ], [ 91.925644282302741, 24.872583251416629 ], [ 91.925615388082988, 24.872713534906378 ], [ 91.92560063090113, 24.872845774727427 ], [ 91.925600152921277, 24.872978697343655 ], [ 91.92561395879234, 24.873111022639275 ], [ 91.925641915601432, 24.873241476246996 ], [ 91.925683754152175, 24.873368801820973 ], [ 91.925739071555512, 24.873491773136315 ], [ 91.925807335108317, 24.873609205898742 ], [ 91.92588788742232, 24.873719969150432 ], [ 91.925979952753991, 24.873822996162438 ], [ 91.926082644474732, 24.873917294708548 ], [ 91.926194973609128, 24.87400195662169 ], [ 91.926315858359231, 24.874076166540959 ], [ 91.92644413452318, 24.874139209764689 ], [ 91.926578566707633, 24.874190479134207 ], [ 91.92671786022629, 24.87422948088178 ], [ 91.926860673569536, 24.874255839386471 ], [ 91.927005631325343, 24.874269300792111 ], [ 91.927151337426849, 24.874269735452351 ], [ 91.92729638859899, 24.874257139179512 ], [ 91.927439387874472, 24.874231633284939 ], [ 91.927578958049139, 24.874193463410649 ], [ 91.927713754946808, 24.874142997163396 ], [ 91.927842480365982, 24.874080720574039 ], [ 91.927963894583471, 24.874007233416283 ], [ 91.928076828294678, 24.873923243429935 ], [ 91.928180193875363, 24.873829559504244 ], [ 91.931905232705134, 24.870104509603678 ], [ 91.939583378457456, 24.870104495544506 ], [ 91.939737356302189, 24.870097187321075 ], [ 91.939889673013425, 24.870075349952124 ], [ 91.940038685851533, 24.870039218952506 ], [ 91.940182787712303, 24.869989183994111 ], [ 91.940320424461049, 24.869925784702918 ], [ 91.940450111695313, 24.869849704838686 ], [ 91.940570450755075, 24.86976176492001 ], [ 91.940680143807953, 24.869662913374363 ], [ 91.944405188734962, 24.865937857351934 ], [ 91.956250067825238, 24.865937835608754 ], [ 91.956395590239836, 24.865931307200114 ], [ 91.956539710503534, 24.865911796926113 ], [ 91.956681040615251, 24.865879492685863 ], [ 91.956818219447669, 24.865834705595212 ], [ 91.956949925857316, 24.865777866990168 ], [ 91.957074891409221, 24.865709524272471 ], [ 91.957191912593856, 24.865630335637224 ], [ 91.957299862418381, 24.86554106373346 ], [ 91.957397701260916, 24.86544256831866 ], [ 91.957484486882748, 24.865335797978052 ], [ 91.957559383502627, 24.865221780988428 ], [ 91.957621669845224, 24.86510161541451 ], [ 91.957670746086748, 24.864976458533249 ], [ 91.957706139630446, 24.864847515687984 ], [ 91.957727509656621, 24.864716028679773 ], [ 91.957734650403495, 24.864583263807759 ], [ 91.95772749314709, 24.864450499673737 ], [ 91.957706106861281, 24.864319014868357 ], [ 91.957670697551876, 24.864190075657646 ], [ 91.957621606270919, 24.864064923788348 ], [ 91.957559305830657, 24.863944764529535 ], [ 91.957484396248589, 24.863830755065649 ], [ 91.957397598967901, 24.863723993352778 ], [ 91.957299749908685, 24.863625507545422 ], [ 91.957191791416975, 24.863536246095471 ], [ 91.957074763189212, 24.863457068618953 ], [ 91.956949792259493, 24.863388737618216 ], [ 91.956818082146086, 24.863331911139365 ], [ 91.956680901261706, 24.863287136435666 ], [ 91.956539570698965, 24.863254844697853 ], [ 91.956395451508939, 24.86323534690203 ], [ 91.956249931594982, 24.863228830815252 ], [ 91.943750067820133, 24.863228835298212 ] ] ] } },
{ "type": "Feature", "properties": { "ARCID": 744634, "UP_CELLS": 7587, "buffer_m": 150 }, "geometry": { "type": "Polygon", "coordinates": [ [ [ 91.98476143643677, 24.863228883337605 ], [ 91.956250158641467, 24.863228830821509 ], [ 91.956104638302037, 24.86323533889016 ], [ 91.955960517837994, 24.86325482874204 ], [ 91.955819185164046, 24.863287112683746 ], [ 91.955682001350013, 24.8633318798116 ], [ 91.955550287514683, 24.863388699005522 ], [ 91.95542531210404, 24.863457023080525 ], [ 91.955308278676654, 24.863536194055758 ], [ 91.955200314313529, 24.863625449490634 ], [ 91.955102458764401, 24.863723929826776 ], [ 91.955015654434547, 24.863830686665242 ], [ 91.95494073730876, 24.86394469189937 ], [ 91.954878428900031, 24.864064847615211 ], [ 91.954829329300068, 24.864189996664322 ], [ 91.954793911399122, 24.864318933807127 ], [ 91.954772516330436, 24.864450417319418 ], [ 91.95476535018345, 24.864583180950511 ], [ 91.954772482017361, 24.864715946117531 ], [ 91.954793843194338, 24.864847434218845 ], [ 91.954829228038733, 24.864976378947652 ], [ 91.954878295816229, 24.865101538487373 ], [ 91.954940574013676, 24.865221707471392 ], [ 91.955015462888198, 24.865335728591802 ], [ 91.955102241242017, 24.865442503745513 ], [ 91.955200073366967, 24.865541004610268 ], [ 91.955308017092335, 24.865630282548626 ], [ 91.955425032858216, 24.865709477744698 ], [ 91.955549993727104, 24.865777827485402 ], [ 91.955681696237463, 24.865834673506594 ], [ 91.95581887199441, 24.865879468333215 ], [ 91.955960199886178, 24.865911780552441 ], [ 91.956104318808386, 24.865931298968949 ], [ 91.956249840773793, 24.865937835602335 ], [ 91.985416825320499, 24.865937845855054 ], [ 91.985570781996174, 24.865930528438401 ], [ 91.985723076915022, 24.865908685054489 ], [ 91.985872067941273, 24.865872551230211 ], [ 91.986016148566762, 24.865822516580497 ], [ 91.986153765234803, 24.865759120606899 ], [ 91.986283434092769, 24.865683046879926 ], [ 91.986403756992928, 24.865595115667791 ], [ 91.9865134365686, 24.865496275091175 ], [ 91.990680099404699, 24.861329578126924 ], [ 91.990772893813002, 24.861227100841532 ], [ 91.990854231877975, 24.861116818618516 ], [ 91.990923330285298, 24.860999793555465 ], [ 91.990979523603343, 24.860877152685649 ], [ 91.991022270690678, 24.860750077123267 ], [ 91.991051159906434, 24.860619790688144 ], [ 91.991065913073086, 24.86048754811917 ], [ 91.99106638815401, 24.860354622990119 ], [ 91.991052580619566, 24.86022229544422 ], [ 91.991024623488968, 24.860091839865635 ], [ 91.990982786047624, 24.859964512606517 ], [ 91.990927471251908, 24.85984153988791 ], [ 91.99085921184718, 24.85972410599096 ], [ 91.990778665235752, 24.859613341852139 ], [ 91.990686607144696, 24.859510314172329 ], [ 91.990583924154549, 24.859416015144642 ], [ 91.990471605160479, 24.859331352899776 ], [ 91.990350731848764, 24.859257142761042 ], [ 91.99022246827974, 24.859194099393115 ], [ 91.990088049677865, 24.859142829920192 ], [ 91.989948770536856, 24.859103828079736 ], [ 91.989805972154045, 24.85907746946809 ], [ 91.989661029714441, 24.859064007923795 ], [ 91.989515339048623, 24.85906357308334 ], [ 91.989370303191677, 24.859076169132905 ], [ 91.98922731887302, 24.859101674768084 ], [ 91.989087763066962, 24.859139844362041 ], [ 91.988952979733156, 24.859190310330792 ], [ 91.988824266875213, 24.859252586672806 ], [ 91.988702864041372, 24.859326073649044 ], [ 91.988589940388053, 24.859410063558055 ], [ 91.98848658342105, 24.859503747550882 ], [ 91.98476143643677, 24.863228883337605 ] ] ] } },
{ "type": "Feature", "properties": { "ARCID": 744635, "UP_CELLS": 7381, "buffer_m": 150 }, "geometry": { "type": "Polygon", "coordinates": [ [ [ 92.220235844185041, 24.956774787450353 ], [ 92.224014675488419, 24.952995907402826 ], [ 92.224102351328128, 24.952899649146026 ], [ 92.224179910852726, 24.952796426172728 ], [ 92.224246692346867, 24.952687119184844 ], [ 92.224302126058475, 24.952572660791091 ], [ 92.224345739059032, 24.95245402754955 ], [ 92.224377159277807, 24.952332231635371 ], [ 92.224396118675202, 24.952208312204608 ], [ 92.224402455528562, 24.952083326528037 ], [ 92.224402405529077, 24.947916658651401 ], [ 92.224396064792586, 24.947791662114302 ], [ 92.224377099838549, 24.947667732347391 ], [ 92.224345672539016, 24.947545926885319 ], [ 92.224302051109461, 24.947427285132221 ], [ 92.224246607818813, 24.947312819492357 ], [ 92.224179815811652, 24.947203506731221 ], [ 92.224102245069858, 24.947100279640846 ], [ 92.224014557547946, 24.947004019080424 ], [ 92.219847882854594, 24.942837382462507 ], [ 92.219738095091685, 24.942738443143813 ], [ 92.219617640269675, 24.942650424387111 ], [ 92.219487818789631, 24.94257427640505 ], [ 92.21935003216268, 24.942510821256612 ], [ 92.219205767880652, 24.942460743973253 ], [ 92.219056583358551, 24.942424585164275 ], [ 92.218904089122645, 24.94240273518129 ], [ 92.218749931425577, 24.94239542990455 ], [ 92.206905931966617, 24.942395459154927 ], [ 92.203181158566224, 24.938670701257372 ], [ 92.20307137537435, 24.938571765836475 ], [ 92.202950926132928, 24.938483750645318 ], [ 92.202821111129495, 24.938407605819176 ], [ 92.202683331747977, 24.93834415334927 ], [ 92.202539075341022, 24.938294078210063 ], [ 92.202389899174875, 24.938257920965572 ], [ 92.202237413619699, 24.938236071934494 ], [ 92.202083264767026, 24.938228766977129 ], [ 92.19023922592207, 24.938228796290588 ], [ 92.186514434213223, 24.934504020120091 ], [ 92.186404659851718, 24.934405092056277 ], [ 92.18628422119059, 24.934317083047386 ], [ 92.186154418254205, 24.934240943052998 ], [ 92.186016652135564, 24.934177493917971 ], [ 92.185872409873767, 24.934127420502243 ], [ 92.185723248403875, 24.934091263289254 ], [ 92.185570777752844, 24.934069412552585 ], [ 92.185416643662663, 24.934062104143891 ], [ 92.181905835966489, 24.934062112846973 ], [ 92.178181045039167, 24.930337337473073 ], [ 92.178071272945573, 24.930238411419957 ], [ 92.177950837174123, 24.930150404528039 ], [ 92.177821037712661, 24.930074266730195 ], [ 92.177683275611045, 24.930010819844206 ], [ 92.177539037858907, 24.929960748702936 ], [ 92.17738988133631, 24.929924593763058 ], [ 92.177237416010243, 24.92990274527201 ], [ 92.177083287558531, 24.929895439056246 ], [ 92.16940578555446, 24.92989545811189 ], [ 92.161902080833642, 24.922391817535843 ], [ 92.161902036957684, 24.918749991945685 ], [ 92.161894882702072, 24.91861722079198 ], [ 92.161873492188207, 24.918485728466518 ], [ 92.161838071466534, 24.918356781331379 ], [ 92.161788961705412, 24.918231621232781 ], [ 92.161726635903875, 24.918111453541535 ], [ 92.16165169433485, 24.917997435544933 ], [ 92.161564858763015, 24.91789066530179 ], [ 92.161466965492707, 24.917792171068022 ], [ 92.161358957313254, 24.917702901394517 ], [ 92.161241874418891, 24.917623715992708 ], [ 92.161116844391188, 24.917555377455695 ], [ 92.160985071339937, 24.917498543914682 ], [ 92.160847824307552, 24.917453762701438 ], [ 92.160706425048403, 24.917421465077709 ], [ 92.16056223530056, 24.917401962082398 ], [ 92.160416643672903, 24.917395441536446 ], [ 92.15690566327369, 24.917395450264454 ], [ 92.149014125390423, 24.909503945430721 ], [ 92.148904372158668, 24.909405031122706 ], [ 92.148783958965865, 24.909317035264291 ], [ 92.148654185411146, 24.909240907563269 ], [ 92.148516452108424, 24.909177469636699 ], [ 92.148372245570627, 24.909127406144322 ], [ 92.148223122167224, 24.909091257399901 ], [ 92.148070691328158, 24.909069413540429 ], [ 92.147916598175399, 24.909062110315997 ], [ 92.136072291804311, 24.909062139818303 ], [ 92.132347377520205, 24.90533724117401 ], [ 92.132237629590165, 24.905238335750624 ], [ 92.132117223551887, 24.90515034802797 ], [ 92.131987458801291, 24.905074227533937 ], [ 92.131849735721488, 24.90501079572816 ], [ 92.131705540570962, 24.904960737137873 ], [ 92.131556429445396, 24.904924591971536 ], [ 92.131404011486197, 24.904902750289708 ], [ 92.13124993151682, 24.904895447796051 ], [ 92.119405544291581, 24.904895477359972 ], [ 92.107347256485255, 24.892837240312701 ], [ 92.107237522476098, 24.892738337938436 ], [ 92.107117132020093, 24.892650352723578 ], [ 92.106987384283414, 24.892574234123902 ], [ 92.10684967939919, 24.892510803539626 ], [ 92.106705503359123, 24.892460745452329 ], [ 92.106556411978886, 24.892424600039398 ], [ 92.10640401411051, 24.892402757345465 ], [ 92.106249954282674, 24.892395453073949 ], [ 92.097916711883713, 24.892395455628545 ], [ 92.097762660768595, 24.892402759180225 ], [ 92.097610271358121, 24.892424599539691 ], [ 92.097461187908578, 24.892460741051622 ], [ 92.097317019008642, 24.892510793753512 ], [ 92.097179320224384, 24.892574217582968 ], [ 92.097049577316284, 24.892650328204418 ], [ 92.096929190209011, 24.892738304392417 ], [ 92.096819457887122, 24.892837196891872 ], [ 92.09309449274771, 24.896562150552167 ], [ 92.081250067959772, 24.896562128222861 ], [ 92.081096006172643, 24.896569430158731 ], [ 92.080943606089122, 24.896591269985002 ], [ 92.080794512208371, 24.896627412033784 ], [ 92.080650333356559, 24.896677466306478 ], [ 92.080512625327941, 24.896740892681759 ], [ 92.080382874098149, 24.896817006743419 ], [ 92.080262479790377, 24.89690498716508 ], [ 92.08015274156773, 24.897003884572239 ], [ 92.076427800674139, 24.900728814021932 ], [ 92.069405490629279, 24.900728816243291 ], [ 92.057347189860636, 24.888670566602503 ], [ 92.05723745495267, 24.888571663782372 ], [ 92.057117063588095, 24.888483678959425 ], [ 92.056987315033027, 24.888407561650979 ], [ 92.056849609526552, 24.888344133300187 ], [ 92.056705433170094, 24.888294078411946 ], [ 92.056556341890655, 24.888257937166451 ], [ 92.056403944650725, 24.888236099590351 ], [ 92.056249886086192, 24.888228801348081 ], [ 92.036072109597029, 24.88822885222935 ], [ 92.032734921642444, 24.884891692980602 ], [ 92.032734877817219, 24.881249991857381 ], [ 92.032728535689827, 24.881124949742127 ], [ 92.032709566638843, 24.881000975638386 ], [ 92.032678132700369, 24.880879128303235 ], [ 92.032634502360523, 24.880760448327731 ], [ 92.03257904826134, 24.880645949250351 ], [ 92.032512244017184, 24.880536608901462 ], [ 92.032434660169287, 24.880433361052908 ], [ 92.03234695931225, 24.880337087443927 ], [ 92.024013609149108, 24.872003813970959 ], [ 92.023903898976059, 24.871904936308869 ], [ 92.023783538261341, 24.871816973700938 ], [ 92.023653825512099, 24.871740875111804 ], [ 92.02351616011957, 24.871677461511862 ], [ 92.02337202726261, 24.871627417021184 ], [ 92.023222981886036, 24.871591281529689 ], [ 92.023070631926785, 24.87156944487333 ], [ 92.022916620968516, 24.871562142628868 ], [ 92.015238556115548, 24.871562162049987 ], [ 92.003180132047092, 24.85950378943771 ], [ 92.003070432197745, 24.859404916304964 ], [ 92.00295008356531, 24.85931695811534 ], [ 92.002820384487734, 24.859240863757389 ], [ 92.002682734166868, 24.859177454131274 ], [ 92.002538617574544, 24.859127413293653 ], [ 92.002389589433577, 24.859091281078872 ], [ 92.002237257446808, 24.859069447275839 ], [ 92.002083264954848, 24.859062147423423 ], [ 91.989583401152416, 24.859062151711019 ], [ 91.989437884870853, 24.859068667960351 ], [ 91.989293769300019, 24.859088166034045 ], [ 91.989152442307457, 24.859120458159559 ], [ 91.98901526490836, 24.859165233354449 ], [ 91.988883558159785, 24.859222060420986 ], [ 91.988758590439474, 24.859290392098387 ], [ 91.988641565232001, 24.859369570332603 ], [ 91.988533609539317, 24.859458832613164 ], [ 91.988435763027667, 24.859557319315748 ], [ 91.988348968015345, 24.859664081980096 ], [ 91.988274060397487, 24.859778092443431 ], [ 91.988211761595537, 24.859898252741409 ], [ 91.988162671608762, 24.860023405681428 ], [ 91.98812726323483, 24.860152345986386 ], [ 91.988105877515267, 24.860283831901601 ], [ 91.988098720449472, 24.860416597153158 ], [ 91.988105861009188, 24.860549363142578 ], [ 91.988127230472543, 24.860680851260216 ], [ 91.988162623084065, 24.860809795199081 ], [ 91.988211698034561, 24.860934953150167 ], [ 91.988273982741774, 24.861055119762106 ], [ 91.988348877400114, 24.861169137749826 ], [ 91.988435660755997, 24.861275909040376 ], [ 91.988533497053069, 24.861374405348684 ], [ 91.988641444080372, 24.861463678081201 ], [ 91.988758462246096, 24.861542867472178 ], [ 91.988883424589631, 24.861611210864453 ], [ 91.98901512763517, 24.861668050055066 ], [ 91.98915230298266, 24.861712837634759 ], [ 91.989293629524198, 24.861745142260538 ], [ 91.989437746168434, 24.861764652810258 ], [ 91.989583264950028, 24.861771181379339 ], [ 92.00142813113446, 24.861771211429954 ], [ 92.013486493200773, 24.873829624970533 ], [ 92.013596191079799, 24.873928472363499 ], [ 92.013716534512014, 24.87401640844805 ], [ 92.013846225709813, 24.874092484901748 ], [ 92.013983866068969, 24.874155881297124 ], [ 92.014127971252037, 24.87420591395005 ], [ 92.014276987196652, 24.87424204329351 ], [ 92.014429306876238, 24.874263879696937 ], [ 92.014583287631936, 24.874271187668619 ], [ 92.022261361424782, 24.874271207095468 ], [ 92.029765116723226, 24.881775026946492 ], [ 92.02976507289759, 24.885416658522661 ], [ 92.029771410632208, 24.885541686183931 ], [ 92.029790372891824, 24.8856656464637 ], [ 92.02982179780993, 24.885787480960566 ], [ 92.029865417109008, 24.88590614942046 ], [ 92.029920858389914, 24.886020638618781 ], [ 92.029987648310495, 24.886129971011815 ], [ 92.03006521662617, 24.886233213083607 ], [ 92.030152901057946, 24.886329483317006 ], [ 92.034319559311356, 24.890496179928761 ], [ 92.034429269566033, 24.890595046745101 ], [ 92.034549629872529, 24.890683001454853 ], [ 92.034679342047852, 24.890759095378819 ], [ 92.034817007031606, 24.890822507766238 ], [ 92.034961139976744, 24.890872554648151 ], [ 92.035110186265996, 24.890908696215373 ], [ 92.035262538281259, 24.89093054264151 ], [ 92.035416552744962, 24.890937858288023 ], [ 92.055594548036439, 24.890937909189102 ], [ 92.067652768993597, 24.902996181289652 ], [ 92.067762497672632, 24.903095054835124 ], [ 92.067882878826765, 24.903183014866642 ], [ 92.068012613891113, 24.903259112532872 ], [ 92.068150303389061, 24.903322526943409 ], [ 92.068294462029442, 24.903372574024768 ], [ 92.068443534729738, 24.903408713900372 ], [ 92.068595913392443, 24.903430556714952 ], [ 92.068749954253704, 24.903437866840498 ], [ 92.077083378563273, 24.90343786947771 ], [ 92.077237428130474, 24.903430558636185 ], [ 92.07738981524534, 24.903408713493434 ], [ 92.077538895872138, 24.903372569725324 ], [ 92.077683061650347, 24.903322517269004 ], [ 92.077820757248233, 24.903259096115711 ], [ 92.077950497143661, 24.903182990484577 ], [ 92.078070881651854, 24.903095021440322 ], [ 92.078180612026401, 24.902996138034549 ], [ 92.081905507516993, 24.899271231097575 ], [ 92.093750067964848, 24.899271208760389 ], [ 92.093904106867157, 24.899263896302571 ], [ 92.094056483315811, 24.899242050624725 ], [ 92.09420555351771, 24.899205907390233 ], [ 92.094349709349657, 24.899155856500254 ], [ 92.094487395707915, 24.899092437887237 ], [ 92.09461712728536, 24.899016335689815 ], [ 92.094737504595571, 24.898928370871975 ], [ 92.094847229070638, 24.898829492366069 ], [ 92.098572148758976, 24.895104561196138 ], [ 92.105594475847653, 24.895104563349793 ], [ 92.117652702698123, 24.907162840977371 ], [ 92.117762434705028, 24.907261717466273 ], [ 92.117882819906711, 24.90734968044293 ], [ 92.118012559689575, 24.90742578102066 ], [ 92.118150254520714, 24.907489198274565 ], [ 92.118294419045739, 24.907539248097947 ], [ 92.118443498112654, 24.907575390582657 ], [ 92.118595883549148, 24.90759723584387 ], [ 92.118749931511985, 24.907604548226363 ], [ 92.130594411426785, 24.907604577799646 ], [ 92.134319264841352, 24.911329446856239 ], [ 92.134429002859093, 24.911428337174573 ], [ 92.134549396762637, 24.911516312819217 ], [ 92.134679147645983, 24.911592424621794 ], [ 92.134816855642555, 24.911655851410856 ], [ 92.134961035028894, 24.911705908872275 ], [ 92.135110130254944, 24.911742056933015 ], [ 92.135262532728262, 24.911763905588515 ], [ 92.135416598170551, 24.911771219110967 ], [ 92.14726101790751, 24.911771248621875 ], [ 92.155152508842264, 24.919662772615798 ], [ 92.15526225929743, 24.919761668983032 ], [ 92.1553826675256, 24.919849649609734 ], [ 92.155512434337282, 24.91992576517956 ], [ 92.155650159555108, 24.919989194398937 ], [ 92.155794357122247, 24.920039252859635 ], [ 92.155943471138144, 24.920075400424235 ], [ 92.156095892647883, 24.920097247054873 ], [ 92.156249977004606, 24.920104557022206 ], [ 92.158931281097367, 24.920104571149782 ], [ 92.158931246919494, 24.922916658610959 ], [ 92.158937583740709, 24.923041659580225 ], [ 92.158956543278649, 24.92316559390407 ], [ 92.158987963767245, 24.92328740390726 ], [ 92.159031577094723, 24.92340605004075 ], [ 92.159087011090492, 24.923520519753612 ], [ 92.159153792700252, 24.923629836134541 ], [ 92.159231352022204, 24.923733066249394 ], [ 92.159319027169914, 24.923829329103413 ], [ 92.16765234421463, 24.93216272247011 ], [ 92.167762105442236, 24.932261628053563 ], [ 92.167882527016673, 24.932349617402444 ], [ 92.168012309493065, 24.932425741024922 ], [ 92.168150052404954, 24.932489177470142 ], [ 92.168294269377199, 24.932539242193222 ], [ 92.168443404166425, 24.932575394942891 ], [ 92.16859584745562, 24.932597245591911 ], [ 92.168749954221923, 24.932604558347393 ], [ 92.176427506406114, 24.93260457740784 ], [ 92.180152264049795, 24.936329350608418 ], [ 92.180262032598947, 24.936428266704269 ], [ 92.180382463707971, 24.936516265406713 ], [ 92.18051225765511, 24.936592396995884 ], [ 92.180650013662643, 24.936655839824997 ], [ 92.18079424501515, 24.936705909188692 ], [ 92.180943395105714, 24.936742064713282 ], [ 92.181095854236816, 24.936763916189395 ], [ 92.181249976994351, 24.93677122778368 ], [ 92.18476079228013, 24.936771236488354 ], [ 92.188485541554073, 24.940496001303746 ], [ 92.188595310243372, 24.94059491767867 ], [ 92.18871574174355, 24.940682917187829 ], [ 92.188845536371304, 24.940759050133849 ], [ 92.188983293387523, 24.940822494882283 ], [ 92.189127526114675, 24.940872566729489 ], [ 92.189276677982107, 24.940908725292783 ], [ 92.189429139325924, 24.94093058034278 ], [ 92.189583264762163, 24.940937896015342 ], [ 92.201427437892065, 24.940937925336637 ], [ 92.205152150564885, 24.944662653514474 ], [ 92.205261923830008, 24.944761573785033 ], [ 92.205382360914655, 24.944849576857553 ], [ 92.205512162022089, 24.944925712957367 ], [ 92.205649926286, 24.944989160382423 ], [ 92.205794166889859, 24.945039234372256 ], [ 92.205943327114369, 24.94507539449895 ], [ 92.206095797139625, 24.945097250500343 ], [ 92.206249931420743, 24.945104566492407 ], [ 92.218094065203076, 24.945104595750635 ], [ 92.221430922162867, 24.948441481170022 ], [ 92.221430884758362, 24.951558554693747 ], [ 92.217652002960534, 24.95533738775454 ], [ 92.217564316798715, 24.955433646407638 ], [ 92.21748674742571, 24.95553687068811 ], [ 92.217419956724768, 24.955646179838254 ], [ 92.217364514615127, 24.955760641179179 ], [ 92.217320894188603, 24.955879278068529 ], [ 92.217289467671833, 24.956001078233328 ], [ 92.217270503249324, 24.956125002406949 ], [ 92.217264162773958, 24.956249993196522 ], [ 92.217264112752019, 24.960416658643997 ], [ 92.217271266050204, 24.960549429459331 ], [ 92.217292660404212, 24.960680921764197 ], [ 92.217328089819006, 24.960809869210895 ], [ 92.217377213131059, 24.960935029956339 ], [ 92.217439557292238, 24.961055198621928 ], [ 92.217514521924315, 24.961169217902508 ], [ 92.217601385099584, 24.961275989712473 ], [ 92.21769931029273, 24.961374485761535 ], [ 92.217807354436303, 24.961463757458539 ], [ 92.217924477002882, 24.961542945047647 ], [ 92.218049550025967, 24.961611285889049 ], [ 92.218181368963414, 24.961668121804419 ], [ 92.218318664298607, 24.961712905416199 ], [ 92.218460113767719, 24.961745205419803 ], [ 92.21860435509511, 24.961764710737846 ], [ 92.21874999911438, 24.961771233516412 ], [ 92.218895643148414, 24.961764710934446 ], [ 92.219039884519759, 24.961745205808878 ], [ 92.219181334060849, 24.961712905989646 ], [ 92.219318629494225, 24.961668122550382 ], [ 92.21945044855353, 24.961611286792273 ], [ 92.219575521719079, 24.96154294608996 ], [ 92.219692644445232, 24.96146375861937 ], [ 92.219800688761566, 24.961374487018528 ], [ 92.219898614136568, 24.961275991042111 ], [ 92.219985477498611, 24.961169219280809 ], [ 92.2200604423182, 24.961055200025079 ], [ 92.220122786663694, 24.960935031361352 ], [ 92.220171910153184, 24.960809870596186 ], [ 92.220207339735282, 24.960680923110068 ], [ 92.220228734243662, 24.960549430748472 ], [ 92.220235887681127, 24.960416659861764 ], [ 92.220235844185041, 24.956774787450353 ] ] ] } },
{ "type": "Feature", "properties": { "ARCID": 744713, "UP_CELLS": 144692, "buffer_m": 250 }, "geometry": { "type": "Polygon", "coordinates": [ [ [ 92.290676094353515, 24.912325718923046 ], [ 92.283079047636221, 24.904728724149059 ], [ 92.282896117122476, 24.904563860720373 ], [ 92.28269541968811, 24.904417196787911 ], [ 92.282479121565672, 24.904290315326971 ], [ 92.282249557346475, 24.904184585791228 ], [ 92.282009204784373, 24.904101149333911 ], [ 92.281760658055347, 24.904040906493115 ], [ 92.28150659976167, 24.90400450747364 ], [ 92.281249771982274, 24.903992345130536 ], [ 92.256250226886792, 24.90399235553075 ], [ 92.255993407258885, 24.904004517370268 ], [ 92.255739356926426, 24.904040914458335 ], [ 92.255490817731371, 24.904101153975475 ], [ 92.255250472045489, 24.904184585782037 ], [ 92.255020913824893, 24.904290309433804 ], [ 92.254804620618216, 24.904417183898808 ], [ 92.254603926830271, 24.904563839870317 ], [ 92.254420998529397, 24.904728694543248 ], [ 92.250990622675701, 24.908159052196858 ], [ 92.244842674706248, 24.908159054826481 ], [ 92.237245608773705, 24.900562041190469 ], [ 92.237062700978584, 24.90039719662543 ], [ 92.236862030500177, 24.900250548104765 ], [ 92.236645762872755, 24.900123678139522 ], [ 92.236416231919364, 24.900017955801477 ], [ 92.236175914568776, 24.899934521951344 ], [ 92.235927404129001, 24.899874276929427 ], [ 92.235673382305933, 24.89983787084152 ], [ 92.235416590269026, 24.899825696544802 ], [ 92.228175915451118, 24.89982572622495 ], [ 92.224745475580889, 24.896395310014128 ], [ 92.224562579941789, 24.896230482945246 ], [ 92.224361925302802, 24.896083849992841 ], [ 92.224145676737422, 24.895956993288149 ], [ 92.223916167550769, 24.89585128157664 ], [ 92.223675874105268, 24.895767855451627 ], [ 92.223427389103932, 24.895707615049513 ], [ 92.223173393619362, 24.895671210339202 ], [ 92.222916628169898, 24.895659034110366 ], [ 92.219842503275274, 24.895659046728021 ], [ 92.217058462229517, 24.892875045159744 ], [ 92.217058396260697, 24.889583311785969 ], [ 92.217047824903773, 24.889374916093477 ], [ 92.217016209686065, 24.889168300213793 ], [ 92.216963820668383, 24.888965228400689 ], [ 92.21689110528952, 24.888767434637288 ], [ 92.216798684542368, 24.88857660783043 ], [ 92.216687347668412, 24.888394377390291 ], [ 92.216558045416008, 24.888222299318194 ], [ 92.216411881920067, 24.888061842921427 ], [ 92.212245201928553, 24.883895226212665 ], [ 92.212062320651228, 24.883730411603686 ], [ 92.211861684040969, 24.883583790990194 ], [ 92.211645456870826, 24.883456946292846 ], [ 92.211415972100838, 24.883351246060517 ], [ 92.211175705708825, 24.883267830706806 ], [ 92.210927249979051, 24.883207600207793 ], [ 92.210673285537055, 24.88317120439369 ], [ 92.210416552432164, 24.883159035938885 ], [ 92.199009010585328, 24.883159082845985 ], [ 92.195578439448767, 24.87972853545239 ], [ 92.195395572846593, 24.879563733071336 ], [ 92.195194953818145, 24.879417122732598 ], [ 92.194978746699135, 24.879290286065004 ], [ 92.194749283966544, 24.879184591374202 ], [ 92.194509041077197, 24.879101178883495 ], [ 92.194260609765323, 24.879040948435087 ], [ 92.194006670086452, 24.879004549784185 ], [ 92.193749961509312, 24.878992375590833 ], [ 92.190675548691019, 24.87899238825273 ], [ 92.183724698006529, 24.872041636224061 ], [ 92.183724465291746, 24.860416642974315 ], [ 92.183713892908344, 24.860208214782578 ], [ 92.183682275076535, 24.860001567266153 ], [ 92.183629881965359, 24.859798465510888 ], [ 92.183557161190947, 24.859600644307893 ], [ 92.183464733989936, 24.85940979333623 ], [ 92.183353389910238, 24.859227542731411 ], [ 92.183224080064434, 24.859055449162504 ], [ 92.183077909003927, 24.858894982537112 ], [ 92.178911228925543, 24.85472836575849 ], [ 92.17873967379164, 24.854572807225427 ], [ 92.178552293236905, 24.854433273880861 ], [ 92.178350877630109, 24.854311098887258 ], [ 92.178137351419039, 24.854207449553535 ], [ 92.177913754744509, 24.854123316183593 ], [ 92.177682223949617, 24.854059502616067 ], [ 92.177444971170701, 24.854016618545288 ], [ 92.177204263204587, 24.853995073697085 ], [ 92.176962399854119, 24.853995073914852 ], [ 92.176721691958591, 24.854016619193267 ], [ 92.176484439318799, 24.854059503678489 ], [ 92.176252908727562, 24.854123317634745 ], [ 92.176029312315322, 24.854207451358601 ], [ 92.175815786417672, 24.854311101003475 ], [ 92.17561437116656, 24.854433276258849 ], [ 92.175426990999838, 24.854572809810811 ], [ 92.17525543627562, 24.854728368493639 ], [ 92.171824729460994, 24.858159057463212 ], [ 92.168750037189454, 24.858159047675855 ], [ 92.168493398817731, 24.858171219624381 ], [ 92.168239528082438, 24.858207611101601 ], [ 92.167991163153616, 24.858267829596723 ], [ 92.167750982825979, 24.858351225607812 ], [ 92.167521577630566, 24.858456899646161 ], [ 92.167305421897481, 24.858583711936621 ], [ 92.167104847071201, 24.858730294709282 ], [ 92.16692201656582, 24.858895066949991 ], [ 92.164583290932541, 24.861233810286944 ], [ 92.158077926405639, 24.854728411223629 ], [ 92.157905664545808, 24.854572265030825 ], [ 92.157717458376581, 24.854432276229264 ], [ 92.15751512040427, 24.854309792931232 ], [ 92.15730059920827, 24.85420599466412 ], [ 92.157075960676877, 24.854121881013025 ], [ 92.156843368114266, 24.854058261996013 ], [ 92.156605061410119, 24.854015750264921 ], [ 92.156363335472179, 24.853994755206418 ], [ 92.156120518129541, 24.853995479000368 ], [ 92.15587894771916, 24.854017914673264 ], [ 92.155640950571183, 24.854061846165479 ], [ 92.155408818610027, 24.854126850411742 ], [ 92.155184787286302, 24.854212301414769 ], [ 92.154971014052478, 24.85431737627281 ], [ 92.154769557588793, 24.854441063103209 ], [ 92.154582357979947, 24.854582170785601 ], [ 92.154411218032976, 24.854739340431106 ], [ 92.154257785916244, 24.854911058467039 ], [ 92.154123539286843, 24.855095671211231 ], [ 92.154009771059108, 24.855291400795785 ], [ 92.153917576951301, 24.855496362286768 ], [ 92.153847844930766, 24.855708581835369 ], [ 92.15380124665883, 24.855926015685419 ], [ 92.153778231018407, 24.856146569854623 ], [ 92.153779019786512, 24.85636812029982 ], [ 92.153803605493735, 24.856588533372104 ], [ 92.153851751491231, 24.856805686364922 ], [ 92.153922994224999, 24.85701748795724 ], [ 92.154016647695641, 24.857221898354805 ], [ 92.154131810060747, 24.857416948935612 ], [ 92.154267372316639, 24.857600761210261 ], [ 92.154422028975887, 24.857771564914625 ], [ 92.162755335313904, 24.866104998027303 ], [ 92.16292690197001, 24.866260549802281 ], [ 92.163114295235133, 24.866400076909873 ], [ 92.163315724684523, 24.866522246216675 ], [ 92.163529265764566, 24.866625890432779 ], [ 92.163752878182152, 24.866710019266367 ], [ 92.163984425400713, 24.866773828887073 ], [ 92.164221695056526, 24.866816709607615 ], [ 92.164462420100165, 24.866838251710131 ], [ 92.164704300460727, 24.86683824936172 ], [ 92.164945025026071, 24.866816702581549 ], [ 92.165182293728506, 24.866773817240759 ], [ 92.165413839524945, 24.866710003095275 ], [ 92.165637450061283, 24.86662586987018 ], [ 92.165850988813844, 24.866522221433115 ], [ 92.166052415505803, 24.866400048112556 ], [ 92.16623980560324, 24.866260517234231 ], [ 92.166411368704658, 24.866104961966265 ], [ 92.169842016101938, 24.862674296738632 ], [ 92.172916703860722, 24.862674286948131 ], [ 92.173173327019668, 24.862662109950911 ], [ 92.17342718217165, 24.862625717200686 ], [ 92.17367553154655, 24.86256550118128 ], [ 92.173915696761497, 24.862482111304622 ], [ 92.174145087710727, 24.862376446906083 ], [ 92.174361230502754, 24.862249647544036 ], [ 92.174561794143401, 24.862103080708419 ], [ 92.174744615676417, 24.861938327070831 ], [ 92.177083333673963, 24.85959962674605 ], [ 92.178775519813399, 24.861291816149851 ], [ 92.1787752870909, 24.872916642962767 ], [ 92.178785848236188, 24.873125037810816 ], [ 92.17881745050974, 24.873331653574496 ], [ 92.178869824167052, 24.87353472598102 ], [ 92.178942522093237, 24.873732521005461 ], [ 92.179034923617508, 24.873923349677959 ], [ 92.179146239810137, 24.874105582506516 ], [ 92.179275520216407, 24.874277663392103 ], [ 92.179421660970533, 24.87443812291734 ], [ 92.187754967453614, 24.882771556113234 ], [ 92.187937823155906, 24.882936332001833 ], [ 92.188138427762723, 24.883082919279751 ], [ 92.188354617559483, 24.883209736815829 ], [ 92.188584060702695, 24.883315416715554 ], [ 92.188824282373218, 24.883398819077641 ], [ 92.189072691473015, 24.883459044291207 ], [ 92.189326608576934, 24.883495442740937 ], [ 92.189583294838073, 24.883507621815255 ], [ 92.19265767004876, 24.883507634480377 ], [ 92.196088169140879, 24.886938157323392 ], [ 92.196271026247757, 24.887102941936689 ], [ 92.196471634077085, 24.887249538127801 ], [ 92.196687828829155, 24.88737636463264 ], [ 92.196917278552704, 24.887482053428137 ], [ 92.197157508299981, 24.887565464490514 ], [ 92.19740592682551, 24.887625698094165 ], [ 92.197659854540078, 24.887662104518174 ], [ 92.197916552418548, 24.887674291055841 ], [ 92.209324301785557, 24.887674337978549 ], [ 92.212108254516451, 24.890458330191013 ], [ 92.212108188546225, 24.893749978448774 ], [ 92.212118749963977, 24.893958356535098 ], [ 92.212150352636925, 24.894164955962705 ], [ 92.212202726862898, 24.894368012896546 ], [ 92.212275425597753, 24.894565793736941 ], [ 92.212367828268825, 24.894756609920673 ], [ 92.212479146069995, 24.894938832337836 ], [ 92.212608428693571, 24.895110905241403 ], [ 92.212754572441412, 24.895271359530554 ], [ 92.216921225776503, 24.89943807617626 ], [ 92.217104111698731, 24.899602884997819 ], [ 92.217304754497391, 24.899749502445797 ], [ 92.217520989571256, 24.899876346716809 ], [ 92.217750484076845, 24.899982049327971 ], [ 92.217990762098026, 24.900065469883028 ], [ 92.218239231360442, 24.900125708377647 ], [ 92.218493211202144, 24.900162114910859 ], [ 92.218749961498645, 24.900174296697891 ], [ 92.221824083214841, 24.900174309318576 ], [ 92.225254466387042, 24.903604716158828 ], [ 92.22543735606618, 24.903769528304615 ], [ 92.22563800365289, 24.903916149255679 ], [ 92.225854244485561, 24.904042997164478 ], [ 92.226083745649177, 24.904148703503399 ], [ 92.226324031145793, 24.904232127831435 ], [ 92.226572508609976, 24.904292370099938 ], [ 92.226826497280499, 24.904328780364647 ], [ 92.227083256926548, 24.90434096579899 ], [ 92.234323999427829, 24.904340995488521 ], [ 92.241920986638405, 24.911938035018476 ], [ 92.242103889724618, 24.912102851267505 ], [ 92.242304552605731, 24.91224947597015 ], [ 92.24252081039991, 24.912376327198125 ], [ 92.242750329949644, 24.912482036353175 ], [ 92.242990634995522, 24.912565462934889 ], [ 92.24323913289507, 24.912625706847447 ], [ 92.24349314259824, 24.91266211811234 ], [ 92.243749923577482, 24.912674303882302 ], [ 92.252083408593492, 24.912674307447556 ], [ 92.252340196931343, 24.912662121217739 ], [ 92.252594213812941, 24.912625708141622 ], [ 92.25284271848264, 24.912565461100559 ], [ 92.253083029668389, 24.912482030135813 ], [ 92.253312554516057, 24.912376315433914 ], [ 92.253528816568803, 24.912249457612617 ], [ 92.253729482489845, 24.91210282541244 ], [ 92.253912387239907, 24.91193800092659 ], [ 92.257342638123845, 24.908507731837606 ], [ 92.280157322560626, 24.908507741331324 ], [ 92.287754214766579, 24.916104685496371 ], [ 92.287937122865657, 24.916269506179702 ], [ 92.288137791909648, 24.916416135371684 ], [ 92.288354056941586, 24.916542991089454 ], [ 92.288583584716591, 24.916648704681101 ], [ 92.288823898876643, 24.916732135594017 ], [ 92.289072406670712, 24.916792383682306 ], [ 92.289326426931424, 24.916828798920083 ], [ 92.289583219006559, 24.916840988415856 ], [ 92.302083446571814, 24.916840993422696 ], [ 92.302326101810664, 24.916830111901938 ], [ 92.30256641894492, 24.916797592286546 ], [ 92.30280208346656, 24.916743747772095 ], [ 92.303030825683763, 24.916669096935177 ], [ 92.303250442583675, 24.916574358738192 ], [ 92.303458819052452, 24.916460445604145 ], [ 92.303653948248154, 24.916328454627791 ], [ 92.303833950930127, 24.916179657008193 ], [ 92.303997093558692, 24.916015485804287 ], [ 92.304141804990579, 24.915837522131554 ], [ 92.304266691609669, 24.915647479932851 ], [ 92.304370550746867, 24.915447189470065 ], [ 92.304452382260294, 24.915238579695682 ], [ 92.304511398164152, 24.915023659674208 ], [ 92.304547030213811, 24.914804499232254 ], [ 92.304558935374018, 24.914583209023878 ], [ 92.304546999117861, 24.91436192020311 ], [ 92.304511336524939, 24.914142763899392 ], [ 92.304452291168104, 24.913927850693824 ], [ 92.304370431800024, 24.9137192502936 ], [ 92.304266546871418, 24.913518971600535 ], [ 92.304141636933949, 24.913328943365602 ], [ 92.303996905001213, 24.913150995615567 ], [ 92.303833744960656, 24.912986842030744 ], [ 92.30365372814812, 24.912838063443409 ], [ 92.303458588214482, 24.912706092615647 ], [ 92.303250204429915, 24.912592200443278 ], [ 92.303030583586875, 24.912497483718585 ], [ 92.302801840675826, 24.912422854569559 ], [ 92.302566178519569, 24.912369031677382 ], [ 92.302325866562825, 24.912336533356594 ], [ 92.302083219020219, 24.912325672564585 ], [ 92.290676094353515, 24.912325718923046 ] ] ] } },
{ "type": "Feature", "properties": { "ARCID": 744714, "UP_CELLS": 144028, "buffer_m": 250 }, "geometry": { "type": "Polygon", "coordinates": [ [ [ 92.382942128859625, 24.859541568938909 ], [ 92.371824560436849, 24.87065899354571 ], [ 92.364583408546139, 24.870658969668284 ], [ 92.364326699661802, 24.870671141773922 ], [ 92.364072759520852, 24.870707540910526 ], [ 92.363824327795413, 24.870767774377612 ], [ 92.36358408473815, 24.870851192333863 ], [ 92.363354622269995, 24.870956894807126 ], [ 92.363138416020334, 24.871083741402558 ], [ 92.362937798620791, 24.871230363604329 ], [ 92.362754934540845, 24.871395179538272 ], [ 92.350254911071318, 24.883895028346508 ], [ 92.350108724933335, 24.884055495040801 ], [ 92.349979402196468, 24.884227586663545 ], [ 92.349868047365462, 24.884409833527567 ], [ 92.3497756115096, 24.884600679212269 ], [ 92.349702884138281, 24.884798493854653 ], [ 92.349650486456071, 24.88500158806778 ], [ 92.349618866054342, 24.885208227367752 ], [ 92.349608293085581, 24.885416646986158 ], [ 92.349608227759376, 24.888708335282622 ], [ 92.347916666936257, 24.890399895766095 ], [ 92.34622510375857, 24.888708335514593 ], [ 92.346225037863263, 24.885416645291041 ], [ 92.346214466143309, 24.885208239795453 ], [ 92.346182849808159, 24.885001614276806 ], [ 92.346130458940465, 24.88479853315247 ], [ 92.346057741015329, 24.884600730564937 ], [ 92.345965317075795, 24.884409895574237 ], [ 92.345853976426838, 24.884227657735583 ], [ 92.345724669892562, 24.884055573185247 ], [ 92.345578501695158, 24.883895111353748 ], [ 92.341411822205899, 24.879728494674342 ], [ 92.341240214879846, 24.879572891420889 ], [ 92.341052771706671, 24.879433317869246 ], [ 92.340851284247449, 24.879311108008924 ], [ 92.340637678275101, 24.879207429869883 ], [ 92.340413995369545, 24.879123274360524 ], [ 92.340182373406876, 24.879059445798379 ], [ 92.339945026128845, 24.879016554224069 ], [ 92.339704221987787, 24.878995009571753 ], [ 92.339462262469141, 24.878995017751922 ], [ 92.339221460098543, 24.879016578683807 ], [ 92.338984116343411, 24.879059486296221 ], [ 92.33875249962027, 24.879123330496924 ], [ 92.338528823617594, 24.8792075010915 ], [ 92.33831522614156, 24.879311193614555 ], [ 92.338113748686126, 24.879433417017314 ], [ 92.337926316923387, 24.879573003138368 ], [ 92.337754722299806, 24.879728617867038 ], [ 92.321824234838473, 24.895659019670347 ], [ 92.314583408594657, 24.895658995971086 ], [ 92.314326626208185, 24.895671170213856 ], [ 92.314072613876945, 24.8957075757144 ], [ 92.313824112564603, 24.895767819629839 ], [ 92.313583803776069, 24.895851251884338 ], [ 92.313354280626399, 24.895956972182887 ], [ 92.313138019862805, 24.896083839724771 ], [ 92.312937355141486, 24.896230485511968 ], [ 92.312754451847411, 24.896395327119762 ], [ 92.304421103169588, 24.904728559528955 ], [ 92.304274933140661, 24.904889014527964 ], [ 92.304145625460308, 24.905061089441965 ], [ 92.304034284179352, 24.905243315159318 ], [ 92.303941859971204, 24.905434135898417 ], [ 92.30386914201334, 24.905631922489356 ], [ 92.303816751246956, 24.905834986282315 ], [ 92.30378513507263, 24.906041593564069 ], [ 92.303774563527213, 24.906249980359419 ], [ 92.303774498144406, 24.909541788173261 ], [ 92.300254217890497, 24.913061992734011 ], [ 92.300099513763342, 24.913232819630082 ], [ 92.29996391427656, 24.913416652679942 ], [ 92.299848725372485, 24.913611721524703 ], [ 92.299755056450664, 24.913816147593916 ], [ 92.299683809681255, 24.914027962195323 ], [ 92.299635671313169, 24.914245125472821 ], [ 92.29961110506126, 24.914465546050053 ], [ 92.299610347635962, 24.914687101170575 ], [ 92.299633406458867, 24.914907657140599 ], [ 92.299680059586422, 24.915125089877513 ], [ 92.299749857842471, 24.91533730536629 ], [ 92.299842129139591, 24.915542259826676 ], [ 92.299955984947346, 24.915737979397075 ], [ 92.300090328846011, 24.915922579145352 ], [ 92.300243867082585, 24.916094281223501 ], [ 92.300415121028522, 24.916251431991356 ], [ 92.300602441418562, 24.916392517944058 ], [ 92.300804024233869, 24.916516180290181 ], [ 92.301017928076661, 24.916621228039869 ], [ 92.301242092868449, 24.91670664947668 ], [ 92.301474359692577, 24.916771621902932 ], [ 92.301712491588873, 24.916815519564352 ], [ 92.301954195100961, 24.916837919677739 ], [ 92.302197142367888, 24.916838606503557 ], [ 92.302438993547398, 24.916817573424183 ], [ 92.302677419354978, 24.91677502300772 ], [ 92.302910123500723, 24.916711365056877 ], [ 92.303134864808612, 24.916627212661616 ], [ 92.303349478804378, 24.916523376293643 ], [ 92.30355189856401, 24.916400855999619 ], [ 92.303740174622419, 24.916260831768469 ], [ 92.303912493749635, 24.916104652165409 ], [ 92.308079152742181, 24.911937935009792 ], [ 92.308225293712184, 24.911777484815559 ], [ 92.308354573404372, 24.911605418913222 ], [ 92.308465888348564, 24.911423206068914 ], [ 92.308558288435918, 24.911232401657529 ], [ 92.308630985027037, 24.911034634384947 ], [ 92.308683357681232, 24.910831592384433 ], [ 92.308714959449716, 24.910625008806093 ], [ 92.308725520687403, 24.910416647022171 ], [ 92.308725455303843, 24.90712495415735 ], [ 92.315675956116991, 24.900174363624117 ], [ 92.322916741937249, 24.900174339913004 ], [ 92.323173469670508, 24.900162157116679 ], [ 92.323427427421933, 24.900125754276885 ], [ 92.323675875887176, 24.900065524048269 ], [ 92.323916135196399, 24.899982116098123 ], [ 92.324145613824754, 24.899876430097795 ], [ 92.324361836549173, 24.899749606017153 ], [ 92.324562471149889, 24.899603011826695 ], [ 92.324745353568204, 24.899438228740198 ], [ 92.339583466815483, 24.884600224572722 ], [ 92.341274945994911, 24.886291706689274 ], [ 92.341274880098197, 24.889583311953842 ], [ 92.341285441909775, 24.889791699794412 ], [ 92.341317045721013, 24.889998308810085 ], [ 92.341369421807599, 24.890201375003237 ], [ 92.341442123088953, 24.890399164615854 ], [ 92.341534528942077, 24.8905899889326 ], [ 92.341645850497443, 24.890772218699713 ], [ 92.341775137371599, 24.890944298036356 ], [ 92.341921285779463, 24.891104757719773 ], [ 92.34608793961678, 24.895271474394924 ], [ 92.346259556488803, 24.895427076338631 ], [ 92.346447011422399, 24.895566649923929 ], [ 92.346648512841099, 24.895688861155083 ], [ 92.34686213489897, 24.895792541975549 ], [ 92.347085835888237, 24.895876701433405 ], [ 92.347317477754927, 24.89594053515389 ], [ 92.347554846536241, 24.8959834330287 ], [ 92.347795673523692, 24.896004985048148 ], [ 92.348037656950282, 24.896004985220682 ], [ 92.348278483993695, 24.895983433542082 ], [ 92.348515852885285, 24.895940535995631 ], [ 92.348747494913411, 24.895876702583124 ], [ 92.348971196110583, 24.895792543405658 ], [ 92.349184818416887, 24.895688862831676 ], [ 92.349386320117503, 24.895566651807883 ], [ 92.349573775358664, 24.895427078386874 ], [ 92.349745392555391, 24.895271476561753 ], [ 92.353912051402062, 24.891104759465879 ], [ 92.35405819978071, 24.89094429976965 ], [ 92.354187486654453, 24.89077222042998 ], [ 92.354298808238227, 24.890589990665259 ], [ 92.354391214148194, 24.890399166352271 ], [ 92.354463915514003, 24.890201376741043 ], [ 92.354516291711604, 24.889998310543497 ], [ 92.354547895659195, 24.889791701514536 ], [ 92.354558457631043, 24.889583313648902 ], [ 92.354558392304696, 24.886291771589629 ], [ 92.36567563023101, 24.875174389869002 ], [ 92.372916741888687, 24.875174365979774 ], [ 92.373173396197672, 24.87516218531221 ], [ 92.373427281832292, 24.875125788811093 ], [ 92.373675660776641, 24.875065568989751 ], [ 92.373915854410299, 24.87498217528233 ], [ 92.3741452723999, 24.874876507039065 ], [ 92.374361440637827, 24.874749703825977 ], [ 92.3745620279268, 24.874603133133625 ], [ 92.374744871121919, 24.874438375627712 ], [ 92.387244847433891, 24.861938224527872 ], [ 92.387390987865089, 24.861777756872264 ], [ 92.387520268230176, 24.861605666299074 ], [ 92.387631584589045, 24.8614234224029 ], [ 92.387723986421079, 24.861232581478085 ], [ 92.387796684740152, 24.861034773227374 ], [ 92.387849058829744, 24.860831686844048 ], [ 92.387880661540592, 24.860625056586191 ], [ 92.387891223105953, 24.860416646966375 ], [ 92.38789114018617, 24.856249978705588 ], [ 92.387879220444958, 24.856028684631116 ], [ 92.387843585077576, 24.855809522131377 ], [ 92.387784577394171, 24.855594601846864 ], [ 92.387702765784127, 24.855385993552716 ], [ 92.387598938237645, 24.855185706226663 ], [ 92.387474094753273, 24.854995668702681 ], [ 92.387329437704125, 24.854817711097009 ], [ 92.387166360256018, 24.85465354718492 ], [ 92.386986432949001, 24.854504757898262 ], [ 92.386791388571638, 24.854372776102355 ], [ 92.386583105473633, 24.854258872798894 ], [ 92.386363589477682, 24.854164144887644 ], [ 92.386134954564426, 24.854089504604641 ], [ 92.385899402516756, 24.854035670738664 ], [ 92.385659201719093, 24.854003161710278 ], [ 92.385416665315887, 24.853992290580365 ], [ 92.38517412893934, 24.854003162035834 ], [ 92.384933928220889, 24.854035671381776 ], [ 92.384698376302694, 24.854089505549574 ], [ 92.384469741565354, 24.854164146111433 ], [ 92.384250225786687, 24.854258874272134 ], [ 92.38404194294111, 24.854372777790125 ], [ 92.383846898844169, 24.854504759761262 ], [ 92.383666971837712, 24.854653549180753 ], [ 92.383503894702088, 24.854817713181518 ], [ 92.383359237969017, 24.854995670831347 ], [ 92.383234394796133, 24.855185708355929 ], [ 92.383130567548832, 24.85538599564136 ], [ 92.383048756218628, 24.855594603857121 ], [ 92.382989748789655, 24.85580952403004 ], [ 92.382954113646306, 24.85602868639036 ], [ 92.382942194095008, 24.856249980303605 ], [ 92.382942128859625, 24.859541568938909 ] ] ] } },
{ "type": "Feature", "properties": { "ARCID": 744715, "UP_CELLS": 132940, "buffer_m": 250 }, "geometry": { "type": "Polygon", "coordinates": [ [ [ 92.483078247362073, 24.863061757906721 ], [ 92.482895397601496, 24.862896954609671 ], [ 92.482694798190579, 24.8627503436457 ], [ 92.482478613143925, 24.862623506571708 ], [ 92.482249174582506, 24.862517811629971 ], [ 92.482008957577634, 24.862434398990395 ], [ 92.481760553453938, 24.862374168452881 ], [ 92.481506641839104, 24.862337769742368 ], [ 92.481249961761932, 24.862325595501186 ], [ 92.477083370765968, 24.862325596736653 ], [ 92.476826705111122, 24.862337769765595 ], [ 92.476572807488566, 24.862374164559061 ], [ 92.476324416469282, 24.862434388556036 ], [ 92.476084211238316, 24.862517792170266 ], [ 92.475854782700921, 24.862623475795832 ], [ 92.475638605540112, 24.862750299509031 ], [ 92.475438011527004, 24.862896895362162 ], [ 92.475255164371546, 24.863061682136479 ], [ 92.471824550104927, 24.866492277473426 ], [ 92.468750037433452, 24.866492267157984 ], [ 92.468493358236231, 24.866504440664173 ], [ 92.46823944733049, 24.8665408368777 ], [ 92.467991043542256, 24.866601063206165 ], [ 92.467750826303629, 24.866684470011641 ], [ 92.46752138675501, 24.866790157617039 ], [ 92.467305199799199, 24.866916986009208 ], [ 92.467104597408081, 24.867063587134105 ], [ 92.466921743470223, 24.867228379651603 ], [ 92.463491110575674, 24.870658993638326 ], [ 92.449008852500185, 24.870658998119172 ], [ 92.442057975350821, 24.863708218015677 ], [ 92.442057909588939, 24.860416645438825 ], [ 92.442047336948164, 24.860208207558347 ], [ 92.442015717847951, 24.86000155041997 ], [ 92.441963322468752, 24.859798439196815 ], [ 92.441890598447202, 24.85960060876587 ], [ 92.441798167049171, 24.859409748890052 ], [ 92.441686817860344, 24.859227489785763 ], [ 92.441557502039402, 24.859055388199458 ], [ 92.44141132419152, 24.858894914111819 ], [ 92.437244645105906, 24.854728297409299 ], [ 92.437061812820176, 24.854563523644746 ], [ 92.436861237048632, 24.854416939728594 ], [ 92.436645081130152, 24.854290126618356 ], [ 92.436415676418164, 24.854184452031646 ], [ 92.436175497137683, 24.854101055696944 ], [ 92.435927133702549, 24.854040837063103 ], [ 92.435673264780547, 24.854004445600125 ], [ 92.435416628407395, 24.853992273795612 ], [ 92.431250037383094, 24.853992275139969 ], [ 92.431007499160827, 24.854003143202657 ], [ 92.430767296240461, 24.854035649337362 ], [ 92.43053174178533, 24.854089480506595 ], [ 92.430303104200632, 24.854164118311566 ], [ 92.430083585291698, 24.854258843983764 ], [ 92.429875299063269, 24.85437274530571 ], [ 92.429680251363607, 24.854504725394509 ], [ 92.429500320569474, 24.854653513263525 ], [ 92.429337239497883, 24.854817676060634 ], [ 92.429192578718641, 24.854995632865194 ], [ 92.429067731428546, 24.855185669911013 ], [ 92.428963900032826, 24.855385957088671 ], [ 92.428882084563085, 24.855594565568591 ], [ 92.428823073043446, 24.85580948637492 ], [ 92.428787433897782, 24.856028649731638 ], [ 92.428775510471169, 24.856249944994492 ], [ 92.428787417718652, 24.85647124097698 ], [ 92.428823041093409, 24.856690406474506 ], [ 92.428882037644939, 24.856905330789164 ], [ 92.42896383931722, 24.857113944057524 ], [ 92.42906765841505, 24.857314237185427 ], [ 92.429192495186157, 24.857504281198015 ], [ 92.429337147446191, 24.857682245818449 ], [ 92.429500222154005, 24.857846417096361 ], [ 92.429680148825938, 24.857995213916194 ], [ 92.429875194659829, 24.858127203226374 ], [ 92.430083481223278, 24.858241113842585 ], [ 92.430303002545187, 24.858335848692068 ], [ 92.430531644436712, 24.858410495381012 ], [ 92.430767204854973, 24.858464334983136 ], [ 92.431007415113712, 24.858496848964808 ], [ 92.431249961736142, 24.85850772417994 ], [ 92.434324661305837, 24.858507736411376 ], [ 92.437108740766959, 24.861291854751141 ], [ 92.437108675004254, 24.864583312101612 ], [ 92.437119237100021, 24.864791725715609 ], [ 92.437150841706739, 24.864998359906327 ], [ 92.437203219035979, 24.865201450087529 ], [ 92.437275921901673, 24.865399261929117 ], [ 92.437368329535602, 24.865590106168273 ], [ 92.437479652885713, 24.865772353036096 ], [ 92.437608941351698, 24.865944446176279 ], [ 92.437755090900879, 24.86610491593715 ], [ 92.446088399393048, 24.874438349251136 ], [ 92.446271238655726, 24.874603111891091 ], [ 92.446471822518006, 24.874749688196093 ], [ 92.446687987904369, 24.874876497458093 ], [ 92.446917403682377, 24.874982172135748 ], [ 92.447157595803546, 24.875065572604331 ], [ 92.447405973986619, 24.875125799447574 ], [ 92.447659859655204, 24.875162203158734 ], [ 92.447916514828506, 24.875174391146256 ], [ 92.46458348433093, 24.875174396304828 ], [ 92.464840147133486, 24.875162207778889 ], [ 92.465094040232572, 24.875125802145188 ], [ 92.46534242541523, 24.875065572032689 ], [ 92.465582623879783, 24.874982167014601 ], [ 92.465812045130633, 24.874876486601796 ], [ 92.466028214919973, 24.874749670540368 ], [ 92.46622880193479, 24.874603086517929 ], [ 92.466411642941409, 24.874438315411407 ], [ 92.469842195702952, 24.871007743734978 ], [ 92.472916704104719, 24.871007733416409 ], [ 92.473173368100191, 24.870995554766516 ], [ 92.473427263411367, 24.870959157177609 ], [ 92.473675651611032, 24.870898933219227 ], [ 92.473915853678719, 24.870815532443384 ], [ 92.474145278899897, 24.870709854377797 ], [ 92.474361452811863, 24.870583038822492 ], [ 92.474562043895105, 24.87043645355476 ], [ 92.474744888721673, 24.870271679574881 ], [ 92.478175468541764, 24.866841080815963 ], [ 92.480157795000622, 24.866841081404196 ], [ 92.491921671187839, 24.878605035364565 ], [ 92.492093977185633, 24.878761188988712 ], [ 92.492282232233705, 24.878901183825114 ], [ 92.492484623309608, 24.879023671590776 ], [ 92.492699201229328, 24.879127472608307 ], [ 92.492923899420788, 24.879211587168861 ], [ 92.493156553828754, 24.879275205161807 ], [ 92.493394923759283, 24.879317713878077 ], [ 92.49363671346282, 24.879338703912182 ], [ 92.493879594248099, 24.879337973105894 ], [ 92.494121226913364, 24.879315528495646 ], [ 92.494359284279156, 24.879271586244808 ], [ 92.494591473605055, 24.879206569561564 ], [ 92.494815558674617, 24.879121104622417 ], [ 92.495029381335314, 24.879016014540582 ], [ 92.495230882286393, 24.878892311437436 ], [ 92.495418120913698, 24.878751186693531 ], [ 92.495589293980771, 24.87859399947283 ], [ 92.495742752996051, 24.878422263631158 ], [ 92.495877020088784, 24.878237633134756 ], [ 92.495990802240797, 24.878041886129481 ], [ 92.496083003737226, 24.87783690781427 ], [ 92.496152736716056, 24.877624672283776 ], [ 92.496199329715409, 24.877407223515171 ], [ 92.496222334136036, 24.87718665568228 ], [ 92.49622152855703, 24.876965092986612 ], [ 92.496196920863554, 24.87674466919966 ], [ 92.496148748165922, 24.876527507113494 ], [ 92.496077474511367, 24.87631569809739 ], [ 92.495983786410449, 24.876111281957701 ], [ 92.495868586221533, 24.875916227294443 ], [ 92.495732983457074, 24.875732412544227 ], [ 92.495578284095643, 24.875561607891562 ], [ 92.483078247362073, 24.863061757906721 ] ] ] } },
{ "type": "Feature", "properties": { "ARCID": 744780, "UP_CELLS": 137102, "buffer_m": 250 }, "geometry": { "type": "Polygon", "coordinates": [ [ [ 92.414583484172041, 24.853992280620282 ], [ 92.414326833670927, 24.854004443178507 ], [ 92.414072949896521, 24.854040828124461 ], [ 92.41382457134911, 24.854101042991786 ], [ 92.413584377156099, 24.854184438273776 ], [ 92.413354958177933, 24.854290114428288 ], [ 92.413138789065414, 24.854416931579262 ], [ 92.412938201569617, 24.854563521810306 ], [ 92.412755359391994, 24.854728303917792 ], [ 92.410416623914273, 24.857067056322951 ], [ 92.403911252350071, 24.850561648057724 ], [ 92.403728419691106, 24.850396866988429 ], [ 92.403527842612746, 24.850250277278572 ], [ 92.403311684660579, 24.850123460088803 ], [ 92.403082277417568, 24.850017783302356 ], [ 92.402842095356249, 24.849934386772727 ], [ 92.402593729151079, 24.849874170030805 ], [ 92.402339857738141, 24.849837782583823 ], [ 92.402083219423659, 24.849825616910849 ], [ 92.389583446308805, 24.849825621211107 ], [ 92.389326815494641, 24.849837786371602 ], [ 92.389072951389466, 24.849874171936314 ], [ 92.38882459206917, 24.84993438546249 ], [ 92.388584416246118, 24.850017777508128 ], [ 92.388355014381787, 24.850123448635603 ], [ 92.38813886075053, 24.850250259111334 ], [ 92.387938286755627, 24.850396841196872 ], [ 92.387755455785125, 24.85056161389894 ], [ 92.383588781219203, 24.854728230230904 ], [ 92.38343410311451, 24.854899027283462 ], [ 92.383298517556454, 24.855082834911869 ], [ 92.383183330353319, 24.855277883001818 ], [ 92.383089650888351, 24.85548229318243 ], [ 92.383018381433146, 24.855694096914149 ], [ 92.382970208454978, 24.855911254445211 ], [ 92.382945596001719, 24.856131674454257 ], [ 92.382944781228417, 24.856353234189996 ], [ 92.382967772108586, 24.856573799913885 ], [ 92.383014347352528, 24.856791247449117 ], [ 92.383084058533683, 24.857003482637904 ], [ 92.383176234402669, 24.857208461510119 ], [ 92.383289987347638, 24.857404209968962 ], [ 92.383424221938952, 24.857588842804027 ], [ 92.38357764547591, 24.85776058184873 ], [ 92.383748780434203, 24.857917773106944 ], [ 92.383935978694154, 24.858058902684029 ], [ 92.384137437412932, 24.858182611368665 ], [ 92.384351216387671, 24.858287707724969 ], [ 92.384575256742494, 24.858373179568684 ], [ 92.384807400759101, 24.858438203717011 ], [ 92.385045412660276, 24.858482153917908 ], [ 92.385287000145453, 24.858504606882523 ], [ 92.385529836471406, 24.858505346362673 ], [ 92.385771582864763, 24.858484365233938 ], [ 92.386009911050536, 24.858441865564362 ], [ 92.386242525679506, 24.858378256668189 ], [ 92.386467186438253, 24.858294151163104 ], [ 92.386681729628663, 24.85819035906934 ], [ 92.3868840890092, 24.858067880007226 ], [ 92.387072315696599, 24.857927893568569 ], [ 92.38724459693681, 24.857771747954537 ], [ 92.390675239436604, 24.854341086848294 ], [ 92.400991390802915, 24.854341090398403 ], [ 92.408588677912618, 24.861938428335094 ], [ 92.408760245689493, 24.862093981340635 ], [ 92.408947639327522, 24.862233509391647 ], [ 92.409149068470697, 24.862355679400491 ], [ 92.409362608646148, 24.862459324118731 ], [ 92.409586219652041, 24.862543453290844 ], [ 92.409817765052054, 24.86260726311685 ], [ 92.410055032589838, 24.862650143933241 ], [ 92.410295755328619, 24.862671686038958 ], [ 92.410537633313538, 24.862671683610422 ], [ 92.410778355549752, 24.862650136668524 ], [ 92.411015622086239, 24.862607251078487 ], [ 92.411247165993814, 24.86254343658273 ], [ 92.41147077502761, 24.862459302885473 ], [ 92.411684312766539, 24.862355653826679 ], [ 92.411885739027881, 24.86223347970073 ], [ 92.412073129361616, 24.862093947793621 ], [ 92.412244693438296, 24.861938391228911 ], [ 92.415675289970736, 24.85850777599531 ], [ 92.431250150857309, 24.858507724176047 ], [ 92.431492696949761, 24.858496838969298 ], [ 92.431732905624031, 24.858464315087762 ], [ 92.431968463417164, 24.858410465768564 ], [ 92.432197101665835, 24.858335809634934 ], [ 92.432416618359113, 24.858241065700586 ], [ 92.432624899348895, 24.85812714644398 ], [ 92.432819938713422, 24.857995149018951 ], [ 92.432999858077835, 24.857846344686671 ], [ 92.433162924705442, 24.857682166570598 ], [ 92.433307568185469, 24.857504195852592 ], [ 92.433432395556594, 24.857314146543068 ], [ 92.433536204720653, 24.857113848972002 ], [ 92.43361799601719, 24.856905232159896 ], [ 92.433676981847782, 24.856690305238541 ], [ 92.433712594257358, 24.856471138100463 ], [ 92.43372449039957, 24.856249841463683 ], [ 92.43371255583402, 24.856028546543595 ], [ 92.433676905623571, 24.855809384527905 ], [ 92.433617883221302, 24.855594466052267 ], [ 92.43353605715815, 24.855385860874236 ], [ 92.433432215563471, 24.85518557794137 ], [ 92.433307358570872, 24.854995546045242 ], [ 92.433162688683396, 24.854817595247763 ], [ 92.432999599190296, 24.854653439258634 ], [ 92.432819660747413, 24.854504658933351 ], [ 92.4326246062503, 24.854372687050954 ], [ 92.432416314145982, 24.854258794517733 ], [ 92.432196790343639, 24.854164078129799 ], [ 92.431968148898946, 24.854089450012367 ], [ 92.431732591657578, 24.85403562883716 ], [ 92.431492387053865, 24.854003132902715 ], [ 92.431249848268806, 24.853992275143987 ], [ 92.414583484172041, 24.853992280620282 ] ] ] } },
{ "type": "Feature", "properties": { "ARCID": 745394, "UP_CELLS": 1631, "buffer_m": 80 }, "geometry": { "type": "Polygon", "coordinates": [ [ [ 91.589583381553041, 24.813861009295493 ], [ 91.589501313561414, 24.813864898991167 ], [ 91.589420129945765, 24.813876535244088 ], [ 91.589340706063084, 24.813895792586489 ], [ 91.58926389829692, 24.813922463376645 ], [ 91.589190534823999, 24.813956260037738 ], [ 91.589121406684797, 24.813996818158465 ], [ 91.589057259254474, 24.814043700422154 ], [ 91.588998784206069, 24.814096401321915 ], [ 91.585067483201598, 24.818027696570976 ], [ 91.568750048227656, 24.818027681748148 ], [ 91.568667976434838, 24.818031571570835 ], [ 91.568586789095036, 24.818043208202816 ], [ 91.568507361641025, 24.818062466167081 ], [ 91.568430550529797, 24.818089137806741 ], [ 91.56835718400788, 24.818122935524077 ], [ 91.568288053180879, 24.818163494881549 ], [ 91.5682239034833, 24.818210378531319 ], [ 91.568165426640846, 24.818263080930937 ], [ 91.564234118195387, 24.822194383645162 ], [ 91.535416751164533, 24.822194357604708 ], [ 91.53533467125159, 24.822198244532814 ], [ 91.535253475621673, 24.822209879371751 ], [ 91.535174039929103, 24.822229136644886 ], [ 91.535097220848996, 24.822255808671436 ], [ 91.535023846838868, 24.822289607806074 ], [ 91.534954709204456, 24.822330169540955 ], [ 91.534890553566228, 24.822377056436565 ], [ 91.534832071818329, 24.822429762839135 ], [ 91.53090079377651, 24.826361035192033 ], [ 91.523265872422172, 24.826361037241696 ], [ 91.519334590341771, 24.822429764738551 ], [ 91.519276115707939, 24.822377064355532 ], [ 91.519211968429588, 24.822330182095151 ], [ 91.519142840157016, 24.822289623447436 ], [ 91.519069476243857, 24.822255825719857 ], [ 91.518992667710691, 24.822229153322485 ], [ 91.518913242716451, 24.82220989383903 ], [ 91.518832057629481, 24.822198254926285 ], [ 91.518749987794436, 24.822194362075283 ], [ 91.514583345303308, 24.822194363201834 ], [ 91.514501273012385, 24.822198256337217 ], [ 91.514420085561895, 24.822209896007735 ], [ 91.514340658376923, 24.8222291567049 ], [ 91.514263847902797, 24.822255830744446 ], [ 91.514190482370722, 24.822289630505686 ], [ 91.514121352867534, 24.822330191532728 ], [ 91.514057204805852, 24.822377076464186 ], [ 91.513998729886652, 24.822429779748941 ], [ 91.505665393674917, 24.830763080700429 ], [ 91.505618622386379, 24.83081442496584 ], [ 91.505577246155497, 24.830869491210716 ], [ 91.505541618545124, 24.830927808899297 ], [ 91.505512043998024, 24.83098887971197 ], [ 91.505488775235293, 24.831052181803233 ], [ 91.505472011096558, 24.831117174260726 ], [ 91.505461894840678, 24.831183301727226 ], [ 91.505458512921209, 24.831249999146053 ], [ 91.505458459905412, 24.83958332999276 ], [ 91.505462270803761, 24.839654127740072 ], [ 91.505473667974471, 24.839724243718031 ], [ 91.505492541669142, 24.839793002670319 ], [ 91.505518710135561, 24.839859742408443 ], [ 91.505551921367498, 24.839923820189004 ], [ 91.505591855531435, 24.839984618903848 ], [ 91.505638128046201, 24.840041553023244 ], [ 91.505690293286619, 24.840094074235118 ], [ 91.505747848874833, 24.840141676725747 ], [ 91.505810240518457, 24.840183902051258 ], [ 91.505876867348732, 24.840220343552957 ], [ 91.505947087707327, 24.840250650273813 ], [ 91.506020225326083, 24.840274530338657 ], [ 91.506095575840163, 24.840291753765246 ], [ 91.506172413571775, 24.840302154679289 ], [ 91.506249998519351, 24.840305632912017 ], [ 91.506327583484577, 24.840302154964977 ], [ 91.50640442126884, 24.840291754332661 ], [ 91.506479771869692, 24.840274531179951 ], [ 91.50655290960789, 24.840250651377435 ], [ 91.506623130116552, 24.840220344903905 ], [ 91.506689757125088, 24.840183903631363 ], [ 91.506752148972254, 24.840141678514041 ], [ 91.506809704786065, 24.840094076208302 ], [ 91.506861870270626, 24.840041555156109 ], [ 91.506908143044427, 24.839984621169773 ], [ 91.506948077478469, 24.839923822560433 ], [ 91.506981288987859, 24.839859744857371 ], [ 91.507007457735327, 24.839793005168779 ], [ 91.507026331711145, 24.839724246238514 ], [ 91.50703772915972, 24.839654130255933 ], [ 91.507041540329624, 24.839583332478565 ], [ 91.50704148960547, 24.831530057572234 ], [ 91.514932541836089, 24.823638974617356 ], [ 91.518400803201715, 24.823638975554935 ], [ 91.52233206668329, 24.827570248614933 ], [ 91.522390539475779, 24.827622943458707 ], [ 91.522454684166036, 24.827669821116228 ], [ 91.522523809250671, 24.827710376224104 ], [ 91.522597169532901, 24.827744171578377 ], [ 91.522673974156305, 24.827770842848082 ], [ 91.522753395130906, 24.827790102503055 ], [ 91.522834576259584, 24.827801742913856 ], [ 91.522916642368727, 24.827805638590245 ], [ 91.53125002406405, 24.827805640827375 ], [ 91.531332090265437, 24.827801745198638 ], [ 91.531413271498778, 24.827790104841043 ], [ 91.531492692592508, 24.827770845242394 ], [ 91.531569497350915, 24.827744174029441 ], [ 91.531642857784902, 24.827710378729499 ], [ 91.531711983038377, 24.827669823670629 ], [ 91.531776127914384, 24.827622946053886 ], [ 91.531834600908823, 24.827570251239855 ], [ 91.535765837037218, 24.823639009422948 ], [ 91.564583417835067, 24.823638983368635 ], [ 91.564665472787738, 24.823635082844739 ], [ 91.56474664244061, 24.823623439282404 ], [ 91.564826051943186, 24.823604178175859 ], [ 91.564902845416711, 24.823577507121559 ], [ 91.564976195179426, 24.823543713580623 ], [ 91.565045310667657, 24.823503161780476 ], [ 91.565109446956811, 24.823456288788975 ], [ 91.565167912790443, 24.823403599803544 ], [ 91.569099169529181, 24.819472337334446 ], [ 91.585416714896368, 24.819472322506105 ], [ 91.585498770758434, 24.819468425111854 ], [ 91.585579941640248, 24.819456784044498 ], [ 91.585659352617242, 24.819437524780074 ], [ 91.585736147735304, 24.819410854909634 ], [ 91.585809499237342, 24.819377061901548 ], [ 91.585878616486013, 24.819336510002799 ], [ 91.585942754485956, 24.819289636312725 ], [ 91.586001221914216, 24.819236946071403 ], [ 91.589932485781517, 24.815305676448851 ], [ 91.606250048221767, 24.815305661562391 ], [ 91.606327620190925, 24.815302179030297 ], [ 91.606404444625412, 24.815291773581254 ], [ 91.606479781651331, 24.815274545426576 ], [ 91.606552905720264, 24.815250660485045 ], [ 91.606623112597006, 24.815220348784962 ], [ 91.606689726142278, 24.815183902248709 ], [ 91.606752104824551, 24.815141671881207 ], [ 91.606809647898672, 24.815094064389392 ], [ 91.606861801191499, 24.81504153826517 ], [ 91.606908062438961, 24.814984599369673 ], [ 91.606947986123117, 24.814923796061318 ], [ 91.606981187762628, 24.814859713914608 ], [ 91.607007347615294, 24.8147929700805 ], [ 91.607026213757095, 24.814724207342724 ], [ 91.607037604507838, 24.814654087927298 ], [ 91.607041410180628, 24.814583287124734 ], [ 91.607037594137594, 24.814512486786608 ], [ 91.607026193142246, 24.814442368758865 ], [ 91.607007317004999, 24.8143736083153 ], [ 91.60698114752509, 24.814306867654327 ], [ 91.606947936739317, 24.814242789521753 ], [ 91.606908004494414, 24.814181991020881 ], [ 91.60686173536638, 24.814125057669646 ], [ 91.606809574956543, 24.814072537761938 ], [ 91.606752025600073, 24.814024937087446 ], [ 91.606689641528064, 24.813982714060849 ], [ 91.606623023530091, 24.813946275307231 ], [ 91.606552813168307, 24.813915971746326 ], [ 91.606479686599144, 24.813892095213117 ], [ 91.606404348061815, 24.81387487564756 ], [ 91.606327523096496, 24.813864478880234 ], [ 91.606249951557359, 24.813861005035459 ], [ 91.589583381553041, 24.813861009295493 ] ] ] } },
{ "type": "Feature", "properties": { "ARCID": 745474, "UP_CELLS": 903, "buffer_m": 80 }, "geometry": { "type": "Polygon", "coordinates": [ [ [ 91.622916726959645, 24.80969433376946 ], [ 91.622834660852732, 24.809698222353891 ], [ 91.622753478967653, 24.809709857571541 ], [ 91.622674056639099, 24.809729113966291 ], [ 91.622597250230442, 24.809755783907537 ], [ 91.622523887900371, 24.809789579828763 ], [ 91.622454760673861, 24.809830137328163 ], [ 91.622390613913183, 24.809877019097545 ], [ 91.622332139281369, 24.809929719637406 ], [ 91.618400836973947, 24.813861016148454 ], [ 91.606250036137922, 24.813861005034855 ], [ 91.606172464661142, 24.813864479999843 ], [ 91.60609563988227, 24.813874877875477 ], [ 91.606020301653359, 24.81389209852567 ], [ 91.605947175511005, 24.813915976108397 ], [ 91.605876965689532, 24.813946280672717 ], [ 91.605810348339205, 24.813982720373264 ], [ 91.605747965014857, 24.814024944280657 ], [ 91.605690416497652, 24.814072545760979 ], [ 91.605638257009375, 24.8141250663917 ], [ 91.605591988875062, 24.81418200037627 ], [ 91.605552057685301, 24.814242799415034 ], [ 91.605518848004834, 24.814306877985395 ], [ 91.605492679668771, 24.814373618980568 ], [ 91.605473804702143, 24.814442379652409 ], [ 91.605462404892307, 24.814512497801303 ], [ 91.60545859003787, 24.814583298153373 ], [ 91.605462396890815, 24.814654098863659 ], [ 91.605473788802016, 24.814724218082635 ], [ 91.605492656073721, 24.814792980522711 ], [ 91.605518817015536, 24.814859723961792 ], [ 91.605552019693647, 24.814923805620808 ], [ 91.60559194435686, 24.814984608354219 ], [ 91.605638206515493, 24.815041546593587 ], [ 91.605690360644019, 24.815094071987161 ], [ 91.605747904471571, 24.815141678680945 ], [ 91.605810283818954, 24.815183908190605 ], [ 91.605876897935815, 24.815220353817153 ], [ 91.605947105286234, 24.815250664563884 ], [ 91.606020229727321, 24.815274548516857 ], [ 91.606095567021072, 24.815291775656448 ], [ 91.606172391617079, 24.815302180072631 ], [ 91.606249963640238, 24.815305661562956 ], [ 91.618750036139417, 24.815305664724757 ], [ 91.618832090125977, 24.815301768441564 ], [ 91.618913259286217, 24.815290128407828 ], [ 91.618992668717539, 24.815270870087989 ], [ 91.619069462485825, 24.815244201062104 ], [ 91.619142812851834, 24.815210408788325 ], [ 91.61921192919354, 24.815169857504312 ], [ 91.619276066528315, 24.815122984301059 ], [ 91.619334533543082, 24.815070294411434 ], [ 91.623265798656988, 24.811139023501358 ], [ 91.643750060295602, 24.81113900468587 ], [ 91.643827630620976, 24.811135521026056 ], [ 91.643904453311137, 24.811125114365893 ], [ 91.643979788509043, 24.811107884928365 ], [ 91.644052910683826, 24.81108399864463 ], [ 91.644123115618584, 24.81105368555593 ], [ 91.644189727192725, 24.811017237598019 ], [ 91.644252103893734, 24.810975005789526 ], [ 91.644309644995559, 24.81092739685127 ], [ 91.644361796344057, 24.810874869289062 ], [ 91.644408055693901, 24.810817928977901 ], [ 91.644447977545454, 24.810757124289839 ], [ 91.644481177435026, 24.810693040812644 ], [ 91.644507335637286, 24.810626295710076 ], [ 91.644526200244087, 24.810557531778084 ], [ 91.644537589590115, 24.81048741125414 ], [ 91.644541394001905, 24.810416609439439 ], [ 91.644537576853764, 24.810345808195294 ], [ 91.644526174919861, 24.810275689376351 ], [ 91.644507298019619, 24.810206928264016 ], [ 91.644481127959622, 24.81014018706313 ], [ 91.644447916782241, 24.810076108524676 ], [ 91.64440798433796, 24.810015309755872 ], [ 91.644361715204667, 24.809958376277212 ], [ 91.644309554983764, 24.809905856383825 ], [ 91.644252006008571, 24.809858255865262 ], [ 91.644189622506488, 24.809816033134691 ], [ 91.644123005261548, 24.809779594814358 ], [ 91.644052795828685, 24.809749291819827 ], [ 91.643979670355364, 24.809725415980658 ], [ 91.643904333070253, 24.809708197230108 ], [ 91.643827509501406, 24.809697801390936 ], [ 91.643749939489595, 24.809694328578534 ], [ 91.622916726959645, 24.80969433376946 ] ] ] } },
{ "type": "Feature", "properties": { "ARCID": 745475, "UP_CELLS": 1031, "buffer_m": 80 }, "geometry": { "type": "Polygon", "coordinates": [ [ [ 92.214234118165351, 24.813860893563312 ], [ 92.206250024098409, 24.813860885391954 ], [ 92.206167945200079, 24.813864777744744 ], [ 92.206086750988135, 24.813876417386723 ], [ 92.206007316868863, 24.813895678823172 ], [ 92.205930499272725, 24.813922354383919 ], [ 92.205857126421108, 24.813956156462293 ], [ 92.205787989397066, 24.81399672061584 ], [ 92.20572383361646, 24.814043609495467 ], [ 92.205665350791321, 24.814096317560566 ], [ 92.201498681838174, 24.81826296812455 ], [ 92.201451902911543, 24.818314323472439 ], [ 92.201410519851692, 24.818369401914918 ], [ 92.201374886303512, 24.818427732780744 ], [ 92.201345306780894, 24.818488817604546 ], [ 92.201322034064347, 24.818552134386355 ], [ 92.201305267040681, 24.818617142052247 ], [ 92.201295149002945, 24.81868328507802 ], [ 92.20129176642574, 24.818749998236378 ], [ 92.201291741855741, 24.82263661441764 ], [ 92.176734025364709, 24.847194230725631 ], [ 92.172916678700105, 24.847194226837278 ], [ 92.172834566602091, 24.847198121415431 ], [ 92.172753339934673, 24.847209765412806 ], [ 92.172673874707399, 24.847229033251363 ], [ 92.172597027934017, 24.847255717131826 ], [ 92.172523628390167, 24.847289529274558 ], [ 92.172454467675678, 24.847330105023115 ], [ 92.172390291677559, 24.847377006776814 ], [ 92.172331792525981, 24.847429728709955 ], [ 92.168400615652573, 24.851360899048782 ], [ 92.164583345368442, 24.851360895164731 ], [ 92.164501228993188, 24.851364789892735 ], [ 92.164419998130768, 24.851376434336483 ], [ 92.164340528871719, 24.851395702908032 ], [ 92.164263678308203, 24.851422387791668 ], [ 92.164190275290537, 24.851456201185247 ], [ 92.164121111488313, 24.851496778403916 ], [ 92.164056932852233, 24.851543681813329 ], [ 92.163998431569169, 24.851596405549252 ], [ 92.160067263208745, 24.855527567383785 ], [ 92.156250012036779, 24.855527563504705 ], [ 92.156172402652203, 24.855531041143287 ], [ 92.156095540561466, 24.855541442708915 ], [ 92.156020165975974, 24.855558668030188 ], [ 92.155947004782576, 24.855582551220287 ], [ 92.155876761553273, 24.855612862274469 ], [ 92.155810112760221, 24.855649309284988 ], [ 92.155747700261301, 24.855691541252192 ], [ 92.155690125118838, 24.855739151464633 ], [ 92.155637941811293, 24.855791681415681 ], [ 92.155591652893349, 24.855848625219046 ], [ 92.155551704155982, 24.855909434480449 ], [ 92.155518480333185, 24.855973523578736 ], [ 92.15549230139645, 24.856040275305606 ], [ 92.155473419473054, 24.856109046809394 ], [ 92.155462016417545, 24.856179175785954 ], [ 92.155458202059847, 24.856249986856952 ], [ 92.155462013147243, 24.856320798073973 ], [ 92.155473412989807, 24.85639092748605 ], [ 92.15549229181336, 24.856459699707258 ], [ 92.155518467816179, 24.856526452421054 ], [ 92.155551688919289, 24.856590542758905 ], [ 92.155591635193829, 24.856651353491507 ], [ 92.155637921941832, 24.856708298973306 ], [ 92.155690103400715, 24.856760830782708 ], [ 92.155747677036146, 24.856808443003899 ], [ 92.155810088381656, 24.856850677099327 ], [ 92.155876736378474, 24.856887126325901 ], [ 92.15594697916417, 24.856917439652328 ], [ 92.156020140254356, 24.856941325139982 ], [ 92.156095515057928, 24.85695855275462 ], [ 92.156172377663069, 24.856968956581813 ], [ 92.156249987828545, 24.856972436425032 ], [ 92.160416678703911, 24.856972437063973 ], [ 92.160498792465717, 24.856968540613238 ], [ 92.160580020589038, 24.856956895545359 ], [ 92.16065948711416, 24.856937627439748 ], [ 92.160736335079235, 24.85691094408218 ], [ 92.160809735762143, 24.856877133223989 ], [ 92.160878897617692, 24.856836559478808 ], [ 92.160943074813972, 24.856789660390461 ], [ 92.161001575275421, 24.856736941714317 ], [ 92.164932734513485, 24.852805775949104 ], [ 92.168750012035588, 24.852805772064318 ], [ 92.168832121522058, 24.852801875763383 ], [ 92.168913345452239, 24.852790231141419 ], [ 92.168992807947319, 24.852770963767902 ], [ 92.16906965212381, 24.852744281412267 ], [ 92.169143049334224, 24.852710471803324 ], [ 92.16921220810309, 24.852669899526358 ], [ 92.169276382662147, 24.852623002091562 ], [ 92.169334880992466, 24.852570285215837 ], [ 92.173266048730596, 24.848639110941892 ], [ 92.177083345367251, 24.848639107052144 ], [ 92.177165438658591, 24.848635212035088 ], [ 92.177246646862088, 24.848623571236487 ], [ 92.177326094559106, 24.848604310142946 ], [ 92.177402925310034, 24.848577636387255 ], [ 92.177476310887073, 24.848543837510029 ], [ 92.177545460202793, 24.848503277859916 ], [ 92.177609627838322, 24.848456394665785 ], [ 92.177668122079027, 24.848403693323235 ], [ 92.202668108409497, 24.823403596619844 ], [ 92.202714867109108, 24.823352246459429 ], [ 92.202756231674968, 24.823297175907367 ], [ 92.202791848806356, 24.823238855338694 ], [ 92.20282141429449, 24.823177782887214 ], [ 92.202844675620725, 24.823114480190725 ], [ 92.20286143411316, 24.823049487935428 ], [ 92.202871546643152, 24.822983361237704 ], [ 92.202874926847571, 24.822916664902639 ], [ 92.202874902277728, 24.819030125443557 ], [ 92.206599221943648, 24.815305790577373 ], [ 92.214583357432701, 24.815305782404078 ], [ 92.214665426389075, 24.815301886475275 ], [ 92.214746610452835, 24.815290245232948 ], [ 92.214826034527917, 24.815270984159547 ], [ 92.214902842490389, 24.815244310872867 ], [ 92.214976206417106, 24.815210512887997 ], [ 92.21504533551041, 24.815169954518016 ], [ 92.215109484622488, 24.815123072946839 ], [ 92.215167962287694, 24.815070373516573 ], [ 92.219334626653335, 24.810903690751143 ], [ 92.219384111931589, 24.810849042374965 ], [ 92.219427490301427, 24.810790229980956 ], [ 92.219464344009978, 24.810727819970129 ], [ 92.219494318142722, 24.810662413390027 ], [ 92.219517124041218, 24.810594640146149 ], [ 92.219532542082717, 24.810525152935391 ], [ 92.219540423794854, 24.810454620960151 ], [ 92.219540693285055, 24.810383723483387 ], [ 92.219533347970938, 24.810313143286908 ], [ 92.219518458604668, 24.810243560095817 ], [ 92.219496168591121, 24.81017564403238 ], [ 92.219466692606318, 24.810110049162489 ], [ 92.219430314529575, 24.810047407196752 ], [ 92.219387384709222, 24.809988321406884 ], [ 92.219338316588249, 24.809933360816128 ], [ 92.21928358272244, 24.809883054719386 ], [ 92.219223710229286, 24.809837887586053 ], [ 92.219159275711547, 24.809798294394557 ], [ 92.219090899704284, 24.809764656443452 ], [ 92.219019240698969, 24.809737297679568 ], [ 92.218944988802193, 24.809716481578402 ], [ 92.218868859089781, 24.809702408606846 ], [ 92.218791584720663, 24.80969521429278 ], [ 92.218713909876641, 24.809694967919874 ], [ 92.218636582595991, 24.809701671860484 ], [ 92.218560347569905, 24.809715261552771 ], [ 92.218485938971213, 24.809735606122473 ], [ 92.218414073384395, 24.809762509643189 ], [ 92.218345442904862, 24.809795713023156 ], [ 92.218280708474111, 24.809834896500313 ], [ 92.218220493514721, 24.809879682721586 ], [ 92.218165377926695, 24.809929640376811 ], [ 92.214234118165351, 24.813860893563312 ] ] ] } },
{ "type": "Feature", "properties": { "ARCID": 745476, "UP_CELLS": 545, "buffer_m": 80 }, "geometry": { "type": "Polygon", "coordinates": [ [ [ 92.289932737326964, 24.85552755148262 ], [ 92.281834898488725, 24.847429730301027 ], [ 92.281776393194704, 24.847377001037493 ], [ 92.28171220971744, 24.847330093188443 ], [ 92.281643040407644, 24.847289512746826 ], [ 92.281569631395712, 24.847255697451569 ], [ 92.281492774543281, 24.847229012065966 ], [ 92.281413298901853, 24.847209744443148 ], [ 92.281332061770101, 24.847198102421192 ], [ 92.281249939446738, 24.847194211581339 ], [ 92.260766057450709, 24.8471942382488 ], [ 92.257041732686417, 24.843469930300763 ], [ 92.257041707834858, 24.839583330926217 ], [ 92.257038325378588, 24.839516625005079 ], [ 92.257028207826579, 24.839450489027588 ], [ 92.25701144162926, 24.839385488029322 ], [ 92.256988170039463, 24.839322177348276 ], [ 92.256958591888235, 24.839261097880296 ], [ 92.256922959885785, 24.839202771458051 ], [ 92.256881578462185, 24.839147696392804 ], [ 92.256834801166292, 24.839096343217236 ], [ 92.252875012384564, 24.835136582791453 ], [ 92.252874987543478, 24.831249997591925 ], [ 92.252871605006774, 24.831183288603359 ], [ 92.252861487216776, 24.831117149636814 ], [ 92.252844720633846, 24.831052145805131 ], [ 92.252821448527243, 24.830988832521328 ], [ 92.252791869750595, 24.830927750753013 ], [ 92.252756237042604, 24.830869422400244 ], [ 92.252714854867236, 24.830814345836419 ], [ 92.2526680768121, 24.830762991650069 ], [ 92.248708292102961, 24.826803235288569 ], [ 92.248708267272363, 24.82291666425763 ], [ 92.24870488444239, 24.822849950108434 ], [ 92.248694765779632, 24.822783806113389 ], [ 92.24867799776527, 24.82271879751557 ], [ 92.24865472370287, 24.822655479854504 ], [ 92.248625142493538, 24.822594394218726 ], [ 92.248589506935744, 24.822536062621978 ], [ 92.248548121564824, 24.822480983542306 ], [ 92.248501340050325, 24.822429627662423 ], [ 92.240167998325674, 24.814096326217793 ], [ 92.240109512474334, 24.814043613435775 ], [ 92.240045352808551, 24.813996720540853 ], [ 92.239976211170983, 24.813956153181078 ], [ 92.239902833122912, 24.813922348795483 ], [ 92.239826009904732, 24.813895671897303 ], [ 92.239746569904398, 24.813876410143688 ], [ 92.239665369725174, 24.813864771234005 ], [ 92.239583284949347, 24.813860880670319 ], [ 92.223265892462592, 24.81386090200564 ], [ 92.219334621603124, 24.809929639784226 ], [ 92.219279505941628, 24.809879682174433 ], [ 92.219219290914367, 24.809834896007093 ], [ 92.219154556422652, 24.809795712591725 ], [ 92.219085925890354, 24.809762509280542 ], [ 92.219014060259994, 24.809735605834614 ], [ 92.218939651627934, 24.809715261344515 ], [ 92.218863416579325, 24.809701671735329 ], [ 92.218786089287505, 24.809694967879953 ], [ 92.218708414443896, 24.809695214338774 ], [ 92.218631140086757, 24.809702408737976 ], [ 92.218555010397637, 24.809716481792435 ], [ 92.21848075853498, 24.809737297972898 ], [ 92.218409099573918, 24.809764656811168 ], [ 92.218340723620045, 24.809798294830603 ], [ 92.218276289163768, 24.809837888083358 ], [ 92.218216416738954, 24.809883055270038 ], [ 92.218161682946985, 24.809933361411595 ], [ 92.218112614903916, 24.809988322038201 ], [ 92.218069685164139, 24.810047407854736 ], [ 92.218033307169222, 24.810110049837959 ], [ 92.218003831266103, 24.810175644716328 ], [ 92.217981541332833, 24.810243560779611 ], [ 92.217966652044296, 24.810313143962457 ], [ 92.217959306804332, 24.810383724143264 ], [ 92.217959576364294, 24.810454621597707 ], [ 92.217967458141089, 24.810525153544827 ], [ 92.217982876241706, 24.810594640722552 ], [ 92.21800568219345, 24.8106624139294 ], [ 92.218035656373445, 24.81072782046936 ], [ 92.218072510123307, 24.810790230437757 ], [ 92.2181158885287, 24.810849042787808 ], [ 92.218165373837067, 24.810903691119176 ], [ 92.222332036281571, 24.815070373724215 ], [ 92.222390511775416, 24.815123071511096 ], [ 92.22245465835141, 24.815169951872413 ], [ 92.222523784621259, 24.815210509514952 ], [ 92.222597145521462, 24.815244307293462 ], [ 92.222673950343946, 24.81527098092258 ], [ 92.222753371258975, 24.815290242903465 ], [ 92.222834552238012, 24.815301885622674 ], [ 92.222916618280891, 24.815305783590038 ], [ 92.239234108145311, 24.815305804931477 ], [ 92.24712506452218, 24.823196796927721 ], [ 92.247125039691426, 24.827083330923905 ], [ 92.247128420939163, 24.827150037323715 ], [ 92.247138536712825, 24.82721617384324 ], [ 92.247155300596987, 24.827281175432354 ], [ 92.247178569376302, 24.827344486736564 ], [ 92.24720814425865, 24.827405566841819 ], [ 92.247243772573285, 24.827463893896038 ], [ 92.247285149929382, 24.827518969567716 ], [ 92.247331922816315, 24.827570323303682 ], [ 92.251291677582401, 24.831530106420129 ], [ 92.251291652741102, 24.835416664258208 ], [ 92.251295033908221, 24.835483367589269 ], [ 92.251305149443311, 24.835549501118454 ], [ 92.251321912940938, 24.835614499872896 ], [ 92.251345181202154, 24.835677808573198 ], [ 92.251374755457476, 24.835738886377069 ], [ 92.251410383064652, 24.835797211499877 ], [ 92.25145175966675, 24.835852285672232 ], [ 92.251498531792038, 24.835903638396879 ], [ 92.255458290622286, 24.839863425585808 ], [ 92.255458265770514, 24.843749997592493 ], [ 92.255461646856944, 24.843816697853352 ], [ 92.255471762153292, 24.843882828390754 ], [ 92.255488525264113, 24.843947824309158 ], [ 92.255511793006846, 24.844011130404226 ], [ 92.255541366634645, 24.844072205905494 ], [ 92.255576993533822, 24.844130529095782 ], [ 92.255618369381324, 24.844185601767876 ], [ 92.255665140744227, 24.844236953480397 ], [ 92.259831803219853, 24.848403636110937 ], [ 92.259890295848876, 24.848456348483989 ], [ 92.259954463526327, 24.848503242358579 ], [ 92.260023614436633, 24.848543812149845 ], [ 92.260097003035412, 24.848577620455252 ], [ 92.260173838087525, 24.848604302770752 ], [ 92.26025329119814, 24.848623571420784 ], [ 92.260334505744325, 24.848635218660046 ], [ 92.260416606111207, 24.848639118913404 ], [ 92.280900619321201, 24.848639145589594 ], [ 92.288998421953707, 24.856736965881097 ], [ 92.289056922938784, 24.856789682882685 ], [ 92.289121100272581, 24.856836580478625 ], [ 92.289190261928951, 24.85687715296611 ], [ 92.289263662132811, 24.856910962846211 ], [ 92.289340509402109, 24.856937645541784 ], [ 92.289419975082723, 24.856956913328894 ], [ 92.289501202284342, 24.856968558439597 ], [ 92.289583315120794, 24.856972455302394 ], [ 92.29583335143289, 24.856972456107819 ], [ 92.295910963686083, 24.856968975650414 ], [ 92.295987828305172, 24.856958571024744 ], [ 92.296063205029355, 24.856941342434471 ], [ 92.296136367927957, 24.856917455802822 ], [ 92.296206612392055, 24.856887141174596 ], [ 92.296273261920547, 24.856850690500561 ], [ 92.296335674635685, 24.856808454825629 ], [ 92.296393249464799, 24.856760840907935 ], [ 92.296445431929229, 24.856708307301304 ], [ 92.29649171948428, 24.856651359938912 ], [ 92.296531666358987, 24.856590547260655 ], [ 92.29656488784893, 24.856526454931128 ], [ 92.296591064020987, 24.856459700199203 ], [ 92.296609942794191, 24.856390925953342 ], [ 92.29662134236689, 24.856320794530138 ], [ 92.296625152967351, 24.856249981335491 ], [ 92.296621337910281, 24.856179168340031 ], [ 92.296609933949711, 24.856109037511338 ], [ 92.296591050924533, 24.856040264246211 ], [ 92.296564870700223, 24.855973510866288 ], [ 92.296531645416877, 24.855909420239637 ], [ 92.29649169506061, 24.855848609589703 ], [ 92.296445404381586, 24.855791664551287 ], [ 92.296393219188431, 24.855739133530751 ], [ 92.296335642054657, 24.85569152242476 ], [ 92.296273227478594, 24.855649289748467 ], [ 92.296206576543241, 24.85561284221998 ], [ 92.296136331127684, 24.855582530843648 ], [ 92.29606316772572, 24.855558647529904 ], [ 92.295987790931036, 24.855541422284201 ], [ 92.295910926652056, 24.855531020992078 ], [ 92.295833315121499, 24.855527543821683 ], [ 92.289932737326964, 24.85552755148262 ] ] ] } },
{ "type": "Feature", "properties": { "ARCID": 745539, "UP_CELLS": 707, "buffer_m": 80 }, "geometry": { "type": "Polygon", "coordinates": [ [ [ 91.668750011972264, 24.805527655393764 ], [ 91.668667955260418, 24.805531547884186 ], [ 91.668586783024068, 24.80554318563895 ], [ 91.668507370329735, 24.805562443198156 ], [ 91.668430573276297, 24.805589112957602 ], [ 91.668357219766293, 24.805622907406697 ], [ 91.66828810058125, 24.805663462227848 ], [ 91.668223960856963, 24.805710340223779 ], [ 91.668165492050917, 24.805763036030488 ], [ 91.664234174763394, 24.80969434746369 ], [ 91.643750060294181, 24.809694328578498 ], [ 91.643672490286491, 24.809697801429145 ], [ 91.643595666729851, 24.809708197305095 ], [ 91.64352032946455, 24.809725416089542 ], [ 91.643447204017903, 24.809749291958433 ], [ 91.643376994617569, 24.809779594977364 ], [ 91.643310377409748, 24.809816033315833 ], [ 91.643247993947909, 24.809858256057602 ], [ 91.643190445014582, 24.809905856579981 ], [ 91.643138284835558, 24.809958376469655 ], [ 91.643092015742553, 24.810015309937221 ], [ 91.643052083335405, 24.810076108687984 ], [ 91.643018872190567, 24.81014018720213 ], [ 91.642992702157301, 24.810206928373393 ], [ 91.64297382527694, 24.810275689451917 ], [ 91.642962423355314, 24.810345808234157 ], [ 91.64295860621138, 24.810416609440136 ], [ 91.642962410619134, 24.810487411216648 ], [ 91.642973799953026, 24.810557531703875 ], [ 91.642992664540088, 24.810626295602017 ], [ 91.643018822715774, 24.810693040674902 ], [ 91.643052022572931, 24.810757124127736 ], [ 91.643091944387464, 24.810817928797679 ], [ 91.643138203697148, 24.81087486909766 ], [ 91.643190355003881, 24.810927396656044 ], [ 91.643247896063912, 24.810975005598021 ], [ 91.643310272724761, 24.811017237417587 ], [ 91.643376884261855, 24.811053685393521 ], [ 91.643447089164155, 24.811083998506493 ], [ 91.643520211312293, 24.811107884819815 ], [ 91.643595546490403, 24.811125114291109 ], [ 91.643672369168385, 24.811135520987911 ], [ 91.643749939489624, 24.811139004685845 ], [ 91.664583393630139, 24.811139009797657 ], [ 91.664665441365344, 24.811135111608873 ], [ 91.664746604182014, 24.811123470446532 ], [ 91.664826007345724, 24.81110421177296 ], [ 91.664902795087471, 24.811077543148382 ], [ 91.664976139827388, 24.811043751993864 ], [ 91.665045251094242, 24.811003202493485 ], [ 91.665109384045067, 24.810956331669185 ], [ 91.665167847492881, 24.810903644670589 ], [ 91.669099137230518, 24.80697234907835 ], [ 91.67291667863941, 24.806972345546995 ], [ 91.672994247369417, 24.806968866173872 ], [ 91.673071068944907, 24.806958463686634 ], [ 91.673146403519567, 24.806941238268092 ], [ 91.673219525568541, 24.806917355810718 ], [ 91.673289730876135, 24.806887046318895 ], [ 91.673356343318204, 24.80685060169375 ], [ 91.673418721373878, 24.806808372921825 ], [ 91.673476264304043, 24.806760766694687 ], [ 91.673528417936993, 24.806708241492053 ], [ 91.673574680005402, 24.806651303166188 ], [ 91.673614604983442, 24.806590500070016 ], [ 91.673647808377368, 24.806526417775956 ], [ 91.673673970428069, 24.806459673436397 ], [ 91.673692839190366, 24.806390909839905 ], [ 91.673704232958869, 24.80632078922072 ], [ 91.67370804201758, 24.806249986880946 ], [ 91.673704229696057, 24.806179184686933 ], [ 91.673692832721954, 24.806109064502465 ], [ 91.673673960866935, 24.806040301622101 ], [ 91.673647795888982, 24.805973558267684 ], [ 91.673614589781508, 24.805909477210939 ], [ 91.673574662346155, 24.805848675583317 ], [ 91.673528398112609, 24.805791738932861 ], [ 91.673476242635019, 24.805739215585223 ], [ 91.673418698201019, 24.80569161136324 ], [ 91.67335631899428, 24.805649384715732 ], [ 91.673289705757469, 24.805612942302684 ], [ 91.673219500006894, 24.805582635079073 ], [ 91.67314637785455, 24.805558754915197 ], [ 91.673071043497089, 24.805541531785977 ], [ 91.67299422243444, 24.805531131556346 ], [ 91.672916654483188, 24.805527654383994 ], [ 91.668750011972264, 24.805527655393764 ] ] ] } },
{ "type": "Feature", "properties": { "ARCID": 745742, "UP_CELLS": 146219, "buffer_m": 250 }, "geometry": { "type": "Polygon", "coordinates": [ [ [ 92.135416855122244, 24.853992395862281 ], [ 92.135160205301347, 24.854004555421195 ], [ 92.134906322065021, 24.854040938468799 ], [ 92.134657944168836, 24.854101152520496 ], [ 92.134417750988305, 24.854184548015191 ], [ 92.134188333619392, 24.854290225321581 ], [ 92.133972166930704, 24.854417044441561 ], [ 92.133771582868505, 24.854563637306313 ], [ 92.133588745302475, 24.854728422532535 ], [ 92.125991365837947, 24.862325762818816 ], [ 92.11875007499782, 24.862325739962003 ], [ 92.118493420657984, 24.862337909143303 ], [ 92.118239533935039, 24.862374299486564 ], [ 92.117991153383898, 24.862434518462539 ], [ 92.117750958175606, 24.862517916513493 ], [ 92.117521539202613, 24.862623594058718 ], [ 92.117305371135487, 24.86275041119665 ], [ 92.117104785732494, 24.86289699999881 ], [ 92.116921946689459, 24.863061779263248 ], [ 92.114583333699784, 24.865400410116639 ], [ 92.112244714999491, 24.863061779151646 ], [ 92.112061872531328, 24.86289699768918 ], [ 92.111861283190052, 24.862750407377959 ], [ 92.111645110797184, 24.862623589488624 ], [ 92.111415687245952, 24.862517912001238 ], [ 92.111175487348589, 24.862434514850897 ], [ 92.110927102143066, 24.862374297633224 ], [ 92.110673210947112, 24.862337909902021 ], [ 92.110416552460606, 24.862325744163901 ], [ 92.099008678551627, 24.862325791687017 ], [ 92.09622440124464, 24.859541554092296 ], [ 92.096224335342228, 24.856249978326428 ], [ 92.096213762545659, 24.856041542435229 ], [ 92.096182143078821, 24.855834887465612 ], [ 92.096129747154706, 24.855631778763112 ], [ 92.096057022463256, 24.855433951370799 ], [ 92.095964590343641, 24.855243095208252 ], [ 92.095853240473531, 24.855060840636263 ], [ 92.095723924120747, 24.854888744530598 ], [ 92.095577746015024, 24.854728276983622 ], [ 92.087890814480062, 24.847041518431219 ], [ 92.08789074861869, 24.843749978327146 ], [ 92.087880175454487, 24.843541528208121 ], [ 92.087848554897434, 24.843334859376721 ], [ 92.087796157206895, 24.843131737539409 ], [ 92.087723430149325, 24.84293389808979 ], [ 92.087630995169434, 24.842743031282556 ], [ 92.087519642077751, 24.84256076779339 ], [ 92.087390322300251, 24.842388664788075 ], [ 92.087244140747615, 24.842228192619849 ], [ 92.079557227838094, 24.834541452628198 ], [ 92.079557162018347, 24.831249978327868 ], [ 92.079546588486977, 24.831041513992957 ], [ 92.079514966841145, 24.83083483131157 ], [ 92.079462567386543, 24.830631696350853 ], [ 92.079389837966147, 24.830433844854749 ], [ 92.079297400130088, 24.830242967412939 ], [ 92.079186043821664, 24.830060695015781 ], [ 92.079056720624905, 24.829888585118944 ], [ 92.078910535631366, 24.829728108336361 ], [ 92.071223641833683, 24.822041387391963 ], [ 92.071223511104535, 24.815458708277131 ], [ 92.074743582887479, 24.811938561726748 ], [ 92.074889746741945, 24.811778079842888 ], [ 92.075019049709326, 24.811605964399075 ], [ 92.075130386907063, 24.811423686198761 ], [ 92.075222806991121, 24.811232802884593 ], [ 92.075295520283689, 24.811034945626659 ], [ 92.075347905518711, 24.810831805182605 ], [ 92.07537951514793, 24.810625117448694 ], [ 92.075390079162077, 24.810416648625473 ], [ 92.075389913777173, 24.802083310476981 ], [ 92.075379339247604, 24.801874812416468 ], [ 92.075347714877836, 24.801668096875229 ], [ 92.075295311082854, 24.80146493076391 ], [ 92.075222575885221, 24.801267050645695 ], [ 92.075130131082346, 24.801076147893497 ], [ 92.07501876692865, 24.80089385423366 ], [ 92.074889435378239, 24.80072172779975 ], [ 92.074743241946081, 24.800561239815636 ], [ 92.066409881110246, 24.792228005946122 ], [ 92.06623766573783, 24.792071901637673 ], [ 92.066049518883304, 24.791931958222222 ], [ 92.065847252482172, 24.791809523375044 ], [ 92.065632814425015, 24.791705776156952 ], [ 92.065408269799946, 24.791621715661343 ], [ 92.065175781007355, 24.791558151394259 ], [ 92.064937586938058, 24.791515695480047 ], [ 92.064695981415611, 24.791494756767584 ], [ 92.064453291109913, 24.791495536893795 ], [ 92.064211853134893, 24.791518028342313 ], [ 92.063973992545655, 24.791562014516007 ], [ 92.063741999951688, 24.791627071822624 ], [ 92.06351810946164, 24.791712573753497 ], [ 92.063304477171698, 24.791817696916084 ], [ 92.06310316040468, 24.791941428962193 ], [ 92.062916097899802, 24.792082578335748 ], [ 92.062745091143455, 24.792239785746123 ], [ 92.062591787020949, 24.792411537256797 ], [ 92.062457661956358, 24.792596178863132 ], [ 92.062344007692744, 24.792791932419238 ], [ 92.062251918850379, 24.792996912760412 ], [ 92.062182282382267, 24.793209145856402 ], [ 92.062135769028984, 24.793426587820779 ], [ 92.062112826855099, 24.793647144593372 ], [ 92.06211367692967, 24.793868692106223 ], [ 92.062138311192413, 24.794089096739015 ], [ 92.062186492526521, 24.794306235866848 ], [ 92.062257757037429, 24.794518018302568 ], [ 92.062351418515846, 24.794722404436783 ], [ 92.06246657504218, 24.794917425881511 ], [ 92.062602117669059, 24.795101204428271 ], [ 92.062756741098198, 24.795271970138025 ], [ 92.070443404531616, 24.80295880623683 ], [ 92.070443273894398, 24.809541289364638 ], [ 92.066923121913007, 24.813061366594034 ], [ 92.066776940216101, 24.813221847914743 ], [ 92.066647619657218, 24.813393964403414 ], [ 92.066536265439879, 24.813576245204459 ], [ 92.066443829245742, 24.8137671325951 ], [ 92.066371101099747, 24.813964995296129 ], [ 92.066318702616201, 24.814168142411514 ], [ 92.066287081683768, 24.814374837877647 ], [ 92.066276508634587, 24.814583315298915 ], [ 92.066276343138185, 24.822916643780353 ], [ 92.066286905665478, 24.823125091943979 ], [ 92.066318511847527, 24.823331759583059 ], [ 92.066370891758069, 24.823534881012439 ], [ 92.066443597982996, 24.823732720835807 ], [ 92.066536009439616, 24.82392358877274 ], [ 92.066647336679821, 24.824105854100605 ], [ 92.066776628632468, 24.824277959587839 ], [ 92.066922780726713, 24.824438434799585 ], [ 92.074609489079052, 24.832125316047346 ], [ 92.074609423259062, 24.83541664499068 ], [ 92.074619985521963, 24.835625078772445 ], [ 92.074651590683374, 24.835831732389465 ], [ 92.07470396886329, 24.836034840521478 ], [ 92.074776672724582, 24.836232668126669 ], [ 92.074869081290942, 24.836423525263648 ], [ 92.074980405248695, 24.836605781528416 ], [ 92.075109693686713, 24.836777879983011 ], [ 92.075255842217544, 24.836938350456752 ], [ 92.08294256911843, 24.844625250317712 ], [ 92.082942503256831, 24.847916644989951 ], [ 92.08295306514762, 24.848125064533797 ], [ 92.082984669211172, 24.848331704279303 ], [ 92.083037045613978, 24.848534799267373 ], [ 92.083109747095619, 24.848732614806938 ], [ 92.083202152785546, 24.848923461291974 ], [ 92.083313473503168, 24.849105708633559 ], [ 92.083442758495792, 24.849277800183966 ], [ 92.083588903557242, 24.849438266033573 ], [ 92.091275649034657, 24.857125184535771 ], [ 92.091275583131392, 24.860416644989233 ], [ 92.091286145313504, 24.860625056817714 ], [ 92.091317750258284, 24.860831689046837 ], [ 92.091370128144973, 24.861034776913545 ], [ 92.091442831733929, 24.86123258591719 ], [ 92.091535240183063, 24.861423426633785 ], [ 92.091646564347187, 24.861605669145469 ], [ 92.091775853515244, 24.861777756962059 ], [ 92.091922003527955, 24.861938220315622 ], [ 92.096088656445801, 24.866104936857681 ], [ 92.096271474679469, 24.866269688338889 ], [ 92.096472035182742, 24.866416254246058 ], [ 92.096688175107673, 24.866543053963806 ], [ 92.096917563569832, 24.866648720036505 ], [ 92.097157726786918, 24.866732112917486 ], [ 92.097406074759263, 24.866792333260186 ], [ 92.097659929204823, 24.866828731618696 ], [ 92.097916552447003, 24.866840915452897 ], [ 92.109324633562636, 24.866840962991599 ], [ 92.112755226677947, 24.870271580135878 ], [ 92.112926796536229, 24.870427141528722 ], [ 92.11311419509974, 24.870566677869061 ], [ 92.113315631770178, 24.8706888558435 ], [ 92.113529181792757, 24.87079250799896 ], [ 92.113752804648783, 24.870876643899518 ], [ 92.11398436355509, 24.870940459591854 ], [ 92.114221645884257, 24.870983345288543 ], [ 92.114462384309832, 24.871004891195835 ], [ 92.114704278474917, 24.871004891430115 ], [ 92.114945016976478, 24.87098334598566 ], [ 92.115182299455341, 24.870940460734829 ], [ 92.11541385858078, 24.870876645460708 ], [ 92.115637481719006, 24.870792509940902 ], [ 92.115851032078851, 24.870688858120175 ], [ 92.116052469132001, 24.870566680427345 ], [ 92.116239868112999, 24.870427144310138 ], [ 92.116411438412086, 24.870271583078399 ], [ 92.119842050776867, 24.866840953056453 ], [ 92.127083408340411, 24.86684093019004 ], [ 92.127340030414643, 24.866828750407368 ], [ 92.127593884237527, 24.866792356471624 ], [ 92.127842232202156, 24.866732140857867 ], [ 92.128082396086427, 24.866648752938143 ], [ 92.128311785939673, 24.866543091977626 ], [ 92.128527928016666, 24.866416297435503 ], [ 92.128728491457494, 24.866269736675235 ], [ 92.128911313425562, 24.866104990216879 ], [ 92.136508588277025, 24.858507676169598 ], [ 92.156250188479078, 24.858507613593797 ], [ 92.156492722513605, 24.858496725573779 ], [ 92.15673291888973, 24.858464199969927 ], [ 92.156968464262576, 24.858410350034909 ], [ 92.157197090087877, 24.858335694396921 ], [ 92.157416594473617, 24.858240952064083 ], [ 92.157624863389259, 24.858127035498725 ], [ 92.157819891028296, 24.857995041828264 ], [ 92.157999799127637, 24.857846242277393 ], [ 92.15816285505791, 24.857682069923428 ], [ 92.158307488510133, 24.857504105892851 ], [ 92.158432306618451, 24.857314064131995 ], [ 92.158536107372825, 24.857113774898647 ], [ 92.158617891192876, 24.856905167133739 ], [ 92.158676870551446, 24.856690249882739 ], [ 92.158712477555213, 24.856471092946048 ], [ 92.158724369409526, 24.856249806944476 ], [ 92.15871243171523, 24.856028522992062 ], [ 92.158676779565354, 24.855809372171986 ], [ 92.158617756432022, 24.85559446501313 ], [ 92.15853593085383, 24.855385871165019 ], [ 92.15843209095614, 24.855185599466939 ], [ 92.158307236857226, 24.854995578602946 ], [ 92.158162571033259, 24.85481763852923 ], [ 92.15799948673552, 24.85465349285251 ], [ 92.157819554570992, 24.854504722329075 ], [ 92.157624507375971, 24.854372759643464 ], [ 92.157416223528287, 24.854258875613056 ], [ 92.157196708858649, 24.854164166951577 ], [ 92.156968077335748, 24.854089545709112 ], [ 92.156732530710414, 24.854035730490338 ], [ 92.156492337315299, 24.854003239535473 ], [ 92.156249810223869, 24.853992385730461 ], [ 92.135416855122244, 24.853992395862281 ] ] ] } },
{ "type": "Feature", "properties": { "ARCID": 745873, "UP_CELLS": 6736, "buffer_m": 150 }, "geometry": { "type": "Polygon", "coordinates": [ [ [ 92.355154126295417, 24.788669999206444 ], [ 92.355066407756922, 24.788766300095517 ], [ 92.354988806773846, 24.78886958525586 ], [ 92.354921986719106, 24.788978971786484 ], [ 92.354866518812841, 24.789093524628534 ], [ 92.354822877238874, 24.789212264557936 ], [ 92.354791435090263, 24.78933417655572 ], [ 92.354772461179053, 24.789458218484373 ], [ 92.354766117737128, 24.789583329996109 ], [ 92.354765720836468, 24.822916655280448 ], [ 92.354772059876439, 24.823041735540286 ], [ 92.354791026654595, 24.823165747255835 ], [ 92.354822459153297, 24.82328763085161 ], [ 92.354866088843849, 24.823406344932025 ], [ 92.354921542979596, 24.823520875179472 ], [ 92.354988347779823, 24.823630243021114 ], [ 92.355065932476691, 24.823733513990327 ], [ 92.355153634191439, 24.823829805711398 ], [ 92.358932330762116, 24.827608552833809 ], [ 92.358932287163924, 24.831249992130683 ], [ 92.358938626363056, 24.831375066170445 ], [ 92.358957592911636, 24.831499071794351 ], [ 92.358989024810001, 24.831620949583396 ], [ 92.359032653561016, 24.831739658294232 ], [ 92.359088106462892, 24.831854183755077 ], [ 92.359154909792039, 24.831963547530446 ], [ 92.359232492849543, 24.832066815280552 ], [ 92.359320192835924, 24.832163104744147 ], [ 92.363486851894251, 24.836329801346221 ], [ 92.363596523465631, 24.836428635405721 ], [ 92.363716834675628, 24.836516558784382 ], [ 92.3638464883675, 24.836592623504483 ], [ 92.363984086646937, 24.836656009444923 ], [ 92.364128145954609, 24.836706033184335 ], [ 92.364277113062542, 24.836742155370381 ], [ 92.364429381822205, 24.836763986535463 ], [ 92.364583310483212, 24.836771291296472 ], [ 92.368094930881895, 24.836771299752069 ], [ 92.383932026658812, 24.8526085286498 ], [ 92.383931983009234, 24.856249992141862 ], [ 92.383939130535268, 24.856382768696054 ], [ 92.383960507582543, 24.856514266682364 ], [ 92.38399590832239, 24.856643219698181 ], [ 92.384044991867029, 24.856768385846607 ], [ 92.384107285550982, 24.856888559696884 ], [ 92.384182189481777, 24.857002583893884 ], [ 92.384268982315959, 24.857109360304602 ], [ 92.384366828205287, 24.857207860594482 ], [ 92.384474784845764, 24.857297136131582 ], [ 92.384591812552458, 24.857376327123223 ], [ 92.384716784272214, 24.857444670896999 ], [ 92.384848496438408, 24.857501509246521 ], [ 92.38498568056265, 24.857546294771023 ], [ 92.385127015452156, 24.857578596147746 ], [ 92.385271139934872, 24.857598102286349 ], [ 92.385416665969814, 24.857604625325248 ], [ 92.38556219201638, 24.857598102441138 ], [ 92.385706316533671, 24.857578596454093 ], [ 92.385847651479821, 24.857546295222537 ], [ 92.385984835681285, 24.857501509833867 ], [ 92.386116547943359, 24.857444671608175 ], [ 92.386241519775197, 24.857376327943918 ], [ 92.386358547607415, 24.857297137045588 ], [ 92.386466504383804, 24.857207861584197 ], [ 92.386564350416208, 24.857109361351515 ], [ 92.386651143397316, 24.85700258497911 ], [ 92.386726047475634, 24.856888560801686 ], [ 92.386788341304594, 24.856768386952858 ], [ 92.386837424988826, 24.8566432207889 ], [ 92.386872825860266, 24.856514267742046 ], [ 92.386894203029001, 24.856382769711079 ], [ 92.386901350664616, 24.856249993100683 ], [ 92.38690130092391, 24.852083325476599 ], [ 92.386894957021681, 24.851958246045548 ], [ 92.386875982625696, 24.851834235421357 ], [ 92.386844539890348, 24.851712353148027 ], [ 92.386800897497139, 24.851593640581935 ], [ 92.386745428358054, 24.851479111994692 ], [ 92.386678606428248, 24.851369745907508 ], [ 92.386601002655695, 24.851266476731151 ], [ 92.386513280102321, 24.851170186782777 ], [ 92.369846583117209, 24.834503639915781 ], [ 92.369736903664943, 24.834404778988702 ], [ 92.369616580307692, 24.834316831639978 ], [ 92.369486910771997, 24.834240746394254 ], [ 92.369349293576079, 24.834177343839894 ], [ 92.369205212947179, 24.834127307779546 ], [ 92.369056222814947, 24.8340911778559 ], [ 92.368903930053264, 24.834069343732157 ], [ 92.368749977151523, 24.834062040889929 ], [ 92.365238302039899, 24.834062049343366 ], [ 92.361901040447464, 24.830724815801915 ], [ 92.361900996849911, 24.827083325465399 ], [ 92.361894653708006, 24.826958240811955 ], [ 92.361875681591144, 24.826834225100807 ], [ 92.361844242647933, 24.826712338009486 ], [ 92.361800605550314, 24.826593621023985 ], [ 92.361745143196643, 24.82647908853987 ], [ 92.361678329524366, 24.826369719194798 ], [ 92.361600735459376, 24.82626644750674 ], [ 92.361513024036967, 24.826170155889301 ], [ 92.357734274941521, 24.822391457338661 ], [ 92.357733890549824, 24.790108672658505 ], [ 92.361512551830828, 24.786329962858815 ], [ 92.361605331758454, 24.786227502488789 ], [ 92.361686663967518, 24.786117233315586 ], [ 92.361755765200556, 24.786000217310892 ], [ 92.361811969999067, 24.78587758142034 ], [ 92.361854737111372, 24.7857505067098 ], [ 92.361883654703817, 24.785620216990409 ], [ 92.361898444325746, 24.785487967032189 ], [ 92.361898963589312, 24.785355030479533 ], [ 92.361885207539203, 24.785222687585186 ], [ 92.361857308698546, 24.785092212880631 ], [ 92.361815535790981, 24.784964862901752 ], [ 92.361760291150944, 24.784841864088008 ], [ 92.361692106847627, 24.784724400971548 ], [ 92.361611639559513, 24.784613604769998 ], [ 92.361519664249201, 24.784510542492903 ], [ 92.361417066699346, 24.784416206666524 ], [ 92.361304834981794, 24.784331505776038 ], [ 92.361184049941755, 24.784257255517087 ], [ 92.361055874789045, 24.784194170941007 ], [ 92.360921543896239, 24.784142859569183 ], [ 92.360782350912118, 24.784103815543006 ], [ 92.3606396363041, 24.784077414865571 ], [ 92.360494774450402, 24.784063911781029 ], [ 92.360349160405519, 24.78406343632647 ], [ 92.360204196466839, 24.784075993079686 ], [ 92.360061278671495, 24.784101461115242 ], [ 92.359921783353457, 24.784139595168856 ], [ 92.359787053890358, 24.784190027999198 ], [ 92.359658387767468, 24.784252273924217 ], [ 92.359537024083551, 24.784325733498004 ], [ 92.359424131618567, 24.784409699283167 ], [ 92.359320797578519, 24.784503362663081 ], [ 92.355154126295417, 24.788669999206444 ] ] ] } },
{ "type": "Feature", "properties": { "ARCID": 746220, "UP_CELLS": 6203, "buffer_m": 150 }, "geometry": { "type": "Polygon", "coordinates": [ [ [ 92.346433034129987, 24.768749992141657 ], [ 92.346439374089442, 24.768875105828521 ], [ 92.346458342871685, 24.768999150094849 ], [ 92.346489778356855, 24.76912106453139 ], [ 92.34653341184989, 24.769239806932966 ], [ 92.346588870376152, 24.76935436220813 ], [ 92.346655679868888, 24.769463751057067 ], [ 92.346733269220891, 24.769567038343698 ], [ 92.346820975166025, 24.769663341090268 ], [ 92.354766260331317, 24.777608732293032 ], [ 92.354766216850919, 24.781249992144026 ], [ 92.3547725569845, 24.781375101174341 ], [ 92.354791526292203, 24.781499140903101 ], [ 92.354822962661757, 24.781621051038275 ], [ 92.354866597410393, 24.781739789488601 ], [ 92.354922057580353, 24.781854341271494 ], [ 92.354988869125961, 24.781963727189471 ], [ 92.355066460964721, 24.782067012200706 ], [ 92.355154169858309, 24.782163313412216 ], [ 92.359320828949208, 24.786330009951552 ], [ 92.359424167874522, 24.786423670278076 ], [ 92.35953706533698, 24.786507632567016 ], [ 92.359658434064158, 24.786581088195469 ], [ 92.359787105192027, 24.786643329726395 ], [ 92.359921839522613, 24.786693757722439 ], [ 92.360061339458937, 24.78673188651943 ], [ 92.360204261502957, 24.786757348904224 ], [ 92.360349229195435, 24.78676989965162 ], [ 92.360494846373811, 24.786769417886308 ], [ 92.360639710619509, 24.786755908247191 ], [ 92.360782426765965, 24.786729500842718 ], [ 92.360921620336342, 24.786690449997721 ], [ 92.361055950782301, 24.786639131803895 ], [ 92.361184124395564, 24.786576040497412 ], [ 92.361304906768311, 24.78650178369859 ], [ 92.36141713468227, 24.786417076559573 ], [ 92.36151972731173, 24.786322734876297 ], [ 92.361611696632934, 24.786219667231165 ], [ 92.361692156939228, 24.786108866242131 ], [ 92.361760333370711, 24.785991399002445 ], [ 92.36181556937575, 24.785868396803242 ], [ 92.361857333033143, 24.78574104423793 ], [ 92.36188522217347, 24.785610567793306 ], [ 92.361898968250827, 24.785478224037401 ], [ 92.361898438927483, 24.785345287517639 ], [ 92.361883639346559, 24.785213038486166 ], [ 92.361854712080884, 24.78508275057019 ], [ 92.361811935758112, 24.784955678506481 ], [ 92.36175572237579, 24.784833046057759 ], [ 92.361686613332168, 24.784716034227642 ], [ 92.36160527421093, 24.784605769887463 ], [ 92.361512488370309, 24.784503314924521 ], [ 92.357733777445674, 24.780724654438348 ], [ 92.357733733965688, 24.777083325478745 ], [ 92.357727389498493, 24.776958201927805 ], [ 92.357708413443802, 24.77683414830506 ], [ 92.357676968082941, 24.776712225260049 ], [ 92.357633322306881, 24.776593475222995 ], [ 92.357577849316115, 24.776478913492248 ], [ 92.357511023428742, 24.776369519553896 ], [ 92.357433416024094, 24.776266228707598 ], [ 92.357345690656857, 24.776169924070285 ], [ 92.349400293510897, 24.768224632941696 ], [ 92.349400250057883, 24.764583325476384 ], [ 92.349393104571249, 24.764450548182399 ], [ 92.349371740220619, 24.764319049749009 ], [ 92.349336362800088, 24.764190096572982 ], [ 92.34928731305412, 24.764064930535092 ], [ 92.349225063394343, 24.763944757040509 ], [ 92.349150213348608, 24.763830733410487 ], [ 92.349063483786097, 24.76372395773738 ], [ 92.348965709974067, 24.763625458310038 ], [ 92.348857833533231, 24.763536183711587 ], [ 92.348740893369268, 24.76345699368483 ], [ 92.348616015667673, 24.763388650853219 ], [ 92.34848440304846, 24.763331813377153 ], [ 92.348347322985049, 24.763287028616251 ], [ 92.348206095598954, 24.763254727858577 ], [ 92.3480620809475, 24.763235222167655 ], [ 92.347916665927357, 24.763228699387131 ], [ 92.34777125091955, 24.763235222332018 ], [ 92.347627236304774, 24.763254728183856 ], [ 92.347486008978777, 24.763287029095668 ], [ 92.347348928997306, 24.763331814000793 ], [ 92.347217316479785, 24.763388651608327 ], [ 92.347092438897121, 24.763456994556222 ], [ 92.346975498866328, 24.763536184682064 ], [ 92.34686762256969, 24.76362545936091 ], [ 92.34676984890946, 24.763723958848981 ], [ 92.346683119502842, 24.76383073456277 ], [ 92.346608269613625, 24.763944758213565 ], [ 92.346546020107695, 24.764064931709701 ], [ 92.346496970509833, 24.764190097731092 ], [ 92.346461593228938, 24.764319050874175 ], [ 92.346440229007158, 24.764450549260143 ], [ 92.346433083636782, 24.764583326494456 ], [ 92.346433034129987, 24.768749992141657 ] ] ] } },
{ "type": "Feature", "properties": { "ARCID": 746502, "UP_CELLS": 4070, "buffer_m": 80 }, "geometry": { "type": "Polygon", "coordinates": [ [ [ 92.463792129899005, 24.755969770032781 ], [ 92.460067697408988, 24.759694187108078 ], [ 92.456250012006848, 24.759694183039137 ], [ 92.45616798376534, 24.759698074972942 ], [ 92.456086839395695, 24.75970971109685 ], [ 92.456007453372933, 24.759728966010705 ], [ 92.455930681223663, 24.759755632208215 ], [ 92.455857350306687, 24.759789422313208 ], [ 92.455788250897086, 24.759829972176409 ], [ 92.455724127669839, 24.759876844799692 ], [ 92.455665671674808, 24.759929535045288 ], [ 92.44316566397751, 24.772429486919751 ], [ 92.443118873093695, 24.772480851688741 ], [ 92.443077478917019, 24.772535943107052 ], [ 92.443041835412643, 24.772594290092783 ], [ 92.443012247373559, 24.772655393725305 ], [ 92.442988967814088, 24.772718731511407 ], [ 92.442972195806178, 24.772783761852999 ], [ 92.442962074776801, 24.772849928678212 ], [ 92.442958691281163, 24.772916666196277 ], [ 92.442958508711001, 24.801803192645174 ], [ 92.434832061638261, 24.809929583881946 ], [ 92.434785277234255, 24.809980943079019 ], [ 92.434743889196255, 24.810036026359388 ], [ 92.434708251267438, 24.810094362936336 ], [ 92.434678668047141, 24.810155454217171 ], [ 92.434655392387327, 24.810218778064506 ], [ 92.434638623231294, 24.810283793258797 ], [ 92.434628503912961, 24.810349944123974 ], [ 92.434625120931472, 24.810416665276684 ], [ 92.434625043580837, 24.822636552660409 ], [ 92.43066526813746, 24.826596300874179 ], [ 92.430615558728164, 24.826651216493403 ], [ 92.430572016315665, 24.826710332484222 ], [ 92.430535064157013, 24.826773074217545 ], [ 92.430505061451228, 24.826838831819916 ], [ 92.430482299847498, 24.826906966101507 ], [ 92.430467000609852, 24.826976814769242 ], [ 92.43045931246597, 24.827047698864384 ], [ 92.430459310160984, 24.827118929362303 ], [ 92.430466993730448, 24.82718981387 ], [ 92.430482288499462, 24.827259663356504 ], [ 92.430505045808076, 24.827327798850629 ], [ 92.430535044455851, 24.827393558040882 ], [ 92.430571992851526, 24.827456301713653 ], [ 92.430615531847195, 24.827515419966776 ], [ 92.430665238228954, 24.827570338138255 ], [ 92.434624986940435, 24.83153011504384 ], [ 92.434624937500729, 24.839303248209866 ], [ 92.430665153678021, 24.84326300477904 ], [ 92.430618375272459, 24.843314359037038 ], [ 92.430576992918262, 24.84336943506813 ], [ 92.430541360157648, 24.843427762350352 ], [ 92.430511781414594, 24.843488842585231 ], [ 92.430488509393953, 24.843552153954665 ], [ 92.430471742922194, 24.843617155578883 ], [ 92.430461625248569, 24.843683292137129 ], [ 92.430458242820947, 24.843749998611845 ], [ 92.430458163254258, 24.856249997190869 ], [ 92.430461975638977, 24.856320811830464 ], [ 92.430473377140714, 24.856390944532528 ], [ 92.430492257969263, 24.856459719879318 ], [ 92.430518436303515, 24.856526475524127 ], [ 92.430551660042013, 24.856590568570063 ], [ 92.43059160923039, 24.856651381761711 ], [ 92.430637899142496, 24.856708329429772 ], [ 92.430690083985183, 24.856760863131548 ], [ 92.430747661191404, 24.856808476933004 ], [ 92.430810076260187, 24.856850712281396 ], [ 92.430876728096763, 24.856887162421565 ], [ 92.4309469748016, 24.856917476313502 ], [ 92.431020139852521, 24.856941362013202 ], [ 92.431095518620182, 24.856958589484439 ], [ 92.431172385154511, 24.856968992814302 ], [ 92.43124999917643, 24.856972471811137 ], [ 92.431327613207571, 24.856968992969477 ], [ 92.431404479769441, 24.856958589792818 ], [ 92.43147985858252, 24.85694136247092 ], [ 92.431553023696054, 24.856917476914845 ], [ 92.431623270479818, 24.856887163159062 ], [ 92.431689922410456, 24.856850713145974 ], [ 92.431752337587071, 24.856808477914164 ], [ 92.431809914913387, 24.85676086421752 ], [ 92.431862099886771, 24.856708330607727 ], [ 92.431908389938414, 24.856651383018004 ], [ 92.431948339273305, 24.85659056989039 ], [ 92.431981563163475, 24.856526476893819 ], [ 92.432007741652697, 24.856459721283517 ], [ 92.432026622637679, 24.856390945956392 ], [ 92.432038024295593, 24.856320813259384 ], [ 92.432041836834557, 24.856249998610611 ], [ 92.432041759345026, 24.844030093124569 ], [ 92.436001514993137, 24.84007031022011 ], [ 92.436048288005466, 24.840018956559771 ], [ 92.436089665360512, 24.839963881602216 ], [ 92.436125293597527, 24.839905555827706 ], [ 92.436154868369272, 24.839844477486121 ], [ 92.436178137041523, 24.839781168340522 ], [ 92.436194900851092, 24.83971616920989 ], [ 92.436205016603409, 24.839650035349077 ], [ 92.436208397895442, 24.839583331705516 ], [ 92.436208344892691, 24.831249997433282 ], [ 92.436204962238563, 24.831183286433237 ], [ 92.436194844129403, 24.831117145473506 ], [ 92.436178077028259, 24.831052139683738 ], [ 92.436154804208726, 24.830988824493438 ], [ 92.436125224530443, 24.830927740886295 ], [ 92.436089590739655, 24.83086941077789 ], [ 92.436048207309454, 24.830814332556418 ], [ 92.436001427838008, 24.830762976824406 ], [ 92.432321765893661, 24.827083352708737 ], [ 92.436001400537265, 24.823403680804855 ], [ 92.436048175127013, 24.823352325064302 ], [ 92.436089554040535, 24.823297247047783 ], [ 92.436125183739364, 24.823238917347449 ], [ 92.436154759808261, 24.823177834337514 ], [ 92.436178029555919, 24.823114519916032 ], [ 92.436194794173701, 24.823049515045632 ], [ 92.436204910434029, 24.822983375131408 ], [ 92.436208291913772, 24.822916665275464 ], [ 92.436208214562285, 24.810696827485778 ], [ 92.444334604461147, 24.802570381742065 ], [ 92.444381378237296, 24.802519024111174 ], [ 92.444422756584913, 24.802463943330771 ], [ 92.444458385913705, 24.802405610092084 ], [ 92.444487961762746, 24.802344522879483 ], [ 92.444511231402089, 24.802281203710603 ], [ 92.444527995992161, 24.80221619367537 ], [ 92.444538112282629, 24.802150048312086 ], [ 92.444541493836226, 24.802083332860015 ], [ 92.444541311264047, 24.773196902011556 ], [ 92.456599008668647, 24.761139154705468 ], [ 92.460416678673994, 24.761139150635536 ], [ 92.460498695341926, 24.761135257573702 ], [ 92.460579828244946, 24.761123622596362 ], [ 92.460659203268193, 24.761104371056959 ], [ 92.460735965236807, 24.761077710368678 ], [ 92.460809287130004, 24.761043927769695 ], [ 92.460878378991566, 24.761003387228431 ], [ 92.460942496440978, 24.760956525522015 ], [ 92.46100094869351, 24.76090384753028 ], [ 92.465167612781713, 24.756737164828436 ], [ 92.465214393952365, 24.756685800461284 ], [ 92.465255779325275, 24.756630709877932 ], [ 92.465291415047844, 24.756572364122562 ], [ 92.465320996430449, 24.756511262071584 ], [ 92.465344270551242, 24.756447926167994 ], [ 92.465361038418649, 24.756382897954172 ], [ 92.46537115667239, 24.756316733441501 ], [ 92.465374538808959, 24.756249998356186 ], [ 92.465374486044183, 24.747916664131889 ], [ 92.465370675933045, 24.747845848172538 ], [ 92.465359283293907, 24.747775714253002 ], [ 92.465340417856552, 24.747706937799766 ], [ 92.465314261316919, 24.74764018116516 ], [ 92.465281065586979, 24.747576087248525 ], [ 92.465241150368058, 24.747515273305005 ], [ 92.465194900071879, 24.747458325001094 ], [ 92.465142760118042, 24.747405790774607 ], [ 92.465085232644299, 24.747358176553117 ], [ 92.465022871670655, 24.747315940881816 ], [ 92.464956277763832, 24.747279490507701 ], [ 92.464886092253707, 24.747249176462578 ], [ 92.464812991057101, 24.747225290682657 ], [ 92.46473767816866, 24.74720806319721 ], [ 92.464660878881404, 24.747197659913414 ], [ 92.464583332802178, 24.747194181018692 ], [ 92.464505786729276, 24.747197660015907 ], [ 92.464428987460892, 24.747208063400773 ], [ 92.464353674603572, 24.747225290984481 ], [ 92.46428057344977, 24.747249176858514 ], [ 92.464210387993447, 24.747279490992362 ], [ 92.464143794150544, 24.747315941448687 ], [ 92.464081433249873, 24.747358177194677 ], [ 92.464023905857005, 24.747405791482496 ], [ 92.463971765990678, 24.747458325766264 ], [ 92.463925515787352, 24.747515274117912 ], [ 92.463885600665279, 24.747576088099283 ], [ 92.463852405034771, 24.747640182043714 ], [ 92.463826248595922, 24.747706938696091 ], [ 92.463807383259336, 24.747775715157218 ], [ 92.463795990719817, 24.747845849075098 ], [ 92.463792180706008, 24.747916665023656 ], [ 92.463792129899005, 24.755969770032781 ] ] ] } },
{ "type": "Feature", "properties": { "ARCID": 746651, "UP_CELLS": 6003, "buffer_m": 150 }, "geometry": { "type": "Polygon", "coordinates": [ [ [ 92.346433275504126, 24.748442159018296 ], [ 92.346433238517378, 24.751557894720811 ], [ 92.342654556303032, 24.755336528527941 ], [ 92.342561338783327, 24.755439511716443 ], [ 92.342479684348177, 24.755550379333439 ], [ 92.342410387349346, 24.75566805287696 ], [ 92.34235412193334, 24.755791387635199 ], [ 92.342311435482571, 24.755919183821501 ], [ 92.342282743288962, 24.756050198245422 ], [ 92.342268324512673, 24.756183156405914 ], [ 92.342268319464736, 24.756316764889437 ], [ 92.342282728240335, 24.756449723952013 ], [ 92.34231141071615, 24.756580740163212 ], [ 92.342354087911673, 24.756708538988686 ], [ 92.342410344701491, 24.7568318771892 ], [ 92.342479633852079, 24.756949554915252 ], [ 92.342561281344075, 24.757060427379781 ], [ 92.342654492928062, 24.757163415995347 ], [ 92.34643312708036, 24.760942100548409 ], [ 92.346433083636796, 24.76458332547638 ], [ 92.346440225867482, 24.76471610284954 ], [ 92.346461587070252, 24.764847601646679 ], [ 92.346496961568789, 24.764976555457491 ], [ 92.346546008727913, 24.765101722377473 ], [ 92.346608256232415, 24.765221896968566 ], [ 92.346683104634423, 24.76533592186858 ], [ 92.346769833125236, 24.765442698937846 ], [ 92.346867606476238, 24.765541199835578 ], [ 92.346975483082105, 24.765630475924073 ], [ 92.347092424028688, 24.7657096674054 ], [ 92.34721730309856, 24.76577801160251 ], [ 92.347348917617495, 24.765834850305009 ], [ 92.347486000037691, 24.765879636108735 ], [ 92.347627230146074, 24.765911937688262 ], [ 92.347771247779846, 24.765931443951295 ], [ 92.347916665927329, 24.765937967035025 ], [ 92.348062084087147, 24.765931444115651 ], [ 92.348206101757626, 24.765911938013556 ], [ 92.348347331926064, 24.76587963658816 ], [ 92.348484414428228, 24.765834850928659 ], [ 92.34861602904887, 24.765778012357654 ], [ 92.348740908237673, 24.765709668276823 ], [ 92.348857849317454, 24.765630476894575 ], [ 92.348965726067519, 24.765541200886474 ], [ 92.349063499570306, 24.765442700049476 ], [ 92.349150228217027, 24.765335923020885 ], [ 92.349225076775554, 24.765221898141657 ], [ 92.349287324433917, 24.76510172355211 ], [ 92.349336371741131, 24.764976556615622 ], [ 92.349371746379319, 24.764847602771873 ], [ 92.349393107710952, 24.764716103927295 ], [ 92.349400250057897, 24.764583326494471 ], [ 92.349400200562201, 24.76041665881111 ], [ 92.349393856193203, 24.760291527695976 ], [ 92.349374880437509, 24.760167466701514 ], [ 92.349343435593255, 24.760045536667015 ], [ 92.34929979057911, 24.759926780207032 ], [ 92.349244318633637, 24.759812212796124 ], [ 92.349177494122586, 24.759702814086019 ], [ 92.349099888481817, 24.759599519528891 ], [ 92.349012165330208, 24.759503212378931 ], [ 92.345758920324371, 24.756250029951303 ], [ 92.349012121852624, 24.752996766930728 ], [ 92.349099835661519, 24.752900459108236 ], [ 92.349177432386156, 24.752797164303821 ], [ 92.349244248535598, 24.752687765773246 ], [ 92.349299712806385, 24.752573198961944 ], [ 92.349343350966905, 24.752454443505798 ], [ 92.34937478991155, 24.752332514854189 ], [ 92.349393760849964, 24.752208455586818 ], [ 92.349400101604274, 24.752083326498717 ], [ 92.349400052141974, 24.747916658815253 ], [ 92.349393707142355, 24.747791515030727 ], [ 92.349374729509307, 24.747667441688776 ], [ 92.349343281589427, 24.747545499946074 ], [ 92.34929963238136, 24.747426732725419 ], [ 92.349244155233976, 24.747312155796148 ], [ 92.349177324652231, 24.747202749086917 ], [ 92.349099712237944, 24.747099448305086 ], [ 92.349011981800373, 24.747003136934417 ], [ 92.340678633322582, 24.738669863241174 ], [ 92.340575320736662, 24.738576215015847 ], [ 92.340462455000463, 24.738492265848365 ], [ 92.340341123064519, 24.738418824194962 ], [ 92.340212493405005, 24.738356597319786 ], [ 92.340077804771212, 24.73830618448428 ], [ 92.339938354256745, 24.738268071176631 ], [ 92.339795484808931, 24.73824262443685 ], [ 92.339650572297018, 24.738230089322411 ], [ 92.339505012263345, 24.738230586548578 ], [ 92.339360206485239, 24.738244111325994 ], [ 92.339217549476871, 24.738270533406844 ], [ 92.339078415061024, 24.738309598339125 ], [ 92.338944143140083, 24.738360929916844 ], [ 92.338816026793452, 24.738424033802673 ], [ 92.338695299825815, 24.738498302288225 ], [ 92.338583124885858, 24.738583020145889 ], [ 92.338480582270023, 24.738677371516214 ], [ 92.338388659519069, 24.738780447764313 ], [ 92.338308241907498, 24.738891256229707 ], [ 92.338240103917599, 24.739008729785429 ], [ 92.338184901780053, 24.739131737114313 ], [ 92.338143167153234, 24.739259093603511 ], [ 92.338115302001739, 24.739389572752387 ], [ 92.338101574723879, 24.739521917983954 ], [ 92.338102117565185, 24.739654854746036 ], [ 92.338116925343186, 24.739787102785755 ], [ 92.338145855495512, 24.739917388478975 ], [ 92.338188629451182, 24.7400444570962 ], [ 92.338244835311727, 24.740167084886522 ], [ 92.338313931816586, 24.74028409086344 ], [ 92.338395253554424, 24.740394348178928 ], [ 92.338488017370452, 24.740496794976242 ], [ 92.346433275504126, 24.748442159018296 ] ] ] } },
{ "type": "Feature", "properties": { "ARCID": 746908, "UP_CELLS": 5799, "buffer_m": 150 }, "geometry": { "type": "Polygon", "coordinates": [ [ [ 92.333933482378413, 24.731249991625379 ], [ 92.333939823379112, 24.731375135291245 ], [ 92.333958795352075, 24.73149920877708 ], [ 92.333990236073205, 24.731621150920589 ], [ 92.334033876675093, 24.73173991878512 ], [ 92.334089343945266, 24.731854496579828 ], [ 92.334156163517235, 24.731963904347669 ], [ 92.334233763926548, 24.732067206347057 ], [ 92.334321481497781, 24.732163519055447 ], [ 92.338100092549226, 24.735942180456725 ], [ 92.338100049162463, 24.739583325478165 ], [ 92.338107189955451, 24.739716103107426 ], [ 92.338128546856041, 24.739847602158115 ], [ 92.338163914229355, 24.739976556217496 ], [ 92.338212951508723, 24.740101723378718 ], [ 92.338275186474078, 24.740221898201405 ], [ 92.33835001979827, 24.740335923321172 ], [ 92.33843673081779, 24.740442700596248 ], [ 92.338534484472291, 24.740541201683897 ], [ 92.338642339346109, 24.740630477944617 ], [ 92.338759256734434, 24.740709669578827 ], [ 92.338884110646731, 24.740778013908038 ], [ 92.33901569865111, 24.740834852720585 ], [ 92.339152753455167, 24.740879638611279 ], [ 92.339293955111799, 24.740911940253845 ], [ 92.339437943732349, 24.740931446555372 ], [ 92.339583332584567, 24.740937969652684 ], [ 92.339728721449276, 24.740931446721866 ], [ 92.339872710106988, 24.740911940583352 ], [ 92.340013911824471, 24.740879639096931 ], [ 92.340150966711519, 24.740834853352339 ], [ 92.340282554818913, 24.740778014672976 ], [ 92.340407408851661, 24.740709670461559 ], [ 92.340524326374876, 24.74063047892772 ], [ 92.340632181394739, 24.740541202748435 ], [ 92.340729935202972, 24.740442701722319 ], [ 92.340816646380375, 24.740335924488445 ], [ 92.340891479863103, 24.740221899389724 ], [ 92.340953714984281, 24.740101724568611 ], [ 92.341002752413644, 24.73997655739068 ], [ 92.341038119928371, 24.739847603297921 ], [ 92.341059476959487, 24.739716104199172 ], [ 92.341066617870197, 24.739583326509472 ], [ 92.341066568441207, 24.735416658812888 ], [ 92.341060223617006, 24.735291510388187 ], [ 92.341041246512162, 24.735167432524698 ], [ 92.341009799480645, 24.735045486496066 ], [ 92.34096615153338, 24.734926715338677 ], [ 92.340910676035946, 24.734812134930479 ], [ 92.340843847514193, 24.734702725302181 ], [ 92.340766237594494, 24.734599422255155 ], [ 92.340678510113705, 24.734503109357686 ], [ 92.336899845504504, 24.730724495091376 ], [ 92.336899752520807, 24.722916658294825 ], [ 92.336892609376704, 24.72278388054556 ], [ 92.336871252137357, 24.722652381666137 ], [ 92.336835886528362, 24.722523428057624 ], [ 92.336786853180286, 24.722398261605019 ], [ 92.336724624346814, 24.722278087717502 ], [ 92.336649799355186, 24.722164063720182 ], [ 92.336563098833224, 24.722057287708957 ], [ 92.336465357768517, 24.721958787975996 ], [ 92.336357517466425, 24.721869513107404 ], [ 92.336240616484616, 24.721790322848619 ], [ 92.336115780631275, 24.721721979825375 ], [ 92.335984212123464, 24.721665142199942 ], [ 92.335847178009885, 24.721620357333375 ], [ 92.335705997969583, 24.721588056514783 ], [ 92.33556203160407, 24.721568550808261 ], [ 92.335416665345051, 24.721562028057619 ], [ 92.335271299104079, 24.721568551077564 ], [ 92.335127332792311, 24.721588057048891 ], [ 92.334986152840344, 24.721620358123435 ], [ 92.334849118847842, 24.721665143232933 ], [ 92.334717550491376, 24.721721981084499 ], [ 92.334592714816552, 24.721790324313659 ], [ 92.334475814036907, 24.721869514755259 ], [ 92.33436797395666, 24.721958789781279 ], [ 92.334270233129288, 24.72205728964456 ], [ 92.334183532855761, 24.72216406575793 ], [ 92.334108708119302, 24.722278089828809 ], [ 92.334046479543417, 24.722398263761459 ], [ 92.333997446451292, 24.722523430231551 ], [ 92.333962081092764, 24.722652383831228 ], [ 92.333940724095072, 24.722783882677245 ], [ 92.333933581180816, 24.722916660370672 ], [ 92.333933482378413, 24.731249991625379 ] ] ] } },
{ "type": "Feature", "properties": { "ARCID": 747029, "UP_CELLS": 3668, "buffer_m": 80 }, "geometry": { "type": "Polygon", "coordinates": [ [ [ 92.44733266997811, 24.719237272285547 ], [ 92.447391099910959, 24.719289931426374 ], [ 92.447455189919111, 24.719336775853133 ], [ 92.447524249793048, 24.719377301075976 ], [ 92.447597535798081, 24.719411070659028 ], [ 92.447674258684188, 24.71943772092084 ], [ 92.447753592186004, 24.719456964851179 ], [ 92.447834681921776, 24.719468595202166 ], [ 92.447916654594891, 24.719472486720363 ], [ 92.451292362190358, 24.719472495960456 ], [ 92.451292340212447, 24.722916664351953 ], [ 92.451295722193635, 24.72298340769056 ], [ 92.451305840110493, 24.72304958025348 ], [ 92.451322607441483, 24.723114616108671 ], [ 92.451345880796296, 24.723177959044737 ], [ 92.45137546114178, 24.72323906732796 ], [ 92.451411095503914, 24.723297418335459 ], [ 92.451452479130964, 24.723352513024974 ], [ 92.451499258099801, 24.723403880202994 ], [ 92.463792258313177, 24.735696967442749 ], [ 92.463792180706022, 24.74791666390891 ], [ 92.463795989803629, 24.747987479898001 ], [ 92.463807381461464, 24.748057613935959 ], [ 92.463826245984094, 24.74812639059218 ], [ 92.463852401707328, 24.74819314750733 ], [ 92.463885596747375, 24.748257241772311 ], [ 92.463925511426254, 24.748318056119981 ], [ 92.463971761350081, 24.748375004869914 ], [ 92.464023901110764, 24.748427539569025 ], [ 92.464081428575412, 24.748475154273699 ], [ 92.464143789722073, 24.748517390422514 ], [ 92.464210383975313, 24.748553841252662 ], [ 92.464280569990166, 24.748584155717495 ], [ 92.46435367182896, 24.748608041867527 ], [ 92.464428985471187, 24.748625269662238 ], [ 92.464505785594, 24.748635673185611 ], [ 92.464583332558007, 24.748639152244145 ], [ 92.464660879530669, 24.748635673331812 ], [ 92.464737679679416, 24.748625269952807 ], [ 92.464812993364376, 24.748608042298809 ], [ 92.464886095262131, 24.748584156284092 ], [ 92.464956281351292, 24.748553841947547 ], [ 92.465022875693066, 24.748517391237154 ], [ 92.465085236941249, 24.748475155198186 ], [ 92.465142764518959, 24.74842754059226 ], [ 92.465194904402679, 24.74837500597982 ], [ 92.465241154457843, 24.748318057303695 ], [ 92.465281069274653, 24.748257243016376 ], [ 92.465314264457504, 24.748193148797903 ], [ 92.465340420326612, 24.74812639191526 ], [ 92.465359284996509, 24.74805761527757 ], [ 92.465370676801385, 24.747987481244376 ], [ 92.465374486044198, 24.747916665246642 ], [ 92.46537440694155, 24.735416663910083 ], [ 92.465371022878401, 24.735349912664997 ], [ 92.465360900624532, 24.735283732476315 ], [ 92.465344126780082, 24.735218689473776 ], [ 92.465320844844754, 24.735155340058302 ], [ 92.465291253989932, 24.735094226142493 ], [ 92.465255607354621, 24.735035870514878 ], [ 92.46521420987979, 24.734980772367994 ], [ 92.465167415699426, 24.734929403028204 ], [ 92.452874324858357, 24.722636399195878 ], [ 92.452874300201799, 24.718749997685684 ], [ 92.452870490937428, 24.71867918090291 ], [ 92.45285910078303, 24.718609046178635 ], [ 92.452840239446488, 24.718540268959934 ], [ 92.452814088587701, 24.718473511619045 ], [ 92.45278090006866, 24.718409417074319 ], [ 92.452740993527328, 24.718348602598613 ], [ 92.452694753299085, 24.718291653874683 ], [ 92.452642624715054, 24.718239119354781 ], [ 92.452585109812986, 24.718191504978897 ], [ 92.452522762502298, 24.718149269302398 ], [ 92.452456183229543, 24.718112819080037 ], [ 92.452386013195806, 24.718082505348832 ], [ 92.452312928181684, 24.718058620047493 ], [ 92.452237632039328, 24.718041393205034 ], [ 92.45216084991425, 24.718030990725595 ], [ 92.452083321262037, 24.71802751279073 ], [ 92.448265439590458, 24.718027517612725 ], [ 92.444333988246214, 24.714096074557794 ], [ 92.444278891534239, 24.714046133956771 ], [ 92.444218701373188, 24.714001366867219 ], [ 92.444153997424806, 24.713962204414976 ], [ 92.444085402818715, 24.713929023750445 ], [ 92.444013578151427, 24.713902144416657 ], [ 92.443939215124729, 24.71388182527205 ], [ 92.443863029884611, 24.713868261997735 ], [ 92.443785756124726, 24.713861585213078 ], [ 92.443708138021009, 24.713861859217854 ], [ 92.443630923065328, 24.713869081373058 ], [ 92.443554854867259, 24.713883182126356 ], [ 92.443480665993178, 24.713904025681824 ], [ 92.44340907091167, 24.713931411307684 ], [ 92.443340759113312, 24.713965075269364 ], [ 92.443276388470792, 24.714004693369215 ], [ 92.443216578903488, 24.714049884068569 ], [ 92.443161906407596, 24.714100212161913 ], [ 92.443112897508954, 24.714155192968008 ], [ 92.443070024192465, 24.714214296997334 ], [ 92.443033699356334, 24.714276955051194 ], [ 92.44300427283568, 24.714342563703198 ], [ 92.442982028032972, 24.714410491110392 ], [ 92.442967179188457, 24.714480083098074 ], [ 92.442959869316468, 24.71455066945974 ], [ 92.442960168827682, 24.714621570411452 ], [ 92.442968074850526, 24.714692103138471 ], [ 92.442983511258362, 24.714761588371125 ], [ 92.44300632940211, 24.714829356926597 ], [ 92.443036309541355, 24.71489475615358 ], [ 92.443073162960204, 24.714957156217803 ], [ 92.443116534747347, 24.715015956167829 ], [ 92.443166007213861, 24.715070589722718 ], [ 92.44733266997811, 24.719237272285547 ] ] ] } },
{ "type": "Feature", "properties": { "ARCID": 747101, "UP_CELLS": 147169, "buffer_m": 250 }, "geometry": { "type": "Polygon", "coordinates": [ [ [ 92.05734093965161, 24.791492443814523 ], [ 92.054556303382654, 24.788707847226991 ], [ 92.054556237718401, 24.78541664500435 ], [ 92.054545663492334, 24.785208134871095 ], [ 92.054514039796047, 24.785001407566558 ], [ 92.054461637071512, 24.784798230316657 ], [ 92.054388903386524, 24.784600339990789 ], [ 92.05429646060108, 24.784409428254641 ], [ 92.054185099048297, 24.784227127109624 ], [ 92.054055770775733, 24.784054994942633 ], [ 92.053909581404611, 24.783894503205264 ], [ 92.05038946958264, 24.780374470423624 ], [ 92.050389339156297, 24.773792293144485 ], [ 92.058075968126417, 24.76610550137881 ], [ 92.058231301664293, 24.765933865965735 ], [ 92.05836736288299, 24.765749094179423 ], [ 92.058482828389117, 24.76555298330949 ], [ 92.058576575142041, 24.765347440933759 ], [ 92.058647691374802, 24.765134466361641 ], [ 92.058695485459239, 24.764916131185682 ], [ 92.058719492629336, 24.764694559130213 ], [ 92.058719479497412, 24.764471905393346 ], [ 92.058695446319234, 24.7642503356833 ], [ 92.058647626986712, 24.764032005152842 ], [ 92.058576486747938, 24.763819037436893 ], [ 92.058482717677052, 24.763613503997103 ], [ 92.05836723193859, 24.763417403974326 ], [ 92.058231152911233, 24.763232644744914 ], [ 92.058075804258237, 24.763061023369826 ], [ 92.053909123833733, 24.758894406358028 ], [ 92.053726465091373, 24.758729780601961 ], [ 92.053526101180765, 24.758583332086634 ], [ 92.053310191134329, 24.758456638830154 ], [ 92.053081061475154, 24.758351065977553 ], [ 92.052841181149731, 24.758267751093072 ], [ 92.052593134926909, 24.758207591904611 ], [ 92.052339595549867, 24.758171236632059 ], [ 92.052083294940914, 24.75815907700397 ], [ 92.049007098018208, 24.758159089866737 ], [ 92.046222304778198, 24.755374336265795 ], [ 92.046222256978027, 24.752959040045187 ], [ 92.049742234533596, 24.749438988031045 ], [ 92.049888416148477, 24.749278482552576 ], [ 92.050017736705783, 24.749106332100816 ], [ 92.050129090415382, 24.748924008786002 ], [ 92.050221525140117, 24.748733071703523 ], [ 92.0502942505357, 24.748535153600649 ], [ 92.05034664480668, 24.748331946913495 ], [ 92.050378260020622, 24.748125189293951 ], [ 92.050388825935201, 24.747916648750088 ], [ 92.050388661106226, 24.739583310469005 ], [ 92.050378084048447, 24.739374734278734 ], [ 92.050346452171709, 24.739167942606485 ], [ 92.050294036156743, 24.738964704333359 ], [ 92.050221284464897, 24.738766757936361 ], [ 92.050128819498681, 24.738575796618207 ], [ 92.050017432274743, 24.738393453824504 ], [ 92.049888075655176, 24.738221289272513 ], [ 92.049741856194586, 24.738060775610624 ], [ 92.037241814898721, 24.725560924384563 ], [ 92.037070467100307, 24.725405529952855 ], [ 92.036883336723164, 24.725266147700328 ], [ 92.036682209644255, 24.725144107780366 ], [ 92.036469005296198, 24.72504057484057 ], [ 92.036245758350503, 24.724956536909801 ], [ 92.036014599302035, 24.724892795970664 ], [ 92.035777734139728, 24.724849960307335 ], [ 92.035537423297285, 24.724828438701586 ], [ 92.03529596008481, 24.724828436532533 ], [ 92.035055648807031, 24.724849953817074 ], [ 92.034818782776625, 24.724892785209914 ], [ 92.034587622432383, 24.724956521963026 ], [ 92.034364373771012, 24.725040555825885 ], [ 92.034151167297921, 24.725144084849308 ], [ 92.033950037698034, 24.725266121037585 ], [ 92.033762904420328, 24.7254054997758 ], [ 92.033591553361362, 24.72556089094256 ], [ 92.025993311265253, 24.733159095067176 ], [ 92.024006723795978, 24.733159096172407 ], [ 92.020575152659219, 24.729727549208636 ], [ 92.02039254401133, 24.72956296602986 ], [ 92.020192241558249, 24.7294165565194 ], [ 92.019976403056774, 24.729289897826717 ], [ 92.019747353598262, 24.729184354336489 ], [ 92.019507560563724, 24.729101062973314 ], [ 92.019259607047275, 24.729040920956482 ], [ 92.019006164033996, 24.729004576136575 ], [ 92.018749961631897, 24.728992420018066 ], [ 92.015673258883339, 24.728992432927548 ], [ 92.003908288584469, 24.717227545613138 ], [ 92.003725699169948, 24.717062964431154 ], [ 92.003525418059368, 24.716916556739839 ], [ 92.003309602756531, 24.716789899652095 ], [ 92.003080578078041, 24.716684357520656 ], [ 92.002840811111554, 24.716601067243257 ], [ 92.002592884642723, 24.716540926017807 ], [ 92.00233946933669, 24.716504581679349 ], [ 92.002083294973758, 24.716492425722905 ], [ 91.997916703481081, 24.716492428100519 ], [ 91.997660543243882, 24.71650458301939 ], [ 91.997407141678153, 24.71654092367914 ], [ 91.997159228117681, 24.716601058657794 ], [ 91.996919472794474, 24.71668434024949 ], [ 91.996690458082441, 24.716789871439936 ], [ 91.996474650686679, 24.716916515566673 ], [ 91.996274375077647, 24.717062908560283 ], [ 91.996091788456397, 24.717227473634754 ], [ 91.99374991594199, 24.719569364328787 ], [ 91.983074767782952, 24.708894162409802 ], [ 91.982902616986749, 24.708738109091815 ], [ 91.982714551226124, 24.708598221091307 ], [ 91.982512381656022, 24.708475845550037 ], [ 91.982298055234949, 24.70837216095773 ], [ 91.982073635976477, 24.708288165804664 ], [ 91.981841285074211, 24.708224668967542 ], [ 91.981603240091687, 24.708182281921196 ], [ 91.98136179341725, 24.708161412851076 ], [ 91.981119270191641, 24.708162262723146 ], [ 91.980878005920275, 24.70818482334905 ], [ 91.980640323985881, 24.7082288774651 ], [ 91.980408513277808, 24.708294000824374 ], [ 91.980184806153375, 24.708379566281728 ], [ 91.979971356943011, 24.708484749832436 ], [ 91.979770221206493, 24.708608538546404 ], [ 91.979583335939552, 24.708749740321512 ], [ 91.97941250092147, 24.708906995362216 ], [ 91.979259361383399, 24.709078789273065 ], [ 91.979125392163922, 24.709263467640941 ], [ 91.979011883504782, 24.70945925196586 ], [ 91.978919928623455, 24.709664256786763 ], [ 91.978850413182187, 24.70987650783773 ], [ 91.978804006755411, 24.710093961059538 ], [ 91.978781156377309, 24.710314522283795 ], [ 91.978782082232257, 24.710536067399932 ], [ 91.97880677552962, 24.710756462811023 ], [ 91.978854998583572, 24.710973585981286 ], [ 91.978926287097352, 24.711185345877617 ], [ 91.979019954630189, 24.711389703108075 ], [ 91.979135099203987, 24.711584689563367 ], [ 91.979270611986422, 24.711768427372345 ], [ 91.979425187966697, 24.711939146988595 ], [ 91.991925146082707, 24.724439295622439 ], [ 91.992096486128133, 24.724594646384816 ], [ 91.992283602641891, 24.724733987781857 ], [ 91.992484710363343, 24.724855990330742 ], [ 91.992697890521228, 24.724959489977497 ], [ 91.99292110914196, 24.725043499204975 ], [ 91.993152236457874, 24.725107216456458 ], [ 91.993389067230112, 24.725150033784704 ], [ 91.993629341792186, 24.725171542653541 ], [ 91.99387076761333, 24.725171537836609 ], [ 91.994111041175657, 24.725150019375928 ], [ 91.994347869956229, 24.725107192581618 ], [ 91.994578994304277, 24.725043466072858 ], [ 91.994802209004504, 24.724959447878632 ], [ 91.99501538432051, 24.724855939635628 ], [ 91.995216486317801, 24.724733928938569 ], [ 91.995403596271743, 24.724594579916122 ], [ 91.995574928975827, 24.724439222122257 ], [ 91.999006551047529, 24.721007583032879 ], [ 92.000993380156004, 24.72100758416704 ], [ 92.012758292131039, 24.73277257917389 ], [ 92.01294088869075, 24.732937127930779 ], [ 92.013141174194473, 24.733083507118383 ], [ 92.013356991649516, 24.7332101402469 ], [ 92.013586016763014, 24.733315663484237 ], [ 92.013825782975772, 24.733398940346472 ], [ 92.014073708029287, 24.733459073939574 ], [ 92.014327121779999, 24.733495416620524 ], [ 92.014583294960659, 24.733507576973668 ], [ 92.017659926774087, 24.733507589886553 ], [ 92.021091455846133, 24.736939143140955 ], [ 92.021274062063966, 24.737103714468063 ], [ 92.021474361629927, 24.73725011433492 ], [ 92.0216901970729, 24.73737676579001 ], [ 92.021919243553938, 24.737482304597147 ], [ 92.022159033909787, 24.737565593932459 ], [ 92.022406985230489, 24.737625736631642 ], [ 92.02266042668478, 24.737662084855458 ], [ 92.022916628293316, 24.737674247069251 ], [ 92.027083370200145, 24.737674249386803 ], [ 92.027339564319306, 24.737662088184969 ], [ 92.027592998596717, 24.737625742401864 ], [ 92.027840943293612, 24.737565603513268 ], [ 92.028080727807819, 24.737482319269954 ], [ 92.028309769443013, 24.737376786719825 ], [ 92.028525601230385, 24.737250142544656 ], [ 92.028725898502884, 24.73710375081528 ], [ 92.028908503935739, 24.736939188297455 ], [ 92.03541662677263, 24.730431115686589 ], [ 92.045444657317503, 24.740459167210361 ], [ 92.045444527133071, 24.747040958140129 ], [ 92.04192447030718, 24.750560940522799 ], [ 92.041778270993248, 24.750721445323045 ], [ 92.041648932963852, 24.750893596686844 ], [ 92.041537562327122, 24.751075922454898 ], [ 92.041445111555419, 24.751266863455029 ], [ 92.041372371337999, 24.751464786834489 ], [ 92.041319963817045, 24.751668000022544 ], [ 92.041288337264291, 24.751874765203898 ], [ 92.041277762244377, 24.752083314179352 ], [ 92.041277679783519, 24.75624997835375 ], [ 92.041288245103758, 24.756458509511816 ], [ 92.041319859304267, 24.756665258013452 ], [ 92.041372252175989, 24.756868456082767 ], [ 92.041444975839141, 24.757066366292811 ], [ 92.041537408569397, 24.757257296421773 ], [ 92.041648760110888, 24.757439613922905 ], [ 92.041778078430724, 24.757611759884444 ], [ 92.041924257857076, 24.757772262360131 ], [ 92.046090910728793, 24.761938978673484 ], [ 92.04627355972778, 24.762103586325861 ], [ 92.046473911795786, 24.762250019473452 ], [ 92.046689808370658, 24.762376700422177 ], [ 92.04691892338856, 24.762482264285893 ], [ 92.04715878834692, 24.762565573693969 ], [ 92.0474068189029, 24.762625731047439 ], [ 92.047660342721045, 24.762662088191494 ], [ 92.047916628269689, 24.762674253400149 ], [ 92.050992822312637, 24.762674266265929 ], [ 92.052901915569166, 24.764583405334541 ], [ 92.046090730212867, 24.771394376831985 ], [ 92.045944528059238, 24.771554875962497 ], [ 92.045815187976004, 24.771727018948745 ], [ 92.045703815910798, 24.771909333940215 ], [ 92.045611364194812, 24.772100262108047 ], [ 92.045538623398159, 24.772298170972217 ], [ 92.045486215567848, 24.772501368358736 ], [ 92.045454588906168, 24.772708116867328 ], [ 92.04544401393521, 24.772916648726166 ], [ 92.045443848809541, 24.781249977097563 ], [ 92.045454413248791, 24.781458479450777 ], [ 92.045486025097986, 24.781665199890153 ], [ 92.045538414241875, 24.781868371361021 ], [ 92.045611132954619, 24.782066257136893 ], [ 92.045703559723563, 24.782257165665591 ], [ 92.045814904559137, 24.782439465029537 ], [ 92.045944215745067, 24.782611596896466 ], [ 92.046090387971631, 24.782772089841401 ], [ 92.049610413467207, 24.786292194392509 ], [ 92.049610347801533, 24.789583311667155 ], [ 92.04962091210038, 24.789791804336975 ], [ 92.049652523289581, 24.789998515330627 ], [ 92.049704911284678, 24.790201677838223 ], [ 92.049777628411192, 24.790399555371113 ], [ 92.049870053227821, 24.790590456604594 ], [ 92.049981395835019, 24.790772749834908 ], [ 92.050110704623904, 24.790944876926904 ], [ 92.050256874407879, 24.791105366632987 ], [ 92.054423527265072, 24.795272083017309 ], [ 92.054606228740184, 24.795436735304524 ], [ 92.054806645550073, 24.795583209832213 ], [ 92.05502261781227, 24.795709928005291 ], [ 92.055251817976398, 24.795815524142743 ], [ 92.055491775910184, 24.795898860198083 ], [ 92.055739905523339, 24.795959038026261 ], [ 92.055993532641963, 24.795995409064879 ], [ 92.056249923833136, 24.796007581325224 ], [ 92.064583408048421, 24.796007585787734 ], [ 92.06482581592762, 24.795996708079048 ], [ 92.065065888461447, 24.795964192955754 ], [ 92.065301313498026, 24.795910353569159 ], [ 92.065529823652113, 24.795835708445466 ], [ 92.065749218145754, 24.79574097649116 ], [ 92.065957384006708, 24.795627070068264 ], [ 92.066152316420769, 24.795495086206177 ], [ 92.066332138041631, 24.795346296034896 ], [ 92.066495117072378, 24.7951821325412 ], [ 92.066639683944217, 24.79500417676611 ], [ 92.066764446431947, 24.794814142576417 ], [ 92.066868203060594, 24.794613860157028 ], [ 92.0669499546742, 24.79440525838336 ], [ 92.067008914055151, 24.794190346243379 ], [ 92.067044513501941, 24.793971193488488 ], [ 92.06705641029221, 24.79374991069956 ], [ 92.06704448997877, 24.793528628960043 ], [ 92.067008867486877, 24.793309479332191 ], [ 92.066949886002774, 24.793094572333789 ], [ 92.066868113663745, 24.792885977613249 ], [ 92.066764338082365, 24.792685704018623 ], [ 92.066639558757544, 24.792495680252607 ], [ 92.066494977445529, 24.792317736299655 ], [ 92.066331986583961, 24.792153585804101 ], [ 92.066152155880346, 24.792004809568841 ], [ 92.065957217194324, 24.791872840333543 ], [ 92.065749047859185, 24.791758948978714 ], [ 92.065529652603459, 24.791664232288589 ], [ 92.065301144246348, 24.791589602390442 ], [ 92.065065723353143, 24.79153577797215 ], [ 92.0648256570462, 24.791503277362249 ], [ 92.064583257175542, 24.791492413539377 ], [ 92.05734093965161, 24.791492443814523 ] ] ] } },
{ "type": "Feature", "properties": { "ARCID": 747227, "UP_CELLS": 154997, "buffer_m": 250 }, "geometry": { "type": "Polygon", "coordinates": [ [ [ 91.974006358082647, 24.708159132445996 ], [ 91.970574596212884, 24.704727394898086 ], [ 91.970403283431153, 24.70457204430981 ], [ 91.97021619753896, 24.704432702753078 ], [ 91.970015123475861, 24.704310699610726 ], [ 91.96980197961723, 24.704207198844667 ], [ 91.969578799472998, 24.704123187892737 ], [ 91.969347712288666, 24.7040594682495 ], [ 91.969110922733719, 24.704016647820925 ], [ 91.968870689871082, 24.703995135125741 ], [ 91.968629305607948, 24.703995135398763 ], [ 91.968389072833645, 24.704016648633328 ], [ 91.968152283452795, 24.704059469581541 ], [ 91.967921196523292, 24.704123189712224 ], [ 91.967698016707288, 24.704207201108023 ], [ 91.967484873240906, 24.70431070226438 ], [ 91.96728379962299, 24.704432705735215 ], [ 91.967096714216495, 24.704572047552347 ], [ 91.966925401947648, 24.70472739832881 ], [ 91.963493644755786, 24.708159138633356 ], [ 91.957339652691033, 24.708159142283851 ], [ 91.949741202422942, 24.700560746010304 ], [ 91.949558637449471, 24.700396193162611 ], [ 91.949358387594984, 24.700249812303372 ], [ 91.949142609714684, 24.700123180028232 ], [ 91.948913627885887, 24.700017660225182 ], [ 91.948673908378012, 24.69993438938679 ], [ 91.948426033091977, 24.699874264371594 ], [ 91.94817267175543, 24.699837932746107 ], [ 91.94791655317249, 24.699825785811512 ], [ 91.93541677852545, 24.699825793362429 ], [ 91.935174564150032, 24.699836653897172 ], [ 91.934934681252301, 24.699869150796552 ], [ 91.934699439914056, 24.699922971109999 ], [ 91.934471105524864, 24.699997596541362 ], [ 91.93425187696954, 24.700092308439494 ], [ 91.934043865455564, 24.700206194718028 ], [ 91.933849074184138, 24.700338158637642 ], [ 91.933669379060703, 24.700486929366505 ], [ 91.933506510630593, 24.700651074216964 ], [ 91.93336203741346, 24.700829012441023 ], [ 91.933237350797441, 24.701019030451612 ], [ 91.933133651637945, 24.701219298323252 ], [ 91.933051938690767, 24.701427887413224 ], [ 91.932992998990457, 24.701642788933714 ], [ 91.932957400267313, 24.701861933295973 ], [ 91.932945485475443, 24.702083210040481 ], [ 91.93295736948555, 24.702304488160991 ], [ 91.932992937973708, 24.702523636626946 ], [ 91.93305184851765, 24.702738544906481 ], [ 91.933133533889759, 24.702947143292505 ], [ 91.933237207515418, 24.703147422835968 ], [ 91.933361871044369, 24.703337454694388 ], [ 91.93350632396205, 24.703515408709283 ], [ 91.933669175148907, 24.703679571033337 ], [ 91.933848856275944, 24.703828360637814 ], [ 91.934043636908015, 24.703960344540839 ], [ 91.93425164116907, 24.704074251609949 ], [ 91.934470865809217, 24.70416898480596 ], [ 91.934699199499121, 24.704243631750028 ], [ 91.93493444316627, 24.704297473512142 ], [ 91.935174331176796, 24.704329991536305 ], [ 91.935416553159001, 24.704340872635701 ], [ 91.946827037790982, 24.704340920969429 ], [ 91.954425391851089, 24.711939329045698 ], [ 91.954607948658648, 24.712103851292767 ], [ 91.954808186927949, 24.712250206696506 ], [ 91.955023950571132, 24.712376819312563 ], [ 91.955252916301717, 24.712482325780005 ], [ 91.955492618652954, 24.712565590003962 ], [ 91.955740476528305, 24.712625715390942 ], [ 91.955993820997918, 24.712662054504964 ], [ 91.956249924041771, 24.712674216040391 ], [ 91.964583407685424, 24.712674220984489 ], [ 91.964839518029663, 24.712662059086338 ], [ 91.965092869644081, 24.71262571828111 ], [ 91.965340734285135, 24.712565589903868 ], [ 91.965580442804722, 24.712482321448313 ], [ 91.965809413897233, 24.712376809593259 ], [ 91.966025181900122, 24.712250190545426 ], [ 91.966225423348249, 24.712103827802533 ], [ 91.966407981995872, 24.711939297468547 ], [ 91.968750000427917, 24.709597297300625 ], [ 91.971092012200543, 24.711939297345761 ], [ 91.971274570975197, 24.712103828462556 ], [ 91.971474812668077, 24.712250191975674 ], [ 91.971690581034977, 24.712376811766195 ], [ 91.971919552609862, 24.712482324320462 ], [ 91.972159261726489, 24.712565593415221 ], [ 91.972407127072472, 24.712625722354961 ], [ 91.972660479489761, 24.712662063629644 ], [ 91.972916590721624, 24.712674225888776 ], [ 91.981250074364638, 24.71267423075362 ], [ 91.981492315608051, 24.712663353182773 ], [ 91.981732223116637, 24.712630838406078 ], [ 91.981967486328244, 24.712576999571166 ], [ 91.98219583941642, 24.712502355198513 ], [ 91.982415083116067, 24.712407624186969 ], [ 91.982623105907194, 24.7122937188891 ], [ 91.982817904353439, 24.712161736323154 ], [ 91.982997602398484, 24.712012947606301 ], [ 91.983160469435191, 24.711848785711094 ], [ 91.983304936972928, 24.711670831662975 ], [ 91.983429613742601, 24.711480799311982 ], [ 91.983533299094219, 24.711280518825301 ], [ 91.983614994557541, 24.711071919059762 ], [ 91.983673913455107, 24.710857008984124 ], [ 91.983709488474602, 24.710637858330124 ], [ 91.983721377128248, 24.710416577658613 ], [ 91.983709465046616, 24.710195298033 ], [ 91.983673867075197, 24.70997615049551 ], [ 91.983614926163611, 24.709761245544204 ], [ 91.983533210058098, 24.709552652808153 ], [ 91.983429505829491, 24.709352381116695 ], [ 91.98330481228939, 24.709162359154579 ], [ 91.983160330367994, 24.70898441688923 ], [ 91.982997451545927, 24.708820267949033 ], [ 91.982817744452007, 24.708671493122168 ], [ 91.982622939755842, 24.708539525134899 ], [ 91.982414913500875, 24.708425634855828 ], [ 91.982195669038234, 24.708330919058852 ], [ 91.981967317735581, 24.708256289862621 ], [ 91.981732058646315, 24.708202465948112 ], [ 91.981492157335239, 24.708169965638827 ], [ 91.981249924064031, 24.70815910191023 ], [ 91.974006358082647, 24.708159132445996 ] ] ] } },
{ "type": "Feature", "properties": { "ARCID": 747228, "UP_CELLS": 7676, "buffer_m": 150 }, "geometry": { "type": "Polygon", "coordinates": [ [ [ 92.055596213028522, 24.704895443148622 ], [ 92.052083355609383, 24.704895436632807 ], [ 92.051929680984486, 24.704902728820571 ], [ 92.051777661156436, 24.704924531016367 ], [ 92.051628933333276, 24.704960608415536 ], [ 92.051485099272085, 24.705010572473611 ], [ 92.051347708030207, 24.705073885090517 ], [ 92.051218239283415, 24.705149864405257 ], [ 92.051098087391352, 24.705237692138862 ], [ 92.05098854638112, 24.705336422406308 ], [ 92.047262808004589, 24.709062149586263 ], [ 92.027737189231573, 24.709062156021599 ], [ 92.02401144478641, 24.705336427293609 ], [ 92.023901898159494, 24.705237692833453 ], [ 92.023781739672515, 24.705149862082347 ], [ 92.023652263565666, 24.70507388105835 ], [ 92.023514864430311, 24.705010568145102 ], [ 92.02337102218857, 24.704960605277805 ], [ 92.023222286154009, 24.704924530598902 ], [ 92.02307025834547, 24.704902732662305 ], [ 92.022916576233229, 24.704895446248834 ], [ 92.006903806756782, 24.704895486538447 ], [ 92.003178052469664, 24.70116974801374 ], [ 92.003068512676464, 24.701071019307808 ], [ 92.002948362403473, 24.70098319354387 ], [ 92.002818895702561, 24.700907216613285 ], [ 92.002681506956264, 24.700843906792453 ], [ 92.002537675860694, 24.700793945930677 ], [ 92.002388951489905, 24.700757872107232 ], [ 92.002236935613524, 24.700736073836836 ], [ 92.002083265447055, 24.700728785885762 ], [ 91.98958340066018, 24.700728790184467 ], [ 91.989429726317141, 24.700736078662494 ], [ 91.989277706433725, 24.700757878289981 ], [ 91.989128978367376, 24.700793954268484 ], [ 91.988985144023417, 24.700843918033431 ], [ 91.988847752602965, 24.700907231438851 ], [ 91.988718283918217, 24.700983212553243 ], [ 91.988598132454783, 24.701071043003783 ], [ 91.988488592352724, 24.701169776790138 ], [ 91.980155251644035, 24.709503049924511 ], [ 91.980062492051104, 24.709605469888761 ], [ 91.979981168584928, 24.709715702107751 ], [ 91.97991206445046, 24.709832685004354 ], [ 91.979855845181845, 24.709955291987132 ], [ 91.979813052231975, 24.710082342299359 ], [ 91.979784097756919, 24.7102126123897 ], [ 91.979769260645185, 24.710344847695279 ], [ 91.979768683830301, 24.710477774723369 ], [ 91.979782372912581, 24.710610113315639 ], [ 91.9798101961035, 24.71074058897673 ], [ 91.979851885493076, 24.710867945148422 ], [ 91.979907039628458, 24.710990955311207 ], [ 91.979975127378566, 24.711108434796753 ], [ 91.980055493047956, 24.711219252197363 ], [ 91.980147362690403, 24.711322340262743 ], [ 91.980249851561808, 24.711416706178824 ], [ 91.980361972640281, 24.711501441129911 ], [ 91.980482646131634, 24.711575729051852 ], [ 91.980610709868628, 24.71163885449192 ], [ 91.98074493050396, 24.711690209499817 ], [ 91.980884015388909, 24.711729299483221 ], [ 91.981026625023418, 24.711755747971555 ], [ 91.981171385957666, 24.711769300242164 ], [ 91.981316904020687, 24.711769825773686 ], [ 91.981461777748706, 24.711757319503366 ], [ 91.981604611883725, 24.711731901875787 ], [ 91.981744030812337, 24.7116938176829 ], [ 91.981878691815325, 24.711643433706236 ], [ 91.982007298000212, 24.71158123518428 ], [ 91.982128610792344, 24.711507821138813 ], [ 91.982241461864078, 24.711423898605386 ], [ 91.98234476438715, 24.71133027582351 ], [ 91.990237114532491, 24.703437902278299 ], [ 92.001429572072041, 24.703437906126513 ], [ 92.005155256611985, 24.707163606430704 ], [ 92.005264784465879, 24.707262318492713 ], [ 92.005384920241639, 24.707350131031284 ], [ 92.005514370445866, 24.707426098558468 ], [ 92.005651741287537, 24.707489403121002 ], [ 92.005795553685545, 24.707539363108044 ], [ 92.005944259195118, 24.707575440590837 ], [ 92.006096256681346, 24.707597247115295 ], [ 92.006249909560211, 24.70760454788493 ], [ 92.022262874405172, 24.707604588186509 ], [ 92.025988531001971, 24.711330260501509 ], [ 92.026098061475281, 24.711428974886939 ], [ 92.026218200518244, 24.711516789816901 ], [ 92.026347654597203, 24.711592759774053 ], [ 92.026485029873925, 24.711656066775777 ], [ 92.026628847213786, 24.711706029182331 ], [ 92.026777558112741, 24.711742109036848 ], [ 92.02692956137156, 24.711763917858207 ], [ 92.027083220337701, 24.711771220824311 ], [ 92.047916779126538, 24.71177122769064 ], [ 92.048070438678536, 24.711763924807762 ], [ 92.048222442543931, 24.71174211603028 ], [ 92.048371154066913, 24.711706036176096 ], [ 92.04851497204406, 24.711656073722455 ], [ 92.048652347966225, 24.711592766622868 ], [ 92.048781802692901, 24.711516796514356 ], [ 92.048901942379331, 24.71142898137764 ], [ 92.049011473484953, 24.711330266729053 ], [ 92.052737158023476, 24.70760457099189 ], [ 92.056250022277709, 24.707604564474444 ], [ 92.056403685615592, 24.707597269337462 ], [ 92.056555694021938, 24.707575466650336 ], [ 92.056704410618877, 24.707539391190238 ], [ 92.056848233978926, 24.707489431428218 ], [ 92.05698561537109, 24.70742612534573 ], [ 92.057115075439498, 24.707350154641002 ], [ 92.057235220134388, 24.707262337387707 ], [ 92.057344755724372, 24.707163619225049 ], [ 92.061511418533243, 24.702996922476107 ], [ 92.061604168924461, 24.702894495690657 ], [ 92.061685482796094, 24.702784256955173 ], [ 92.061754577066779, 24.702667267948303 ], [ 92.061810786344537, 24.702544655355869 ], [ 92.061853569333991, 24.702417600019615 ], [ 92.061882514048222, 24.702287325564409 ], [ 92.061897341774909, 24.702155086613658 ], [ 92.061897909758969, 24.702022156706175 ], [ 92.061884212575691, 24.701889816031148 ], [ 92.061856382181162, 24.701759339099123 ], [ 92.061814686639821, 24.701631982467891 ], [ 92.06175952754117, 24.701508972641406 ], [ 92.061691436130786, 24.701391494258203 ], [ 92.061611068192818, 24.701280678683283 ], [ 92.061519197733475, 24.701177593113002 ], [ 92.061416709526085, 24.701083230298106 ], [ 92.06130459058997, 24.700998498983758 ], [ 92.061183920684726, 24.700924215158615 ], [ 92.061055861911868, 24.700861094197155 ], [ 92.060921647523742, 24.700809743971011 ], [ 92.060782570047607, 24.700770658995481 ], [ 92.060639968838927, 24.700744215667726 ], [ 92.060495217184211, 24.700730668642247 ], [ 92.060349709076959, 24.700730148378891 ], [ 92.060204845794573, 24.700742659886565 ], [ 92.060062022404864, 24.700768082675079 ], [ 92.059922614332649, 24.700806171915495 ], [ 92.05978796411523, 24.700856560797632 ], [ 92.059659368474513, 24.700918764062326 ], [ 92.059538065830154, 24.700992182674185 ], [ 92.059425224373896, 24.701076109590055 ], [ 92.059321930820047, 24.701169736567504 ], [ 92.055596213028522, 24.704895443148622 ] ] ] } },
{ "type": "Feature", "properties": { "ARCID": 747230, "UP_CELLS": 3356, "buffer_m": 80 }, "geometry": { "type": "Polygon", "coordinates": [ [ [ 92.438792445236459, 24.706530330335191 ], [ 92.43879242059441, 24.710416664347921 ], [ 92.438795803119746, 24.710483416424903 ], [ 92.438805922657437, 24.71054959750159 ], [ 92.438822692649339, 24.710614641424467 ], [ 92.438845969644717, 24.71067799176706 ], [ 92.438875554527016, 24.710739106590029 ], [ 92.438911194216928, 24.710797463077299 ], [ 92.438952583837178, 24.710852562008675 ], [ 92.438999369320328, 24.710903932030622 ], [ 92.443166032081308, 24.715070614590289 ], [ 92.443221131331626, 24.715120553247164 ], [ 92.443281323941832, 24.715165318170403 ], [ 92.443346030221804, 24.715204478243621 ], [ 92.443414627009901, 24.715237656328476 ], [ 92.443486453674538, 24.715264532896967 ], [ 92.443560818476627, 24.715284849108823 ], [ 92.443637005231878, 24.715298409304452 ], [ 92.443714280208312, 24.715305082889365 ], [ 92.443791899193045, 24.715304805591988 ], [ 92.443869114659947, 24.715297580082677 ], [ 92.443945182969188, 24.715283475947967 ], [ 92.444019371529379, 24.715262629020451 ], [ 92.444090965853377, 24.715235240070491 ], [ 92.444159276439464, 24.715201572872626 ], [ 92.444223645412066, 24.71516195166507 ], [ 92.444283452857718, 24.715116758027012 ], [ 92.444338122795386, 24.715066427203521 ], [ 92.444387128723505, 24.715011443913738 ], [ 92.444429998690595, 24.714952337682512 ], [ 92.444466319840217, 24.71488967774058 ], [ 92.444495742386906, 24.714824067542349 ], [ 92.444517982984436, 24.714756138954115 ], [ 92.444532827454353, 24.714686546168689 ], [ 92.444540132848132, 24.71461595940502 ], [ 92.444539828823466, 24.714545058453535 ], [ 92.444531918321147, 24.714474526129333 ], [ 92.444516477536325, 24.714405041696295 ], [ 92.444493655184161, 24.714337274325459 ], [ 92.444463671067155, 24.714271876650596 ], [ 92.444426813957989, 24.714209478483074 ], [ 92.444383438818051, 24.714150680746659 ], [ 92.44433396337871, 24.714096049690408 ], [ 92.440374244481362, 24.71013635881145 ], [ 92.440374219839526, 24.706249997681642 ], [ 92.440370835964629, 24.706183239942497 ], [ 92.440360714190206, 24.706117053422417 ], [ 92.440343941129072, 24.706052004415202 ], [ 92.440320660302078, 24.705988649481181 ], [ 92.44029107090978, 24.705927530685354 ], [ 92.440255426127806, 24.705869170959531 ], [ 92.440214030940425, 24.705814069628197 ], [ 92.440167239530865, 24.705762698136468 ], [ 92.436000568958221, 24.70159604735662 ], [ 92.435945475047873, 24.701546109276162 ], [ 92.435885288489189, 24.701501344944887 ], [ 92.43582058890928, 24.701462185462066 ], [ 92.435751999395663, 24.701429007949518 ], [ 92.435680180495822, 24.701402131919902 ], [ 92.435605823856022, 24.701381816199842 ], [ 92.435529645560749, 24.701368256437483 ], [ 92.43545237923675, 24.70136158321835 ], [ 92.435374768988396, 24.701361860807886 ], [ 92.435297562231895, 24.701369086532566 ], [ 92.435221502497882, 24.701383190805654 ], [ 92.435147322271206, 24.701404037797342 ], [ 92.43507573593719, 24.701431426742761 ], [ 92.435007432902182, 24.701465093875349 ], [ 92.434943070954446, 24.701504714966937 ], [ 92.434883269929671, 24.701549908450012 ], [ 92.434828605741743, 24.701600239092276 ], [ 92.434779604836507, 24.70165522218791 ], [ 92.434736739121846, 24.701714328225364 ], [ 92.434700421422832, 24.701776987986602 ], [ 92.434671001505762, 24.701842598028776 ], [ 92.434648762709529, 24.701910526495549 ], [ 92.434633919216523, 24.70198011920202 ], [ 92.434626613989536, 24.702050705934756 ], [ 92.43462691739451, 24.70212160690626 ], [ 92.434634826522355, 24.702192139301591 ], [ 92.434650265216504, 24.70226162385428 ], [ 92.43467308480588, 24.702329391388059 ], [ 92.434703065536127, 24.702394789261476 ], [ 92.434739918685651, 24.702457187653295 ], [ 92.434783289345759, 24.702515985628175 ], [ 92.434832759838343, 24.702570616924213 ], [ 92.438792445236459, 24.706530330335191 ] ] ] } },
{ "type": "Feature", "properties": { "ARCID": 747282, "UP_CELLS": 5650, "buffer_m": 150 }, "geometry": { "type": "Polygon", "coordinates": [ [ [ 92.329766964941129, 24.718749990056111 ], [ 92.329773306031754, 24.718875142573772 ], [ 92.32979227858263, 24.718999224699509 ], [ 92.329823720342063, 24.719121175048819 ], [ 92.329867362396115, 24.719239950469127 ], [ 92.329922831467755, 24.719354534962974 ], [ 92.329989653108754, 24.719463948379062 ], [ 92.3300672557571, 24.719567254796733 ], [ 92.330154975625419, 24.719663570532173 ], [ 92.334321634711088, 24.723830266989665 ], [ 92.334424947482745, 24.723923903819166 ], [ 92.334537811282758, 24.724007840362223 ], [ 92.334659139162881, 24.724081268243939 ], [ 92.334787762652581, 24.724143480294522 ], [ 92.334922443012729, 24.724193877360545 ], [ 92.33506188316629, 24.724231974075764 ], [ 92.335204740191031, 24.724257403535994 ], [ 92.335349638254073, 24.724269920833116 ], [ 92.33549518186355, 24.724269405413949 ], [ 92.335639969309597, 24.724255862241481 ], [ 92.335782606165367, 24.724229421747044 ], [ 92.335921718717785, 24.724190338574129 ], [ 92.336055967198874, 24.724138989125706 ], [ 92.336184058689824, 24.724075867938868 ], [ 92.336304759573778, 24.724001582921659 ], [ 92.336416907417274, 24.7239168494979 ], [ 92.336519422165736, 24.723822483716603 ], [ 92.336611316545415, 24.723719394392202 ], [ 92.336691705571383, 24.723608574351367 ], [ 92.336759815070081, 24.723491090870795 ], [ 92.33681498913441, 24.723368075398 ], [ 92.33685669643954, 24.723240712654189 ], [ 92.336884535358635, 24.723110229224183 ], [ 92.336898237829331, 24.722977881743276 ], [ 92.336897671933642, 24.722844944794794 ], [ 92.336882843166791, 24.722712698635014 ], [ 92.336853894382529, 24.722582416863563 ], [ 92.336811104415588, 24.722455354158054 ], [ 92.336754885394839, 24.722332734191149 ], [ 92.336685778772704, 24.722215737846305 ], [ 92.336604450109505, 24.722105491845806 ], [ 92.336511682662703, 24.722003057900402 ], [ 92.332733030282654, 24.718224455837802 ], [ 92.332732788673383, 24.697916656729618 ], [ 92.332725646793563, 24.697783878641516 ], [ 92.332704293668257, 24.697652379441518 ], [ 92.33266893498336, 24.697523425533809 ], [ 92.332619911302743, 24.697398258806267 ], [ 92.332557694786885, 24.697278084670749 ], [ 92.332482884644406, 24.69716406045475 ], [ 92.332396201360098, 24.697057284256346 ], [ 92.332298479755522, 24.696958784369482 ], [ 92.33219066094864, 24.696869509381809 ], [ 92.332073783290113, 24.696790319039913 ], [ 92.33194897236352, 24.696721975970352 ], [ 92.331817430145918, 24.696665138335863 ], [ 92.331680423432857, 24.69662035349759 ], [ 92.331539271639556, 24.696588052744403 ], [ 92.331395334095546, 24.696568547139751 ], [ 92.331249996955023, 24.696562024526479 ], [ 92.331104659849174, 24.696568547717956 ], [ 92.330960722408634, 24.696588053893329 ], [ 92.330819570786019, 24.696620355202434 ], [ 92.330682564308205, 24.696665140574765 ], [ 92.3305510223868, 24.696721978714855 ], [ 92.33042621181292, 24.696790322255442 ], [ 92.330309334558322, 24.696869513028357 ], [ 92.330201516200731, 24.696958788402341 ], [ 92.330103795084398, 24.69705728862689 ], [ 92.330017112320462, 24.697164065111316 ], [ 92.329942302723467, 24.697278089559429 ], [ 92.329880086771126, 24.697398263871865 ], [ 92.329831063664983, 24.697523430720626 ], [ 92.329795705558681, 24.697652384694159 ], [ 92.329774353009498, 24.697783883905661 ], [ 92.329767211697202, 24.697916661952657 ], [ 92.329766964941129, 24.718749990056111 ] ] ] } },
{ "type": "Feature", "properties": { "ARCID": 747438, "UP_CELLS": 721, "buffer_m": 80 }, "geometry": { "type": "Polygon", "coordinates": [ [ [ 91.727667466627935, 24.743262929329465 ], [ 91.727609028767489, 24.743210251897484 ], [ 91.727544926076007, 24.743163390789523 ], [ 91.727475849322687, 24.743122850974995 ], [ 91.727402542874287, 24.743089069305274 ], [ 91.727325796674037, 24.743062409806427 ], [ 91.727246437729562, 24.743043159756724 ], [ 91.727165321201497, 24.743031526591157 ], [ 91.7270833211889, 24.743027635666262 ], [ 91.722916678608456, 24.74302763663588 ], [ 91.722834686461482, 24.743031526855848 ], [ 91.722753577555395, 24.743043157844806 ], [ 91.722674225740946, 24.743062404292257 ], [ 91.722597485939232, 24.74308905884029 ], [ 91.722524184931274, 24.743122834317504 ], [ 91.722455112450874, 24.743163366832814 ], [ 91.722391012676383, 24.743210219695804 ], [ 91.722332576213375, 24.743262888121336 ], [ 91.718401149250965, 24.747194309193315 ], [ 91.714583345276779, 24.747194305642683 ], [ 91.714501348956134, 24.747198196008004 ], [ 91.714420235957192, 24.747209827429941 ], [ 91.714340880210344, 24.747229074588237 ], [ 91.714264136713737, 24.747255730108886 ], [ 91.714190832321776, 24.747289506798335 ], [ 91.714121756836818, 24.747330040737673 ], [ 91.714057654499825, 24.747376895203388 ], [ 91.713999215971953, 24.747429565372588 ], [ 91.710067797255164, 24.751360978207622 ], [ 91.706598847821553, 24.75136097902508 ], [ 91.694334080084914, 24.739096240291612 ], [ 91.694279248777022, 24.739046513918129 ], [ 91.694219366128593, 24.739001911197651 ], [ 91.694155003686561, 24.738962857834355 ], [ 91.694086775752695, 24.738929726566905 ], [ 91.69401533352071, 24.738902833611078 ], [ 91.693941358861068, 24.73888243564182 ], [ 91.693865557813339, 24.738868727343579 ], [ 91.693788653847776, 24.73886183955231 ], [ 91.693711380960522, 24.738861838006777 ], [ 91.693634476668578, 24.738868722721232 ], [ 91.693558674971015, 24.73888242798521 ], [ 91.693484699343827, 24.738902822990763 ], [ 91.693413255835154, 24.738929713080839 ], [ 91.693345026326895, 24.738962841607101 ], [ 91.69328066202678, 24.73900189237936 ], [ 91.693220777253302, 24.739046492683272 ], [ 91.693165943572495, 24.739096216837503 ], [ 91.689234505525263, 24.743027649034634 ], [ 91.68576549453924, 24.74302764986566 ], [ 91.681834053216903, 24.73909621786116 ], [ 91.681775615257195, 24.739043548556293 ], [ 91.681711513824894, 24.738996695462966 ], [ 91.681642439615359, 24.738956163420148 ], [ 91.681569136902965, 24.738922389157313 ], [ 91.68149239552173, 24.738895736588937 ], [ 91.681413042355189, 24.738876492893521 ], [ 91.681331932427113, 24.738864865419462 ], [ 91.681249939689081, 24.738860979451008 ], [ 91.660765480611815, 24.738861008258592 ], [ 91.652667336075041, 24.730762882983985 ], [ 91.652608907260088, 24.730710219027177 ], [ 91.652544816395476, 24.730663370236933 ], [ 91.652475753943506, 24.730622841318727 ], [ 91.65240246392338, 24.730589068892957 ], [ 91.652325735896085, 24.7305624167915 ], [ 91.652246396458551, 24.730543172138233 ], [ 91.65216530033905, 24.730531542256067 ], [ 91.652083321189536, 24.730527652433544 ], [ 91.648265398962579, 24.730527657815916 ], [ 91.631833909140894, 24.714096207137807 ], [ 91.631775488882653, 24.714043545912286 ], [ 91.631711407787435, 24.713996699618228 ], [ 91.631642356176144, 24.713956172907768 ], [ 91.631569077912275, 24.713922402354683 ], [ 91.631492362388798, 24.713895751751568 ], [ 91.631413036024668, 24.713876508191142 ], [ 91.631331953362547, 24.713864878973673 ], [ 91.631249987863711, 24.71386098937397 ], [ 91.627083345251833, 24.713860990416944 ], [ 91.627001386462027, 24.713864879425007 ], [ 91.626920310303603, 24.713876506797575 ], [ 91.626840990026565, 24.713895747298622 ], [ 91.626764279969635, 24.713922393693085 ], [ 91.626691006358755, 24.713956158978878 ], [ 91.626621958408393, 24.713996679477926 ], [ 91.626557879821462, 24.714043518753183 ], [ 91.6264994607792, 24.714096172309137 ], [ 91.62256795944657, 24.71802766789185 ], [ 91.614932018547748, 24.718027669817101 ], [ 91.602874054415693, 24.70596976197211 ], [ 91.602874029635586, 24.702083330666582 ], [ 91.602870646184968, 24.702016583242099 ], [ 91.602860525753215, 24.70195040701137 ], [ 91.602843754950811, 24.701885368239566 ], [ 91.602820477294358, 24.701822023457861 ], [ 91.602790891978316, 24.701760914701211 ], [ 91.602755252170127, 24.701702564870335 ], [ 91.602713862843601, 24.701647473257378 ], [ 91.602667078169091, 24.701596111273638 ], [ 91.594333734962746, 24.693262809555591 ], [ 91.594275327304771, 24.693210163620201 ], [ 91.594211262320286, 24.693163331324996 ], [ 91.594142229940786, 24.693122817013514 ], [ 91.594068973590041, 24.693089056989464 ], [ 91.593992282178192, 24.693062414818282 ], [ 91.593912981606039, 24.693043177412072 ], [ 91.593831925871299, 24.693031551939978 ], [ 91.593749987872073, 24.693027663597281 ], [ 91.589931914838388, 24.693027669014416 ], [ 91.586000359330271, 24.689096122927207 ], [ 91.585941953310609, 24.689043480703365 ], [ 91.585877890735162, 24.688996651952614 ], [ 91.585808861468919, 24.688956140950637 ], [ 91.5857356088584, 24.688922383939818 ], [ 91.585658921727003, 24.688895744431779 ], [ 91.585579625880911, 24.688876509293031 ], [ 91.585498575216633, 24.688864885656127 ], [ 91.58541664252634, 24.688860998689218 ], [ 91.577083357248242, 24.688861000848949 ], [ 91.577005864226749, 24.68886447692573 ], [ 91.576929117265465, 24.688874875942979 ], [ 91.576853855467093, 24.688892097753588 ], [ 91.576780803632232, 24.688915976504319 ], [ 91.576710665279634, 24.68894628223298 ], [ 91.576644115871332, 24.68898272308293 ], [ 91.576581796307877, 24.689024948113698 ], [ 91.576524306756383, 24.68907255068051 ], [ 91.576472200870768, 24.689125072350347 ], [ 91.576425980459817, 24.68918200731661 ], [ 91.576386090654481, 24.689242807270158 ], [ 91.576352915620916, 24.689306886679567 ], [ 91.576326774860476, 24.689373628429959 ], [ 91.576307920132535, 24.689442389765894 ], [ 91.576296533029463, 24.689512508481357 ], [ 91.576292723227439, 24.689583309297021 ], [ 91.576296527429676, 24.689654110363481 ], [ 91.576307909012499, 24.689724229827771 ], [ 91.576326758377547, 24.689792992399994 ], [ 91.57635289400676, 24.689859735856778 ], [ 91.576386064210126, 24.689923817418922 ], [ 91.576425949549076, 24.689984619941857 ], [ 91.576472165912648, 24.690041557859214 ], [ 91.576524268216346, 24.690094082822366 ], [ 91.576581754688362, 24.690141688981488 ], [ 91.576644071701949, 24.690183917857453 ], [ 91.576710619107047, 24.69022036275738 ], [ 91.576780756010294, 24.690250672691594 ], [ 91.57685380694727, 24.690274555754012 ], [ 91.576929068387983, 24.690291781933578 ], [ 91.577005815512578, 24.690302185329511 ], [ 91.577083309192119, 24.690305665749211 ], [ 91.585068094012527, 24.690305677093459 ], [ 91.588999631200366, 24.694237223703347 ], [ 91.589058035381868, 24.694289860407014 ], [ 91.5891220953756, 24.694336684569784 ], [ 91.589191121462576, 24.694377192041905 ], [ 91.589264370452184, 24.694410946684052 ], [ 91.589341053684237, 24.694437585063366 ], [ 91.589420345520509, 24.694456820366653 ], [ 91.589501392234752, 24.69446844548871 ], [ 91.589583321204941, 24.694472335262297 ], [ 91.593401391151033, 24.69447234068025 ], [ 91.601292635711289, 24.702363622087375 ], [ 91.601292610931111, 24.706249997332844 ], [ 91.601295992351993, 24.706316733095537 ], [ 91.601306108658264, 24.706382898043696 ], [ 91.601322873326069, 24.706447926204614 ], [ 91.601346142961091, 24.70651126132876 ], [ 91.601375718524906, 24.706572361647932 ], [ 91.601411347037171, 24.706630704509621 ], [ 91.601452723739428, 24.706685790847896 ], [ 91.60149949470167, 24.706737149452461 ], [ 91.613999479907932, 24.719237196907528 ], [ 91.614057896047385, 24.71928983926885 ], [ 91.61412197004573, 24.719336668755389 ], [ 91.614191011966582, 24.719377181111412 ], [ 91.614264278377007, 24.719410940102861 ], [ 91.614340980353049, 24.719437582214919 ], [ 91.614420291974895, 24.719456820566531 ], [ 91.614501359220725, 24.719468447999667 ], [ 91.614583309163194, 24.719472339310112 ], [ 91.622916690617402, 24.71947234141177 ], [ 91.622998645136192, 24.719468449718601 ], [ 91.623079716824705, 24.719456821062565 ], [ 91.623159032614694, 24.719437580673045 ], [ 91.6232357383482, 24.71941093575083 ], [ 91.623309007976403, 24.71937717323668 ], [ 91.623378052455834, 24.719336656721087 ], [ 91.623442128245884, 24.719289822528616 ], [ 91.623500545316276, 24.719237175018868 ], [ 91.62743203387646, 24.715305680707768 ], [ 91.630901267139635, 24.715305681576538 ], [ 91.647332733408021, 24.731737187004335 ], [ 91.647391157633052, 24.731789833931597 ], [ 91.647455241072763, 24.731836667442412 ], [ 91.64752429361792, 24.731877183185723 ], [ 91.647597571644624, 24.731910944846035 ], [ 91.647674286022422, 24.731937588842356 ], [ 91.647753610612853, 24.731956828243774 ], [ 91.647834691166409, 24.731968455859601 ], [ 91.647916654522419, 24.73197234647078 ], [ 91.651734541223931, 24.731972351854349 ], [ 91.65983264962756, 24.740070479522892 ], [ 91.659891074786074, 24.740123131966495 ], [ 91.659955160303696, 24.740169971114689 ], [ 91.660024216018087, 24.740210492533226 ], [ 91.660097498238031, 24.740244259826046 ], [ 91.660174217752768, 24.740270909335305 ], [ 91.660253548331696, 24.740290154057909 ], [ 91.660334635622704, 24.740301786736669 ], [ 91.660416606353678, 24.740305682092405 ], [ 91.680901195471918, 24.740305710908636 ], [ 91.68483260406289, 24.744237128817943 ], [ 91.68489103680345, 24.744289789832617 ], [ 91.684955131682656, 24.744336636239215 ], [ 91.685024198270256, 24.744377163403144 ], [ 91.685097492577825, 24.744410934760833 ], [ 91.685174225073311, 24.744437586522579 ], [ 91.685253569186216, 24.744456831591592 ], [ 91.68533467021183, 24.744468462656744 ], [ 91.685416654518633, 24.744472354425945 ], [ 91.68958334527278, 24.744472355424076 ], [ 91.689665329548532, 24.744468463702738 ], [ 91.689746430555431, 24.744456832701072 ], [ 91.689825774664897, 24.744437587708855 ], [ 91.689902507174679, 24.744410936034516 ], [ 91.689975801516198, 24.744377164771922 ], [ 91.690044868158836, 24.744336637707672 ], [ 91.690108963114994, 24.744289791402164 ], [ 91.690167395954759, 24.744237130486766 ], [ 91.693749973778054, 24.740654562038138 ], [ 91.705665900880376, 24.752570471422587 ], [ 91.705724337723538, 24.752623131369845 ], [ 91.705788436889691, 24.752669976789896 ], [ 91.705857507922431, 24.752710503073487 ], [ 91.705930806807132, 24.752744273679216 ], [ 91.706007543985422, 24.75277092483611 ], [ 91.706086892860398, 24.75279016946223 ], [ 91.706167998700948, 24.752801800257277 ], [ 91.706249987849105, 24.75280569193572 ], [ 91.710416678612262, 24.752805692917882 ], [ 91.710498672237463, 24.752801800857508 ], [ 91.710579782421249, 24.752790168847255 ], [ 91.710659135365233, 24.752770922197925 ], [ 91.710735876202591, 24.752744268252648 ], [ 91.710809178207938, 24.752710494153082 ], [ 91.710878251703974, 24.752669963745923 ], [ 91.710942352568921, 24.752623113663041 ], [ 91.711000790253095, 24.752570448617465 ], [ 91.714932200838646, 24.74863903214888 ], [ 91.718750011943925, 24.748639028597509 ], [ 91.718832001397345, 24.748635136682456 ], [ 91.718913107490152, 24.748623505104703 ], [ 91.718992456503457, 24.74860425916534 ], [ 91.719069193647485, 24.748577606191414 ], [ 91.71914249227018, 24.748543833302495 ], [ 91.719211562762723, 24.74850330431746 ], [ 91.719275661065865, 24.748456455835154 ], [ 91.719334096685543, 24.748403792530887 ], [ 91.723265515503783, 24.744472367821004 ], [ 91.726734446626864, 24.744472368628692 ], [ 91.745249173940138, 24.762987139529812 ], [ 91.745304279268453, 24.76303707564005 ], [ 91.745364479742449, 24.763081839407526 ], [ 91.7454291955966, 24.763120999726876 ], [ 91.745497803577337, 24.763154179457292 ], [ 91.745569642945497, 24.763181059054748 ], [ 91.745644021839865, 24.763201379649583 ], [ 91.74572022394058, 24.763214945539747 ], [ 91.745797515367954, 24.763221626075644 ], [ 91.745875151750724, 24.763221356918471 ], [ 91.745952385395128, 24.763214140659901 ], [ 91.746028472486216, 24.76320004679712 ], [ 91.746102680251596, 24.763179211063516 ], [ 91.746174294018871, 24.763151834121434 ], [ 91.746242624098883, 24.763118179629579 ], [ 91.746307012428062, 24.763078571703659 ], [ 91.746366838906198, 24.763033391794831 ], [ 91.746421527368625, 24.762983075015949 ], [ 91.746470551135104, 24.762928105950888 ], [ 91.746513438082047, 24.762869013987579 ], [ 91.746549775189195, 24.762806368219472 ], [ 91.74657921251719, 24.762740771964665 ], [ 91.746601466577232, 24.762672856955362 ], [ 91.74661632306109, 24.762603277253856 ], [ 91.746623638904424, 24.762532702953365 ], [ 91.746623343664297, 24.762461813724567 ], [ 91.746615440196933, 24.762391292269953 ], [ 91.746600004629812, 24.762321817749015 ], [ 91.746577185627999, 24.762254059237559 ], [ 91.746547202961963, 24.762188669284278 ], [ 91.746510345390618, 24.762126277626376 ], [ 91.746466967880096, 24.762067485125066 ], [ 91.746417488184917, 24.762012857979069 ], [ 91.727667466627935, 24.743262929329465 ] ] ] } },
{ "type": "Feature", "properties": { "ARCID": 747440, "UP_CELLS": 155403, "buffer_m": 250 }, "geometry": { "type": "Polygon", "coordinates": [ [ [ 91.928907681296039, 24.692227363328527 ], [ 91.928725138217388, 24.692062828867481 ], [ 91.928524914771842, 24.691916463925885 ], [ 91.928309167197682, 24.691789844684809 ], [ 91.928080218887501, 24.691684334681462 ], [ 91.927840535369427, 24.691601070127557 ], [ 91.927592697758712, 24.691540947675573 ], [ 91.92733937496557, 24.691504614764451 ], [ 91.927083294958265, 24.691492462648792 ], [ 91.924006084055847, 24.691492475705296 ], [ 91.920574216747212, 24.688060632877399 ], [ 91.920402075172035, 24.687904602221636 ], [ 91.920214023849837, 24.687764738555916 ], [ 91.920011873796739, 24.687642388787651 ], [ 91.919797571783604, 24.687538731158305 ], [ 91.919573181589215, 24.687454763898419 ], [ 91.919340864127534, 24.687391295615917 ], [ 91.919102856640265, 24.687348937510482 ], [ 91.91886145115491, 24.687328097488628 ], [ 91.918618972415729, 24.687328976236362 ], [ 91.918377755499819, 24.68735156528701 ], [ 91.918140123333927, 24.687395647102885 ], [ 91.917908364328184, 24.687460797170083 ], [ 91.917684710341931, 24.687546388085995 ], [ 91.917471315193779, 24.687651595600528 ], [ 91.917270233922736, 24.687775406552657 ], [ 91.917083402999836, 24.687916628625921 ], [ 91.916912621680822, 24.688073901829231 ], [ 91.9167595346794, 24.688245711592145 ], [ 91.916625616327948, 24.688430403348903 ], [ 91.916512156378076, 24.688626198470597 ], [ 91.916420247577832, 24.688831211392301 ], [ 91.91635077514546, 24.689043467770198 ], [ 91.916304408240933, 24.689260923493936 ], [ 91.916281593517567, 24.689481484371232 ], [ 91.91628255081622, 24.689703026295078 ], [ 91.916307271043266, 24.689923415699514 ], [ 91.916355516253446, 24.690140530106852 ], [ 91.916426821936597, 24.690352278568628 ], [ 91.916520501486616, 24.690556621803225 ], [ 91.916635652809774, 24.69075159183636 ], [ 91.916771167008818, 24.690935310955201 ], [ 91.916925739059479, 24.691106009793454 ], [ 91.921092391543056, 24.695272725934878 ], [ 91.921274923678808, 24.695437234223768 ], [ 91.921475132717916, 24.69558357640803 ], [ 91.921690863038364, 24.695710176796013 ], [ 91.921919791875311, 24.695815672253854 ], [ 91.922159454332032, 24.695898926884716 ], [ 91.922407269922431, 24.695959044261109 ], [ 91.922660570359042, 24.695995377078479 ], [ 91.922916628287055, 24.696007534126274 ], [ 91.925993802548319, 24.696007547185967 ], [ 91.933592246196582, 24.703606044995755 ], [ 91.933764408632058, 24.703762077120356 ], [ 91.933952483856118, 24.703901941915969 ], [ 91.934154660580575, 24.704024292351956 ], [ 91.934368991688288, 24.704127950073048 ], [ 91.934593412986644, 24.704211916749596 ], [ 91.934825763089478, 24.704275383693936 ], [ 91.935063804235682, 24.704317739650119 ], [ 91.935305243844056, 24.704338576682012 ], [ 91.935547756596506, 24.704337694102854 ], [ 91.935789006836799, 24.704315100408557 ], [ 91.936026671069172, 24.704271013196092 ], [ 91.936258460339474, 24.704205857067546 ], [ 91.936482142283722, 24.704120259540314 ], [ 91.936695562630973, 24.704015045002702 ], [ 91.936896665953697, 24.703891226773134 ], [ 91.937083515465474, 24.703749997339642 ], [ 91.937254311675247, 24.70359271687359 ], [ 91.937407409718546, 24.703420900128396 ], [ 91.937541335198489, 24.703236201849439 ], [ 91.937654798384301, 24.703040400835793 ], [ 91.937746706630378, 24.702835382807358 ], [ 91.937816174896469, 24.702623122242478 ], [ 91.937862534267779, 24.702405663360992 ], [ 91.937885338393059, 24.702185100435909 ], [ 91.937884367778793, 24.701963557623525 ], [ 91.937859631898334, 24.701743168505992 ], [ 91.937811369095812, 24.701526055543663 ], [ 91.937740044286002, 24.70131430963491 ], [ 91.937646344472441, 24.70110996998033 ], [ 91.937531172127009, 24.700915004445182 ], [ 91.93739563649531, 24.700731290609244 ], [ 91.937241042910998, 24.700560597686405 ], [ 91.928907681296039, 24.692227363328527 ] ] ] } },
{ "type": "Feature", "properties": { "ARCID": 747441, "UP_CELLS": 7382, "buffer_m": 150 }, "geometry": { "type": "Polygon", "coordinates": [ [ [ 92.071434011523522, 24.693224402337954 ], [ 92.068096284413471, 24.696562104312825 ], [ 92.064583355604171, 24.696562097784781 ], [ 92.064429696960673, 24.69656938941095 ], [ 92.06427769280775, 24.696591189934185 ], [ 92.064128980051862, 24.696627264586891 ], [ 92.063985160158026, 24.6966772248857 ], [ 92.063847781905437, 24.696740532814644 ], [ 92.063718324710052, 24.696816506618521 ], [ 92.063598182694051, 24.69690432814404 ], [ 92.063488649673346, 24.697003051649723 ], [ 92.059321979146674, 24.701169688241276 ], [ 92.059229222849112, 24.701272109527022 ], [ 92.059147902060971, 24.701382343328355 ], [ 92.05907879996154, 24.701499328052865 ], [ 92.059022582065396, 24.701621937091446 ], [ 92.058979789812327, 24.701748989667465 ], [ 92.058950835351737, 24.701879262207722 ], [ 92.058935997572036, 24.702011500125604 ], [ 92.05893541941316, 24.702144429903136 ], [ 92.058949106488384, 24.70227677135539 ], [ 92.058976927028425, 24.70240724995935 ], [ 92.059018613148822, 24.702534609128357 ], [ 92.05907376342806, 24.702657622313954 ], [ 92.059141846772135, 24.702775104818606 ], [ 92.059222207527895, 24.702885925205511 ], [ 92.059314071796365, 24.702989016195545 ], [ 92.059416554885033, 24.703083384946488 ], [ 92.059528669827586, 24.703168122615338 ], [ 92.059649336888796, 24.703242413111798 ], [ 92.059777393963273, 24.703305540958407 ], [ 92.059911607767773, 24.703356898181752 ], [ 92.060050685719276, 24.703395990168257 ], [ 92.060193288384454, 24.703422440428163 ], [ 92.060338042380579, 24.703435994221845 ], [ 92.060483553603476, 24.703436521013408 ], [ 92.060628420655306, 24.70342401572805 ], [ 92.060771248342363, 24.703398598801005 ], [ 92.060910661113439, 24.703360515017554 ], [ 92.061045316308679, 24.703310131155394 ], [ 92.061173917091651, 24.703247932451969 ], [ 92.061295224939826, 24.703174517930854 ], [ 92.061408071573311, 24.703090594632251 ], [ 92.061511370206716, 24.702996970803031 ], [ 92.065237086621991, 24.699271243167821 ], [ 92.068750022272496, 24.69927123663815 ], [ 92.068903669633642, 24.699263942062391 ], [ 92.069055662369252, 24.69924214104633 ], [ 92.069204363902855, 24.699206068330156 ], [ 92.069348173098831, 24.699156112323916 ], [ 92.069485541504221, 24.699092810925066 ], [ 92.069614990022771, 24.699016845726184 ], [ 92.06973512484204, 24.698929034675423 ], [ 92.069844652441802, 24.698830323268599 ], [ 92.074011315228944, 24.694663626532829 ], [ 92.07409903458101, 24.694567310318678 ], [ 92.074176637260706, 24.694464001092754 ], [ 92.074243459303247, 24.694354582796716 ], [ 92.074298928990586, 24.694239991640938 ], [ 92.074342571742434, 24.694121208093588 ], [ 92.074374014175987, 24.693999248491274 ], [ 92.074392987299646, 24.693875156342685 ], [ 92.074399328813357, 24.693749993399965 ], [ 92.074399279503908, 24.689583325286456 ], [ 92.074392138672977, 24.689450553950969 ], [ 92.074370788277776, 24.689319061420708 ], [ 92.07433543397805, 24.689190114035974 ], [ 92.074286416295593, 24.689064953622175 ], [ 92.074224207333387, 24.68894478553063 ], [ 92.074149406227562, 24.68883076703089 ], [ 92.074062733376266, 24.688723996166129 ], [ 92.073965023500975, 24.688625501179082 ], [ 92.073857217607042, 24.688536230610204 ], [ 92.07374035392121, 24.688457044163531 ], [ 92.073615557892893, 24.688388704427997 ], [ 92.073484031356017, 24.688331869534039 ], [ 92.073347040955468, 24.688287086816221 ], [ 92.073205905949621, 24.688254787542668 ], [ 92.073061985506541, 24.688235282762282 ], [ 92.072916665615878, 24.688228760309606 ], [ 92.072771345742751, 24.688235282996089 ], [ 92.072627425351826, 24.688254788005381 ], [ 92.072486290431399, 24.6882870874982 ], [ 92.072349300147323, 24.688331870421184 ], [ 92.072217773755057, 24.688388705502163 ], [ 92.072092977895807, 24.688457045403119 ], [ 92.071976114399291, 24.688536231990739 ], [ 92.071868308710378, 24.688625502673972 ], [ 92.071770599050865, 24.688723997747417 ], [ 92.071683926421187, 24.688830768670048 ], [ 92.07160912553789, 24.688944787199347 ], [ 92.071546916794389, 24.689064955293102 ], [ 92.07149789932248, 24.689190115683441 ], [ 92.071462545221266, 24.689319063021301 ], [ 92.071441195009299, 24.689450555484107 ], [ 92.071434054343612, 24.689583326734713 ], [ 92.071434011523522, 24.693224402337954 ] ] ] } },
{ "type": "Feature", "properties": { "ARCID": 747639, "UP_CELLS": 1073, "buffer_m": 80 }, "geometry": { "type": "Polygon", "coordinates": [ [ [ 92.085416702609464, 24.676360891127924 ], [ 92.085334769306641, 24.676364777255294 ], [ 92.085253717843031, 24.67637640058604 ], [ 92.085174420947624, 24.676395635964468 ], [ 92.085097732457797, 24.676422276271424 ], [ 92.085024478126002, 24.676456034654382 ], [ 92.084955446728699, 24.676496547616043 ], [ 92.084891381573428, 24.676543378928105 ], [ 92.084832972495292, 24.676596024328287 ], [ 92.080666303753318, 24.680762674971152 ], [ 92.080619512985862, 24.680814046228498 ], [ 92.080578118133815, 24.680869148557306 ], [ 92.080542473475191, 24.680927510373397 ], [ 92.080512884077294, 24.680988632196183 ], [ 92.080489603185598, 24.681051990923297 ], [ 92.08047283005611, 24.681117044307371 ], [ 92.080462708249783, 24.68118323559673 ], [ 92.080459324403549, 24.68124999830021 ], [ 92.080459300037433, 24.68513633484795 ], [ 92.076734721718807, 24.688860898205409 ], [ 92.072916678604997, 24.688860894417161 ], [ 92.072839174222437, 24.688864372075507 ], [ 92.072762416123751, 24.68887477368428 ], [ 92.072687143518934, 24.688891999071625 ], [ 92.072614081312778, 24.688915882350038 ], [ 92.072543933124066, 24.688946193513857 ], [ 92.072477374509702, 24.688982640654245 ], [ 92.072415046459099, 24.689024872770243 ], [ 92.072357549221337, 24.689072483148898 ], [ 92.072305436524573, 24.689125013281956 ], [ 92.072259210243388, 24.689181957281313 ], [ 92.072219315565491, 24.689242766750763 ], [ 92.072186136704161, 24.689306856067169 ], [ 92.072159993197786, 24.689373608020077 ], [ 92.072141136832329, 24.689442379755643 ], [ 92.072129749216032, 24.689512508967539 ], [ 92.072125940030077, 24.689583320275137 ], [ 92.07212974597175, 24.689654131727799 ], [ 92.072141130400638, 24.689724261372323 ], [ 92.072159983690867, 24.689793033820582 ], [ 92.072186124286532, 24.689859786753917 ], [ 92.072219300449575, 24.689923877301698 ], [ 92.072259192683916, 24.689984688232702 ], [ 92.072305416811957, 24.690041633899504 ], [ 92.072357527674228, 24.690094165878754 ], [ 92.072415023416298, 24.690141778253082 ], [ 92.07247735032189, 24.690184012483492 ], [ 92.072543908145491, 24.690220461825614 ], [ 92.072614055893169, 24.690250775247087 ], [ 92.072687117995955, 24.690274660808374 ], [ 92.072762390816138, 24.690291888474508 ], [ 92.072839149424183, 24.690302292330578 ], [ 92.07291665458051, 24.690305772179727 ], [ 92.077083345272143, 24.69030577288385 ], [ 92.077165281519115, 24.690301882753928 ], [ 92.077246335478193, 24.69029025649354 ], [ 92.077325634487124, 24.690271019275663 ], [ 92.077402324779143, 24.690244378216057 ], [ 92.077475580675298, 24.690210620143397 ], [ 92.077544613474473, 24.690170108510927 ], [ 92.0776086799452, 24.690123279483256 ], [ 92.077667090327708, 24.690070637240193 ], [ 92.081833754919302, 24.68590395454336 ], [ 92.081880539510806, 24.685852584918507 ], [ 92.081921928587889, 24.685797485185205 ], [ 92.081957567992347, 24.685739126830487 ], [ 92.081987152767027, 24.685678009224723 ], [ 92.082010429765276, 24.685614655348378 ], [ 92.082027199816721, 24.685549607316819 ], [ 92.082037319431379, 24.685483421741402 ], [ 92.082040702027058, 24.685416664966493 ], [ 92.082040677660729, 24.681530354626879 ], [ 92.085765227694878, 24.677805789632071 ], [ 92.097916702610917, 24.677805777543686 ], [ 92.097994200372653, 24.677802295544566 ], [ 92.098070951431637, 24.677791889506864 ], [ 92.098146216620748, 24.677774659647714 ], [ 92.098219271083579, 24.677750771902499 ], [ 92.098289411255507, 24.677720456326639 ], [ 92.098355961639854, 24.677684004879936 ], [ 92.098418281313627, 24.677641768614667 ], [ 92.09847577010018, 24.677594154294592 ], [ 92.098527874349429, 24.677541620477346 ], [ 92.098574092269814, 24.677484673098096 ], [ 92.098613978760866, 24.677423860596882 ], [ 92.098647149699545, 24.677359768636588 ], [ 92.098673285639478, 24.677293014462535 ], [ 92.098692134886917, 24.677224240957862 ], [ 92.098703515924484, 24.677154110452069 ], [ 92.098707319158763, 24.677083298342275 ], [ 92.098703507975259, 24.677012486588758 ], [ 92.098692119090629, 24.676942357147198 ], [ 92.09867326219846, 24.676873585401143 ], [ 92.098647118912439, 24.67680683365769 ], [ 92.09861394101695, 24.676742744769228 ], [ 92.098574048041698, 24.676681935942568 ], [ 92.098527824184259, 24.676624992795023 ], [ 92.098475714609776, 24.676572463714823 ], [ 92.098418221163598, 24.676524854579984 ], [ 92.09835589753817, 24.676482623886731 ], [ 92.098289343940749, 24.676446178334078 ], [ 92.098219201313114, 24.676415868907377 ], [ 92.098146145159276, 24.676391987498249 ], [ 92.098070879040264, 24.676374764093772 ], [ 92.097994127798771, 24.676364364561703 ], [ 92.09791663057905, 24.676360889053207 ], [ 92.085416702609464, 24.676360891127924 ] ] ] } },
{ "type": "Feature", "properties": { "ARCID": 747640, "UP_CELLS": 532, "buffer_m": 80 }, "geometry": { "type": "Polygon", "coordinates": [ [ [ 92.201499514606354, 24.697429359437091 ], [ 92.201452722803523, 24.697480730304548 ], [ 92.201411327165815, 24.697535831536559 ], [ 92.201375681925057, 24.697594191628863 ], [ 92.201346092107926, 24.697655311190314 ], [ 92.201322810925632, 24.697718667216122 ], [ 92.201306037606898, 24.697783717563127 ], [ 92.201295915692853, 24.6978499055889 ], [ 92.201292531808448, 24.697916664914914 ], [ 92.201292507400794, 24.701803022756767 ], [ 92.197332785199677, 24.705762718096327 ], [ 92.197283065520296, 24.705817647960544 ], [ 92.197239512826357, 24.705876786046765 ], [ 92.197202551035218, 24.70593955675 ], [ 92.197172539915144, 24.706005349107308 ], [ 92.197149771583227, 24.706073522744315 ], [ 92.197134467661868, 24.706143414108013 ], [ 92.197126777121127, 24.706214342925186 ], [ 92.197126774828334, 24.706285618823678 ], [ 92.197134460818901, 24.706356548051904 ], [ 92.197149760295432, 24.706426440231393 ], [ 92.197172524355295, 24.706494615076462 ], [ 92.19720253143943, 24.706560409015804 ], [ 92.197239489488396, 24.706623181651281 ], [ 92.197283038784832, 24.706682321991337 ], [ 92.197332755454283, 24.706737254398146 ], [ 92.201012149278768, 24.710416685960698 ], [ 92.197567923672551, 24.713860886388463 ], [ 92.189583357320004, 24.713860878282933 ], [ 92.189501381909039, 24.713864767112899 ], [ 92.189420289259857, 24.713876396243023 ], [ 92.189340952882091, 24.713895640406871 ], [ 92.189264227368099, 24.713922292310734 ], [ 92.189190939188023, 24.713956064866441 ], [ 92.189121877787528, 24.713996594283717 ], [ 92.18905778708438, 24.714043443988594 ], [ 92.188999357455316, 24.714096109325986 ], [ 92.180901235284821, 24.722194218141645 ], [ 92.177083345298016, 24.722194214274449 ], [ 92.177001365252835, 24.72219810417625 ], [ 92.176920268137025, 24.722209734234124 ], [ 92.176840927496599, 24.722228979173302 ], [ 92.176764197958363, 24.722255631694509 ], [ 92.176690906024703, 24.722289404706778 ], [ 92.176621841171084, 24.722329934419783 ], [ 92.1765577473425, 24.72237678426227 ], [ 92.176499314940088, 24.722429449584396 ], [ 92.172916626346435, 24.726012146802052 ], [ 92.156833967069431, 24.709929460359831 ], [ 92.156779143884492, 24.709879738304135 ], [ 92.15671927165053, 24.709835139630805 ], [ 92.156654921668817, 24.70979608989666 ], [ 92.156586707965076, 24.709762961710567 ], [ 92.156515281430671, 24.709736071178206 ], [ 92.156441323611915, 24.709715674885938 ], [ 92.156365540207176, 24.709701967452634 ], [ 92.15628865433338, 24.709695079672734 ], [ 92.1562113996265, 24.709695077268279 ], [ 92.156134513241611, 24.709701960261885 ], [ 92.156058728819417, 24.709715662976507 ], [ 92.155984769486238, 24.709736054662088 ], [ 92.155913340954513, 24.709762940743172 ], [ 92.155845124789096, 24.70979606467537 ], [ 92.155780771904176, 24.709835110393222 ], [ 92.155720896352548, 24.709879705325921 ], [ 92.155666069466392, 24.709929423952197 ], [ 92.151734598525863, 24.713860888453155 ], [ 92.148265401515431, 24.713860888991665 ], [ 92.144540869325311, 24.710136373624941 ], [ 92.144540844633241, 24.706249997558423 ], [ 92.144537460294217, 24.706183237146242 ], [ 92.144527337161819, 24.706117048083598 ], [ 92.144510561876629, 24.706051996791679 ], [ 92.144487278005329, 24.705988639954175 ], [ 92.144457684811726, 24.705927519753459 ], [ 92.14442203555123, 24.705869159230865 ], [ 92.144380635303392, 24.705814057810812 ], [ 92.144333838360808, 24.705762687027057 ], [ 92.127667154594278, 24.689096083779038 ], [ 92.127608737179813, 24.68904342449947 ], [ 92.127544660792495, 24.688996580483675 ], [ 92.127475615586633, 24.68895605627473 ], [ 92.127402345231857, 24.688922288346429 ], [ 92.127325638903471, 24.688895640402311 ], [ 92.127246322782796, 24.688876399458518 ], [ 92.127165251158843, 24.688864772752627 ], [ 92.127083297227585, 24.688860885511641 ], [ 92.114931936185599, 24.688860901571694 ], [ 92.102667053812581, 24.676596046404569 ], [ 92.102608645991552, 24.676543397509764 ], [ 92.102544581596234, 24.676496562713641 ], [ 92.102475550479014, 24.676456046333708 ], [ 92.102402295971658, 24.676422284650176 ], [ 92.102325606881294, 24.676395641208288 ], [ 92.102246308996811, 24.676376402903863 ], [ 92.102165256197011, 24.676364776894154 ], [ 92.102083321256572, 24.676360888367302 ], [ 92.097916678599972, 24.676360889052525 ], [ 92.097839181498529, 24.67636436673688 ], [ 92.097762430610828, 24.676374768423102 ], [ 92.097687165077446, 24.676391993938619 ], [ 92.097614109735076, 24.676415877394678 ], [ 92.097543968136421, 24.67644618878392 ], [ 92.097477415774932, 24.676482636195352 ], [ 92.097415093579826, 24.676524868625378 ], [ 92.097357601743781, 24.676572479358043 ], [ 92.09730549394294, 24.676625009881686 ], [ 92.097259272004806, 24.676681954304417 ], [ 92.097219381075206, 24.67674276422597 ], [ 92.097186205331326, 24.676806854018825 ], [ 92.097160064281582, 24.676873606467936 ], [ 92.097141209688232, 24.676942378714681 ], [ 92.097129823142495, 24.677012508447781 ], [ 92.09712601431518, 24.6770833202816 ], [ 92.097129819900189, 24.677154132260391 ], [ 92.097141203260449, 24.677224262425906 ], [ 92.097160054780417, 24.677293035384974 ], [ 92.0971861929212, 24.677359788814009 ], [ 92.0972193659684, 24.67742387983763 ], [ 92.097259254455906, 24.677484691219988 ], [ 92.097305474242205, 24.677541637309318 ], [ 92.097357580209604, 24.677594169678223 ], [ 92.097415070550795, 24.677641782405569 ], [ 92.097477391601558, 24.677684016948959 ], [ 92.09754394317271, 24.677720466561023 ], [ 92.097614084330544, 24.677750780206811 ], [ 92.097687139569516, 24.677774665944622 ], [ 92.097762405318065, 24.677791893737805 ], [ 92.097839156714741, 24.677802297670237 ], [ 92.09791665458944, 24.677805777544346 ], [ 92.101734739877273, 24.677805782604306 ], [ 92.113999595419301, 24.690070665360007 ], [ 92.114058003294701, 24.690123301115523 ], [ 92.114122066052758, 24.690170124483199 ], [ 92.114191094099951, 24.690210631435551 ], [ 92.114264344391827, 24.690244385937248 ], [ 92.114341028431681, 24.690271024638989 ], [ 92.114420320758569, 24.690290260788981 ], [ 92.114501367833185, 24.690301887319801 ], [ 92.114583297226261, 24.690305779077473 ], [ 92.126734678042325, 24.690305795143175 ], [ 92.142959153871516, 24.706530344276249 ], [ 92.142959129179403, 24.710416664224709 ], [ 92.14296251151579, 24.710483412792939 ], [ 92.142972630513128, 24.710549590391526 ], [ 92.142989399617861, 24.710614630896277 ], [ 92.143012675386757, 24.710677977909565 ], [ 92.143042258713649, 24.710739089520082 ], [ 92.143077896532375, 24.710797442938837 ], [ 92.143119283981477, 24.710852538971494 ], [ 92.14316606701189, 24.710903906288895 ], [ 92.147332729408816, 24.715070588821057 ], [ 92.147391154010165, 24.71512324329678 ], [ 92.147455237877224, 24.715170083523564 ], [ 92.147524290894452, 24.715210605076976 ], [ 92.147597569430957, 24.715244371578134 ], [ 92.147674284348952, 24.715271019393267 ], [ 92.147753609502161, 24.715290261549907 ], [ 92.147834690633061, 24.715301890827462 ], [ 92.147916654572825, 24.715305781988935 ], [ 92.152083345291643, 24.715305782635706 ], [ 92.152165309211298, 24.715301891505227 ], [ 92.152246390330092, 24.715290262268805 ], [ 92.152325715481084, 24.715271020161914 ], [ 92.152402430408316, 24.715244372403401 ], [ 92.152475708966833, 24.71521060596384 ], [ 92.152544762019687, 24.715170084474991 ], [ 92.152608845936584, 24.715123244313691 ], [ 92.152667270602166, 24.715070589902275 ], [ 92.156249959699394, 24.711487909459603 ], [ 92.172332678064777, 24.727570600698431 ], [ 92.172387511728118, 24.727620314516219 ], [ 92.172447394076926, 24.727664905032544 ], [ 92.172511753776817, 24.727703946807569 ], [ 92.172579976772965, 24.727737067341788 ], [ 92.172651412149008, 24.72776395063018 ], [ 92.172725378337546, 24.727784340177422 ], [ 92.172801169623341, 24.727798041445205 ], [ 92.172878062876833, 24.727804923708455 ], [ 92.172955324453866, 24.727804921302685 ], [ 92.173032217195868, 24.727798034250515 ], [ 92.173108007463412, 24.727784328261464 ], [ 92.173181972136405, 24.727763934105052 ], [ 92.173253405513634, 24.727737046363 ], [ 92.173321626046274, 24.727703921572665 ], [ 92.17338598284087, 24.72766487577929 ], [ 92.173445861869652, 24.727620281520466 ], [ 92.173500691829162, 24.727570564271602 ], [ 92.177432126144609, 24.723639123481409 ], [ 92.181250011965147, 24.723639119613345 ], [ 92.181331982792088, 24.723635228372512 ], [ 92.181413070723195, 24.723623598808775 ], [ 92.181492402498009, 24.723604356164053 ], [ 92.181569123769506, 24.723577707667786 ], [ 92.181642408305265, 24.723543940305149 ], [ 92.181711466885787, 24.723503417726249 ], [ 92.181775555804023, 24.723456576329756 ], [ 92.181833984874856, 24.72340392056298 ], [ 92.189932094430915, 24.715305797648391 ], [ 92.197916690654282, 24.71530578954065 ], [ 92.197998653800042, 24.715301897376001 ], [ 92.198079734055824, 24.715290267324772 ], [ 92.198159058295914, 24.715271024626656 ], [ 92.198235772305381, 24.715244376499328 ], [ 92.198309049979301, 24.715210609906865 ], [ 92.198378102219095, 24.715170088469417 ], [ 92.198442185430423, 24.715123248547336 ], [ 92.19850060953074, 24.715070594541967 ], [ 92.202667273962462, 24.710903911841907 ], [ 92.202716990162884, 24.710848979978891 ], [ 92.202760539003336, 24.710789840465726 ], [ 92.202797496633465, 24.710727068904841 ], [ 92.202827503356616, 24.710661276248381 ], [ 92.202850267130373, 24.710593102851728 ], [ 92.20286556640869, 24.710523212240844 ], [ 92.202873252297735, 24.71045228465411 ], [ 92.202873250004515, 24.710381010421557 ], [ 92.202865559564472, 24.710310083245918 ], [ 92.202850255840517, 24.710240193450925 ], [ 92.202827487793911, 24.710172021262508 ], [ 92.202797477034053, 24.71010623018827 ], [ 92.202760515661026, 24.710043460559874 ], [ 92.202716963422404, 24.709984323300841 ], [ 92.20266724421144, 24.709929393980754 ], [ 92.198987831786553, 24.706250019291126 ], [ 92.202667217124201, 24.702570597019829 ], [ 92.202714001372698, 24.702519228125393 ], [ 92.20275538998628, 24.702464130000305 ], [ 92.202791028874984, 24.702405774032272 ], [ 92.202820613141483, 24.702344659480591 ], [ 92.202843889689419, 24.702281309204693 ], [ 92.202860659388477, 24.702216265190717 ], [ 92.202870778777736, 24.702150083914624 ], [ 92.202874161292684, 24.702083331581186 ], [ 92.202874136884873, 24.69819700503967 ], [ 92.208917153263315, 24.692153947675976 ], [ 92.208966619488152, 24.692099319751758 ], [ 92.209009986757621, 24.692040525138378 ], [ 92.209046837425745, 24.691978130065589 ], [ 92.209076816607194, 24.69191273543705 ], [ 92.209099635594853, 24.691844971043142 ], [ 92.209115074639826, 24.691775489495527 ], [ 92.209122985067395, 24.691704959942058 ], [ 92.209123290708348, 24.691634061622366 ], [ 92.209115988632078, 24.69156347732639 ], [ 92.209101149174273, 24.691493886818737 ], [ 92.20907891525907, 24.691425960292158 ], [ 92.209049501022207, 24.691360351913325 ], [ 92.209013189748248, 24.691297693522976 ], [ 92.208970331142169, 24.691238588551052 ], [ 92.208921337961101, 24.691183606205534 ], [ 92.208866682039115, 24.691133275990907 ], [ 92.208806889743101, 24.691088082608836 ], [ 92.208742536903458, 24.69104846129056 ], [ 92.208674243268717, 24.691014793605564 ], [ 92.208602666537146, 24.690987403787048 ], [ 92.208528496023021, 24.690966555609577 ], [ 92.208452446018498, 24.690952449848993 ], [ 92.208375248914962, 24.69094522234893 ], [ 92.208297648150193, 24.690944942712669 ], [ 92.208220391049124, 24.690951613632894 ], [ 92.208144221627151, 24.690965170865756 ], [ 92.208069873425387, 24.690985483849573 ], [ 92.207998062446705, 24.691012356962105 ], [ 92.207929480260674, 24.691045531404416 ], [ 92.207864787343695, 24.691084687693095 ], [ 92.207804606718582, 24.69112944873687 ], [ 92.20774951795471, 24.691179383468018 ], [ 92.201499514606354, 24.697429359437091 ] ] ] } },
{ "type": "Feature", "properties": { "ARCID": 747699, "UP_CELLS": 156007, "buffer_m": 250 }, "geometry": { "type": "Polygon", "coordinates": [ [ [ 91.917054157216739, 24.684540652327367 ], [ 91.91705400913601, 24.677083310178848 ], [ 91.91704343180956, 24.676874681482499 ], [ 91.917011799224213, 24.6766678387498 ], [ 91.916959382217357, 24.676464552284401 ], [ 91.916886629508483, 24.676266561944367 ], [ 91.916794163855414, 24.676075562251839 ], [ 91.916682776721373, 24.675893187890903 ], [ 91.916553421498449, 24.675720999717917 ], [ 91.916407205345891, 24.675560471403781 ], [ 91.912240524497946, 24.671393854172596 ], [ 91.912068394709451, 24.671237834121257 ], [ 91.911880358516427, 24.671097982037061 ], [ 91.91167822678932, 24.670975644715909 ], [ 91.911463946122581, 24.670872000279434 ], [ 91.911239580089486, 24.67078804683112 ], [ 91.911007289371398, 24.670724592845918 ], [ 91.910769310952588, 24.670682249385798 ], [ 91.910527936580721, 24.670661424216245 ], [ 91.910285490700502, 24.670662317880193 ], [ 91.910044308072713, 24.6706849217673 ], [ 91.90980671129401, 24.670729018196958 ], [ 91.909574988433789, 24.670794182514484 ], [ 91.909351371003396, 24.670879787179981 ], [ 91.909138012469441, 24.670985007810913 ], [ 91.908936967518372, 24.671108831119859 ], [ 91.908750172271468, 24.671250064671316 ], [ 91.908579425640866, 24.671407348363605 ], [ 91.908426372006204, 24.671579167525238 ], [ 91.908292485378496, 24.671763867499894 ], [ 91.908179055203732, 24.671959669579497 ], [ 91.908087173943187, 24.672164688132089 ], [ 91.908017726549744, 24.672376948759613 ], [ 91.907971381942133, 24.672594407310797 ], [ 91.907948586558859, 24.672814969566126 ], [ 91.907949560054362, 24.673036511405343 ], [ 91.907974293178967, 24.673256899263322 ], [ 91.908022547863084, 24.673474010677321 ], [ 91.908093859505215, 24.673685754727739 ], [ 91.908187541441762, 24.673890092175476 ], [ 91.908302691555974, 24.674085055102033 ], [ 91.908438200962195, 24.674268765863065 ], [ 91.908592764682297, 24.674439455172834 ], [ 91.912112643011994, 24.677959412457501 ], [ 91.912112494926419, 24.685416643504521 ], [ 91.912123061965147, 24.685625250394065 ], [ 91.912154681527852, 24.685832072608115 ], [ 91.91220708314961, 24.686035340368043 ], [ 91.912279818527907, 24.686233314302189 ], [ 91.912372265355501, 24.686424300330117 ], [ 91.912483632642463, 24.68660666415974 ], [ 91.912612967482232, 24.686778845272958 ], [ 91.912759163203518, 24.686939370280239 ], [ 91.916925815676819, 24.691106086411956 ], [ 91.917097964845141, 24.691262113761649 ], [ 91.917286024655198, 24.691401973429858 ], [ 91.917488183967336, 24.691524318435373 ], [ 91.917702495832202, 24.69162797047521 ], [ 91.917926896242591, 24.691711931274433 ], [ 91.918159224013593, 24.69177539220194 ], [ 91.918397241599322, 24.691817742059737 ], [ 91.918638656645541, 24.691838572970322 ], [ 91.918881144070795, 24.691837684305838 ], [ 91.91912236846288, 24.691815084620771 ], [ 91.919360006575005, 24.691770991569687 ], [ 91.919591769704653, 24.691705829810839 ], [ 91.919815425739614, 24.691620226915788 ], [ 91.920028820658459, 24.691515007324448 ], [ 91.920229899278539, 24.691391184403862 ], [ 91.920416725051325, 24.69124995068718 ], [ 91.920587498714326, 24.691092666386979 ], [ 91.920740575620144, 24.690920846293562 ], [ 91.920874481575368, 24.690736145184534 ], [ 91.920987927037174, 24.690540341886223 ], [ 91.921079819530561, 24.690335322140562 ], [ 91.921149274166851, 24.690123060442431 ], [ 91.921195622162415, 24.68990560102262 ], [ 91.921218417275441, 24.689685038159389 ], [ 91.92121744009917, 24.689463496008472 ], [ 91.921192700169996, 24.689243108145721 ], [ 91.921144435871, 24.689025997019474 ], [ 91.921073112131339, 24.688814253510508 ], [ 91.920979415944146, 24.688609916796349 ], [ 91.920864249746458, 24.688414954714027 ], [ 91.92072872272459, 24.688231244810126 ], [ 91.920574140129361, 24.688060556260719 ], [ 91.917054157216739, 24.684540652327367 ] ] ] } },
{ "type": "Feature", "properties": { "ARCID": 747759, "UP_CELLS": 509, "buffer_m": 80 }, "geometry": { "type": "Polygon", "coordinates": [ [ [ 92.097126014315037, 24.677083330499517 ], [ 92.097129820996116, 24.677154142429124 ], [ 92.097141205441915, 24.677224272447521 ], [ 92.097160058026418, 24.677293045162958 ], [ 92.097186197200486, 24.677359798254194 ], [ 92.097219371239746, 24.677423888849095 ], [ 92.097259260668537, 24.677484699715954 ], [ 92.097305481336306, 24.677541645207963 ], [ 92.097357588116836, 24.677594176903479 ], [ 92.097415079195045, 24.677641788887851 ], [ 92.097477400899535, 24.677684022625826 ], [ 92.097543953034886, 24.677720471377825 ], [ 92.097614094661949, 24.677750784117141 ], [ 92.097687150270659, 24.677774668910821 ], [ 92.097762416285875, 24.677791895731314 ], [ 92.097839167843588, 24.67780229867186 ], [ 92.097916665772132, 24.677805777544432 ], [ 92.097994163711348, 24.677802298844639 ], [ 92.098070915300852, 24.677791896074481 ], [ 92.098146181368492, 24.67777466941963 ], [ 92.098219237049321, 24.6777507847846 ], [ 92.098289378767035, 24.67772047219486 ], [ 92.098355931010047, 24.677684023581456 ], [ 92.098418252837476, 24.677641789969382 ], [ 92.098475744051953, 24.677594178096847 ], [ 92.098527850979949, 24.677541646497897 ], [ 92.098574071804151, 24.677484701086357 ], [ 92.098613961396111, 24.677423890283297 ], [ 92.098647135602945, 24.677359799735264 ], [ 92.098673274946762, 24.677293046673977 ], [ 92.098692127701071, 24.677224273971859 ], [ 92.0987035123147, 24.677154143950663 ], [ 92.098707319159786, 24.677083332002866 ], [ 92.098707266616671, 24.668749997166959 ], [ 92.098703459135919, 24.668679185180917 ], [ 92.098692074424378, 24.668609055199376 ], [ 92.098673222135432, 24.668540282611069 ], [ 92.098647083838472, 24.668473529731212 ], [ 92.09861391126978, 24.668409439423144 ], [ 92.098574023907759, 24.668348628907342 ], [ 92.098527805895984, 24.668291683817397 ], [ 92.098475702343237, 24.668239152560229 ], [ 92.098418215036901, 24.668191541034844 ], [ 92.09835589761029, 24.66814930776048 ], [ 92.098289350210962, 24.668112859461029 ], [ 92.098219213721009, 24.668082547148256 ], [ 92.098146163585369, 24.668058662741618 ], [ 92.098070903307075, 24.668041436257052 ], [ 92.097994157672588, 24.668031033591973 ], [ 92.097916665772175, 24.668027554927701 ], [ 92.09783917388242, 24.668031033764752 ], [ 92.097762428279736, 24.668041436600223 ], [ 92.097687168053852, 24.668058663250431 ], [ 92.097614117990332, 24.66808254781574 ], [ 92.097543981591045, 24.668112860278086 ], [ 92.097477434299364, 24.668149308716131 ], [ 92.097415116995691, 24.668191542116414 ], [ 92.097357629825609, 24.668239153753607 ], [ 92.097305526420314, 24.668291685107359 ], [ 92.097259308564958, 24.668348630277773 ], [ 92.097219421366091, 24.668409440857381 ], [ 92.097186248964974, 24.668473531212314 ], [ 92.097160110837763, 24.668540284122127 ], [ 92.097141258718608, 24.668609056723753 ], [ 92.097129874174883, 24.668679186702494 ], [ 92.097126066858138, 24.668749998670346 ], [ 92.097126014315037, 24.677083330499517 ] ] ] } },
{ "type": "Feature", "properties": { "ARCID": 747897, "UP_CELLS": 181332, "buffer_m": 250 }, "geometry": { "type": "Polygon", "coordinates": [ [ [ 91.625994443500772, 24.662326008911432 ], [ 91.622916703102703, 24.66232600017133 ], [ 91.622660749653377, 24.662338147472237 ], [ 91.622407551211822, 24.662374465302541 ], [ 91.62215983348915, 24.662434562690201 ], [ 91.621920263203862, 24.662517792673171 ], [ 91.62169141937845, 24.662623259263142 ], [ 91.62147576557939, 24.662749827089879 ], [ 91.621275623399228, 24.662896133622038 ], [ 91.621093147465984, 24.663060603833305 ], [ 91.616926476111601, 24.667227220285451 ], [ 91.616780270445048, 24.66738773756521 ], [ 91.616650924314442, 24.66755991521962 ], [ 91.616539544903659, 24.667742279523139 ], [ 91.616447085626518, 24.667933269553483 ], [ 91.616374337964245, 24.668131250551067 ], [ 91.616321924688336, 24.668334527910535 ], [ 91.616290294527246, 24.668541361684866 ], [ 91.616279718322247, 24.668749981477699 ], [ 91.616279654086455, 24.672040667428842 ], [ 91.613494250155355, 24.674826037529424 ], [ 91.607339080623035, 24.674826042413141 ], [ 91.603907013976055, 24.671394001379994 ], [ 91.60372451816616, 24.67122951551136 ], [ 91.603524351940038, 24.671083195589681 ], [ 91.603308670522182, 24.670956617019094 ], [ 91.603079796164138, 24.670851142645819 ], [ 91.602840193142654, 24.670767908086656 ], [ 91.602592441229461, 24.670707809503948 ], [ 91.60233920791876, 24.670671493958466 ], [ 91.602083219710835, 24.67065935244392 ], [ 91.589583444786783, 24.670659362466349 ], [ 91.58932745726446, 24.6706715043826 ], [ 91.589074224734318, 24.670707820298649 ], [ 91.588826473694468, 24.670767919202664 ], [ 91.58858687163287, 24.670851154016425 ], [ 91.588357998311452, 24.670956628561488 ], [ 91.5881423179937, 24.671083207206923 ], [ 91.587942152915261, 24.671229527094908 ], [ 91.587759658282536, 24.671394012812591 ], [ 91.584327579629218, 24.674826075977087 ], [ 91.57291677812951, 24.67482604384821 ], [ 91.57266077845668, 24.674838186178128 ], [ 91.57240753401878, 24.674874503324418 ], [ 91.572159771552563, 24.674934604246094 ], [ 91.571920158777075, 24.675017841816938 ], [ 91.571691275674027, 24.675123319792444 ], [ 91.571475586712054, 24.675249902458685 ], [ 91.571275414313888, 24.675396226859291 ], [ 91.571092913851984, 24.675560717469008 ], [ 91.566926242671812, 24.679727333876084 ], [ 91.566770890115336, 24.679898965732587 ], [ 91.566634804939852, 24.680083750801185 ], [ 91.566519312071406, 24.68027989012603 ], [ 91.566425535978468, 24.680485474205472 ], [ 91.56635438972188, 24.680698501580316 ], [ 91.566306566062309, 24.680916898317761 ], [ 91.566282530711774, 24.68113853820109 ], [ 91.566282517795059, 24.68136126342883 ], [ 91.566306527565615, 24.681582905621777 ], [ 91.56635432639807, 24.681801306933444 ], [ 91.566425449057846, 24.682014341058458 ], [ 91.56651920322588, 24.682219933934192 ], [ 91.566634676234571, 24.682416083934349 ], [ 91.566770743949519, 24.682600881357544 ], [ 91.566926081710903, 24.682772527021346 ], [ 91.57525938401875, 24.691105959091761 ], [ 91.57543151837038, 24.691261966010767 ], [ 91.575619561243968, 24.691401806678119 ], [ 91.575821701664438, 24.6915241342953 ], [ 91.576035992865712, 24.691627770726232 ], [ 91.576260371040846, 24.691711717845536 ], [ 91.576492675220123, 24.691775167152887 ], [ 91.576730668085602, 24.691817507561034 ], [ 91.576972057521715, 24.691838331282241 ], [ 91.577214518693935, 24.691837437756554 ], [ 91.577455716442856, 24.691814835583905 ], [ 91.577693327777979, 24.691770742441484 ], [ 91.577925064254089, 24.691705582987201 ], [ 91.578148694014828, 24.691619984769289 ], [ 91.57836206329074, 24.691514772181687 ], [ 91.578563117144896, 24.691390958523257 ], [ 91.578749919265903, 24.691249736237442 ], [ 91.578920670617592, 24.6910924654265 ], [ 91.579073726765941, 24.690920660750852 ], [ 91.579207613716022, 24.6907359768399 ], [ 91.57932104210667, 24.690540192354899 ], [ 91.579412919626037, 24.690335192857354 ], [ 91.579482361528619, 24.690122952648142 ], [ 91.579528699152618, 24.689905515752223 ], [ 91.579551486355584, 24.689684976232225 ], [ 91.579550503806573, 24.689463458020388 ], [ 91.579525761093819, 24.689243094463389 ], [ 91.579477496627476, 24.689026007776825 ], [ 91.579406175338889, 24.688814288607318 ], [ 91.579312484198439, 24.68860997589913 ], [ 91.579197325595572, 24.688415037259038 ], [ 91.579061808644752, 24.688231350008596 ], [ 91.578907238501159, 24.688060683106201 ], [ 91.572096405197357, 24.681250069701409 ], [ 91.574005767635938, 24.679340664445196 ], [ 91.585416778143511, 24.67934063230058 ], [ 91.58567274398203, 24.679328472676332 ], [ 91.585925953251802, 24.679292145595092 ], [ 91.58617368022594, 24.679232042101255 ], [ 91.586413258200864, 24.679148809185339 ], [ 91.586642108206789, 24.679043342818584 ], [ 91.586857766773107, 24.6789167783068 ], [ 91.587057912449652, 24.67877047806769 ], [ 91.587240390797945, 24.678606016963066 ], [ 91.590672379790462, 24.675174012475431 ], [ 91.60099428268299, 24.675174020751339 ], [ 91.604426259868703, 24.678606023558224 ], [ 91.604608742706219, 24.678770489306476 ], [ 91.604808893718655, 24.678916793396933 ], [ 91.605024558337149, 24.679043360859708 ], [ 91.60525341496556, 24.67914882918474 ], [ 91.605492999973961, 24.67923206299135 ], [ 91.605740734222167, 24.679292166252619 ], [ 91.605993950827568, 24.679328491942879 ], [ 91.606249923878522, 24.679340649004327 ], [ 91.614583407308686, 24.679340655616112 ], [ 91.614839380663213, 24.679328498969927 ], [ 91.615092597670184, 24.679292173699487 ], [ 91.615340332419777, 24.679232070844133 ], [ 91.615579918027166, 24.679148837411326 ], [ 91.615808775346139, 24.679043369410721 ], [ 91.616024440737348, 24.67891680220735 ], [ 91.616224592592303, 24.678770498297819 ], [ 91.616407076327391, 24.678606032641103 ], [ 91.620573738299854, 24.674439315737882 ], [ 91.62071992367602, 24.674278801200071 ], [ 91.620849249801907, 24.674106629411273 ], [ 91.620960609931913, 24.67392427387113 ], [ 91.621053051092034, 24.67373329522918 ], [ 91.621125782233776, 24.673535327927276 ], [ 91.621178181001696, 24.673332066210659 ], [ 91.621209799056686, 24.673125249627397 ], [ 91.621220365909892, 24.672916648140447 ], [ 91.621220301672679, 24.669626044140177 ], [ 91.624005634127428, 24.666840677850821 ], [ 91.627083369773928, 24.666840669107554 ], [ 91.627339308100659, 24.666828516971609 ], [ 91.627592491094461, 24.666792198067391 ], [ 91.627840193442822, 24.666732103332588 ], [ 91.628079748835972, 24.666648879632408 ], [ 91.628308578671721, 24.666543422795787 ], [ 91.628524219815574, 24.666416867971321 ], [ 91.628724351116972, 24.666270577406802 ], [ 91.628906818396317, 24.666106125784008 ], [ 91.633073480338567, 24.66193940891187 ], [ 91.633228024761834, 24.661768741003716 ], [ 91.633363519102659, 24.661585051835818 ], [ 91.633478658518072, 24.661390110489613 ], [ 91.633572334216424, 24.661185794406975 ], [ 91.633643644133315, 24.660974071307507 ], [ 91.633691901615691, 24.660756980236599 ], [ 91.633716642030834, 24.660536611926979 ], [ 91.633717627236678, 24.660315088662706 ], [ 91.633694847870601, 24.660094543839811 ], [ 91.633648523434701, 24.659877101420278 ], [ 91.633579100177201, 24.659664855477391 ], [ 91.633487246790153, 24.659459850029165 ], [ 91.633373847965515, 24.659264059354474 ], [ 91.633239995871435, 24.659079368980969 ], [ 91.633086979631187, 24.658907557528085 ], [ 91.632916272906115, 24.658750279579927 ], [ 91.632729519702266, 24.658609049752755 ], [ 91.632528518537484, 24.658485228110596 ], [ 91.632315205121287, 24.658380007069216 ], [ 91.632091633714623, 24.658294399914645 ], [ 91.631859957348624, 24.658229231046537 ], [ 91.631622407092905, 24.658185128040518 ], [ 91.631381270573129, 24.658162515605614 ], [ 91.631138869944152, 24.658161611495142 ], [ 91.630897539531134, 24.658182424410274 ], [ 91.630659603353507, 24.658224753916453 ], [ 91.630427352748185, 24.658288192373494 ], [ 91.63020302430732, 24.658372128860769 ], [ 91.629988778342764, 24.658475755059683 ], [ 91.629786678084812, 24.658598073036856 ], [ 91.629598669814939, 24.658737904853101 ], [ 91.629426564124273, 24.6588939039057 ], [ 91.625994443500772, 24.662326008911432 ] ] ] } },
{ "type": "Feature", "properties": { "ARCID": 748030, "UP_CELLS": 6289, "buffer_m": 150 }, "geometry": { "type": "Polygon", "coordinates": [ [ [ 92.067267789685175, 24.655724282272455 ], [ 92.063489176750394, 24.659502847462541 ], [ 92.063401440550393, 24.659599172834195 ], [ 92.063323821596015, 24.659702496246407 ], [ 92.063256984347049, 24.659811933228369 ], [ 92.063201500974202, 24.65992654697364 ], [ 92.06315784646047, 24.660045356358999 ], [ 92.063126394534294, 24.660167344342799 ], [ 92.063107414469258, 24.660291466670849 ], [ 92.063101068777925, 24.660416660815301 ], [ 92.063100970303225, 24.668749991222679 ], [ 92.063107312086458, 24.668875171731294 ], [ 92.063126286439953, 24.668999281016511 ], [ 92.063157731008303, 24.669121256884491 ], [ 92.063201376707383, 24.669240055397253 ], [ 92.063256850026121, 24.669354659807436 ], [ 92.063323676222069, 24.669464089260494 ], [ 92.063401283383655, 24.66956740718971 ], [ 92.063489007324179, 24.669663729332331 ], [ 92.06726758031148, 24.673442352925374 ], [ 92.067267536991437, 24.677083325287313 ], [ 92.067273878690656, 24.677208500014466 ], [ 92.06729285265051, 24.677332603660329 ], [ 92.067324296533982, 24.677454574177347 ], [ 92.067367941287671, 24.677573367769682 ], [ 92.067423413443052, 24.677687967825921 ], [ 92.067490238311478, 24.677797393619297 ], [ 92.067567844045527, 24.677900708700857 ], [ 92.067655566531997, 24.677997028913808 ], [ 92.071434147288002, 24.681775660290281 ], [ 92.071434054343641, 24.689583324562289 ], [ 92.07144119180461, 24.689716095954758 ], [ 92.071462538932806, 24.689847588837786 ], [ 92.07149789018743, 24.689976536858424 ], [ 92.071546905157192, 24.690101698168306 ], [ 92.071609111837006, 24.690221867383748 ], [ 92.071683911172386, 24.690335887194642 ], [ 92.071770582827469, 24.690442659510573 ], [ 92.071868292121351, 24.690541156036705 ], [ 92.071976098066017, 24.690630428177549 ], [ 92.072092962428286, 24.690709616173219 ], [ 92.072217759728758, 24.690777957380188 ], [ 92.072349288081114, 24.690834793616723 ], [ 92.07248628076789, 24.690879577502223 ], [ 92.072627418440533, 24.690911877729476 ], [ 92.072771341826908, 24.690931383218878 ], [ 92.072916664823225, 24.690937906114723 ], [ 92.07306198784471, 24.690931383594656 ], [ 92.073205911306061, 24.690911878474761 ], [ 92.07334704910194, 24.690879578604651 ], [ 92.073484041957613, 24.690834795058134 ], [ 92.073615570521113, 24.690777959137122 ], [ 92.073740368070617, 24.690709618217483 ], [ 92.073857232714914, 24.690630430476915 ], [ 92.073965038969064, 24.690541158555742 ], [ 92.074062748594017, 24.69044266221146 ], [ 92.074149420595674, 24.690335890038067 ], [ 92.074224220287022, 24.690221870329804 ], [ 92.0742864273262, 24.690101701177344 ], [ 92.074335442652981, 24.68997653989187 ], [ 92.074370794257035, 24.689847591858907 ], [ 92.074392141722328, 24.689716098929257 ], [ 92.074399279503936, 24.689583327458877 ], [ 92.074399180918391, 24.681249991231713 ], [ 92.074392835350906, 24.681124811826972 ], [ 92.074373856235411, 24.681000703887207 ], [ 92.074342406038738, 24.680878729568942 ], [ 92.074298753957379, 24.680759932765373 ], [ 92.074243273612382, 24.680645330172638 ], [ 92.074176439850831, 24.680535902588822 ], [ 92.074098824680831, 24.680432586520407 ], [ 92.074011092375528, 24.680336266167743 ], [ 92.070232457579465, 24.676557681985265 ], [ 92.070232414260047, 24.672916658622029 ], [ 92.070226068608832, 24.672791473438934 ], [ 92.070207089100833, 24.672667359862896 ], [ 92.07017563822123, 24.672545380196645 ], [ 92.07013198519715, 24.672426578475456 ], [ 92.070076503692206, 24.672311971531322 ], [ 92.070009668607142, 24.67220254029008 ], [ 92.069932052014209, 24.672099221375866 ], [ 92.069844318259953, 24.672002899094981 ], [ 92.066065691250714, 24.668224322684587 ], [ 92.066065605200407, 24.660942392855407 ], [ 92.069844168729148, 24.657163781574962 ], [ 92.069931894653237, 24.657067456674156 ], [ 92.070009503819946, 24.656964134649606 ], [ 92.070076331937486, 24.656854699913957 ], [ 92.070131807002014, 24.656740089201019 ], [ 92.070175454193119, 24.65662128354726 ], [ 92.070206899937276, 24.656499299894005 ], [ 92.070225875104498, 24.656375182382479 ], [ 92.070232217310789, 24.656249993416019 ], [ 92.070232168101185, 24.652083325295568 ], [ 92.070225029414544, 24.651950553435814 ], [ 92.070203685425952, 24.651819060386142 ], [ 92.070168341733307, 24.651690112491867 ], [ 92.070119338756214, 24.651564951583328 ], [ 92.070057148455916, 24.651444783016636 ], [ 92.069982369788818, 24.651330764065953 ], [ 92.06989572293692, 24.651223992778824 ], [ 92.069798042371261, 24.651125497402081 ], [ 92.069690268814966, 24.651036226479995 ], [ 92.069573440183333, 24.650957039720009 ], [ 92.069448681588227, 24.650888699714098 ], [ 92.069317194503128, 24.650831864595368 ], [ 92.069180245193024, 24.650787081700543 ], [ 92.069039152520659, 24.65075478229949 ], [ 92.068895275246476, 24.650735277442333 ], [ 92.068749998944497, 24.650728754964351 ], [ 92.068604722660126, 24.650735277677256 ], [ 92.068460845438338, 24.65075478276442 ], [ 92.068319752851764, 24.650787082385804 ], [ 92.068182803658686, 24.650831865486772 ], [ 92.068051316718822, 24.650888700793423 ], [ 92.067926558293536, 24.650957040965537 ], [ 92.067809729852101, 24.651036227867152 ], [ 92.067701956501722, 24.65112549890415 ], [ 92.067604276152821, 24.651223994367708 ], [ 92.067517629523522, 24.651330765712981 ], [ 92.06744285107996, 24.651444784693371 ], [ 92.067380660999376, 24.65156495326228 ], [ 92.067331658233755, 24.65169011414724 ], [ 92.067296314740531, 24.651819061994416 ], [ 92.067274970935969, 24.651950554976306 ], [ 92.067267832415354, 24.652083326750777 ], [ 92.067267789685175, 24.655724282272455 ] ] ] } },
{ "type": "Feature", "properties": { "ARCID": 748105, "UP_CELLS": 156429, "buffer_m": 250 }, "geometry": { "type": "Polygon", "coordinates": [ [ [ 91.893750036612957, 24.645659136534867 ], [ 91.893494116079964, 24.645671282888586 ], [ 91.893240949745177, 24.645707597982998 ], [ 91.892993262532556, 24.645767690940126 ], [ 91.892753720400492, 24.645850914951598 ], [ 91.892524901651043, 24.645956374239677 ], [ 91.892309269182434, 24.646082933697549 ], [ 91.892109143982282, 24.646229231105444 ], [ 91.891926680147733, 24.646393691790962 ], [ 91.887760007776876, 24.650560308377298 ], [ 91.887613784768419, 24.650720845809882 ], [ 91.88748442279352, 24.650893047654865 ], [ 91.88737302937254, 24.651075439713072 ], [ 91.88728055821224, 24.651266460542175 ], [ 91.887207801039182, 24.651464474822987 ], [ 91.887155380819323, 24.651667787358431 ], [ 91.887123746421963, 24.651874657585221 ], [ 91.887113168773766, 24.652083314474272 ], [ 91.887113104487057, 24.655373836530181 ], [ 91.884327749220844, 24.658159157352401 ], [ 91.882338916673902, 24.658159158620897 ], [ 91.878906819710181, 24.654727086245003 ], [ 91.878724342615683, 24.65456261506371 ], [ 91.878524201138262, 24.654416308078638 ], [ 91.878308549729041, 24.654289740185483 ], [ 91.878079709770603, 24.654184273796425 ], [ 91.87784014459028, 24.654101044176787 ], [ 91.877592432946443, 24.65404094722653 ], [ 91.87733924127356, 24.654004629838216 ], [ 91.877083294983805, 24.653992482934946 ], [ 91.872916703278136, 24.65399248561242 ], [ 91.872660756930642, 24.654004632866407 ], [ 91.872407565282643, 24.654040950637796 ], [ 91.872159853751, 24.65410104798806 ], [ 91.87192028877152, 24.654184278009129 ], [ 91.871691449100837, 24.654289744786002 ], [ 91.871475798061525, 24.654416313039359 ], [ 91.871275657028917, 24.654562620344478 ], [ 91.871093180444774, 24.654727091794978 ], [ 91.868749916542754, 24.657070374243929 ], [ 91.858073374756515, 24.646393780689316 ], [ 91.85790127248984, 24.646237771177915 ], [ 91.857713268205131, 24.646097930241051 ], [ 91.857511172465806, 24.645975604567287 ], [ 91.857296931519954, 24.64587197216607 ], [ 91.857072608558624, 24.645788031024903 ], [ 91.85684036384869, 24.645724589500116 ], [ 91.856602433931513, 24.645682258533519 ], [ 91.856361110087974, 24.645661445770127 ], [ 91.85611871627637, 24.645662351633188 ], [ 91.855877586756151, 24.645684967394661 ], [ 91.855640043612667, 24.645729075259389 ], [ 91.855408374398849, 24.645794250462309 ], [ 91.855184810109392, 24.645879865358509 ], [ 91.854971503699119, 24.645985095466731 ], [ 91.854770509352406, 24.64610892740809 ], [ 91.854583762703001, 24.646250168663844 ], [ 91.854413062194865, 24.646407459058 ], [ 91.854260051763234, 24.646579283854454 ], [ 91.8541262050028, 24.646763988342627 ], [ 91.85401281097532, 24.646959793770979 ], [ 91.853920961793676, 24.647164814475381 ], [ 91.853851542101552, 24.647377076037163 ], [ 91.853805220550626, 24.647594534296175 ], [ 91.853782443357105, 24.647815095035902 ], [ 91.853783430000078, 24.648036634150873 ], [ 91.85380817110304, 24.648257018102417 ], [ 91.853856428519492, 24.648474124465626 ], [ 91.853927737621518, 24.648685862369753 ], [ 91.854021411769992, 24.648890192635111 ], [ 91.854136548923179, 24.649085147412556 ], [ 91.854272040320367, 24.649268849136398 ], [ 91.854426581157, 24.64943952860806 ], [ 91.8669265380897, 24.661939676753331 ], [ 91.867097775206915, 24.662094939252235 ], [ 91.867284766922964, 24.662234199313737 ], [ 91.867485730251317, 24.662356129037615 ], [ 91.86769874896288, 24.662459565770828 ], [ 91.86792179185872, 24.662543523195417 ], [ 91.868152732140132, 24.662607200734918 ], [ 91.868389367690895, 24.662649991189479 ], [ 91.868629442078202, 24.662671486526758 ], [ 91.868870666072041, 24.662671481773543 ], [ 91.869110739477634, 24.662649976970734 ], [ 91.869347373072443, 24.662607177173076 ], [ 91.869578310438627, 24.662543490493782 ], [ 91.869801349482387, 24.66245952421248 ], [ 91.870014363434905, 24.662356078983787 ], [ 91.87021532113458, 24.66223414120169 ], [ 91.870402306397068, 24.662094873592622 ], [ 91.870573536287864, 24.661939604126978 ], [ 91.874005598356177, 24.658507525576468 ], [ 91.875994400866276, 24.658507526854436 ], [ 91.879426455216347, 24.661939605801663 ], [ 91.879608929873527, 24.662104065249764 ], [ 91.879809068470195, 24.662250362704153 ], [ 91.880024716840353, 24.662376923464571 ], [ 91.88025355385318, 24.662482385264862 ], [ 91.880493116398299, 24.662565612938032 ], [ 91.880740825900446, 24.662625710636743 ], [ 91.880994016077778, 24.66266203147763 ], [ 91.881249961645253, 24.662674184505491 ], [ 91.885416703296244, 24.66267418716296 ], [ 91.885672648806406, 24.66266203448318 ], [ 91.885925839008451, 24.662625714022486 ], [ 91.88617354862194, 24.66256561672078 ], [ 91.886413111366423, 24.662482389446048 ], [ 91.886641948664845, 24.662376928030664 ], [ 91.886857597402155, 24.662250367627756 ], [ 91.887057736440312, 24.662104070491019 ], [ 91.887240211604038, 24.661939611310125 ], [ 91.89140687256004, 24.657772894541207 ], [ 91.89155307538941, 24.657612359762414 ], [ 91.891682417448948, 24.65744016368248 ], [ 91.891793791655644, 24.657257780277476 ], [ 91.891886244741912, 24.657066770719691 ], [ 91.891958985413495, 24.656868770013183 ], [ 91.892011391120363, 24.656665472997485 ], [ 91.89204301338259, 24.656458619839409 ], [ 91.892053581626101, 24.656249981137019 ], [ 91.892053517337985, 24.652959541283163 ], [ 91.894838816201855, 24.650174207970409 ], [ 91.897916703284181, 24.650174198760311 ], [ 91.898158818531272, 24.650163324727909 ], [ 91.898398601622702, 24.650130813764466 ], [ 91.89863374319485, 24.650076978980497 ], [ 91.898861978592947, 24.650002338857092 ], [ 91.899081109685341, 24.649907612251848 ], [ 91.899289026036584, 24.649793711474526 ], [ 91.899483725235186, 24.649661733499556 ], [ 91.899663332180467, 24.649512949399639 ], [ 91.899826117142283, 24.649348792102668 ], [ 91.899970512419998, 24.64917084258969 ], [ 91.900095127439997, 24.648980814666988 ], [ 91.900198762146402, 24.648780538459135 ], [ 91.900280418556193, 24.648571942781849 ], [ 91.900339310367428, 24.648357036564665 ], [ 91.900374870528125, 24.648137889502372 ], [ 91.900386756693081, 24.647916612121517 ], [ 91.900374854516386, 24.647695335454131 ], [ 91.900339278747751, 24.647476190514318 ], [ 91.90028037212268, 24.647261287775464 ], [ 91.900198702056997, 24.647052696845709 ], [ 91.900095055178042, 24.646852426537375 ], [ 91.899970429745196, 24.646662405522203 ], [ 91.89982602603277, 24.646484463758824 ], [ 91.899663234768482, 24.646320314871019 ], [ 91.89948362373822, 24.646171539646652 ], [ 91.899288922686878, 24.646039570815965 ], [ 91.899081006660197, 24.645925679255715 ], [ 91.898861877948278, 24.645830961752132 ], [ 91.898633646804583, 24.645756330440211 ], [ 91.898398511125905, 24.645702504021138 ], [ 91.89815873528903, 24.645670000842333 ], [ 91.897916628347787, 24.645659133906609 ], [ 91.893750036612957, 24.645659136534867 ] ] ] } },
{ "type": "Feature", "properties": { "ARCID": 748106, "UP_CELLS": 156150, "buffer_m": 250 }, "geometry": { "type": "Polygon", "coordinates": [ [ [ 91.908720490358277, 24.667873898967489 ], [ 91.908720259760216, 24.656249975418621 ], [ 91.908709681036811, 24.656041316755829 ], [ 91.90867804458297, 24.655834444838089 ], [ 91.908625621346914, 24.65563113072719 ], [ 91.908552860230174, 24.655433115017448 ], [ 91.908460384241266, 24.655242092934735 ], [ 91.908348985159108, 24.655059699824214 ], [ 91.908219616751751, 24.654887497150892 ], [ 91.908073386609161, 24.654726959132983 ], [ 91.899740024896317, 24.646393724570721 ], [ 91.899567916694068, 24.646237716809843 ], [ 91.899379906689987, 24.646097878146247 ], [ 91.899177805502433, 24.645975555246626 ], [ 91.898963559431763, 24.645871926093783 ], [ 91.898739231718238, 24.645787988644038 ], [ 91.898506982674348, 24.645724551218279 ], [ 91.898269048883137, 24.645682224719 ], [ 91.898027721662672, 24.645661416748329 ], [ 91.897785325003738, 24.645662327683542 ], [ 91.897544193193241, 24.645684948747906 ], [ 91.897306648338628, 24.645729062095363 ], [ 91.897074978009343, 24.645794242908199 ], [ 91.896851413210953, 24.645879863487629 ], [ 91.896638106903325, 24.645985099297757 ], [ 91.896437113269982, 24.646108936904895 ], [ 91.896250367937981, 24.646250183735788 ], [ 91.896079669338789, 24.646407479560793 ], [ 91.895926661389439, 24.646579309591495 ], [ 91.895792817660904, 24.646764019066861 ], [ 91.895679427185911, 24.646959829187278 ], [ 91.895587582043277, 24.647164854243314 ], [ 91.895518166837931, 24.647377119774259 ], [ 91.895471850178438, 24.647594581581629 ], [ 91.89544907823398, 24.647815145414558 ], [ 91.895450070433114, 24.648036687137633 ], [ 91.895474817345843, 24.648257073186887 ], [ 91.895523080769635, 24.648474181117052 ], [ 91.895594396018694, 24.648685920042126 ], [ 91.895688076394592, 24.648890250772453 ], [ 91.895803219795454, 24.649085205454305 ], [ 91.895938717400256, 24.64926890652281 ], [ 91.896093264344486, 24.649439584785643 ], [ 91.903779726363823, 24.657126219084205 ], [ 91.903779495758016, 24.668749975407156 ], [ 91.903790063163214, 24.668958601370843 ], [ 91.903821684091369, 24.669165442180503 ], [ 91.903874088016167, 24.669368727573723 ], [ 91.903946826533115, 24.66956671770885 ], [ 91.904039277193846, 24.669757718056047 ], [ 91.904150648830509, 24.669940093900866 ], [ 91.904279988324419, 24.67011228433612 ], [ 91.904426188761462, 24.670272815622248 ], [ 91.908592841225726, 24.674439531717432 ], [ 91.908764978597262, 24.674595548465799 ], [ 91.908953023267358, 24.674735396556674 ], [ 91.909155164242208, 24.674857729120355 ], [ 91.909369454749083, 24.674961367973715 ], [ 91.909593830986609, 24.675045314968838 ], [ 91.909826132002721, 24.675108761607568 ], [ 91.910064120509318, 24.675151096829506 ], [ 91.910305504432301, 24.675171912898129 ], [ 91.910547958990094, 24.675171009328476 ], [ 91.910789149087137, 24.675148394818549 ], [ 91.911026751806986, 24.675104287165656 ], [ 91.911258478788113, 24.67503911116864 ], [ 91.911482098266475, 24.674953494536116 ], [ 91.911695456572801, 24.674848261840275 ], [ 91.911896498877098, 24.674724426574297 ], [ 91.912083288980568, 24.674583181390176 ], [ 91.912254027964238, 24.674425886610898 ], [ 91.912407071514679, 24.67425405712763 ], [ 91.912540945759687, 24.674069347808363 ], [ 91.912654361461762, 24.673873537558478 ], [ 91.91274622643239, 24.673668512186815 ], [ 91.912815656047883, 24.673456246242452 ], [ 91.91286198176546, 24.673238783997054 ], [ 91.912884757557791, 24.673018219756102 ], [ 91.912883764203997, 24.672796677688613 ], [ 91.912859011396222, 24.672576291369676 ], [ 91.912810737641436, 24.672359183232789 ], [ 91.912739407959776, 24.67214744412998 ], [ 91.912645709401517, 24.671943113196377 ], [ 91.912530544426474, 24.671748158213401 ], [ 91.912395022209111, 24.671564456659311 ], [ 91.912240447953991, 24.67139377762982 ], [ 91.908720490358277, 24.667873898967489 ] ] ] } },
{ "type": "Feature", "properties": { "ARCID": 748107, "UP_CELLS": 797, "buffer_m": 80 }, "geometry": { "type": "Polygon", "coordinates": [ [ [ 92.447333113362419, 24.655762573670742 ], [ 92.447286314307235, 24.655813952230634 ], [ 92.447244911826161, 24.655869063919805 ], [ 92.447209260381598, 24.655927436915579 ], [ 92.447179665201418, 24.655988571473923 ], [ 92.447156379665728, 24.656051944207764 ], [ 92.447139603137231, 24.656117012567695 ], [ 92.44712947925423, 24.656183219486817 ], [ 92.447126094700565, 24.656249998149903 ], [ 92.447126070309096, 24.660136282738542 ], [ 92.438999695690882, 24.668262601929349 ], [ 92.438952897752216, 24.668313979009842 ], [ 92.438911496394198, 24.668369088502121 ], [ 92.438875846023279, 24.668427458664034 ], [ 92.438846251818234, 24.66848858984115 ], [ 92.438822967117659, 24.66855195874383 ], [ 92.438806191251047, 24.668617022926394 ], [ 92.438796067832286, 24.668683225430584 ], [ 92.438792683529854, 24.668749999553086 ], [ 92.438792501994428, 24.697636336879491 ], [ 92.434832789577783, 24.701596022242221 ], [ 92.434783316092989, 24.701650651008855 ], [ 92.43473994205705, 24.701709446739812 ], [ 92.43470308519025, 24.701771843205503 ], [ 92.434673100451235, 24.701837239498818 ], [ 92.434650276618271, 24.701905005821992 ], [ 92.434634833507872, 24.701974489551731 ], [ 92.434626919857365, 24.702045021524199 ], [ 92.434626611892128, 24.702115922479337 ], [ 92.434633912590883, 24.70218650960248 ], [ 92.43464875165661, 24.702256103100179 ], [ 92.434670986193026, 24.70232403274705 ], [ 92.43470040208031, 24.702389644340478 ], [ 92.434736716036738, 24.702452306001057 ], [ 92.434779578346493, 24.702511414258087 ], [ 92.434828576227375, 24.702566399861507 ], [ 92.434883237805835, 24.702616733264271 ], [ 92.43494303666138, 24.702661929722424 ], [ 92.435007396896154, 24.702701553963628 ], [ 92.435075698681331, 24.702735224379339 ], [ 92.435147284226517, 24.702762616700088 ], [ 92.435221464114903, 24.702783467118564 ], [ 92.435297523943149, 24.702797574830399 ], [ 92.435374731201733, 24.702804803968135 ], [ 92.435452342329995, 24.702805084909851 ], [ 92.435529609877463, 24.702798414949612 ], [ 92.435605789702734, 24.702784858323671 ], [ 92.435680148140406, 24.702764545591691 ], [ 92.435751969067169, 24.702737672379374 ], [ 92.435820560798902, 24.702704497494327 ], [ 92.435885262752251, 24.702665340433501 ], [ 92.435945451806802, 24.702620578306021 ], [ 92.436000548306183, 24.702570642201266 ], [ 92.44016721245157, 24.698403959535799 ], [ 92.440213998908618, 24.69835258815127 ], [ 92.440255389530847, 24.698297487155273 ], [ 92.440291030196647, 24.698239127979392 ], [ 92.440320615981079, 24.698178009930768 ], [ 92.440343893764492, 24.698114655920136 ], [ 92.440360664397858, 24.698049607987748 ], [ 92.44037078440644, 24.697983422665807 ], [ 92.440374167216916, 24.69791666621683 ], [ 92.440373985679287, 24.66903040415152 ], [ 92.448500303825654, 24.660904030568947 ], [ 92.448547091238979, 24.660852654995931 ], [ 92.448588482993458, 24.660797547935225 ], [ 92.448624124833984, 24.660739181035115 ], [ 92.448653711718919, 24.660678053843483 ], [ 92.448676990430656, 24.660614689532114 ], [ 92.448693761742589, 24.660549630419002 ], [ 92.448703882123993, 24.66048343332659 ], [ 92.44870726496805, 24.660416664816175 ], [ 92.44870724057651, 24.656530426492179 ], [ 92.456833552808376, 24.648404058846427 ], [ 92.456883013705735, 24.648349435774286 ], [ 92.456926378271888, 24.648290644896115 ], [ 92.456963228886934, 24.64822825240563 ], [ 92.456993210666155, 24.648162859181575 ], [ 92.457016034877441, 24.648095095000706 ], [ 92.457031481721671, 24.648025612472576 ], [ 92.457039402448999, 24.64795508075435 ], [ 92.457039720791045, 24.64788417910643 ], [ 92.457032433694778, 24.647813590350705 ], [ 92.457017611351645, 24.647743994294629 ], [ 92.456995396520853, 24.647676061184303 ], [ 92.456966003154278, 24.647610445249736 ], [ 92.456929714335416, 24.647547778404359 ], [ 92.45688687955284, 24.647488664159496 ], [ 92.456837911334162, 24.647433671812422 ], [ 92.456783281272948, 24.647383330963901 ], [ 92.4567235154869, 24.647338126418042 ], [ 92.456659189551047, 24.647298493513627 ], [ 92.456590922954703, 24.64726481393177 ], [ 92.456519373135706, 24.647237412020289 ], [ 92.456445229149054, 24.647216551670326 ], [ 92.456369205031393, 24.647202433775018 ], [ 92.456292032924836, 24.647195194294948 ], [ 92.456214456026416, 24.647194902948886 ], [ 92.456137221431234, 24.647201562542385 ], [ 92.456061072938013, 24.647215108940781 ], [ 92.455986743886356, 24.647235411686808 ], [ 92.455914950094808, 24.647262275256907 ], [ 92.455846382967508, 24.647295440944095 ], [ 92.455781702835935, 24.647334589349327 ], [ 92.455721532599895, 24.647379343457274 ], [ 92.455666451728817, 24.647429272267022 ], [ 92.447333113362419, 24.655762573670742 ] ] ] } },
{ "type": "Feature", "properties": { "ARCID": 748233, "UP_CELLS": 156892, "buffer_m": 250 }, "geometry": { "type": "Polygon", "coordinates": [ [ [ 91.847916740712691, 24.645659166101552 ], [ 91.847660818663911, 24.645671309198942 ], [ 91.847407650528552, 24.645707621637417 ], [ 91.847159961349575, 24.645767712553095 ], [ 91.846920417203819, 24.645850935135741 ], [ 91.846691596509245, 24.645956393590051 ], [ 91.846475962274795, 24.646082952776592 ], [ 91.84627583559184, 24.646229250428586 ], [ 91.846093370651957, 24.646393711813388 ], [ 91.842661157093772, 24.649825908996831 ], [ 91.824005469649677, 24.649825921427656 ], [ 91.816406558913016, 24.64222706558829 ], [ 91.816224104714664, 24.642062606906073 ], [ 91.816023989865883, 24.641916311304197 ], [ 91.815808368388531, 24.64178975345132 ], [ 91.815579561189338, 24.641684295561056 ], [ 91.815340031079842, 24.641601072731781 ], [ 91.815092356270185, 24.641540980730731 ], [ 91.814839202621613, 24.641504666354042 ], [ 91.814583294956421, 24.64149252046618 ], [ 91.81150531712251, 24.641492533701452 ], [ 91.808073094367487, 24.638060335770149 ], [ 91.807890645199777, 24.637895888628503 ], [ 91.807690537782136, 24.637749604050732 ], [ 91.80747492592937, 24.637623056493908 ], [ 91.80724613030759, 24.637517607980413 ], [ 91.807006613458455, 24.63743439344066 ], [ 91.806758953297205, 24.63737430849979 ], [ 91.806505815370116, 24.63733799983973 ], [ 91.80624992416945, 24.637325858240313 ], [ 91.797916740646528, 24.637325863943833 ], [ 91.79766084970764, 24.637338005901356 ], [ 91.797407712126798, 24.637374314923473 ], [ 91.797160052397828, 24.637434400214399 ], [ 91.796920536065102, 24.637517615076511 ], [ 91.7966917410387, 24.637623063869807 ], [ 91.796476129852124, 24.637749611650374 ], [ 91.796276023160843, 24.637895896384194 ], [ 91.796093574766985, 24.638060343604831 ], [ 91.791926902776012, 24.642226960174071 ], [ 91.79177234781794, 24.642397617209401 ], [ 91.791636838110392, 24.642581298388549 ], [ 91.791521678728031, 24.642776234815404 ], [ 91.791427978783034, 24.64298054919535 ], [ 91.791356640741228, 24.643192273912796 ], [ 91.791308351727622, 24.643409369978635 ], [ 91.791283576905172, 24.643629746665525 ], [ 91.791282554990659, 24.643851281641673 ], [ 91.791305295950963, 24.644071841409456 ], [ 91.791351580902401, 24.644289301851916 ], [ 91.791420964213771, 24.644501568689474 ], [ 91.791512777793585, 24.644706597649542 ], [ 91.791626137519955, 24.644902414155077 ], [ 91.791759951751658, 24.645087132342198 ], [ 91.791912931838311, 24.645258973223761 ], [ 91.792083604528685, 24.645416281823941 ], [ 91.792270326157819, 24.645557543118603 ], [ 91.792471298476059, 24.645681396627978 ], [ 91.792684585968047, 24.645786649521 ], [ 91.792908134494226, 24.645872288105021 ], [ 91.79313979107593, 24.645937487590089 ], [ 91.793377324632928, 24.64598162003383 ], [ 91.793618447473833, 24.64600426039026 ], [ 91.793860837332204, 24.646005190604196 ], [ 91.7941021597358, 24.645984401711903 ], [ 91.794340090493833, 24.645942093927587 ], [ 91.794572338084805, 24.645878674715014 ], [ 91.794796665729748, 24.645794754862781 ], [ 91.795010912937698, 24.645691142601045 ], [ 91.795213016316097, 24.645568835816427 ], [ 91.795401029445102, 24.645429012440143 ], [ 91.795573141624885, 24.64527301910195 ], [ 91.799005315492366, 24.641840829044376 ], [ 91.805161348971097, 24.641840833257614 ], [ 91.808593513691591, 24.645273022810517 ], [ 91.808775956918041, 24.645437455425832 ], [ 91.808976057350975, 24.64558372837222 ], [ 91.809191661583597, 24.645710267467614 ], [ 91.809420449335505, 24.645815710899015 ], [ 91.809659958424845, 24.645898923880406 ], [ 91.809907611268599, 24.645959010867099 ], [ 91.810160742625882, 24.645995325195294 ], [ 91.810416628285182, 24.646007476042715 ], [ 91.813494569812633, 24.646007489281175 ], [ 91.821093367984773, 24.653606342370917 ], [ 91.821275810545814, 24.653770767836669 ], [ 91.821475909764203, 24.653917036043168 ], [ 91.821691512505197, 24.654043573048746 ], [ 91.821920298783567, 24.654149017226761 ], [ 91.822159806729459, 24.654232233919686 ], [ 91.8224074590822, 24.65429232765069 ], [ 91.822660590926759, 24.654328651761229 ], [ 91.82291647837414, 24.654340815370841 ], [ 91.843750186490908, 24.654340829254917 ], [ 91.844006082166828, 24.654328665279529 ], [ 91.844259222084574, 24.654292339394079 ], [ 91.844506882123355, 24.654232242507955 ], [ 91.844746397141265, 24.654149021337656 ], [ 91.844975189659962, 24.654043571446422 ], [ 91.845190797605113, 24.653917027605566 ], [ 91.84539090080429, 24.653770751581337 ], [ 91.845573345956552, 24.653606317478737 ], [ 91.849005453525507, 24.650174193529409 ], [ 91.856250074055254, 24.650174172031171 ], [ 91.856492186255878, 24.650163294776569 ], [ 91.856731965970539, 24.650130780879188 ], [ 91.856967103868058, 24.650076943477664 ], [ 91.857195335328967, 24.650002301078164 ], [ 91.85741446225947, 24.649907572560036 ], [ 91.857622374263997, 24.649793670251402 ], [ 91.857817068972821, 24.649661691141336 ], [ 91.857996671328252, 24.64951290631344 ], [ 91.858159451644255, 24.649348748702607 ], [ 91.858303842264718, 24.649170799292897 ], [ 91.858428452660704, 24.648980771889693 ], [ 91.85853208282073, 24.648780496612602 ], [ 91.858613734805431, 24.648571902268493 ], [ 91.858672622355328, 24.648356997774201 ], [ 91.858708178459409, 24.648137852808059 ], [ 91.858720060811521, 24.64791657787659 ], [ 91.85870815510242, 24.647695303988403 ], [ 91.858672576115865, 24.647476162130985 ], [ 91.858613666618396, 24.647261262748216 ], [ 91.858531994053607, 24.647052675416042 ], [ 91.85842834507298, 24.646852408912263 ], [ 91.858303717956289, 24.646662391872102 ], [ 91.85815931299426, 24.646484454215951 ], [ 91.857996520926761, 24.646320309528114 ], [ 91.857816909547594, 24.646171538556004 ], [ 91.857622208605221, 24.646039573988897 ], [ 91.857414293144487, 24.645925686662451 ], [ 91.857195165450207, 24.645830973322038 ], [ 91.856966935766167, 24.645756346062452 ], [ 91.856731801975215, 24.645702523545719 ], [ 91.85649202843608, 24.645670024081536 ], [ 91.85624992418046, 24.645659160636782 ], [ 91.847916740712691, 24.645659166101552 ] ] ] } },
{ "type": "Feature", "properties": { "ARCID": 748234, "UP_CELLS": 1893, "buffer_m": 80 }, "geometry": { "type": "Polygon", "coordinates": [ [ [ 92.059626231255862, 24.643749997529468 ], [ 92.059629613976412, 24.643816767565465 ], [ 92.059639734107975, 24.643882966068485 ], [ 92.059656505029722, 24.643948026358903 ], [ 92.05967978318742, 24.644011391499618 ], [ 92.059709369321979, 24.644072519063787 ], [ 92.059745010174936, 24.644130885778118 ], [ 92.059786400656037, 24.644185992002466 ], [ 92.059833186454824, 24.644237366006955 ], [ 92.068166511105886, 24.652570730971515 ], [ 92.068221594031144, 24.652620652666872 ], [ 92.068281765860092, 24.652665399671942 ], [ 92.068346447102954, 24.652704541042862 ], [ 92.068415014839346, 24.652737699821369 ], [ 92.068486808717594, 24.652764556665325 ], [ 92.06856113731456, 24.652784852924306 ], [ 92.068637284794704, 24.652798393130784 ], [ 92.068714517804423, 24.652805046882619 ], [ 92.068792092535062, 24.652804750099122 ], [ 92.068869261886704, 24.652797505638134 ], [ 92.068945282663663, 24.652783383268574 ], [ 92.06901942273231, 24.652762518998486 ], [ 92.069090968072388, 24.652735113765146 ], [ 92.069159229653863, 24.652701431499743 ], [ 92.069223550073019, 24.652661796585576 ], [ 92.069283309883829, 24.652616590733704 ], [ 92.069337933563844, 24.652566249306808 ], [ 92.06938689505688, 24.652511257126125 ], [ 92.069429722839175, 24.65245214380214 ], [ 92.069466004460409, 24.652389478633946 ], [ 92.069495390515627, 24.652323865126348 ], [ 92.069517598009909, 24.652255935177621 ], [ 92.069532413083479, 24.652186342993776 ], [ 92.069539693070794, 24.652115758788113 ], [ 92.069539367874171, 24.652044862326573 ], [ 92.069531440638244, 24.651974336381151 ], [ 92.069515987719328, 24.651904860154467 ], [ 92.069493157949438, 24.65183710273865 ], [ 92.069463171202585, 24.651771716671739 ], [ 92.069426316276875, 24.651709331653429 ], [ 92.069382948112732, 24.651650548480941 ], [ 92.069333484374525, 24.651595933263156 ], [ 92.06120710061488, 24.643469607477421 ], [ 92.061207075997487, 24.6395833308632 ], [ 92.061203269473936, 24.639512519222365 ], [ 92.061191887546002, 24.639442389579198 ], [ 92.061173039840298, 24.63937361731918 ], [ 92.061146907882062, 24.639306864754413 ], [ 92.061113743346496, 24.639242774745203 ], [ 92.061073865634697, 24.639181964509163 ], [ 92.061027658797229, 24.639125019677198 ], [ 92.060975567835357, 24.639072488653763 ], [ 92.060918094415143, 24.639024877335633 ], [ 92.06085579203625, 24.638982644240038 ], [ 92.060789260701284, 24.638946196089151 ], [ 92.06071914113771, 24.638915883893311 ], [ 92.060646108627438, 24.638891999570848 ], [ 92.060570866503809, 24.638874773136877 ], [ 92.060494139378463, 24.638864370488324 ], [ 92.060416666163434, 24.638860891806338 ], [ 92.060339192955368, 24.638864370591577 ], [ 92.060262465850826, 24.63887477334162 ], [ 92.060187223761332, 24.638891999873614 ], [ 92.060114191297856, 24.638915884289016 ], [ 92.060044071792746, 24.638946196571212 ], [ 92.059977540526702, 24.638982644800571 ], [ 92.059915238225756, 24.639024877965614 ], [ 92.059857764891007, 24.639072489343306 ], [ 92.05980567402041, 24.639125020415744 ], [ 92.05975946727834, 24.639181965285765 ], [ 92.059719589664354, 24.639242775548759 ], [ 92.059686425227312, 24.63930686557395 ], [ 92.059660293366719, 24.639373618144035 ], [ 92.059641445756313, 24.639442390399243 ], [ 92.059630063920011, 24.639512520028212 ], [ 92.059626257483274, 24.639583331646332 ], [ 92.059626231255862, 24.643749997529468 ] ] ] } },
{ "type": "Feature", "properties": { "ARCID": 748235, "UP_CELLS": 5407, "buffer_m": 150 }, "geometry": { "type": "Polygon", "coordinates": [ [ [ 92.296822640387234, 24.647002727501199 ], [ 92.296734892577902, 24.647099061723541 ], [ 92.296657263018446, 24.647202396336404 ], [ 92.296590416392391, 24.647311846596391 ], [ 92.296534925065188, 24.647426475396163 ], [ 92.296491264183004, 24.64754530128754 ], [ 92.296459807603583, 24.647667306884262 ], [ 92.29644082469423, 24.647791447572587 ], [ 92.296434478024381, 24.647916660455056 ], [ 92.29643437962109, 24.656249991591309 ], [ 92.296440721974705, 24.656375186803501 ], [ 92.296459697951576, 24.656499310518239 ], [ 92.296491145160346, 24.656621300274402 ], [ 92.296534794457784, 24.656740111873834 ], [ 92.29659027225135, 24.656854728319598 ], [ 92.296657103695907, 24.656964168521409 ], [ 92.296734716757442, 24.657067495693887 ], [ 92.29682244710871, 24.657163825375601 ], [ 92.300989106169567, 24.661330521749868 ], [ 92.301098597394798, 24.661429203 ], [ 92.301218687042223, 24.661516986836222 ], [ 92.30134808264323, 24.661592928466217 ], [ 92.301485391563844, 24.661656210550092 ], [ 92.301629135993778, 24.661706151997997 ], [ 92.301777768852574, 24.661742215301047 ], [ 92.301929690441668, 24.661764012317033 ], [ 92.302083265663043, 24.661771308448309 ], [ 92.313929874218644, 24.661771337021904 ], [ 92.321434219443546, 24.669275744983864 ], [ 92.321434176209834, 24.672916658820565 ], [ 92.321440518330917, 24.673041842886633 ], [ 92.321459493509536, 24.673165955741649 ], [ 92.321490939390912, 24.673287935211537 ], [ 92.321534586892369, 24.673406737376979 ], [ 92.321590062504967, 24.673521345507577 ], [ 92.32165689148907, 24.673630778763489 ], [ 92.321734501936206, 24.673734100589936 ], [ 92.321822229662871, 24.673830426732835 ], [ 92.325600786983642, 24.677609034274166 ], [ 92.325600644704409, 24.689583324433674 ], [ 92.325606986426564, 24.689708497097037 ], [ 92.325625960635975, 24.68983259884839 ], [ 92.32565740501532, 24.689954567799518 ], [ 92.325701050543145, 24.690073360308588 ], [ 92.325756523794539, 24.690187959910478 ], [ 92.325823350135352, 24.690297386014507 ], [ 92.32590095778248, 24.690400702295335 ], [ 92.325988682695737, 24.69049702470517 ], [ 92.3297672549878, 24.694275647253793 ], [ 92.329767211697245, 24.697916658818798 ], [ 92.329774350105254, 24.698049436994136 ], [ 92.329795699868228, 24.698180936585484 ], [ 92.329831055419874, 24.698309891174887 ], [ 92.329880076307305, 24.698435058850425 ], [ 92.329942290468253, 24.6985552341668 ], [ 92.330017098775869, 24.698669259754915 ], [ 92.330103780807519, 24.698776037468541 ], [ 92.330201501782, 24.698874538960744 ], [ 92.330309320598417, 24.698963815588169 ], [ 92.330426198899218, 24.69904300754774 ], [ 92.330551011070341, 24.699111352157878 ], [ 92.330682555081921, 24.699168191204233 ], [ 92.330819564065351, 24.69921297727938 ], [ 92.330960718514859, 24.699245279055297 ], [ 92.331104658996523, 24.699264785437791 ], [ 92.331249999241791, 24.69927130856291 ], [ 92.331395339499721, 24.699264785606452 ], [ 92.331539280019015, 24.699245279389082 ], [ 92.331680434530156, 24.699212977771335 ], [ 92.331817443597615, 24.699168191844176 ], [ 92.331948987713517, 24.699111352932736 ], [ 92.332073800006611, 24.699043008441915 ], [ 92.332190678443993, 24.698963816584019 ], [ 92.332298497408303, 24.698874540039082 ], [ 92.332396218538477, 24.698776038609203 ], [ 92.33248290073, 24.698669260937319 ], [ 92.332557709198142, 24.698555235370527 ], [ 92.332619923516887, 24.69843506005574 ], [ 92.332668944556204, 24.698309892363273 ], [ 92.332704300251038, 24.698180937740062 ], [ 92.332725650146173, 24.698049438100053 ], [ 92.332732788673425, 24.697916659863473 ], [ 92.332732739355521, 24.693749992153517 ], [ 92.332726393768823, 24.69362481480907 ], [ 92.332707414403046, 24.69350070876019 ], [ 92.332675963705313, 24.693378736004561 ], [ 92.332632310840182, 24.693259940281838 ], [ 92.332576829385189, 24.693145338142372 ], [ 92.332509994132991, 24.693035910248732 ], [ 92.332432377027544, 24.692932592984349 ], [ 92.332344642269206, 24.692836270441195 ], [ 92.328566016757435, 24.689057695179077 ], [ 92.328565874481328, 24.677083324437813 ], [ 92.328559528498019, 24.676958135694488 ], [ 92.328540548166472, 24.676834018545623 ], [ 92.328509095971214, 24.67671203527464 ], [ 92.328465441137965, 24.676593229898636 ], [ 92.328409957328134, 24.676478619233173 ], [ 92.328343119439779, 24.676369184189891 ], [ 92.328265499542141, 24.676265861381623 ], [ 92.328177761978779, 24.676169535106546 ], [ 92.324399151480691, 24.672390974822122 ], [ 92.32439910824742, 24.668749992155288 ], [ 92.324392761810415, 24.668624793647993 ], [ 92.324373779917039, 24.668500666976339 ], [ 92.324342325090441, 24.668378674670404 ], [ 92.324298666620678, 24.668259860986964 ], [ 92.324243178258399, 24.668145242970766 ], [ 92.324176335014457, 24.668035801748918 ], [ 92.324098709092894, 24.667932474132723 ], [ 92.324010964992041, 24.667836144599043 ], [ 92.315677616531005, 24.659502870700901 ], [ 92.31556811030282, 24.659404165702096 ], [ 92.315448001627317, 24.659316361852298 ], [ 92.315318583656577, 24.659240404477156 ], [ 92.315181249761579, 24.659177111357362 ], [ 92.315037478531337, 24.659127163924918 ], [ 92.314888817854694, 24.659091099927252 ], [ 92.314736868256631, 24.659069307638248 ], [ 92.314583265667864, 24.659062021678402 ], [ 92.302736769398095, 24.659062050243513 ], [ 92.299398948328516, 24.655724257095876 ], [ 92.299398862342414, 24.648442477101881 ], [ 92.307344033504435, 24.640497204869291 ], [ 92.307436767986488, 24.64039479140926 ], [ 92.307518073021683, 24.640284563152946 ], [ 92.307587165613995, 24.640167581677897 ], [ 92.307643380387873, 24.640044973597156 ], [ 92.30768617599513, 24.639917919708729 ], [ 92.307715140327431, 24.639787643623244 ], [ 92.307729994483495, 24.639655399979443 ], [ 92.307730595453677, 24.639522462361001 ], [ 92.307716937495414, 24.639390111031023 ], [ 92.307689152186825, 24.639259620602346 ], [ 92.307647507157853, 24.639132247762443 ], [ 92.307592403511237, 24.639009219171097 ], [ 92.307524371958124, 24.638891719647393 ], [ 92.307444067705845, 24.63878088075975 ], [ 92.307352264146857, 24.638677769928986 ], [ 92.307249845409856, 24.6385833801491 ], [ 92.307137797844703, 24.638498620425008 ], [ 92.307017200523362, 24.638424307019072 ], [ 92.306889214848027, 24.638361155590861 ], [ 92.306755073366887, 24.638309774305633 ], [ 92.306616067904855, 24.638270657978115 ], [ 92.306473537123836, 24.638244183307695 ], [ 92.306328853632039, 24.638230605251081 ], [ 92.30618341076665, 24.638230054567302 ], [ 92.306038609176838, 24.638242536558561 ], [ 92.305895843336529, 24.638267931019289 ], [ 92.3057564881166, 24.638305993393622 ], [ 92.30562188554569, 24.638356357130384 ], [ 92.305493331887178, 24.638418537212758 ], [ 92.305372065156803, 24.638491934828782 ], [ 92.305259253200859, 24.638575843137556 ], [ 92.305155982449904, 24.638669454075856 ], [ 92.296822640387234, 24.647002727501199 ] ] ] } },
{ "type": "Feature", "properties": { "ARCID": 748297, "UP_CELLS": 180906, "buffer_m": 250 }, "geometry": { "type": "Polygon", "coordinates": [ [ [ 91.671828064987707, 24.63732602658628 ], [ 91.652083519571505, 24.637325970183735 ], [ 91.651827596163969, 24.637338105127291 ], [ 91.651574426206523, 24.637374414383611 ], [ 91.651326735479017, 24.637434507019258 ], [ 91.651087190776565, 24.637517736034365 ], [ 91.650858371201394, 24.637623205327806 ], [ 91.650642740398197, 24.637749779343956 ], [ 91.650442620031669, 24.637896095297279 ], [ 91.650260164791703, 24.638060577843209 ], [ 91.629426807738241, 24.658893660318768 ], [ 91.629272234793149, 24.659064303659495 ], [ 91.629136708185499, 24.659247970950354 ], [ 91.629021533152084, 24.659442893429233 ], [ 91.628927818955262, 24.659647193936298 ], [ 91.628856468197696, 24.659858904990006 ], [ 91.628808168126525, 24.660075987733435 ], [ 91.628783384011072, 24.660296351568153 ], [ 91.628782354657517, 24.660517874286779 ], [ 91.628805090104521, 24.660738422510381 ], [ 91.628851371521733, 24.660955872233824 ], [ 91.628920753312357, 24.661168129281332 ], [ 91.629012567400039, 24.661373149475118 ], [ 91.629125929658599, 24.661568958323002 ], [ 91.629259748423067, 24.661753670035154 ], [ 91.629412735000102, 24.661925505687019 ], [ 91.629583416076699, 24.662082810353205 ], [ 91.629770147907848, 24.662224069047419 ], [ 91.629971132146352, 24.662347921314772 ], [ 91.630184433162626, 24.662453174335877 ], [ 91.630407996687424, 24.66253881441644 ], [ 91.630639669598082, 24.662604016751612 ], [ 91.630877220657425, 24.662648153371016 ], [ 91.631118362005665, 24.662670799187815 ], [ 91.631360771198132, 24.662671736093621 ], [ 91.631602113576363, 24.662650955059583 ], [ 91.631840064756886, 24.662608656223593 ], [ 91.632072333021171, 24.662545246962683 ], [ 91.63229668139067, 24.66246133796907 ], [ 91.632510949174275, 24.662357737367916 ], [ 91.632713072780561, 24.662235442933223 ], [ 91.632901105594229, 24.662095632477065 ], [ 91.633073236725139, 24.661939652504678 ], [ 91.653172029368648, 24.641840768187166 ], [ 91.672916852928509, 24.641840711742507 ], [ 91.673172693895722, 24.641828549907768 ], [ 91.673425780034762, 24.641792230337884 ], [ 91.673673388134119, 24.641732143826069 ], [ 91.673912853934056, 24.641648936897923 ], [ 91.674141600798237, 24.641543504854074 ], [ 91.67435716744194, 24.641416982135496 ], [ 91.67455723441806, 24.641270730115455 ], [ 91.674739649076102, 24.641106322449271 ], [ 91.678906310877792, 24.63693960564693 ], [ 91.67906084575776, 24.636768948771511 ], [ 91.679196335490488, 24.636585268636271 ], [ 91.67931147527743, 24.636390334235536 ], [ 91.679405156323455, 24.636186022944141 ], [ 91.679476476512633, 24.635974302435379 ], [ 91.679524749092948, 24.635757211729516 ], [ 91.679549509286218, 24.63553684155556 ], [ 91.679550518759726, 24.635315314215372 ], [ 91.679527767916994, 24.635094763144053 ], [ 91.679481475985256, 24.634877312363614 ], [ 91.679412088899412, 24.634665056027703 ], [ 91.679320275002993, 24.634460038254357 ], [ 91.679206918607349, 24.634264233441055 ], [ 91.679073111471766, 24.634079527251565 ], [ 91.678920142286358, 24.633907698457648 ], [ 91.678749484259086, 24.633750401810438 ], [ 91.678562780926825, 24.633609152106345 ], [ 91.678361830326978, 24.633485309600925 ], [ 91.678148567682044, 24.633380066910988 ], [ 91.677925046763903, 24.633294437531202 ], [ 91.677693420117478, 24.633229246075441 ], [ 91.677455918333621, 24.633185120337028 ], [ 91.677214828571252, 24.633162485244089 ], [ 91.676972472535056, 24.633161558768357 ], [ 91.676731184120911, 24.633182349826544 ], [ 91.67649328694398, 24.633224658194752 ], [ 91.676261071965811, 24.633288076436497 ], [ 91.676036775435648, 24.633371993825918 ], [ 91.67582255735833, 24.633475602228447 ], [ 91.67562048069577, 24.633597903882123 ], [ 91.675432491502477, 24.633737721004962 ], [ 91.675260400186005, 24.633893707135726 ], [ 91.671828064987707, 24.63732602658628 ] ] ] } },
{ "type": "Feature", "properties": { "ARCID": 748375, "UP_CELLS": 4247, "buffer_m": 80 }, "geometry": { "type": "Polygon", "coordinates": [ [ [ 92.084626280981567, 24.635136278921095 ], [ 92.068166542485855, 24.651595906552863 ], [ 92.068117075767702, 24.651650519489923 ], [ 92.068073704392447, 24.651709300657167 ], [ 92.068036846054554, 24.6517716839653 ], [ 92.068006855726694, 24.651837068634013 ], [ 92.067984022240779, 24.651904824977574 ], [ 92.067968565506192, 24.651974300468936 ], [ 92.067960634391355, 24.652044826023715 ], [ 92.067960305289759, 24.652115722443838 ], [ 92.06796758138367, 24.652186306958427 ], [ 92.067982392613004, 24.652255899799332 ], [ 92.06800459634961, 24.652323830747648 ], [ 92.068033978770316, 24.652389445588341 ], [ 92.068070256915817, 24.652452112410856 ], [ 92.068113081415291, 24.652511227694884 ], [ 92.068162039850819, 24.652566222122761 ], [ 92.068216660728908, 24.652616566062488 ], [ 92.068276418021171, 24.652661774668658 ], [ 92.068340736230212, 24.652701412551924 ], [ 92.068408995932131, 24.652735097972329 ], [ 92.068480539741941, 24.652762506515788 ], [ 92.068554678644958, 24.652783374218689 ], [ 92.068630698632631, 24.652797500110083 ], [ 92.068707867579249, 24.6528047481473 ], [ 92.068785442293191, 24.652805048526236 ], [ 92.068862675674723, 24.652798398353653 ], [ 92.068938823911438, 24.652784861675048 ], [ 92.069013153642146, 24.652764568857844 ], [ 92.069084949019938, 24.652737715335828 ], [ 92.06915351860664, 24.65270455972686 ], [ 92.069218202032033, 24.652665421342153 ], [ 92.069278376354021, 24.652620677110892 ], [ 92.069333462057969, 24.652570757950066 ], [ 92.086000120513745, 24.635904027279576 ], [ 92.086046901508098, 24.635852653479319 ], [ 92.0860882877097, 24.635797547679591 ], [ 92.086123924861099, 24.635739181584196 ], [ 92.086153507917828, 24.635678054804337 ], [ 92.086176783659369, 24.635614690581846 ], [ 92.086193552856457, 24.635549631310198 ], [ 92.08620367197625, 24.635483433891544 ], [ 92.086207054410494, 24.635416664969664 ], [ 92.086207028195048, 24.631249997541062 ], [ 92.086203221903006, 24.631179185407699 ], [ 92.086191840664796, 24.631109055276621 ], [ 92.086172994100338, 24.631040282538006 ], [ 92.086146863723869, 24.630973529508545 ], [ 92.086113701195373, 24.630909439053017 ], [ 92.086073825896591, 24.630848628393334 ], [ 92.086027621854825, 24.630791683164478 ], [ 92.085975534044408, 24.630739151774712 ], [ 92.085918064101051, 24.630691540124349 ], [ 92.085855765490919, 24.630649306733833 ], [ 92.085789238180311, 24.630612858328163 ], [ 92.085719122857924, 24.630582545920163 ], [ 92.085646094764812, 24.630558661430182 ], [ 92.085570857191783, 24.630541434874996 ], [ 92.085494134706678, 24.630531032152671 ], [ 92.085416666176798, 24.630527553445095 ], [ 92.08533919765371, 24.630531032253177 ], [ 92.085262475188841, 24.630541435074303 ], [ 92.085187237649066, 24.630558661724919 ], [ 92.085114209601514, 24.630582546305362 ], [ 92.085044094336027, 24.630612858797438 ], [ 92.084977567092494, 24.630649307279487 ], [ 92.084915268558248, 24.630691540737626 ], [ 92.084857798698067, 24.630739152445955 ], [ 92.084805710976497, 24.63079168388342 ], [ 92.084759507027613, 24.630848629149323 ], [ 92.084719631824029, 24.630909439835253 ], [ 92.084686469391428, 24.630973530306331 ], [ 92.084660339110002, 24.631040283340969 ], [ 92.084641492638312, 24.631109056074909 ], [ 92.084630111489275, 24.631179186192167 ], [ 92.084626305281773, 24.631249998303417 ], [ 92.084626280981567, 24.635136278921095 ] ] ] } },
{ "type": "Feature", "properties": { "ARCID": 748497, "UP_CELLS": 4921, "buffer_m": 80 }, "geometry": { "type": "Polygon", "coordinates": [ [ [ 92.309626245068245, 24.635136235798143 ], [ 92.305666560320432, 24.639095893689419 ], [ 92.305617097425397, 24.639150510380837 ], [ 92.305573729664886, 24.639209295390625 ], [ 92.30553687469866, 24.639271682592476 ], [ 92.305506887466947, 24.639337071168491 ], [ 92.305484056771988, 24.639404831395268 ], [ 92.305468602496276, 24.639474310708238 ], [ 92.305460673484632, 24.639544839986172 ], [ 92.305460346110266, 24.639615739995005 ], [ 92.305467623538831, 24.63968632792923 ], [ 92.305482435697328, 24.639755923987654 ], [ 92.305504639948666, 24.639823857920291 ], [ 92.305534022464599, 24.639889475483304 ], [ 92.305570300284842, 24.639952144739858 ], [ 92.305613124041614, 24.640011262146118 ], [ 92.305662081324044, 24.640066258363969 ], [ 92.30571670064964, 24.640116603744172 ], [ 92.30577645600485, 24.640161813427429 ], [ 92.305840771910866, 24.640201452014054 ], [ 92.3059090289658, 24.640235137757333 ], [ 92.30598056981016, 24.640262546240173 ], [ 92.306054705457683, 24.640283413499574 ], [ 92.30613072193114, 24.640297538568959 ], [ 92.306207887138655, 24.640304785413662 ], [ 92.306285457924574, 24.640305084241163 ], [ 92.306362687226994, 24.64029843217326 ], [ 92.306438831272843, 24.64028489327379 ], [ 92.306513156741332, 24.640264597931676 ], [ 92.30658494782665, 24.640237741605077 ], [ 92.306653513132062, 24.640204582938939 ], [ 92.306718192328688, 24.640165441273947 ], [ 92.306778362515217, 24.640120693570946 ], [ 92.306833444216949, 24.640070770780362 ], [ 92.311000108549337, 24.635904088142698 ], [ 92.311046900025715, 24.635852709926745 ], [ 92.311088295677379, 24.635797598505672 ], [ 92.311123941097378, 24.635739225722723 ], [ 92.311153531111444, 24.63567809134307 ], [ 92.311176812390556, 24.635614718774917 ], [ 92.31119358561952, 24.63554965058816 ], [ 92.311203707203163, 24.635483443869081 ], [ 92.311207090495415, 24.635416665450737 ], [ 92.311207011870479, 24.622916663727427 ], [ 92.311203205605921, 24.622845848286953 ], [ 92.311191824552623, 24.62277571488513 ], [ 92.311172978328727, 24.622706938943558 ], [ 92.311146848445119, 24.622640182809683 ], [ 92.311113686556965, 24.622576089378132 ], [ 92.311073812039751, 24.622515275899403 ], [ 92.311027608913193, 24.622458328035592 ], [ 92.31097552214267, 24.622405794220317 ], [ 92.310918053353817, 24.622358180377248 ], [ 92.310855756001544, 24.622315945047941 ], [ 92.310789230039958, 24.622279494976119 ], [ 92.310719116144696, 24.622249181190679 ], [ 92.310646089542971, 24.622225295625302 ], [ 92.310570853511166, 24.622208068307181 ], [ 92.310494132602258, 24.622197665141837 ], [ 92.310416665668328, 24.6221941863155 ], [ 92.310339198745581, 24.622197665330315 ], [ 92.31026247787004, 24.622208068681765 ], [ 92.310187241893289, 24.622225296181284 ], [ 92.310114215367506, 24.622249181921106 ], [ 92.310044101567911, 24.622279495871929 ], [ 92.309977575720367, 24.62231594609813 ], [ 92.309915278498821, 24.622358181569041 ], [ 92.309857809855572, 24.622405795539418 ], [ 92.309805723243485, 24.622458329466429 ], [ 92.309759520286079, 24.622515277425382 ], [ 92.309719645946515, 24.622576090981909 ], [ 92.309686484242235, 24.622640184473418 ], [ 92.309660354546509, 24.622706940649209 ], [ 92.309641508512271, 24.622775716614662 ], [ 92.309630127648319, 24.622845850022621 ], [ 92.309626321570761, 24.622916665451957 ], [ 92.309626245068245, 24.635136235798143 ] ] ] } },
{ "type": "Feature", "properties": { "ARCID": 748632, "UP_CELLS": 157421, "buffer_m": 250 }, "geometry": { "type": "Polygon", "coordinates": [ [ [ 91.786505323940318, 24.641492565946457 ], [ 91.783719825515021, 24.638707107590132 ], [ 91.783719677664379, 24.631249976539916 ], [ 91.78370909735925, 24.631041283572621 ], [ 91.783677455978122, 24.630834378342655 ], [ 91.783625024618701, 24.630631032899121 ], [ 91.783552252430056, 24.630432988794606 ], [ 91.783459762762519, 24.630241942170098 ], [ 91.783348347826035, 24.630059529229083 ], [ 91.78321896190262, 24.629887312225236 ], [ 91.783072713171336, 24.629726766083703 ], [ 91.766405987918063, 24.61306029657981 ], [ 91.766233916986934, 24.612904308268391 ], [ 91.766045950670701, 24.612764489781391 ], [ 91.765843899167521, 24.612642187591184 ], [ 91.765629708299926, 24.612538579480987 ], [ 91.765405440777116, 24.612454663204243 ], [ 91.765173256332417, 24.612391246877625 ], [ 91.764935390927292, 24.612348941200029 ], [ 91.764694135221632, 24.612328153572605 ], [ 91.764451812517791, 24.612329084176224 ], [ 91.764210756390682, 24.61235172404421 ], [ 91.763973288218963, 24.612395855148879 ], [ 91.763741694833627, 24.612461052501011 ], [ 91.763518206499043, 24.612546688242041 ], [ 91.763304975438473, 24.612651937689634 ], [ 91.763104055110404, 24.612775787278437 ], [ 91.762917380435525, 24.61291704431952 ], [ 91.762746749164293, 24.613074348484712 ], [ 91.762593804564801, 24.61324618490524 ], [ 91.762460019597313, 24.613430898758534 ], [ 91.762346682728094, 24.613626711202947 ], [ 91.762254885519084, 24.613831736506899 ], [ 91.762185512113049, 24.614044000207624 ], [ 91.762139230715491, 24.61426145812462 ], [ 91.762116487155595, 24.614482016044978 ], [ 91.762117500588246, 24.614703549890692 ], [ 91.762142261378727, 24.614923926174207 ], [ 91.762190531190754, 24.615141022544815 ], [ 91.762261845276996, 24.615352748228364 ], [ 91.762355516950379, 24.615557064163188 ], [ 91.762470644193087, 24.615752002638477 ], [ 91.762606118340003, 24.615935686245788 ], [ 91.762760634753022, 24.616106345961239 ], [ 91.778780308191187, 24.632126379358862 ], [ 91.778780160337348, 24.639583309865586 ], [ 91.77879072835978, 24.639791961916366 ], [ 91.778822350872019, 24.639998828015301 ], [ 91.778874757248502, 24.640202137123513 ], [ 91.778947498921852, 24.640400148646002 ], [ 91.779039953219822, 24.640591167333788 ], [ 91.779151328693246, 24.640773557798266 ], [ 91.779280671889168, 24.640945758513261 ], [ 91.779426875511703, 24.641106295184901 ], [ 91.783593527535231, 24.645273011186255 ], [ 91.783775965870433, 24.645437439713042 ], [ 91.783976060671918, 24.645583709402825 ], [ 91.784191658672128, 24.645710246165944 ], [ 91.784420439742505, 24.645815688264136 ], [ 91.784659941862984, 24.645898900967033 ], [ 91.7849075876196, 24.645958988765521 ], [ 91.785160711945025, 24.645995305010548 ], [ 91.785416590802811, 24.646007458873342 ], [ 91.793750073994104, 24.646007464635975 ], [ 91.793992173659547, 24.64599658758706 ], [ 91.794231940961723, 24.645964074285445 ], [ 91.794467066688952, 24.645910237863781 ], [ 91.794695286338865, 24.645835596818571 ], [ 91.794914401931237, 24.645740870015935 ], [ 91.795122303179525, 24.645626969767303 ], [ 91.795316987817358, 24.64549499304179 ], [ 91.795496580883807, 24.645346210899941 ], [ 91.795659352781954, 24.645182056250757 ], [ 91.795803735936559, 24.645004110049797 ], [ 91.795928339890295, 24.64481408607158 ], [ 91.796031964693441, 24.644613814402877 ], [ 91.796113612457987, 24.644405223815927 ], [ 91.796172496964971, 24.64419032319158 ], [ 91.796208051232483, 24.643971182171118 ], [ 91.796219932971937, 24.643749911223299 ], [ 91.796208027879956, 24.643528641318607 ], [ 91.796172450734375, 24.643309503406421 ], [ 91.796113544284012, 24.643094607892852 ], [ 91.796031875943243, 24.642886024316837 ], [ 91.795928232323035, 24.642685761420179 ], [ 91.795803611651721, 24.64249574780353 ], [ 91.79565921415815, 24.642317813354442 ], [ 91.795496430510553, 24.642153671626406 ], [ 91.795316828421917, 24.642004903338378 ], [ 91.795122137551473, 24.641872941153746 ], [ 91.794914232847361, 24.641759055885178 ], [ 91.794695116491042, 24.641664344258103 ], [ 91.794466898617344, 24.641589718350669 ], [ 91.794231776995574, 24.64153589681171 ], [ 91.793992015867431, 24.641503397941268 ], [ 91.79374992414516, 24.641492534700284 ], [ 91.786505323940318, 24.641492565946457 ] ] ] } },
{ "type": "Feature", "properties": { "ARCID": 748781, "UP_CELLS": 1480, "buffer_m": 80 }, "geometry": { "type": "Polygon", "coordinates": [ [ [ 92.022126394122807, 24.619030476608728 ], [ 92.022126369526717, 24.62291666418243 ], [ 92.022130174391549, 24.622987474013431 ], [ 92.022141553330883, 24.623057601975841 ], [ 92.022160396775888, 24.623126372723313 ], [ 92.022186523272254, 24.623193123978655 ], [ 92.022219681227241, 24.623257212911764 ], [ 92.022259551332183, 24.623318022330334 ], [ 92.022305749637127, 24.623374966623679 ], [ 92.022357831248115, 24.623427497402485 ], [ 92.022415294611449, 24.62347510878007 ], [ 92.022477586343612, 24.62351734224443 ], [ 92.022544106560602, 24.623553791073949 ], [ 92.022614214654936, 24.623584104254512 ], [ 92.022687235465085, 24.623607989859941 ], [ 92.022762465777703, 24.623625217863541 ], [ 92.022839181100082, 24.623635622353422 ], [ 92.022916642637512, 24.623639103130404 ], [ 92.030901692503306, 24.623639113798326 ], [ 92.034833340013364, 24.627570770101293 ], [ 92.034891714377721, 24.627623381986343 ], [ 92.034955736760978, 24.627670183490991 ], [ 92.035024718345397, 24.627710671072506 ], [ 92.035097916954328, 24.627744409119828 ], [ 92.035174545037506, 24.627771034640546 ], [ 92.035253778144707, 24.627790261166609 ], [ 92.035334763796385, 24.627801881836628 ], [ 92.035416630656059, 24.627805771621624 ], [ 92.047568321394323, 24.627805787827253 ], [ 92.059833276143479, 24.640070769934592 ], [ 92.059888357483331, 24.640120687919499 ], [ 92.059948526794727, 24.640165430874607 ], [ 92.060013204612162, 24.640204567895108 ], [ 92.060081768048207, 24.640237722064615 ], [ 92.06015355679267, 24.640264574085382 ], [ 92.060227879471796, 24.640284865353443 ], [ 92.060304020307086, 24.640298400449311 ], [ 92.060381246008902, 24.640305049020107 ], [ 92.060458812839002, 24.640304747034989 ], [ 92.060535973773582, 24.640297497401903 ], [ 92.060611985698003, 24.640283369939596 ], [ 92.0606861165639, 24.640262500705145 ], [ 92.060757652439634, 24.640235090683603 ], [ 92.060825904386363, 24.64020140385233 ], [ 92.060890215093124, 24.640161764638524 ], [ 92.060949965207442, 24.640116554794684 ], [ 92.06100457930026, 24.64006620972193 ], [ 92.061053531407694, 24.640011214276605 ], [ 92.061096350096392, 24.639952098100629 ], [ 92.061132623003601, 24.639889430520558 ], [ 92.061162000808267, 24.639823815064435 ], [ 92.061184200594951, 24.639755883649283 ], [ 92.061199008578043, 24.639686290495248 ], [ 92.061206282160342, 24.639615705824969 ], [ 92.06120595130578, 24.639544809408864 ], [ 92.061198019213521, 24.639474284018494 ], [ 92.061182562286604, 24.639404808851136 ], [ 92.061159729395655, 24.639337052988729 ], [ 92.061129740444755, 24.63927166895434 ], [ 92.061092884253171, 24.639209286428102 ], [ 92.061049515773576, 24.639150506183242 ], [ 92.06100005267335, 24.639095894300457 ], [ 92.048500039634078, 24.626595941714825 ], [ 92.048441656861186, 24.626543314210597 ], [ 92.04837762331988, 24.626496499301599 ], [ 92.048308628245692, 24.626456000883135 ], [ 92.048235414275609, 24.626422254861968 ], [ 92.048158769454844, 24.626395624464688 ], [ 92.048079518754889, 24.626376396328254 ], [ 92.047998515194266, 24.626364777414928 ], [ 92.047916630657411, 24.626360892784792 ], [ 92.035764992287781, 24.626360908986079 ], [ 92.03183331777177, 24.622429243262275 ], [ 92.031774939312868, 24.622376623971629 ], [ 92.031710911693338, 24.622329816439354 ], [ 92.031641923955647, 24.622289324386813 ], [ 92.031568718518557, 24.622255583570489 ], [ 92.031492083187544, 24.622228957092783 ], [ 92.031412842677241, 24.622209731494699 ], [ 92.031331849736446, 24.622198113672361 ], [ 92.031249975971747, 24.622194228650624 ], [ 92.023706959785613, 24.622194249809798 ], [ 92.023706937761872, 24.618749997516158 ], [ 92.02370355286584, 24.618683208586358 ], [ 92.023693428099506, 24.618616991758891 ], [ 92.023676650194503, 24.618551914196598 ], [ 92.023653362867634, 24.618488533303388 ], [ 92.023623765589505, 24.618427391949957 ], [ 92.023588111875796, 24.618369013824093 ], [ 92.023546707115543, 24.618313898945249 ], [ 92.023499905955163, 24.618262519381876 ], [ 92.010999892804875, 24.605762566745089 ], [ 92.010944826922525, 24.605712649367398 ], [ 92.010884674633388, 24.6056679069588 ], [ 92.010820015234771, 24.605628770407435 ], [ 92.010751471427369, 24.60559561661422 ], [ 92.010679703318701, 24.605568764863317 ], [ 92.010605402066062, 24.605548473747444 ], [ 92.010529283220677, 24.605534938677632 ], [ 92.010452079836895, 24.605528290001484 ], [ 92.010374535413021, 24.605528591747913 ], [ 92.010297396731417, 24.605535841010575 ], [ 92.010221406667142, 24.605549967975872 ], [ 92.010147297034067, 24.605570836595309 ], [ 92.010075781537651, 24.60559824589556 ], [ 92.01000754890191, 24.605631931913912 ], [ 92.009943256237037, 24.60567157024019 ], [ 92.00988352271132, 24.60571677914082 ], [ 92.009828923588444, 24.605767123234976 ], [ 92.009779984687484, 24.605822117687257 ], [ 92.009737177318968, 24.605881232876765 ], [ 92.00970091374586, 24.605943899497358 ], [ 92.009671543213031, 24.60600951404021 ], [ 92.009649348583608, 24.606077444605734 ], [ 92.009634543614439, 24.606147036988961 ], [ 92.009627270897241, 24.606217620979702 ], [ 92.009627600484691, 24.606288516817031 ], [ 92.009635529215558, 24.606359041735644 ], [ 92.009650980744425, 24.606428516541222 ], [ 92.009673806276609, 24.606496272151549 ], [ 92.009703786000586, 24.606561656040139 ], [ 92.009740631204536, 24.606624038520597 ], [ 92.009783987056394, 24.606682818810917 ], [ 92.009833436020813, 24.606737430819596 ], [ 92.022126394122807, 24.619030476608728 ] ] ] } },
{ "type": "Feature", "properties": { "ARCID": 748782, "UP_CELLS": 2545, "buffer_m": 80 }, "geometry": { "type": "Polygon", "coordinates": [ [ [ 92.417959667319124, 24.618749997196542 ], [ 92.417963050275702, 24.618816779043726 ], [ 92.417973171174026, 24.618882989139767 ], [ 92.417989943368454, 24.618948060586909 ], [ 92.418013223263728, 24.61901143623577 ], [ 92.418042811544055, 24.619072573455764 ], [ 92.418078454879407, 24.619130948781226 ], [ 92.41811984809425, 24.619186062393528 ], [ 92.418166636780356, 24.619237442400671 ], [ 92.43017911396845, 24.631250041961447 ], [ 92.426499910621573, 24.634929208389316 ], [ 92.426453112506252, 24.634980588696646 ], [ 92.426411710714461, 24.635035702997538 ], [ 92.426376059760173, 24.635094079370393 ], [ 92.426346464916634, 24.635155217961191 ], [ 92.426323179602093, 24.635218595263392 ], [ 92.42630640320975, 24.635283668600447 ], [ 92.426296279400034, 24.63534988077247 ], [ 92.426292894870173, 24.635416664827275 ], [ 92.426292868650549, 24.639583331015992 ], [ 92.426296251872159, 24.639650109322293 ], [ 92.426306373468492, 24.63971631596257 ], [ 92.426323146796904, 24.639781384127129 ], [ 92.426346428267237, 24.639844756752137 ], [ 92.426376018570778, 24.639905891288841 ], [ 92.426411664386293, 24.639964264348539 ], [ 92.426453060548496, 24.640019376183531 ], [ 92.426499852660484, 24.640070754965699 ], [ 92.430179079436954, 24.643750019247054 ], [ 92.426499825683962, 24.647429236059839 ], [ 92.426450098152557, 24.647484176010661 ], [ 92.426406537962166, 24.647543328208638 ], [ 92.426369569372682, 24.647606116545443 ], [ 92.426339552447274, 24.64767192949801 ], [ 92.42631677954536, 24.647740126084312 ], [ 92.426301472474648, 24.647810042105998 ], [ 92.426293780330596, 24.647880996617236 ], [ 92.426293778043728, 24.647952298556742 ], [ 92.426301465649345, 24.648023253478293 ], [ 92.426316768286782, 24.648093170314279 ], [ 92.426339536927841, 24.648161368106454 ], [ 92.426369549827996, 24.648227182638163 ], [ 92.426406514685411, 24.648289972903648 ], [ 92.426450071487665, 24.64834912735127 ], [ 92.42649979601768, 24.648404069839927 ], [ 92.430459455481028, 24.65236375724642 ], [ 92.430459167145344, 24.697916661976073 ], [ 92.430462549580909, 24.697983418935131 ], [ 92.430472669325354, 24.698049604789418 ], [ 92.430489439806195, 24.698114653262238 ], [ 92.430512717547643, 24.698178007807321 ], [ 92.4305423033978, 24.698239126370602 ], [ 92.430577944232311, 24.698297486028018 ], [ 92.430619335119772, 24.698352587459691 ], [ 92.430666121930486, 24.698403959222169 ], [ 92.434832784686776, 24.702570641772784 ], [ 92.434887881133079, 24.702620577910437 ], [ 92.434948070138589, 24.702665340076944 ], [ 92.435012772047926, 24.702704497182498 ], [ 92.435081363741531, 24.702737672117323 ], [ 92.435153184636874, 24.702764545383747 ], [ 92.435227543050459, 24.702784858173313 ], [ 92.435303722859501, 24.702798414859384 ], [ 92.43538099039894, 24.702805084881277 ], [ 92.435458601527543, 24.702804804001712 ], [ 92.435535808794825, 24.702797574925548 ], [ 92.435611868639938, 24.702783467273676 ], [ 92.435686048553038, 24.702762616912533 ], [ 92.435757634130212, 24.702735224645583 ], [ 92.435825935954014, 24.702701554279269 ], [ 92.435890296233239, 24.702661930082339 ], [ 92.435950095138196, 24.702616733662754 ], [ 92.436004756770032, 24.702566400292358 ], [ 92.436053754707217, 24.702511414714838 ], [ 92.436096617075222, 24.70245230647707 ], [ 92.436132931090768, 24.702389644829093 ], [ 92.436162347037097, 24.702324033241773 ], [ 92.436184581631537, 24.70225610359476 ], [ 92.436199420753425, 24.702186510091064 ], [ 92.436206721505755, 24.702115922956562 ], [ 92.436206413590909, 24.702045021985253 ], [ 92.436198499987114, 24.70197448999242 ], [ 92.436183056919404, 24.701905006238775 ], [ 92.436160233124895, 24.701837239888807 ], [ 92.436130248420014, 24.701771843566441 ], [ 92.436093391583043, 24.701709447070044 ], [ 92.436050017572782, 24.701650651307297 ], [ 92.436000544109731, 24.701596022508244 ], [ 92.432040832273941, 24.697636338680244 ], [ 92.432040543942037, 24.652083328646764 ], [ 92.432037159326867, 24.652016551150147 ], [ 92.432027035832604, 24.651950345394184 ], [ 92.432010260137119, 24.651885278166681 ], [ 92.431986975867261, 24.65182190650766 ], [ 92.431957382368893, 24.651760772940545 ], [ 92.431921733000053, 24.65170240082773 ], [ 92.431880332961569, 24.651647289890171 ], [ 92.431833536684209, 24.651595911929387 ], [ 92.428154273154803, 24.647916685916655 ], [ 92.431833509700397, 24.644237412428073 ], [ 92.431883234616691, 24.644182469361198 ], [ 92.43192679180099, 24.644123314065062 ], [ 92.431963757013591, 24.644060522714323 ], [ 92.431993770222434, 24.64399470689807 ], [ 92.432016539109654, 24.64392650766284 ], [ 92.432031841918288, 24.643856589268662 ], [ 92.432039529611842, 24.643785632719066 ], [ 92.432039527325387, 24.643714329128088 ], [ 92.432031835094236, 24.643643372988741 ], [ 92.43201652785315, 24.64357345540877 ], [ 92.431993754705886, 24.64350525737926 ], [ 92.431963737472543, 24.643439443141926 ], [ 92.431926768528598, 24.643376653719614 ], [ 92.431883207956801, 24.643317500672833 ], [ 92.431833480039728, 24.643262560143459 ], [ 92.42787379643535, 24.639302904467701 ], [ 92.427873773745176, 24.635697118083197 ], [ 92.431833424765372, 24.631737440108495 ], [ 92.431883152405376, 24.631682493562259 ], [ 92.431926711889332, 24.63162333371438 ], [ 92.431963678870815, 24.631560536898295 ], [ 92.431993693229046, 24.631494714877803 ], [ 92.432016462576911, 24.631426508887206 ], [ 92.432031765108889, 24.631356583384264 ], [ 92.432039451761597, 24.631285619577024 ], [ 92.432039447665346, 24.631214308787492 ], [ 92.432031752873115, 24.631143345716755 ], [ 92.432016442359426, 24.631073421677325 ], [ 92.431993665289568, 24.631005217858487 ], [ 92.431963643565922, 24.630939398690298 ], [ 92.431926669665714, 24.630876605370922 ], [ 92.431883103791549, 24.630817449620324 ], [ 92.4318333703619, 24.630762507721158 ], [ 92.419540331310429, 24.618469555309023 ], [ 92.419540254219015, 24.606249997197715 ], [ 92.419536448407626, 24.606179180368045 ], [ 92.41952506867959, 24.606109045589037 ], [ 92.419506224640287, 24.606040268295498 ], [ 92.419480097779484, 24.605973510847864 ], [ 92.41944693972323, 24.605909416153377 ], [ 92.419407069810063, 24.605848601474683 ], [ 92.419360872015289, 24.605791652485401 ], [ 92.419308791252917, 24.605739117630012 ], [ 92.419251329090656, 24.605691502842156 ], [ 92.419189038919555, 24.605649266672533 ], [ 92.419122520624541, 24.605612815872959 ], [ 92.419052414807325, 24.605582501479372 ], [ 92.41897939661736, 24.605558615431349 ], [ 92.418904169249956, 24.605541387760752 ], [ 92.418827457174615, 24.60553098437655 ], [ 92.418749999158393, 24.605527505467116 ], [ 92.418672541151608, 24.605530984535438 ], [ 92.418595829104405, 24.605541388076531 ], [ 92.418520601783413, 24.605558615900062 ], [ 92.418447583657439, 24.605582502095146 ], [ 92.418377477920885, 24.605612816628152 ], [ 92.418310959721964, 24.605649267557862 ], [ 92.418248669661068, 24.605691503846856 ], [ 92.418191207621533, 24.605739118742036 ], [ 92.418139126992713, 24.605791653691636 ], [ 92.418092929340531, 24.605848602761117 ], [ 92.418053059577105, 24.605909417505394 ], [ 92.418019901675848, 24.605973512250433 ], [ 92.417993774973411, 24.606040269733395 ], [ 92.417974931093951, 24.60610904704707 ], [ 92.417963551525517, 24.606179181831259 ], [ 92.417959745871755, 24.606249998651535 ], [ 92.417959667319124, 24.618749997196542 ] ] ] } },
{ "type": "Feature", "properties": { "ARCID": 748854, "UP_CELLS": 180637, "buffer_m": 250 }, "geometry": { "type": "Polygon", "coordinates": [ [ [ 91.68359428455274, 24.617226718660135 ], [ 91.683448034492812, 24.617387265681611 ], [ 91.683318647056851, 24.617559485756704 ], [ 91.683207230602605, 24.617741903704864 ], [ 91.683114739567344, 24.617932956988088 ], [ 91.683041966290475, 24.618131009094036 ], [ 91.682989534224134, 24.618334363553004 ], [ 91.682957892589926, 24.618541278468651 ], [ 91.682947312527773, 24.618749981438192 ], [ 91.682947248445302, 24.62204037994433 ], [ 91.679427322219823, 24.625560233061865 ], [ 91.67928110118558, 24.6257207699717 ], [ 91.679151740216412, 24.625892975119275 ], [ 91.679040347125152, 24.626075373875484 ], [ 91.678947875875025, 24.626266404315373 ], [ 91.678875118408484, 24.626464430592137 ], [ 91.678822697863268, 24.626667756944389 ], [ 91.678791063233348, 24.626874642216713 ], [ 91.678780485520846, 24.627083314769077 ], [ 91.678780421410011, 24.630373759044602 ], [ 91.675260481239263, 24.633893626083537 ], [ 91.675105936044645, 24.63406427217539 ], [ 91.674970433645299, 24.634247942521469 ], [ 91.674855279045062, 24.634442868330151 ], [ 91.674761581309539, 24.634647172409327 ], [ 91.674690242882889, 24.63485888724292 ], [ 91.674641950893502, 24.635075973937393 ], [ 91.674617170532727, 24.635296341856069 ], [ 91.674616140570521, 24.635517868752068 ], [ 91.674638871051229, 24.635738421206021 ], [ 91.674685143192093, 24.635955875171909 ], [ 91.674754511485446, 24.636168136432939 ], [ 91.67484630798468, 24.636373160770649 ], [ 91.674959648732695, 24.636568973652846 ], [ 91.675093442271475, 24.636753689250813 ], [ 91.675246400150328, 24.636925528602571 ], [ 91.675417049332424, 24.637082836747123 ], [ 91.675603746379707, 24.637224098664724 ], [ 91.675804693279801, 24.637347953869551 ], [ 91.676017954762585, 24.637453209514078 ], [ 91.676241476939481, 24.637538851878865 ], [ 91.676473107085997, 24.637604056137267 ], [ 91.676710614376816, 24.637648194300557 ], [ 91.676951711373761, 24.637670841267244 ], [ 91.677194076059408, 24.637671778918026 ], [ 91.67743537420408, 24.637650998217079 ], [ 91.677673281850531, 24.637608699299253 ], [ 91.677905507699705, 24.637545289542501 ], [ 91.678129815181748, 24.637461379643931 ], [ 91.67834404399963, 24.637357777737513 ], [ 91.678546130937434, 24.637235481609849 ], [ 91.678734129733229, 24.637095669089337 ], [ 91.678906229824719, 24.636939686701066 ], [ 91.683072891616305, 24.632772969909077 ], [ 91.683219092423215, 24.632612435712378 ], [ 91.683348433444692, 24.632440236394849 ], [ 91.683459807305255, 24.632257846360631 ], [ 91.683552260480781, 24.632066827262946 ], [ 91.683625001460797, 24.631868814631829 ], [ 91.683677407522993, 24.631665503869566 ], [ 91.683709030062232, 24.631458635733683 ], [ 91.683719598428297, 24.631249981431832 ], [ 91.683719534316026, 24.627959619039117 ], [ 91.687239383944529, 24.624439696287322 ], [ 91.687385587410745, 24.624279158627587 ], [ 91.687514931033675, 24.624106954308125 ], [ 91.68762630731517, 24.623924557909529 ], [ 91.687718762623945, 24.623733531281051 ], [ 91.687791505359485, 24.623535510165429 ], [ 91.687843912727999, 24.623332190191242 ], [ 91.687875536072482, 24.623125312352663 ], [ 91.687886104711211, 24.622916648100944 ], [ 91.687886040629223, 24.619626426105118 ], [ 91.703905740209436, 24.603606393849411 ], [ 91.704060246850844, 24.603435743501649 ], [ 91.704195714114036, 24.603252068661227 ], [ 91.704310837416898, 24.603057138271346 ], [ 91.704404508122948, 24.602852829668088 ], [ 91.70447582421582, 24.602641110498737 ], [ 91.704524098982759, 24.602424019770531 ], [ 91.704548867624368, 24.602203648212587 ], [ 91.704549891726387, 24.601982118139965 ], [ 91.704527161551198, 24.601761563014012 ], [ 91.704480896126739, 24.601544106895705 ], [ 91.704411541132458, 24.601331843990042 ], [ 91.704319764602502, 24.601126818478313 ], [ 91.704206450488201, 24.60093100483251 ], [ 91.704072690141444, 24.600746288801485 ], [ 91.703919771801523, 24.60057444925183 ], [ 91.703749168186604, 24.600417141038331 ], [ 91.703562522309483, 24.600275879068871 ], [ 91.703361631654147, 24.600152023717225 ], [ 91.703148430865781, 24.600046767724049 ], [ 91.702924973120659, 24.59996112471223 ], [ 91.702693410355366, 24.599895919427084 ], [ 91.702455972545692, 24.599851779795227 ], [ 91.702214946234591, 24.599829130878707 ], [ 91.70197265251592, 24.599828190782485 ], [ 91.701731424685619, 24.59984896855455 ], [ 91.701493585775623, 24.599891264099018 ], [ 91.701261426186591, 24.599954670102957 ], [ 91.701037181634575, 24.600038575958415 ], [ 91.700823011624081, 24.600142173641878 ], [ 91.700620978654285, 24.600264465494597 ], [ 91.700433028359114, 24.600404273828939 ], [ 91.700260970771623, 24.600560252268235 ], [ 91.68359428455274, 24.617226718660135 ] ] ] } },
{ "type": "Feature", "properties": { "ARCID": 748856, "UP_CELLS": 727, "buffer_m": 80 }, "geometry": { "type": "Polygon", "coordinates": [ [ [ 91.764000181913943, 24.609929213951812 ], [ 91.763953385677183, 24.609980590323442 ], [ 91.763911985254239, 24.610035701940113 ], [ 91.76387633526744, 24.610094076743238 ], [ 91.763846741085004, 24.610155214722784 ], [ 91.76382345620533, 24.61021859220002 ], [ 91.763806680085381, 24.610283666313009 ], [ 91.763796556431814, 24.610349879666412 ], [ 91.763793171969866, 24.610416665105824 ], [ 91.763793145781634, 24.614583330742207 ], [ 91.76379695025112, 24.614654136860363 ], [ 91.763808328029555, 24.614724261121001 ], [ 91.763827169555157, 24.614793028187997 ], [ 91.763853293385267, 24.614859775794628 ], [ 91.763886447943392, 24.614923861121675 ], [ 91.763926313941596, 24.614984666988281 ], [ 91.763972507455023, 24.615041607795863 ], [ 91.764024583619147, 24.615094135167951 ], [ 91.764082040913848, 24.61514174323154 ], [ 91.764144325993243, 24.615183973489184 ], [ 91.764210839014808, 24.615220419234742 ], [ 91.76428093941621, 24.615250729470439 ], [ 91.764353952084548, 24.615274612287372 ], [ 91.76442917385836, 24.615291837676899 ], [ 91.764505880299822, 24.615302239745958 ], [ 91.764583332671847, 24.615305718314762 ], [ 91.764660785053039, 24.615302239881736 ], [ 91.764737491521828, 24.615291837946152 ], [ 91.764812713340561, 24.615274612685536 ], [ 91.764885726070446, 24.615250729990816 ], [ 91.7649558265487, 24.615220419868688 ], [ 91.76502233966086, 24.615183974226323 ], [ 91.765084624842771, 24.615141744060022 ], [ 91.76514208224981, 24.615094136074742 ], [ 91.765194158533959, 24.6150416087671 ], [ 91.765240352172825, 24.614984668009569 ], [ 91.765280218299608, 24.614923862178419 ], [ 91.765313372987293, 24.614859776872375 ], [ 91.765339496945785, 24.614793029272736 ], [ 91.76535833859667, 24.614724262199431 ], [ 91.76536971649557, 24.614654137920112 ], [ 91.765373521079226, 24.614583331772099 ], [ 91.765373496857535, 24.610697128475518 ], [ 91.773499819310572, 24.602570751911415 ], [ 91.773549265595449, 24.602516145188279 ], [ 91.773592619543365, 24.60245737024605 ], [ 91.773629463636354, 24.602394993125099 ], [ 91.773659443052267, 24.602329614556279 ], [ 91.773682269081505, 24.602261864175407 ], [ 91.773697721907197, 24.602192394459358 ], [ 91.773705652721802, 24.602121874442158 ], [ 91.773705985159651, 24.602050983271798 ], [ 91.773698716031973, 24.601980403669554 ], [ 91.773683915357154, 24.601910815354994 ], [ 91.773661725685841, 24.601842888499927 ], [ 91.773632360727731, 24.601777277274365 ], [ 91.773596103292931, 24.601714613546591 ], [ 91.773553302568018, 24.601655500798088 ], [ 91.773504370752875, 24.601600508311819 ], [ 91.773449779090768, 24.601550165689964 ], [ 91.773390053329919, 24.601504957753725 ], [ 91.773325768660186, 24.601465319874503 ], [ 91.773257544173802, 24.601431633781203 ], [ 91.773186036903283, 24.601404223884224 ], [ 91.773111935494157, 24.601383354151416 ], [ 91.773035953573228, 24.601369225566049 ], [ 91.772958822876333, 24.601361974191409 ], [ 91.772881286201823, 24.601361669860545 ], [ 91.772804090257466, 24.60136831550378 ], [ 91.772727978469717, 24.601381847120503 ], [ 91.772653683824629, 24.60140213439557 ], [ 91.772581921809206, 24.601428981954147 ], [ 91.7725133835214, 24.601462131243263 ], [ 91.772448729014712, 24.601501263021621 ], [ 91.772388580941865, 24.601546000433896 ], [ 91.772333518558582, 24.601595912639912 ], [ 91.764000181913943, 24.609929213951812 ] ] ] } },
{ "type": "Feature", "properties": { "ARCID": 748921, "UP_CELLS": 176608, "buffer_m": 250 }, "geometry": { "type": "Polygon", "coordinates": [ [ [ 91.706250223300771, 24.595659250463932 ], [ 91.705994456701589, 24.595671374862089 ], [ 91.705741439807738, 24.595707659704686 ], [ 91.705493895111417, 24.595767714556523 ], [ 91.705254486231269, 24.595850893213974 ], [ 91.705025789255757, 24.595956300657345 ], [ 91.704810265027504, 24.596082802680218 ], [ 91.704610232667051, 24.596229038092179 ], [ 91.704427844620341, 24.596393433363627 ], [ 91.700261173040303, 24.600560049987436 ], [ 91.700106642503471, 24.600730679277806 ], [ 91.699971147959573, 24.600914335322578 ], [ 91.69985599433673, 24.601109249467729 ], [ 91.699762290691098, 24.601313544633385 ], [ 91.699690939523663, 24.601525253389159 ], [ 91.699642628085329, 24.601742336899949 ], [ 91.699617821754615, 24.601962704559625 ], [ 91.699616759551333, 24.602184234123683 ], [ 91.699639451830123, 24.602404792147006 ], [ 91.69968568017589, 24.602622254529855 ], [ 91.699754999502503, 24.602834526974334 ], [ 91.699846742334685, 24.603039565154258 ], [ 91.699960025232016, 24.603235394404141 ], [ 91.700093757293359, 24.603420128737646 ], [ 91.700246650659949, 24.603591989012418 ], [ 91.700417232916138, 24.603749320066022 ], [ 91.700603861268306, 24.603890606658197 ], [ 91.700804738365633, 24.604014488065577 ], [ 91.701017929610245, 24.604119771188397 ], [ 91.701241381790055, 24.604205442042726 ], [ 91.701472942854792, 24.604270675527655 ], [ 91.701710382644578, 24.604314843373118 ], [ 91.701951414371479, 24.604337520191876 ], [ 91.702193716646889, 24.604338487577223 ], [ 91.702434955842364, 24.604317736207079 ], [ 91.702672808568622, 24.604275465933878 ], [ 91.702904984055778, 24.604212083859746 ], [ 91.70312924621922, 24.604128200415229 ], [ 91.703343435198548, 24.604024623479514 ], [ 91.703545488161723, 24.603902350598695 ], [ 91.703733459174146, 24.603762559377245 ], [ 91.703905537941253, 24.603606596135069 ], [ 91.707337948807336, 24.600174169468097 ], [ 91.731250223329283, 24.600174100521365 ], [ 91.731492229248218, 24.600163210239689 ], [ 91.731731902270127, 24.600130684129748 ], [ 91.731966934091531, 24.600076835447272 ], [ 91.732195061114567, 24.60000218280657 ], [ 91.73241408625114, 24.599907445185178 ], [ 91.732621900085846, 24.599793534998472 ], [ 91.732816501194051, 24.599661549311033 ], [ 91.732996015419133, 24.599512759269569 ], [ 91.733158713923231, 24.599348597858988 ], [ 91.733303029837643, 24.5991706460999 ], [ 91.73342757335223, 24.598980617820299 ], [ 91.733531145099008, 24.598780343148384 ], [ 91.733612747700533, 24.598571750885398 ], [ 91.733671595372343, 24.598356849928443 ], [ 91.733707121486901, 24.598137709922156 ], [ 91.733718984026396, 24.597916441325733 ], [ 91.733707068872008, 24.597695175087246 ], [ 91.733671490898175, 24.597476042121016 ], [ 91.733612592861533, 24.597261152785801 ], [ 91.733530942095186, 24.597052576561286 ], [ 91.733427325040864, 24.596852322118753 ], [ 91.733302739670989, 24.596662317977668 ], [ 91.733158385874574, 24.596484393934567 ], [ 91.732995653899152, 24.596320263442884 ], [ 91.7328161109603, 24.596171507113525 ], [ 91.732621486147906, 24.596039557494784 ], [ 91.732413653774245, 24.595925685278353 ], [ 91.732194615324588, 24.595830987063966 ], [ 91.731966480183885, 24.595756374800516 ], [ 91.731731445325082, 24.595702567005326 ], [ 91.731491774154648, 24.595670081845924 ], [ 91.731249774718904, 24.595659232151 ], [ 91.706250223300771, 24.595659250463932 ] ] ] } },
{ "type": "Feature", "properties": { "ARCID": 748922, "UP_CELLS": 158442, "buffer_m": 250 }, "geometry": { "type": "Polygon", "coordinates": [ [ [ 91.736504683528025, 24.599825907353821 ], [ 91.733072167873445, 24.59639341674114 ], [ 91.732900098424068, 24.596237451074973 ], [ 91.732712138262102, 24.59609765706881 ], [ 91.732510097526585, 24.59597538095926 ], [ 91.732295921936498, 24.595871800278374 ], [ 91.732071674054012, 24.595787912515405 ], [ 91.731839513423537, 24.595724525512345 ], [ 91.731601675777299, 24.595682249685638 ], [ 91.73136045150801, 24.595661492148842 ], [ 91.73111816361542, 24.595662452792933 ], [ 91.730877145339292, 24.595685122361814 ], [ 91.730639717693833, 24.59572928254164 ], [ 91.730408167119805, 24.595794508063054 ], [ 91.730184723469335, 24.595880170796089 ], [ 91.72997153853531, 24.595985445798359 ], [ 91.729770665331998, 24.596109319258279 ], [ 91.72958403832618, 24.596250598256969 ], [ 91.729413454809162, 24.59640792225473 ], [ 91.729260557588987, 24.596579776191746 ], [ 91.729126819169508, 24.596764505076735 ], [ 91.729013527568583, 24.596960329923295 ], [ 91.72892177391202, 24.597165364880453 ], [ 91.72885244192301, 24.597377635392515 ], [ 91.728806199408027, 24.597595097213471 ], [ 91.728783491821645, 24.597815656092902 ], [ 91.72878453797216, 24.598037187943685 ], [ 91.728809327909673, 24.598257559297569 ], [ 91.72885762301712, 24.598474647851472 ], [ 91.728928958303513, 24.598686362906644 ], [ 91.72902264687751, 24.598890665503887 ], [ 91.72913778655861, 24.599085588060944 ], [ 91.729273268561926, 24.599269253322795 ], [ 91.729427788173723, 24.599439892442298 ], [ 91.733594440061921, 24.603606608344833 ], [ 91.733776810009857, 24.603770978612282 ], [ 91.733976820859752, 24.603917194499495 ], [ 91.73419232103798, 24.604043683073584 ], [ 91.734420992320381, 24.604149083614629 ], [ 91.734660374772204, 24.604232262255863 ], [ 91.734907893213503, 24.604292324183305 ], [ 91.735160884925293, 24.604328623263445 ], [ 91.735416628298225, 24.604340768995492 ], [ 91.739583369751557, 24.604340772002789 ], [ 91.73982538523444, 24.604329898448164 ], [ 91.740065069528185, 24.604297388857773 ], [ 91.740300114220645, 24.604243556328278 ], [ 91.74052825559005, 24.60416891931845 ], [ 91.740747296410092, 24.604074196655326 ], [ 91.740955127114361, 24.603960300610229 ], [ 91.74114974611571, 24.603828328111604 ], [ 91.741329279085249, 24.603679550179116 ], [ 91.741491997004601, 24.603515399681111 ], [ 91.741636332818089, 24.60333745753308 ], [ 91.741760896523985, 24.603147437470465 ], [ 91.741864488559855, 24.602947169542357 ], [ 91.741946111352917, 24.60273858248501 ], [ 91.742004978924271, 24.602523685145385 ], [ 91.742040524454765, 24.602304547133283 ], [ 91.742052405739642, 24.602083278888657 ], [ 91.742040508479562, 24.601862011356168 ], [ 91.742004947376685, 24.601642875462591 ], [ 91.741946065025161, 24.601427981594821 ], [ 91.741864428607101, 24.601219399276189 ], [ 91.741760824426009, 24.601019137236641 ], [ 91.741636250330373, 24.600829124068778 ], [ 91.741491906100606, 24.600651189656038 ], [ 91.741329181892098, 24.600487047551727 ], [ 91.741149644845635, 24.600338278478549 ], [ 91.740955023994317, 24.600206315107538 ], [ 91.74074719361225, 24.600092428262819 ], [ 91.740528155165521, 24.599997714685003 ], [ 91.74030001803898, 24.599923086470973 ], [ 91.740064979224684, 24.599869262291655 ], [ 91.739825302167176, 24.599836760472385 ], [ 91.739583294969449, 24.599825894002322 ], [ 91.736504683528025, 24.599825907353821 ] ] ] } },
{ "type": "Feature", "properties": { "ARCID": 748923, "UP_CELLS": 158201, "buffer_m": 250 }, "geometry": { "type": "Polygon", "coordinates": [ [ [ 91.761504840828621, 24.612325893139786 ], [ 91.754552480673922, 24.605373633002827 ], [ 91.754552415533482, 24.602083311449231 ], [ 91.754541836526784, 24.601874605657194 ], [ 91.754510198716119, 24.60166768793782 ], [ 91.754457773204777, 24.601464330684291 ], [ 91.75438500915169, 24.601266275783381 ], [ 91.754292529920818, 24.601075219695502 ], [ 91.75418112773859, 24.600892798924136 ], [ 91.754051756905426, 24.600720575999087 ], [ 91.753905525619402, 24.600560026093547 ], [ 91.749738844249251, 24.596393408664465 ], [ 91.749556470887939, 24.596229025899056 ], [ 91.749356456100728, 24.596082799808691 ], [ 91.749140951757468, 24.595956303527768 ], [ 91.748912276345919, 24.595850897927122 ], [ 91.748672890030178, 24.595767716975576 ], [ 91.748425368186162, 24.595707655542292 ], [ 91.748172373698424, 24.595671359771298 ], [ 91.747916628316474, 24.595659220131431 ], [ 91.743750036412791, 24.595659223119096 ], [ 91.74349429096651, 24.595671363149986 ], [ 91.743241296506497, 24.59570765934809 ], [ 91.742993774787465, 24.595767721227386 ], [ 91.742754388695545, 24.595850902626566 ], [ 91.742525713604593, 24.59595630865968 ], [ 91.742310209673519, 24.596082805342331 ], [ 91.742110195381954, 24.596229031789687 ], [ 91.741927822589375, 24.596393414855424 ], [ 91.737761150865282, 24.600560031492911 ], [ 91.73760661844976, 24.600730662860229 ], [ 91.73747112225908, 24.600914321140785 ], [ 91.737355967237335, 24.601109237658964 ], [ 91.737262262454308, 24.601313535311956 ], [ 91.737190910422044, 24.60152524664532 ], [ 91.737142598399885, 24.601742332798995 ], [ 91.737117791772036, 24.601962703141279 ], [ 91.73711672956118, 24.602184235401676 ], [ 91.73713942212207, 24.602404796108946 ], [ 91.73718565103681, 24.60262226113737 ], [ 91.737254971213801, 24.602834536163421 ], [ 91.737346715169409, 24.603039576835936 ], [ 91.737459999452341, 24.603235408465313 ], [ 91.737593733147918, 24.603420145042239 ], [ 91.737746628381558, 24.603592007402654 ], [ 91.737917212719438, 24.603749340364047 ], [ 91.738103843347716, 24.603890628667759 ], [ 91.738304722893503, 24.604014511573997 ], [ 91.738517916735205, 24.604119795968586 ], [ 91.73874137163557, 24.604205467855454 ], [ 91.738972935518007, 24.604270702123845 ], [ 91.739210378195438, 24.604314870496271 ], [ 91.739451412852006, 24.60433754758056 ], [ 91.739693718070924, 24.604338514967601 ], [ 91.739934960195342, 24.604317763335427 ], [ 91.740172815807838, 24.604275492539159 ], [ 91.740404994110747, 24.604212109686095 ], [ 91.740629258992485, 24.60412822521441 ], [ 91.740843450566544, 24.604024647013276 ], [ 91.741045505976047, 24.60390237264108 ], [ 91.741233479263016, 24.603762579716683 ], [ 91.741405560111076, 24.603606614576439 ], [ 91.744838037286115, 24.600174121463436 ], [ 91.746828628513256, 24.600174122890724 ], [ 91.74961423639833, 24.602959770860174 ], [ 91.749614171257022, 24.606249978112064 ], [ 91.749624739703179, 24.606458660286968 ], [ 91.749656363128935, 24.606665555704243 ], [ 91.749708770819865, 24.606868892544359 ], [ 91.749781514063088, 24.607066929454362 ], [ 91.749873969986567, 24.607257970460978 ], [ 91.749985346890469, 24.607440379495475 ], [ 91.75011469102445, 24.607612594405733 ], [ 91.75026089475341, 24.607773140335464 ], [ 91.758594198677713, 24.616106572195473 ], [ 91.758776589603286, 24.61627095322752 ], [ 91.75897662496854, 24.616417178951643 ], [ 91.759192152793716, 24.616543676225124 ], [ 91.759420854403814, 24.616649084144537 ], [ 91.759660269375075, 24.616732268688814 ], [ 91.759907822007278, 24.616792334921353 ], [ 91.760160849037476, 24.616828636619729 ], [ 91.760416628296298, 24.616840783229261 ], [ 91.764583369792064, 24.616840786176429 ], [ 91.764825411248694, 24.616829912548422 ], [ 91.765065121264996, 24.616797402748745 ], [ 91.765300191181112, 24.616743569876167 ], [ 91.765528357032295, 24.616668932392884 ], [ 91.765747421356465, 24.616574209130569 ], [ 91.765955274360891, 24.616460312366414 ], [ 91.766149914243726, 24.616328339035864 ], [ 91.766329466475071, 24.616179560166678 ], [ 91.766492201851122, 24.616015408636208 ], [ 91.766636553148189, 24.615837465369964 ], [ 91.766761130215613, 24.615647444114149 ], [ 91.766864733362354, 24.615447174929283 ], [ 91.766946364908804, 24.615238586563734 ], [ 91.767005238791896, 24.615023687876988 ], [ 91.767040788131794, 24.61480454849173 ], [ 91.767052670687178, 24.61458327886108 ], [ 91.767040772146601, 24.614362009942937 ], [ 91.767005207224571, 24.614142872677302 ], [ 91.766946318552101, 24.613927977464204 ], [ 91.766864673372197, 24.613719393839816 ], [ 91.766761058072746, 24.613519130546557 ], [ 91.766636470609257, 24.613329116189014 ], [ 91.766492110890837, 24.613151180662026 ], [ 91.766329369221978, 24.612987037529543 ], [ 91.766149812911507, 24.612838267524143 ], [ 91.765955171177907, 24.61270630332583 ], [ 91.76574731849631, 24.612592415766677 ], [ 91.765528256547384, 24.612497701594201 ], [ 91.765300094942205, 24.612423072911046 ], [ 91.765065030908431, 24.612369248392717 ], [ 91.764825328133341, 24.61233674636788 ], [ 91.764583294967494, 24.61232587982779 ], [ 91.761504840828621, 24.612325893139786 ] ] ] } },
{ "type": "Feature", "properties": { "ARCID": 749051, "UP_CELLS": 1097, "buffer_m": 80 }, "geometry": { "type": "Polygon", "coordinates": [ [ [ 92.005459837079229, 24.602083330015507 ], [ 92.005463220301991, 24.602150116806705 ], [ 92.005473342091335, 24.602216331632292 ], [ 92.005490115767302, 24.602281407378989 ], [ 92.005513397677603, 24.602344786688548 ], [ 92.00554298842772, 24.602405926731485 ], [ 92.005578634588261, 24.602464303856323 ], [ 92.005620030865344, 24.602519418074639 ], [ 92.005666822715156, 24.602570797343493 ], [ 92.009833484990693, 24.60673747979196 ], [ 92.009888555864507, 24.606787392945769 ], [ 92.009948712799272, 24.606832130700496 ], [ 92.01001337644864, 24.606871262201388 ], [ 92.010081924061708, 24.60690441058523 ], [ 92.010153695480653, 24.606931256609986 ], [ 92.010227999498639, 24.606951541729423 ], [ 92.010304120516892, 24.606965070583268 ], [ 92.010381325436683, 24.606971712878728 ], [ 92.010458870719901, 24.606971404645389 ], [ 92.010536009550293, 24.606964148851361 ], [ 92.010611999026096, 24.606950015374679 ], [ 92.010686107315166, 24.606929140330323 ], [ 92.010757620703316, 24.6069017247593 ], [ 92.010825850468237, 24.606868032692368 ], [ 92.010890139512597, 24.606828388607148 ], [ 92.010949868692563, 24.60678317430304 ], [ 92.011004462780633, 24.606732825224093 ], [ 92.011053396005565, 24.606677826265226 ], [ 92.011096197115847, 24.606618707102196 ], [ 92.01113245391798, 24.606556037090336 ], [ 92.011161817245977, 24.606490419781089 ], [ 92.011184004323781, 24.606422487109342 ], [ 92.011198801488177, 24.606352893307367 ], [ 92.011206066246089, 24.606282308604047 ], [ 92.011205728646431, 24.606211412770122 ], [ 92.011197791953293, 24.606140888571591 ], [ 92.011182332614013, 24.606071415194268 ], [ 92.011159499522421, 24.606003661702861 ], [ 92.011129512584503, 24.605938280597627 ], [ 92.011092660600198, 24.605875901530535 ], [ 92.011049298481623, 24.605817125241479 ], [ 92.010999843834909, 24.605762517773098 ], [ 92.007040161831014, 24.601802864005169 ], [ 92.007040084588382, 24.589583330016648 ], [ 92.007036279538426, 24.589512518854114 ], [ 92.00702490219723, 24.589442389692767 ], [ 92.007006062147141, 24.589373617913495 ], [ 92.006979940839685, 24.589306865823772 ], [ 92.006946789847461, 24.58924277627936 ], [ 92.00690692844114, 24.589181966493431 ], [ 92.00686074051427, 24.589125022092567 ], [ 92.006808670885988, 24.589072491477097 ], [ 92.006751221016955, 24.589024880539871 ], [ 92.006688944180013, 24.588982647794474 ], [ 92.006622440131849, 24.588946199959704 ], [ 92.00655234933717, 24.58891588804287 ], [ 92.006479346800845, 24.588892003959597 ], [ 92.006404135567607, 24.58887477772269 ], [ 92.006327439951676, 24.588864375227164 ], [ 92.006249998561614, 24.588860896652683 ], [ 92.006172557187668, 24.588864375498847 ], [ 92.006095861619812, 24.588874778262621 ], [ 92.006020650465928, 24.588892004760993 ], [ 92.005947648039012, 24.588915889095723 ], [ 92.005877557382206, 24.588946201250938 ], [ 92.005811053498363, 24.588982649308225 ], [ 92.005748776849799, 24.589024882257725 ], [ 92.00569132719059, 24.589072493378467 ], [ 92.005639257790619, 24.589125024154999 ], [ 92.005593070107508, 24.589181968693005 ], [ 92.005553208957195, 24.589242778591068 ], [ 92.005520058229948, 24.589306868221907 ], [ 92.005493937193208, 24.589373620372047 ], [ 92.005475097416436, 24.589442392185756 ], [ 92.005463720348061, 24.589512521355942 ], [ 92.005459915567599, 24.589583332502421 ], [ 92.005459837079229, 24.602083330015507 ] ] ] } },
{ "type": "Feature", "properties": { "ARCID": 749052, "UP_CELLS": 597, "buffer_m": 80 }, "geometry": { "type": "Polygon", "coordinates": [ [ [ 92.451500191248911, 24.593262447883536 ], [ 92.451453389030675, 24.593313833578275 ], [ 92.451411983214214, 24.593368955717551 ], [ 92.451376328508786, 24.593427342098622 ], [ 92.451346730358154, 24.593488492555043 ], [ 92.451323442323854, 24.593551883241226 ], [ 92.451306663912732, 24.593616971119886 ], [ 92.451296538867666, 24.593683198613888 ], [ 92.451293153935765, 24.593749998382677 ], [ 92.451293101608925, 24.602083330801499 ], [ 92.451296485193993, 24.602150123287014 ], [ 92.451306607908307, 24.602216343753341 ], [ 92.451323383064221, 24.602281425040772 ], [ 92.451346666997267, 24.602344809745524 ], [ 92.451376260296172, 24.602405954993706 ], [ 92.45141190951054, 24.602464337091089 ], [ 92.451453309321309, 24.602519456008384 ], [ 92.451500105155475, 24.602570839664065 ], [ 92.45545974007176, 24.60653050243733 ], [ 92.455459691234381, 24.614302860549959 ], [ 92.451500021704149, 24.618262503131323 ], [ 92.451453221761298, 24.618313885808451 ], [ 92.451411818206552, 24.618369003481483 ], [ 92.451376165634727, 24.618427384112486 ], [ 92.451346569389457, 24.618488527718299 ], [ 92.451323282948024, 24.618551910652389 ], [ 92.451306505750196, 24.6186169900894 ], [ 92.451296381489925, 24.618683208673897 ], [ 92.451292996884376, 24.618749999293694 ], [ 92.451292839620365, 24.643749996550874 ], [ 92.451296222712514, 24.643816773691061 ], [ 92.451306344151746, 24.643882979208431 ], [ 92.451323117300319, 24.643948046326212 ], [ 92.451346398575524, 24.644011418012447 ], [ 92.451375988678549, 24.644072551748728 ], [ 92.451411634300257, 24.644130924174771 ], [ 92.451453030289585, 24.644186035568833 ], [ 92.451499822265703, 24.644237414126003 ], [ 92.455666485071703, 24.648404096642754 ], [ 92.455721569829691, 24.648454022278052 ], [ 92.455781743724344, 24.648498772872873 ], [ 92.455846427245802, 24.648537917448845 ], [ 92.455914997451586, 24.648571079016886 ], [ 92.455986793966133, 24.648597938208077 ], [ 92.456061125340739, 24.648618236349535 ], [ 92.456137275713061, 24.648631777955682 ], [ 92.45621451170156, 24.648638432611097 ], [ 92.456292089468889, 24.648638136226513 ], [ 92.456369261885854, 24.648630891656104 ], [ 92.456445285727312, 24.648616768669989 ], [ 92.456519428830205, 24.648595903282306 ], [ 92.456590977145126, 24.648568496441197 ], [ 92.456659241613522, 24.648534812093494 ], [ 92.456723564804022, 24.648495174642566 ], [ 92.456783327244096, 24.64844996582401 ], [ 92.456837953386113, 24.648399621029096 ], [ 92.456886917150328, 24.648344625111481 ], [ 92.456929746991335, 24.64828550771762 ], [ 92.456966030439133, 24.648222838185731 ], [ 92.456995418071273, 24.648157220062547 ], [ 92.457017626877814, 24.648089285290684 ], [ 92.457032442986389, 24.648019688122474 ], [ 92.457039723721607, 24.647949098819073 ], [ 92.457039398978552, 24.647878197195343 ], [ 92.457031471897565, 24.647807666072861 ], [ 92.457016018833343, 24.647738184703925 ], [ 92.456993188619279, 24.647670422230071 ], [ 92.456963201133561, 24.647605031237887 ], [ 92.456926345181245, 24.64754264147442 ], [ 92.45688297571256, 24.647483853782493 ], [ 92.456833510404209, 24.647429234314451 ], [ 92.452873825941978, 24.643469577765433 ], [ 92.452873672206394, 24.619030480445868 ], [ 92.456833313655125, 24.615070812045445 ], [ 92.456880108205056, 24.615019430022063 ], [ 92.4569215067702, 24.614964313483931 ], [ 92.456957154837824, 24.614905934425828 ], [ 92.456986747141372, 24.61484479278074 ], [ 92.457010030274347, 24.614781412138548 ], [ 92.457026804860234, 24.614716335262131 ], [ 92.457036927259452, 24.614650119439318 ], [ 92.457040310799201, 24.614583331710499 ], [ 92.457040258436962, 24.606249997471274 ], [ 92.457036873549569, 24.606183202455323 ], [ 92.457026748818208, 24.60611697960109 ], [ 92.457009970975236, 24.606051896129877 ], [ 92.456986683738577, 24.605988509502922 ], [ 92.456957086580445, 24.60592736264659 ], [ 92.456921433018451, 24.605868979302148 ], [ 92.456880028443976, 24.605813859539822 ], [ 92.456833227506024, 24.605762475475661 ], [ 92.452873563569071, 24.601802839392931 ], [ 92.452873514765002, 24.594030523579551 ], [ 92.456833144115507, 24.590070867313035 ], [ 92.456882597530921, 24.590016255522738 ], [ 92.456925958623287, 24.589957474452127 ], [ 92.456962809806171, 24.589895090200478 ], [ 92.456992796189354, 24.589829703567158 ], [ 92.457015628996359, 24.589761944265465 ], [ 92.457031088345204, 24.589692464857922 ], [ 92.457039025365617, 24.589621934471662 ], [ 92.457039363632234, 24.589551032354258 ], [ 92.457032099900175, 24.589480441332121 ], [ 92.457017304135746, 24.589410841234539 ], [ 92.456995118842201, 24.58934290234653 ], [ 92.456965757686916, 24.589277278953769 ], [ 92.456929503443121, 24.589214603041533 ], [ 92.456886705266456, 24.589155478208465 ], [ 92.456837775331948, 24.589100473853843 ], [ 92.456783184864463, 24.589050119694058 ], [ 92.456723459600397, 24.589004900661461 ], [ 92.456659174724564, 24.588965252234345 ], [ 92.456590949330874, 24.588931556243331 ], [ 92.456519440460355, 24.588904137194291 ], [ 92.456445336773712, 24.588883259143397 ], [ 92.45636935191952, 24.588869123154279 ], [ 92.456292217661769, 24.588861865361775 ], [ 92.456214676833042, 24.588861555661016 ], [ 92.456137476181141, 24.588868197034305 ], [ 92.45606135917788, 24.588881725522445 ], [ 92.455987058859691, 24.588902010840666 ], [ 92.455915290768388, 24.58892885763321 ], [ 92.455846746060644, 24.588962007354681 ], [ 92.455782084852046, 24.589001140759759 ], [ 92.455721929860161, 24.589045880977586 ], [ 92.455666860407604, 24.589095797140974 ], [ 92.451500191248911, 24.593262447883536 ] ] ] } },
{ "type": "Feature", "properties": { "ARCID": 749559, "UP_CELLS": 3925, "buffer_m": 80 }, "geometry": { "type": "Polygon", "coordinates": [ [ [ 91.688512881683138, 24.572916730369393 ], [ 91.684833743172533, 24.57659583242242 ], [ 91.684786947805804, 24.576647210913194 ], [ 91.684745547892831, 24.576702326151398 ], [ 91.68470989815664, 24.576760705907407 ], [ 91.684680304053884, 24.57682184998049 ], [ 91.684657019157413, 24.576885234484433 ], [ 91.684640242983392, 24.576950316336095 ], [ 91.684630119281607, 24.577016537908555 ], [ 91.684626734803373, 24.577083331808804 ], [ 91.684626708661682, 24.581249997378912 ], [ 91.684630091212014, 24.581316779406709 ], [ 91.684640210847206, 24.581382989481057 ], [ 91.684656980902332, 24.581448060506894 ], [ 91.684680257750443, 24.581511435144307 ], [ 91.68470984203249, 24.581572570582328 ], [ 91.684745480364484, 24.581630943188117 ], [ 91.684786867507555, 24.58168605299214 ], [ 91.684833648982035, 24.581737427970506 ], [ 91.701293264797698, 24.598197162219101 ], [ 91.701293240173953, 24.602083330717306 ], [ 91.701297044186362, 24.602154135529968 ], [ 91.701308420602913, 24.602224258497962 ], [ 91.70132725987493, 24.602293024297623 ], [ 91.701353380581509, 24.602359770674429 ], [ 91.70138653117624, 24.602423854821058 ], [ 91.701426392409317, 24.602484659568034 ], [ 91.701472580401855, 24.602541599327576 ], [ 91.701524650342492, 24.602594125733294 ], [ 91.701582100771077, 24.602641732921516 ], [ 91.70164437840792, 24.602683962403216 ], [ 91.701710883482122, 24.602720407479733 ], [ 91.701780975507958, 24.602750717159722 ], [ 91.701853979453247, 24.602774599539607 ], [ 91.701929192240527, 24.602791824614958 ], [ 91.702005889518517, 24.602802226495687 ], [ 91.702083332638409, 24.602805705003828 ], [ 91.702160775767965, 24.602802226638342 ], [ 91.702237473074675, 24.602791824897842 ], [ 91.702312685909135, 24.602774599957943 ], [ 91.702385689919069, 24.602750717706467 ], [ 91.702455782025652, 24.60272040814581 ], [ 91.702522287195052, 24.602683963177707 ], [ 91.702584564939556, 24.602641733791984 ], [ 91.702642015486177, 24.602594126686039 ], [ 91.702694085552906, 24.602541600348033 ], [ 91.702740273677236, 24.602484660641075 ], [ 91.702780135045401, 24.602423855931359 ], [ 91.702813285776216, 24.6023597718068 ], [ 91.70283940661767, 24.60229302543733 ], [ 91.702858246021322, 24.602224259631054 ], [ 91.70286962256445, 24.602154136643442 ], [ 91.702873426696783, 24.602083331799385 ], [ 91.702873400525718, 24.59791666405102 ], [ 91.702870015523246, 24.597849871593727 ], [ 91.702859890473007, 24.597783651433588 ], [ 91.702843112133877, 24.59771857092408 ], [ 91.702819824267451, 24.597655187653626 ], [ 91.702790226405995, 24.597594044668412 ], [ 91.70275457214268, 24.597535665819837 ], [ 91.702713166958503, 24.597480551276377 ], [ 91.702666365604927, 24.597429173238481 ], [ 91.68620662333565, 24.580969549372902 ], [ 91.686206600713405, 24.577363834834831 ], [ 91.690166259815726, 24.573404149478922 ], [ 91.690215985898647, 24.573349203069544 ], [ 91.69025954442715, 24.573290040022091 ], [ 91.690296510769983, 24.573227237100351 ], [ 91.690326524562948, 24.573161406551407 ], [ 91.690349293221701, 24.573093190136881 ], [ 91.690364594793678, 24.573023252876496 ], [ 91.690372280121437, 24.572952276564855 ], [ 91.690372274296294, 24.572880953124834 ], [ 91.690364577388053, 24.572809977862157 ], [ 91.690349264443839, 24.572740042687172 ], [ 91.690326484756, 24.57267182936965 ], [ 91.69029646040623, 24.572606002892577 ], [ 91.69025948410011, 24.572543204969548 ], [ 91.690215916313306, 24.572484047789143 ], [ 91.690166181777144, 24.572429108047089 ], [ 91.669332824557983, 24.551595853342405 ], [ 91.66927777844063, 24.55154594933688 ], [ 91.669217649593477, 24.551501220622484 ], [ 91.669153017088192, 24.551462097955458 ], [ 91.669084503366676, 24.551428958102985 ], [ 91.669012768246816, 24.551402120214888 ], [ 91.668938502568338, 24.551381842750285 ], [ 91.66886242153997, 24.551368320988651 ], [ 91.66878525785198, 24.551361685149285 ], [ 91.668707754620428, 24.551361999137335 ], [ 91.668630658231024, 24.551369259928435 ], [ 91.668554711151515, 24.551383397597842 ], [ 91.668480644781795, 24.551404275993807 ], [ 91.668409172410605, 24.551431694048759 ], [ 91.668340982346592, 24.551465387715556 ], [ 91.668276731289822, 24.551505032510271 ], [ 91.668217038007782, 24.551550246636996 ], [ 91.668162477376413, 24.551600594664503 ], [ 91.668113574843986, 24.551655591719527 ], [ 91.668070801370604, 24.551714708156105 ], [ 91.668034568892665, 24.551777374656123 ], [ 91.668005226355447, 24.551842987712 ], [ 91.667983056352284, 24.551910915438544 ], [ 91.667968272402788, 24.551980503658218 ], [ 91.667961016896129, 24.5520510822011 ], [ 91.667961359719229, 24.552121971358833 ], [ 91.667969297583269, 24.552192488430574 ], [ 91.667984754054942, 24.552261954297727 ], [ 91.668007580291942, 24.552329699964272 ], [ 91.668037556476037, 24.55239507299963 ], [ 91.668074393929544, 24.552457443822007 ], [ 91.668117737895187, 24.552516211761787 ], [ 91.668167170952188, 24.552570810846458 ], [ 91.688512881683138, 24.572916730369393 ] ] ] } },
{ "type": "Feature", "properties": { "ARCID": 749562, "UP_CELLS": 4042, "buffer_m": 80 }, "geometry": { "type": "Polygon", "coordinates": [ [ [ 92.138793435089113, 24.555969453444249 ], [ 92.130667101878871, 24.564095732060903 ], [ 92.130620296801936, 24.564147119148252 ], [ 92.130578888124674, 24.564202244518128 ], [ 92.130543230716384, 24.564260635759517 ], [ 92.130513630160735, 24.564321792473045 ], [ 92.13049034013676, 24.564385190559214 ], [ 92.130473560244596, 24.564450286709672 ], [ 92.130463434294725, 24.564516523063215 ], [ 92.130460049075126, 24.564583331986459 ], [ 92.130459998884135, 24.572636158907827 ], [ 92.118401889927043, 24.584694219578012 ], [ 92.110416690505019, 24.584694211642258 ], [ 92.110334851988426, 24.584698095609163 ], [ 92.110253893656349, 24.584709710227507 ], [ 92.110174686478757, 24.584728930543935 ], [ 92.110098082587001, 24.584755549781033 ], [ 92.110024906106986, 24.584789281561839 ], [ 92.10995594429329, 24.584829762990619 ], [ 92.109891939059892, 24.58487655855679 ], [ 92.109833578998789, 24.584929164820149 ], [ 92.10173516958119, 24.593027561236948 ], [ 92.08958336913858, 24.59302754919651 ], [ 92.08950152310679, 24.593031432238107 ], [ 92.089420557263949, 24.593043046354389 ], [ 92.089341342712416, 24.593062266589971 ], [ 92.089264731713484, 24.593088886156032 ], [ 92.0891915485184, 24.593122618655073 ], [ 92.089122580500671, 24.593163101162091 ], [ 92.089058569685079, 24.593209898129071 ], [ 92.089000204764488, 24.593262506070861 ], [ 92.084833536054958, 24.597429156770286 ], [ 92.084786737392818, 24.597480538455994 ], [ 92.084745334761109, 24.597535656090429 ], [ 92.084709682825732, 24.59759403753068 ], [ 92.08468008699289, 24.597655182675176 ], [ 92.084656800792771, 24.597718567747453 ], [ 92.084640023707465, 24.597783649782791 ], [ 92.084629899461973, 24.597849871279276 ], [ 92.084626514792632, 24.597916664973354 ], [ 92.084626488624451, 24.602083330877065 ], [ 92.084629871987858, 24.602150118831911 ], [ 92.084639994023831, 24.602216334805682 ], [ 92.084656768050522, 24.602281411677129 ], [ 92.084680050413155, 24.602344792080231 ], [ 92.084709641713943, 24.602405933177899 ], [ 92.084745288519642, 24.602464311311362 ], [ 92.084786685531853, 24.60251942648522 ], [ 92.084833478201546, 24.602570806649926 ], [ 92.088793126744065, 24.606530483363152 ], [ 92.088793104088609, 24.610136205827597 ], [ 92.084833423022161, 24.614095860257454 ], [ 92.084786625831867, 24.614147239985769 ], [ 92.084745224674151, 24.614202354704201 ], [ 92.084709574139595, 24.614260732378231 ], [ 92.084679979568477, 24.614321873026888 ], [ 92.084656694435381, 24.614385253004759 ], [ 92.084639918178055, 24.614450329486683 ], [ 92.08462979448899, 24.6145165451168 ], [ 92.084626410084439, 24.614583332782008 ], [ 92.084626305281787, 24.631249996397457 ], [ 92.084630110479992, 24.631320808553465 ], [ 92.084641490654974, 24.631390938803438 ], [ 92.084660336221816, 24.631459711753436 ], [ 92.084686465698923, 24.631526465079951 ], [ 92.0847196274553, 24.631590555908588 ], [ 92.084759502133593, 24.631651367005414 ], [ 92.08480570572523, 24.631708312721408 ], [ 92.084857793268498, 24.631760844632797 ], [ 92.084915263133539, 24.631808456822839 ], [ 92.084977561853293, 24.631850690754359 ], [ 92.085044089453689, 24.631887139685869 ], [ 92.085114205231889, 24.631917452588976 ], [ 92.085187233926789, 24.631941337529149 ], [ 92.085262472222496, 24.631958564477422 ], [ 92.085339195521939, 24.631968967525818 ], [ 92.085416664925674, 24.63197244648525 ], [ 92.085494134348252, 24.631968967850515 ], [ 92.085570857703971, 24.63195856512295 ], [ 92.085646096092574, 24.631941338487831 ], [ 92.085719124915769, 24.631917453849457 ], [ 92.085789240855874, 24.631887141233332 ], [ 92.085855768649594, 24.631850692570737 ], [ 92.085918067591507, 24.631808458887114 ], [ 92.085975537704641, 24.631760846921352 ], [ 92.08602762551871, 24.631708315208403 ], [ 92.086073829400462, 24.631651369663157 ], [ 92.086113704384573, 24.63159055870797 ], [ 92.086146866458833, 24.631526467990849 ], [ 92.086172996262192, 24.631459714745134 ], [ 92.086191842159991, 24.631390941844995 ], [ 92.086203222667052, 24.631320811614128 ], [ 92.086207028195062, 24.631249999447022 ], [ 92.086206925791885, 24.614863801910275 ], [ 92.090166579460814, 24.610904121601937 ], [ 92.090213371231755, 24.610852742526198 ], [ 92.090254767377147, 24.61079762894548 ], [ 92.090290413388871, 24.610739252850493 ], [ 92.090320004004099, 24.610678114171389 ], [ 92.090343285819372, 24.610614736496316 ], [ 92.090360059460338, 24.610549662587221 ], [ 92.090370181289018, 24.610483449731714 ], [ 92.090373564633552, 24.610416664970394 ], [ 92.090373538453562, 24.606249997545103 ], [ 92.090370153802596, 24.606183207042555 ], [ 92.090360029763531, 24.606116988662404 ], [ 92.090343253062798, 24.606051909587563 ], [ 92.090319967408561, 24.605988527241593 ], [ 92.090290372259517, 24.605927384514118 ], [ 92.090254721116125, 24.605869005110975 ], [ 92.090213319349019, 24.605813889068557 ], [ 92.090166521583242, 24.605762508470946 ], [ 92.086206843241712, 24.601802858297368 ], [ 92.086206820596658, 24.59819716421941 ], [ 92.089931505074503, 24.594472464846255 ], [ 92.102083369140033, 24.594472452801874 ], [ 92.102165199953447, 24.594468564460573 ], [ 92.102246150290995, 24.594456948023733 ], [ 92.102325349529565, 24.594437728426048 ], [ 92.102401945880004, 24.594411112374349 ], [ 92.1024751155486, 24.594377386124439 ], [ 92.102544071597308, 24.594336912402202 ], [ 92.102608072407577, 24.594290126502379 ], [ 92.102666429656651, 24.59423753160673 ], [ 92.110764817349661, 24.58613913091023 ], [ 92.118750023839311, 24.586139122971705 ], [ 92.118831845448184, 24.586135236140642 ], [ 92.118912786898562, 24.586123621947827 ], [ 92.118991977751662, 24.586104405291081 ], [ 92.119068566395356, 24.586077792824561 ], [ 92.119141729202752, 24.586044070736342 ], [ 92.119210679389823, 24.58600360167058 ], [ 92.119274675476646, 24.585956820827569 ], [ 92.119333029261398, 24.585904231283426 ], [ 92.131833023013556, 24.573404183427083 ], [ 92.131879813168013, 24.573352800645754 ], [ 92.131921208131075, 24.573297681829615 ], [ 92.131956853306832, 24.573239299144682 ], [ 92.13198644335526, 24.573178152715702 ], [ 92.132009724807673, 24.573114766341845 ], [ 92.132026498237792, 24.573049683009582 ], [ 92.132036619969696, 24.57298346024124 ], [ 92.132040003308404, 24.572916665318978 ], [ 92.132039953117072, 24.56486390052082 ], [ 92.140166231802098, 24.556737567233444 ], [ 92.140213026421378, 24.556686181552589 ], [ 92.140254425546033, 24.556631058506824 ], [ 92.140290074456942, 24.556572670414976 ], [ 92.140319667706663, 24.556511517571593 ], [ 92.140342951736514, 24.556448123960166 ], [ 92.140359727048832, 24.556383032763232 ], [ 92.140369849916141, 24.556316801708157 ], [ 92.140373233612294, 24.556249998288195 ], [ 92.140373207509313, 24.552083330904271 ], [ 92.140369403568386, 24.55201251717385 ], [ 92.140358029352186, 24.551942385460713 ], [ 92.140339194412931, 24.551873611170265 ], [ 92.140313080152865, 24.551806856634123 ], [ 92.140279938076702, 24.551742764731578 ], [ 92.140240087369136, 24.551681952698484 ], [ 92.140193911820646, 24.551625006183059 ], [ 92.140141856131066, 24.551572473605972 ], [ 92.140084421626796, 24.551524860878974 ], [ 92.140022161432611, 24.551482626532913 ], [ 92.13995567514489, 24.551446177302012 ], [ 92.139885603057238, 24.551415864207073 ], [ 92.139812619994373, 24.551391979175108 ], [ 92.139737428813447, 24.551374752228107 ], [ 92.139660753635553, 24.551364349267967 ], [ 92.139583332872434, 24.551360870478884 ], [ 92.139505912115723, 24.55136434936259 ], [ 92.139429236956872, 24.55137475241574 ], [ 92.139354045807224, 24.551391979452568 ], [ 92.139281062787219, 24.551415864569712 ], [ 92.139210990753114, 24.551446177743784 ], [ 92.139144504528488, 24.551482627046592 ], [ 92.139082244405699, 24.551524861456304 ], [ 92.139024809979659, 24.551572474237872 ], [ 92.138972754373683, 24.551625006859862 ], [ 92.13892657891256, 24.551681953410171 ], [ 92.138886728294565, 24.551742765467967 ], [ 92.138853586308613, 24.551806857385149 ], [ 92.138827472137976, 24.551873611926162 ], [ 92.138808637286004, 24.551942386212207 ], [ 92.138797263153691, 24.552012517912331 ], [ 92.138793459292273, 24.552083331621937 ], [ 92.138793435089113, 24.555969453444249 ] ] ] } },
{ "type": "Feature", "properties": { "ARCID": 749782, "UP_CELLS": 2150, "buffer_m": 80 }, "geometry": { "type": "Polygon", "coordinates": [ [ [ 92.413793471658551, 24.543749997686394 ], [ 92.413796855819584, 24.54381681138592 ], [ 92.413806980193115, 24.543883052520975 ], [ 92.413823758022474, 24.543948153396258 ], [ 92.413847045529437, 24.544011556087796 ], [ 92.413876643146054, 24.544072717224445 ], [ 92.413912297224712, 24.544131112644795 ], [ 92.413953702211643, 24.544186241889339 ], [ 92.414000503265399, 24.544237632489665 ], [ 92.417960110087236, 24.548197267118059 ], [ 92.417960085652751, 24.552083331020693 ], [ 92.417963469733948, 24.552150141678801 ], [ 92.417973593871295, 24.552216379850183 ], [ 92.41799037131797, 24.552281477916196 ], [ 92.418013658311992, 24.55234487802727 ], [ 92.418043255307836, 24.55240603688344 ], [ 92.418078908686127, 24.552464430390138 ], [ 92.418120312926675, 24.552519558149431 ], [ 92.418167113226431, 24.552570947748301 ], [ 92.42212672427614, 24.556530586612773 ], [ 92.422126647394222, 24.568749997206226 ], [ 92.422130031059353, 24.568816799715986 ], [ 92.422140154056649, 24.56888302995112 ], [ 92.42215692967001, 24.568948120497922 ], [ 92.422180214187875, 24.569011513705878 ], [ 92.42220980813407, 24.569072666465278 ], [ 92.422245457976558, 24.569131054860229 ], [ 92.422286858299159, 24.569186178657368 ], [ 92.422333654418068, 24.569237565591596 ], [ 92.430459925849249, 24.577363894151492 ], [ 92.430459903231935, 24.580969471311118 ], [ 92.426500249789285, 24.584929097873367 ], [ 92.426453446911992, 24.584980484470904 ], [ 92.426412040438734, 24.585035607992975 ], [ 92.426376385117109, 24.585093996181392 ], [ 92.426346786424347, 24.585155148808081 ], [ 92.426323497950023, 24.585218541960501 ], [ 92.426306719223163, 24.585283632530118 ], [ 92.426296594002608, 24.585349862865279 ], [ 92.426293209044957, 24.585416665548738 ], [ 92.426293106575031, 24.601802840120165 ], [ 92.422568421967483, 24.60552750948019 ], [ 92.418750011918888, 24.605527505467194 ], [ 92.418672553850655, 24.605530983392022 ], [ 92.41859584161972, 24.605541385800624 ], [ 92.418520613994474, 24.605558612513573 ], [ 92.418447595446636, 24.605582497630689 ], [ 92.418377489174688, 24.60561281112874 ], [ 92.418310970332001, 24.605649261076451 ], [ 92.418248679525163, 24.605691496445857 ], [ 92.418191216644672, 24.605739110492728 ], [ 92.418139135088012, 24.605791644673456 ], [ 92.418092936430028, 24.605848593060927 ], [ 92.418053065592517, 24.605909407216604 ], [ 92.418019906559238, 24.605973501472125 ], [ 92.417993778677754, 24.606040258569376 ], [ 92.417974933583579, 24.606109035604849 ], [ 92.417963552776442, 24.606179170221029 ], [ 92.417959745871926, 24.606249986985112 ], [ 92.41796354954532, 24.606320803893759 ], [ 92.417974927177966, 24.606390938941086 ], [ 92.41799376920936, 24.606459716686803 ], [ 92.418019894191858, 24.606526474761136 ], [ 92.418053050537694, 24.606590570243842 ], [ 92.418092918941426, 24.606651385856093 ], [ 92.418139115454821, 24.606708335905331 ], [ 92.418191195184164, 24.606760871926021 ], [ 92.418248656574718, 24.606808487961828 ], [ 92.418310946240865, 24.606850725438559 ], [ 92.418377464295617, 24.606887177580639 ], [ 92.418447570127924, 24.606917493328829 ], [ 92.418520588572378, 24.606941380721281 ], [ 92.418595816411681, 24.606958609705536 ], [ 92.418672529149461, 24.606969014354107 ], [ 92.418749987987937, 24.60697249446266 ], [ 92.422916678586034, 24.606972494904142 ], [ 92.422998532854777, 24.606968607616107 ], [ 92.423079506429417, 24.606956989819192 ], [ 92.423158728217317, 24.606937766494394 ], [ 92.423235345971975, 24.606911144440911 ], [ 92.423308535461757, 24.606877410051407 ], [ 92.42337750933703, 24.606836926230933 ], [ 92.423441525600552, 24.606790128492715 ], [ 92.423499895589856, 24.60673752027283 ], [ 92.427666559793707, 24.602570837670235 ], [ 92.4277133552865, 24.602519454353796 ], [ 92.427754754810763, 24.602464335814123 ], [ 92.42779040379807, 24.60240595412635 ], [ 92.427819996933096, 24.602344809312942 ], [ 92.4278432807683, 24.602281425061005 ], [ 92.427860055894399, 24.602216344237021 ], [ 92.427870178648021, 24.602150124237244 ], [ 92.427873562341631, 24.60208333221377 ], [ 92.427873459870469, 24.585697203284738 ], [ 92.431833085607977, 24.581737550664052 ], [ 92.431879883150742, 24.581686164655483 ], [ 92.431921284679177, 24.581631042195045 ], [ 92.431956935526529, 24.581572655499468 ], [ 92.43198653029161, 24.581511504748541 ], [ 92.432009815454947, 24.581448113800114 ], [ 92.432026591550255, 24.581383025702241 ], [ 92.432036714872908, 24.581316798041083 ], [ 92.432040098710686, 24.581249998164157 ], [ 92.432040072573741, 24.57708333102358 ], [ 92.43203668721975, 24.577016523329107 ], [ 92.432026561058706, 24.576950288120386 ], [ 92.432009780868157, 24.576885192940015 ], [ 92.431986490440664, 24.576821795561255 ], [ 92.431956889351596, 24.576760639208846 ], [ 92.431921231248495, 24.576702247904279 ], [ 92.431879821677612, 24.576647121975956 ], [ 92.431833015465486, 24.576595733772031 ], [ 92.423706684570107, 24.568469459996798 ], [ 92.42370660768907, 24.556249997207388 ], [ 92.423703222303743, 24.556183184031067 ], [ 92.423693096150757, 24.556116943484014 ], [ 92.423676316021599, 24.556051843246198 ], [ 92.423653025731539, 24.555988441224326 ], [ 92.423623424886955, 24.555927280770554 ], [ 92.42358776717424, 24.555868886026193 ], [ 92.423546358185604, 24.555813757429849 ], [ 92.42349955279991, 24.555762367428827 ], [ 92.419539912776614, 24.551802755217558 ], [ 92.419539888342314, 24.547916664354414 ], [ 92.419536502919925, 24.547849848076023 ], [ 92.419526376561421, 24.547783604502072 ], [ 92.419509596068025, 24.547718501390698 ], [ 92.419486305271391, 24.547655096724554 ], [ 92.419456703800535, 24.547593933928496 ], [ 92.419421045370612, 24.547535537212124 ], [ 92.419379635608124, 24.547480407077003 ], [ 92.419332829431141, 24.547429016027102 ], [ 92.415373193439507, 24.543469407839307 ], [ 92.415373169015595, 24.539583331020118 ], [ 92.415369365272923, 24.539512513608305 ], [ 92.41535799162439, 24.539442378247998 ], [ 92.415339157616714, 24.539373600379609 ], [ 92.415313044643071, 24.539306842369111 ], [ 92.415279904195742, 24.539242747129176 ], [ 92.415240055443604, 24.53918193192774 ], [ 92.415193882158206, 24.539124982443461 ], [ 92.415141829017458, 24.539072447125591 ], [ 92.415084397323071, 24.539024831912265 ], [ 92.415022140172695, 24.538982595358281 ], [ 92.414955657133234, 24.538946144219182 ], [ 92.414885588466916, 24.538915829534179 ], [ 92.414812608965434, 24.538891943245684 ], [ 92.414737421451548, 24.538874715387884 ], [ 92.414660750011009, 24.538864311871539 ], [ 92.414583333019536, 24.538860832886311 ], [ 92.414505916032425, 24.538864311935928 ], [ 92.414429244604833, 24.538874715515561 ], [ 92.414354057112234, 24.538891943434496 ], [ 92.414281077639899, 24.538915829780951 ], [ 92.414211009010032, 24.538946144519802 ], [ 92.414144526013516, 24.538982595707832 ], [ 92.414082268911699, 24.539024832305131 ], [ 92.414024837270574, 24.539072447555579 ], [ 92.413972784186711, 24.539124982904013 ], [ 92.413926610960743, 24.539181932412028 ], [ 92.413886762269541, 24.539242747630286 ], [ 92.413853621883604, 24.539306842880173 ], [ 92.413827508970812, 24.539373600893974 ], [ 92.413808675022509, 24.539442378759379 ], [ 92.413797301431075, 24.539512514110832 ], [ 92.413793497742503, 24.539583331508474 ], [ 92.413793471658551, 24.543749997686394 ] ] ] } },
{ "type": "Feature", "properties": { "ARCID": 749849, "UP_CELLS": 3649, "buffer_m": 80 }, "geometry": { "type": "Polygon", "coordinates": [ [ [ 92.151293511388943, 24.543469421239745 ], [ 92.147568711140664, 24.547194206572396 ], [ 92.143750011865635, 24.547194202762721 ], [ 92.143668215807196, 24.54719808613504 ], [ 92.143587299203176, 24.547209696727748 ], [ 92.143508132176748, 24.547228909687892 ], [ 92.143431566038146, 24.547255518411674 ], [ 92.143358424130668, 24.547289236766058 ], [ 92.143289492977345, 24.547329702165545 ], [ 92.143225513823467, 24.547376479470945 ], [ 92.143167174665834, 24.547429065668513 ], [ 92.13900050591019, 24.551595716404833 ], [ 92.138951058003116, 24.551650316016975 ], [ 92.138907699190028, 24.551709085818967 ], [ 92.138870847044402, 24.551771459830967 ], [ 92.138840856479248, 24.551836837362135 ], [ 92.13881801632877, 24.551904588795445 ], [ 92.138802546566424, 24.551974061651098 ], [ 92.138794596186131, 24.552044586870082 ], [ 92.138794241766774, 24.552115485257495 ], [ 92.138801486734422, 24.55218607402352 ], [ 92.138816261328671, 24.552255673359031 ], [ 92.13883842327408, 24.552323612982548 ], [ 92.138867759149932, 24.552389238595509 ], [ 92.138903986445087, 24.552451918183611 ], [ 92.138946756278372, 24.552511048103597 ], [ 92.138995656758269, 24.552566058896879 ], [ 92.139050216949428, 24.55261642077388 ], [ 92.139109911407871, 24.552661648716455 ], [ 92.139174165241329, 24.552701307149089 ], [ 92.139242359645849, 24.552735014133933 ], [ 92.139313837865345, 24.552762445049286 ], [ 92.139387911516806, 24.552783335716104 ], [ 92.139463867220158, 24.552797484942314 ], [ 92.139540973468826, 24.552804756460578 ], [ 92.139618487675079, 24.552805080240656 ], [ 92.139695663321959, 24.552798453163987 ], [ 92.139771757153156, 24.552784939053659 ], [ 92.139846036331505, 24.552764668059762 ], [ 92.139917785497019, 24.552737835405914 ], [ 92.139986313656621, 24.552704699509007 ], [ 92.140050960839162, 24.552665579490391 ], [ 92.140111104451591, 24.552620852102386 ], [ 92.140166165275048, 24.552570948099746 ], [ 92.144097972073041, 24.548639134963089 ], [ 92.147916678532766, 24.548639131152694 ], [ 92.147998467797436, 24.548635246228731 ], [ 92.148079377565324, 24.548623635461134 ], [ 92.148158537921518, 24.548604423684626 ], [ 92.148235097761045, 24.548577817457407 ], [ 92.148308233940128, 24.548544102840204 ], [ 92.148377160126657, 24.548503642320551 ], [ 92.148441135254856, 24.548456870915238 ], [ 92.148499471493096, 24.548404291492997 ], [ 92.152666136061299, 24.544237608899437 ], [ 92.152712934729578, 24.544186220865047 ], [ 92.15275433761623, 24.544131094385715 ], [ 92.152789989899333, 24.544072701903591 ], [ 92.152819586041829, 24.544011543850342 ], [ 92.152842872409821, 24.543948144358282 ], [ 92.152859649445958, 24.543883046768357 ], [ 92.152869773379408, 24.543816808973606 ], [ 92.152873157457577, 24.543749998637885 ], [ 92.152873105293011, 24.5354166638907 ], [ 92.152869301807371, 24.535345849815727 ], [ 92.152857929026453, 24.535275717764669 ], [ 92.152839096488719, 24.5352069431462 ], [ 92.152812985573206, 24.535140188295077 ], [ 92.152779847752427, 24.535076096093633 ], [ 92.152740002170091, 24.535015283780599 ], [ 92.152693832567309, 24.534958337006884 ], [ 92.152641783586617, 24.53490580419566 ], [ 92.152584356489825, 24.534858191260927 ], [ 92.152522104330359, 24.534815956735535 ], [ 92.15245562662723, 24.534779507355466 ], [ 92.152385563591352, 24.534749194142925 ], [ 92.152312589960275, 24.53472530902609 ], [ 92.152237408500312, 24.53470808202777 ], [ 92.15216074323898, 24.53469767905036 ], [ 92.152083332492509, 24.534694200278231 ], [ 92.152005921756057, 24.534697679212943 ], [ 92.151929256524625, 24.53470808235069 ], [ 92.151854075113931, 24.534725309504879 ], [ 92.15178110155064, 24.534749194771017 ], [ 92.151711038599984, 24.534779508124299 ], [ 92.151644560998051, 24.534815957634784 ], [ 92.151582308954133, 24.534858192278662 ], [ 92.151524881985409, 24.534905805318616 ], [ 92.15147283314333, 24.534958338220708 ], [ 92.151426663687573, 24.535015285070152 ], [ 92.151386818258601, 24.535076097443227 ], [ 92.151353680595321, 24.535140189688768 ], [ 92.151327569839381, 24.535206944568078 ], [ 92.15130873746125, 24.535275719199078 ], [ 92.151297364838072, 24.535345851247499 ], [ 92.151293561506577, 24.535416665305355 ], [ 92.151293511388943, 24.543469421239745 ] ] ] } },
{ "type": "Feature", "properties": { "ARCID": 750006, "UP_CELLS": 937, "buffer_m": 80 }, "geometry": { "type": "Polygon", "coordinates": [ [ [ 92.181250011854743, 24.522194194642093 ], [ 92.181168238850972, 24.522198077343994 ], [ 92.181087344891992, 24.522209685939089 ], [ 92.181008199697402, 24.522228895618884 ], [ 92.180931654186125, 24.522255499852882 ], [ 92.180858531328212, 24.522289212608978 ], [ 92.180789617297194, 24.522329671428562 ], [ 92.180725653017902, 24.522376441323285 ], [ 92.180667326200663, 24.522429019451586 ], [ 92.172568798050975, 24.530527534477731 ], [ 92.169097879936757, 24.530527535005 ], [ 92.165166019980688, 24.526595683614595 ], [ 92.165111285298224, 24.526546043998167 ], [ 92.165051522160894, 24.526501521823914 ], [ 92.164987299785139, 24.5264625411411 ], [ 92.164919229857347, 24.526429473218897 ], [ 92.164847960708059, 24.526402633010409 ], [ 92.164774171137097, 24.526382276153054 ], [ 92.164698563948676, 24.526368596533882 ], [ 92.164621859257764, 24.526361724443024 ], [ 92.164544787631883, 24.526361725332809 ], [ 92.164468083133087, 24.526368599194424 ], [ 92.164392476326867, 24.526382280558007 ], [ 92.164318687324354, 24.52640263911621 ], [ 92.164247418923892, 24.526429480965213 ], [ 92.16417934991766, 24.526462550451516 ], [ 92.164115128626818, 24.526501532606719 ], [ 92.164055366726743, 24.526546056147378 ], [ 92.164000633421381, 24.526595697011071 ], [ 92.155902113258264, 24.534694204091206 ], [ 92.152083345192707, 24.534694200278309 ], [ 92.15200593439512, 24.534697678074274 ], [ 92.151929268980808, 24.534708080084233 ], [ 92.15185408726731, 24.534725306132465 ], [ 92.151781113284159, 24.534749190325119 ], [ 92.151711049800625, 24.534779502647741 ], [ 92.151644571557952, 24.534815951180306 ], [ 92.151582318771617, 24.534858184908416 ], [ 92.151524890965916, 24.534905797103583 ], [ 92.151472841200373, 24.534958329240013 ], [ 92.151426670743575, 24.53501527541027 ], [ 92.151386824245577, 24.535076087197186 ], [ 92.151353685455632, 24.535140178955249 ], [ 92.151327573526217, 24.535206933450443 ], [ 92.151308739939083, 24.535275707804406 ], [ 92.151297366083085, 24.535345839685512 ], [ 92.151293561506748, 24.535416653687424 ], [ 92.151297362862891, 24.535487467833484 ], [ 92.151308733555112, 24.53555760014455 ], [ 92.151327564089769, 24.535626375206778 ], [ 92.151353673129933, 24.535693130676336 ], [ 92.151386809241401, 24.535757223658177 ], [ 92.151426653313692, 24.535818036897641 ], [ 92.15147282163295, 24.535874984725076 ], [ 92.151524869577088, 24.535927518696383 ], [ 92.151582295897597, 24.535975132875027 ], [ 92.151644547546724, 24.536017368704691 ], [ 92.151711025003749, 24.536053819425643 ], [ 92.151781088048708, 24.536084133992297 ], [ 92.151854061928375, 24.53610802045414 ], [ 92.151929243854781, 24.536125248767579 ], [ 92.152005909773791, 24.536135653011531 ], [ 92.152083321338608, 24.536139132985429 ], [ 92.156250011859854, 24.536139133630904 ], [ 92.15633178589357, 24.536135249386849 ], [ 92.156412680751174, 24.53612364064319 ], [ 92.156491826833147, 24.536104432190644 ], [ 92.156568373339823, 24.536077830514824 ], [ 92.156641497417553, 24.536044121576516 ], [ 92.156710413004546, 24.536003667737553 ], [ 92.156774379281174, 24.535956903865319 ], [ 92.15683270863363, 24.535904332657889 ], [ 92.164583347757528, 24.528153712114797 ], [ 92.168167304698386, 24.531737663061691 ], [ 92.168225632386765, 24.531790235366806 ], [ 92.168289596985673, 24.53183700024562 ], [ 92.168358510886634, 24.531877454979121 ], [ 92.168431633274281, 24.5319111646814 ], [ 92.168508178090207, 24.531937766974764 ], [ 92.168587322483305, 24.531956975885556 ], [ 92.168668215655615, 24.531968584918435 ], [ 92.16874998800894, 24.531972469276379 ], [ 92.17291667852551, 24.531972469909171 ], [ 92.172998448509915, 24.531968585805256 ], [ 92.173079339397006, 24.531956977478924 ], [ 92.173158481664927, 24.531937769711401 ], [ 92.173235024589189, 24.531911168972648 ], [ 92.173308145387679, 24.531877461201898 ], [ 92.173377058065483, 24.531837008733863 ], [ 92.173441021864022, 24.531790246403748 ], [ 92.173499349223746, 24.531737676872833 ], [ 92.18159786989213, 24.523639143076746 ], [ 92.185416678521875, 24.523639139244949 ], [ 92.185494082967551, 24.523635659264894 ], [ 92.185570741841047, 24.52362525495392 ], [ 92.185645916863209, 24.523608026512555 ], [ 92.185718884046025, 24.523584139862553 ], [ 92.185788940665574, 24.523553825048776 ], [ 92.185855412029937, 24.523517374023665 ], [ 92.185917657977186, 24.523475137835447 ], [ 92.185975079040801, 24.523427523247097 ], [ 92.186027122222924, 24.523374988818784 ], [ 92.186073286320152, 24.523318040491525 ], [ 92.186113126750342, 24.523257226714435 ], [ 92.186146259834061, 24.52319313316265 ], [ 92.18617236648943, 24.523126377096744 ], [ 92.186191195304716, 24.523057601418028 ], [ 92.186202564959189, 24.522987468476888 ], [ 92.186206365968985, 24.522916653693855 ], [ 92.186202561740956, 24.522845839054916 ], [ 92.18619118892461, 24.522775706543506 ], [ 92.186172357058709, 24.522706931572706 ], [ 92.186146247515836, 24.52264017648066 ], [ 92.186113111755247, 24.522576084152035 ], [ 92.186073268900799, 24.522515271826741 ], [ 92.186027102667296, 24.522458325155831 ], [ 92.185975057664848, 24.522405792561475 ], [ 92.185917635116908, 24.522358179955592 ], [ 92.185855388033076, 24.522315945867867 ], [ 92.185788915883492, 24.522279497030073 ], [ 92.185718858825567, 24.522249184459206 ], [ 92.185645891539266, 24.522225300077267 ], [ 92.185570716729814, 24.5222080739 ], [ 92.185494058360646, 24.522197671821932 ], [ 92.185416654681674, 24.522194194018745 ], [ 92.181250011854743, 24.522194194642093 ] ] ] } },
{ "type": "Feature", "properties": { "ARCID": 750364, "UP_CELLS": 855, "buffer_m": 80 }, "geometry": { "type": "Polygon", "coordinates": [ [ [ 91.989235584419617, 24.505527562980586 ], [ 91.985416678497302, 24.505527559289714 ], [ 91.985334928901736, 24.5055314409795 ], [ 91.98525405790825, 24.505543046550759 ], [ 91.985174934799801, 24.505562251254634 ], [ 91.985098410072197, 24.505588848659098 ], [ 91.9850253062924, 24.505622552867806 ], [ 91.984956409257251, 24.505663001593057 ], [ 91.98489245954714, 24.505709760049889 ], [ 91.984834144565554, 24.505762325629384 ], [ 91.980667476023271, 24.509928976375999 ], [ 91.980620670214776, 24.509980367762871 ], [ 91.980579260447954, 24.510035500128343 ], [ 91.980543601788398, 24.510093900752477 ], [ 91.980513999991473, 24.510155068891788 ], [ 91.980490708880453, 24.510218480072652 ], [ 91.980473928169928, 24.510283590588173 ], [ 91.980463801753118, 24.510349842160036 ], [ 91.980460416467707, 24.510416666725305 ], [ 91.980460286183458, 24.531249995806984 ], [ 91.980463669795768, 24.531316806441836 ], [ 91.980473792905144, 24.531383044508196 ], [ 91.980490568758782, 24.531448142291048 ], [ 91.980513853583716, 24.531511541847671 ], [ 91.980543447818874, 24.531572699789759 ], [ 91.9805790978251, 24.531631091940731 ], [ 91.980620498058855, 24.531686217828526 ], [ 91.980667293690729, 24.531737604975124 ], [ 91.989000618245441, 24.540070969777542 ], [ 91.989058947516895, 24.5401235410332 ], [ 91.989122914039115, 24.540170305011539 ], [ 91.989191830165424, 24.540210758990323 ], [ 91.98926495503764, 24.540244468080562 ], [ 91.989341502550587, 24.540271069901809 ], [ 91.989420649803066, 24.540290278478075 ], [ 91.989501545944691, 24.540301887312257 ], [ 91.989583321323011, 24.540305771606178 ], [ 91.993402079393775, 24.540305776717631 ], [ 91.997126869822324, 24.544030583990054 ], [ 91.997126819046201, 24.552083330427273 ], [ 91.997130202790771, 24.552150135536888 ], [ 91.997140326041034, 24.552216368210924 ], [ 91.997157102057571, 24.552281460876344 ], [ 91.99718038709031, 24.552344855728403 ], [ 91.997209981610069, 24.552406009510758 ], [ 91.99724563201805, 24.552464398170908 ], [ 91.997287032818789, 24.552519521351112 ], [ 91.997333829237903, 24.552570906676266 ], [ 92.001293458241605, 24.556530563855315 ], [ 92.001293275882659, 24.585416661680618 ], [ 92.001296659118609, 24.585483454791788 ], [ 92.001306781278984, 24.585549675790414 ], [ 92.001323555664399, 24.585614757404166 ], [ 92.001346838589583, 24.58567814212023 ], [ 92.001376430613973, 24.585739286961179 ], [ 92.001412078249857, 24.585797668136394 ], [ 92.001453476133534, 24.585852785529198 ], [ 92.001500269641056, 24.585904166981063 ], [ 92.005666931918768, 24.590070849418193 ], [ 92.005721999099677, 24.590120759253271 ], [ 92.005782151283057, 24.590165493371728 ], [ 92.005846809168332, 24.59020462095382 ], [ 92.005915350060093, 24.590237765174088 ], [ 92.005987113865288, 24.590264606830587 ], [ 92.006061409450382, 24.590284887419177 ], [ 92.006137521297859, 24.590298411623195 ], [ 92.006214716397281, 24.59030504919464 ], [ 92.006292251305169, 24.590304736208591 ], [ 92.006369379305141, 24.590297475678931 ], [ 92.006445357599802, 24.5902833375293 ], [ 92.00651945446468, 24.590262457919685 ], [ 92.006590956295625, 24.590235037935035 ], [ 92.006659174481626, 24.59020134164863 ], [ 92.00672345203688, 24.590161693578715 ], [ 92.00678316992817, 24.590116475563057 ], [ 92.006837753036763, 24.590066123081449 ], [ 92.006886675697146, 24.590011121061579 ], [ 92.006929466759516, 24.589951999208672 ], [ 92.006965714127162, 24.589889326903954 ], [ 92.006995068724947, 24.589823707720971 ], [ 92.007017247860873, 24.589755773612644 ], [ 92.007032037948193, 24.589686178825055 ], [ 92.007039296561985, 24.589615593596605 ], [ 92.007038953810337, 24.589544697703083 ], [ 92.007031013006937, 24.589474173911071 ], [ 92.00701555063867, 24.589404701402451 ], [ 92.00699271562857, 24.589336949233591 ], [ 92.006962727901069, 24.589271569891991 ], [ 92.006925876263679, 24.58920919301265 ], [ 92.006882515625222, 24.589150419314404 ], [ 92.006833063577517, 24.589095814814929 ], [ 92.00287339040527, 24.585136169858735 ], [ 92.002873208048669, 24.556249995016497 ], [ 92.002869822755414, 24.556183187749323 ], [ 92.002859697320645, 24.556116953074653 ], [ 92.002842918528955, 24.556051858617273 ], [ 92.002819630182969, 24.5559884622295 ], [ 92.002790031870717, 24.555927307210574 ], [ 92.002754377254774, 24.555868917650663 ], [ 92.002712971898276, 24.55581379393962 ], [ 92.002666170645924, 24.555762408478756 ], [ 91.998706513029944, 24.55180277903543 ], [ 91.99870646225439, 24.543749997094711 ], [ 91.998703077026192, 24.543683185010767 ], [ 91.998692951369677, 24.543616945624741 ], [ 91.998676172083748, 24.543551846682984 ], [ 91.998652882995842, 24.543488446156104 ], [ 91.998623283728875, 24.543427287456556 ], [ 91.998587627989949, 24.543368894781054 ], [ 91.998546221395515, 24.54331376861774 ], [ 91.998499418851651, 24.543262381456572 ], [ 91.994332747806908, 24.539095730529187 ], [ 91.994274415102339, 24.539043150049388 ], [ 91.99421044363514, 24.538996377941078 ], [ 91.994141521263202, 24.538955917120155 ], [ 91.994068389076673, 24.538922202639991 ], [ 91.993991833429476, 24.538895597013781 ], [ 91.993912677484303, 24.53887638631679 ], [ 91.993831772361972, 24.538864777110515 ], [ 91.993749987990128, 24.538860894221784 ], [ 91.989931226704698, 24.538860899332413 ], [ 91.982039713110822, 24.530969421428882 ], [ 91.982039586336313, 24.51069730558125 ], [ 91.985764432096119, 24.506972445105689 ], [ 91.989583345164448, 24.506972441414089 ], [ 91.989665087975411, 24.506968558181153 ], [ 91.989745952143508, 24.506956952442952 ], [ 91.98982506859393, 24.506937748929822 ], [ 91.989901587036016, 24.506911154027986 ], [ 91.989974685102055, 24.506877453561287 ], [ 91.990043577185887, 24.506837009719266 ], [ 91.990107522886333, 24.506790257164393 ], [ 91.990165834964756, 24.506737698360475 ], [ 91.994332499746307, 24.502571015777221 ], [ 91.994381935330779, 24.502516424194784 ], [ 91.994425284969566, 24.502457661706707 ], [ 91.994462131186268, 24.502395294233327 ], [ 91.994492119138286, 24.502329922412539 ], [ 91.994514960033868, 24.502262175815098 ], [ 91.994530433912956, 24.502192706881338 ], [ 91.994538391765204, 24.502122184637681 ], [ 91.994538756964488, 24.502051288253455 ], [ 91.994531526006526, 24.501980700500074 ], [ 91.99451676854197, 24.501911101175519 ], [ 91.994494626705233, 24.50184316055757 ], [ 91.994465313745252, 24.501777532948722 ], [ 91.994429111971243, 24.501714850375009 ], [ 91.994386370033624, 24.501655716499382 ], [ 91.994337499566043, 24.501600700808247 ], [ 91.994282971220812, 24.50155033312728 ], [ 91.99422331013632, 24.501505098519054 ], [ 91.994159090879478, 24.501465432611852 ], [ 91.994090931912481, 24.501431717404586 ], [ 91.994019489636869, 24.501404277588101 ], [ 91.993945452072168, 24.501383377418456 ], [ 91.993869532230349, 24.501369218172155 ], [ 91.993792461249441, 24.501361936207829 ], [ 91.993714981352738, 24.501361601653219 ], [ 91.993637838701275, 24.501368217729809 ], [ 91.993561776208338, 24.501381720721806 ], [ 91.993487526385351, 24.501401980589804 ], [ 91.993415804287778, 24.501428802222978 ], [ 91.993347300629225, 24.501461927318065 ], [ 91.993282675129834, 24.501501036866792 ], [ 91.993222550163068, 24.501545754227944 ], [ 91.993167504762198, 24.501595648754417 ], [ 91.989235584419617, 24.505527562980586 ] ] ] } },
{ "type": "Feature", "properties": { "ARCID": 750365, "UP_CELLS": 704, "buffer_m": 80 }, "geometry": { "type": "Polygon", "coordinates": [ [ [ 92.21458334517915, 24.501360854435983 ], [ 92.214501595654454, 24.501364736170462 ], [ 92.214420724694747, 24.501376341883407 ], [ 92.214341601547417, 24.50139554682962 ], [ 92.214265076674252, 24.501422144582925 ], [ 92.214191972610536, 24.501455849254889 ], [ 92.214123075124434, 24.501496298567591 ], [ 92.214059124771197, 24.501543057747412 ], [ 92.214000808933562, 24.501595624198075 ], [ 92.210068895376679, 24.505527531348296 ], [ 92.202083357091269, 24.505527523311088 ], [ 92.202001594852305, 24.505531404872851 ], [ 92.201920711405947, 24.505543012316391 ], [ 92.201841576350517, 24.505562220846791 ], [ 92.2017650404878, 24.505588823947903 ], [ 92.201691926676233, 24.505622535602534 ], [ 92.201623020984613, 24.50566299336737 ], [ 92.201559064241025, 24.505709762269586 ], [ 92.201500744068227, 24.505762339483077 ], [ 92.184834068852467, 24.522428942546654 ], [ 92.184784620631987, 24.522483534364284 ], [ 92.18474125929734, 24.522542297479237 ], [ 92.184704402446357, 24.52260466597604 ], [ 92.184674405037327, 24.522670039216962 ], [ 92.184651555970376, 24.522737787626273 ], [ 92.184636075304823, 24.522807258753282 ], [ 92.184628112139549, 24.522877783555582 ], [ 92.184627743176591, 24.522948682842301 ], [ 92.184634971982021, 24.523019273814931 ], [ 92.184649728951086, 24.523088876643076 ], [ 92.184671871978068, 24.523156821011611 ], [ 92.184701187824402, 24.523222452576263 ], [ 92.184737394171805, 24.523285139265411 ], [ 92.18478014234087, 24.523344277367407 ], [ 92.18482902064865, 24.523399297344866 ], [ 92.184883558373301, 24.523449669319771 ], [ 92.184943230287217, 24.52349490817674 ], [ 92.185007461715244, 24.523534578235139 ], [ 92.18507563406915, 24.523568297445173 ], [ 92.185147090805259, 24.523595741067442 ], [ 92.185221143747427, 24.523616644800537 ], [ 92.185297079715056, 24.523630807326558 ], [ 92.185374167391615, 24.523638092250096 ], [ 92.185451664368273, 24.523638429411857 ], [ 92.185528824294025, 24.523631815564382 ], [ 92.185604904063979, 24.523618314403411 ], [ 92.185679170976414, 24.523598055954313 ], [ 92.185750909789476, 24.523571235319906 ], [ 92.18581942960985, 24.523538110801336 ], [ 92.185884070546706, 24.523499001410372 ], [ 92.185944210067149, 24.523454283796998 ], [ 92.185999268991765, 24.523404388621802 ], [ 92.202431145040109, 24.506972485871287 ], [ 92.210416690425561, 24.506972477831315 ], [ 92.210498435824647, 24.506968593411017 ], [ 92.210579302455969, 24.50695698638506 ], [ 92.210658421249562, 24.506937781493242 ], [ 92.210734941920279, 24.506911185129248 ], [ 92.210808042106152, 24.506877483122427 ], [ 92.210876936206589, 24.5068370376659 ], [ 92.210940883825586, 24.506790283423879 ], [ 92.210999197728654, 24.506737722860208 ], [ 92.214931097571124, 24.502805816610024 ], [ 92.218750011846282, 24.502805812759153 ], [ 92.218827404049861, 24.502802332746533 ], [ 92.218904050799196, 24.502791928337412 ], [ 92.21897921393186, 24.502774699733287 ], [ 92.219052169574439, 24.502750812857464 ], [ 92.219122215114126, 24.502720497756997 ], [ 92.219188675965725, 24.50268404638712 ], [ 92.219250912068603, 24.502641809799332 ], [ 92.219308324051042, 24.502594194760484 ], [ 92.21936035900265, 24.502541659835067 ], [ 92.219406515799335, 24.502484710968901 ], [ 92.219446349929243, 24.502423896616268 ], [ 92.219479477773646, 24.502359802457821 ], [ 92.219505580301089, 24.502293045759998 ], [ 92.219524406139598, 24.502224269430148 ], [ 92.219535773997151, 24.502154135824924 ], [ 92.219539574407136, 24.502083320371256 ], [ 92.219535770782173, 24.502012505061543 ], [ 92.219524399765959, 24.501942371885686 ], [ 92.219505570879889, 24.501873596263149 ], [ 92.219479465467842, 24.501806840538361 ], [ 92.219446334949268, 24.501742747602041 ], [ 92.219406498397518, 24.501681934699985 ], [ 92.219360339466675, 24.501624987488764 ], [ 92.219308302696518, 24.50157245439577 ], [ 92.219250889231176, 24.501524841337741 ], [ 92.219188651992795, 24.501482606848704 ], [ 92.219122190356643, 24.501446157664304 ], [ 92.219052144378921, 24.501415844804903 ], [ 92.218979188632858, 24.501391960195289 ], [ 92.218904025712547, 24.501374733853396 ], [ 92.218827379466944, 24.501364331675376 ], [ 92.218749988029174, 24.501360853837873 ], [ 92.21458334517915, 24.501360854435983 ] ] ] } },
{ "type": "Feature", "properties": { "ARCID": 750633, "UP_CELLS": 18102, "buffer_m": 150 }, "geometry": { "type": "Polygon", "coordinates": [ [ [ 91.843750021991283, 24.484062139447701 ], [ 91.843596788844238, 24.484069415888641 ], [ 91.84344520221957, 24.484091171118788 ], [ 91.843296891172258, 24.484127171339445 ], [ 91.843153449558542, 24.484177029665268 ], [ 91.843016418908718, 24.484240210281701 ], [ 91.842887271862068, 24.484316034202728 ], [ 91.842767396341642, 24.484403686567241 ], [ 91.842658080639438, 24.484502225395456 ], [ 91.83893147018523, 24.488228825345825 ], [ 91.831250044309698, 24.488228811840187 ], [ 91.831096800712388, 24.488236086693036 ], [ 91.830945203635963, 24.488257841398415 ], [ 91.830796882372383, 24.488293842145378 ], [ 91.830653431009623, 24.488343702013307 ], [ 91.830516391300691, 24.488406885130047 ], [ 91.830387236094879, 24.488482712430741 ], [ 91.830267353509143, 24.488570368955617 ], [ 91.830158032009905, 24.488668912608105 ], [ 91.826431418385837, 24.492395515752719 ], [ 91.810416755623194, 24.492395487681598 ], [ 91.810263499066679, 24.492402759076967 ], [ 91.810111888876463, 24.492424511897607 ], [ 91.809963554669309, 24.492460512326392 ], [ 91.809820090852213, 24.492510373402421 ], [ 91.809683039486032, 24.492573559180052 ], [ 91.809553873711536, 24.492649390489184 ], [ 91.809433981915916, 24.492737052234947 ], [ 91.809324652809977, 24.492835602158351 ], [ 91.805598070896593, 24.496562173637713 ], [ 91.798568594804053, 24.496562176531043 ], [ 91.79484200700108, 24.492835604800163 ], [ 91.794732682526671, 24.492737059061934 ], [ 91.794612796191316, 24.492649400620337 ], [ 91.794483636553593, 24.492573571626394 ], [ 91.794346591833303, 24.492510387086497 ], [ 91.794203134991434, 24.492460526103425 ], [ 91.794054807899713, 24.492424524578094 ], [ 91.793903204769705, 24.49240276945028 ], [ 91.793749955019862, 24.492395494540265 ], [ 91.785416710972868, 24.492395498006243 ], [ 91.785263461372267, 24.492402773048941 ], [ 91.785111858423832, 24.492424528315443 ], [ 91.784963531548144, 24.492460529979283 ], [ 91.784820074957651, 24.492510391094356 ], [ 91.784683030523581, 24.49257357575344 ], [ 91.784553871205176, 24.492649404847764 ], [ 91.784433985219451, 24.492737063365393 ], [ 91.784324661121175, 24.492835609150436 ], [ 91.780598057894863, 24.496562202000064 ], [ 91.765235272757806, 24.496562208477268 ], [ 91.761508662357016, 24.492835614228664 ], [ 91.76139933692501, 24.492737067818343 ], [ 91.761279449380865, 24.492649409005722 ], [ 91.761150288342904, 24.492573579979993 ], [ 91.761013242096425, 24.492510395777416 ], [ 91.760869783672291, 24.492460535521737 ], [ 91.760721455015187, 24.492424535125476 ], [ 91.760569850411386, 24.492402781530231 ], [ 91.760416599354301, 24.492395508548256 ], [ 91.747916733285294, 24.492395513899321 ], [ 91.747763469247232, 24.492402788278156 ], [ 91.747611852124265, 24.492424545770945 ], [ 91.747463511833018, 24.492460552477915 ], [ 91.747320043066338, 24.492510421317053 ], [ 91.747182988151465, 24.492573616185069 ], [ 91.747053820470967, 24.492649457720137 ], [ 91.746933928624443, 24.492737130604716 ], [ 91.746824601501359, 24.492835692329699 ], [ 91.730157923040537, 24.509502239419415 ], [ 91.73007015282603, 24.509598594742435 ], [ 91.729992500784874, 24.509701965837145 ], [ 91.729925632873105, 24.509811466209204 ], [ 91.729870122568371, 24.509926156798436 ], [ 91.729826445951232, 24.510045054031675 ], [ 91.729794977621495, 24.510167138257458 ], [ 91.729775987484544, 24.510291362490179 ], [ 91.729769638435613, 24.510416661388657 ], [ 91.729769540748322, 24.518749990749782 ], [ 91.7297758846764, 24.518875263881011 ], [ 91.729794865441548, 24.518999463251397 ], [ 91.729826320368375, 24.519121524162454 ], [ 91.729869979844977, 24.519240400244584 ], [ 91.729925469632846, 24.519355072427174 ], [ 91.729992314074039, 24.519464557674951 ], [ 91.730069940167809, 24.519567917415344 ], [ 91.730157682481931, 24.519664265584872 ], [ 91.733936151608589, 24.523442785451781 ], [ 91.733936009925586, 24.535416656428676 ], [ 91.733942353467697, 24.535541918313601 ], [ 91.733961333288988, 24.535666106734091 ], [ 91.733992786751202, 24.535788157275434 ], [ 91.734036444303086, 24.535907023843482 ], [ 91.734091931789422, 24.536021687630971 ], [ 91.73415877365683, 24.536131165849881 ], [ 91.734236397028852, 24.536234520155283 ], [ 91.734324136615285, 24.536330864688313 ], [ 91.738102619902534, 24.540109398751365 ], [ 91.738102583338232, 24.543223988762723 ], [ 91.730157347122585, 24.551169126217761 ], [ 91.73006959476443, 24.551265469148966 ], [ 91.729991959466872, 24.551368821983527 ], [ 91.729925106654449, 24.551478298900154 ], [ 91.729869609341293, 24.551592961586881 ], [ 91.729825943219296, 24.551711827282812 ], [ 91.729794482580076, 24.551833877200917 ], [ 91.729775497105933, 24.551958065259672 ], [ 91.729769149557285, 24.552083327048702 ], [ 91.729769100608721, 24.556249991729889 ], [ 91.729775443932212, 24.556375238755852 ], [ 91.729794422715671, 24.556499412674306 ], [ 91.729825874367137, 24.556621449439078 ], [ 91.729869529412767, 24.556740303314221 ], [ 91.729925013804717, 24.556854955835046 ], [ 91.729991852125323, 24.55696442453565 ], [ 91.730069471660045, 24.557067771368022 ], [ 91.730157207304259, 24.557164110740661 ], [ 91.733409774920815, 24.56041674087469 ], [ 91.721823776684104, 24.572002523841938 ], [ 91.721730530329353, 24.572105537280652 ], [ 91.721648846327142, 24.5722164576758 ], [ 91.72157952095678, 24.572334203783832 ], [ 91.721523230032574, 24.572457627821894 ], [ 91.721480522314948, 24.5725855266558 ], [ 91.72145181415992, 24.572716653527706 ], [ 91.721437385458998, 24.572849730209128 ], [ 91.721437376909108, 24.572983459460865 ], [ 91.721451788639385, 24.573116537678395 ], [ 91.721480480208129, 24.573247667599436 ], [ 91.72152317197002, 24.573375570949938 ], [ 91.721579447800522, 24.573499000905038 ], [ 91.721648759150796, 24.573616754243588 ], [ 91.721730430393606, 24.57372768307788 ], [ 91.721823665408479, 24.573830706043918 ], [ 91.725602185204139, 24.577609276729206 ], [ 91.725602142006409, 24.581249991718469 ], [ 91.725608484468793, 24.581375217394452 ], [ 91.725627460698561, 24.581499370502744 ], [ 91.725658908179696, 24.581621387529196 ], [ 91.725702557563707, 24.581740223254595 ], [ 91.725758034975684, 24.581854859708315 ], [ 91.725824865215813, 24.581964314888694 ], [ 91.725902475829216, 24.582067651175421 ], [ 91.72599020200883, 24.582163983361703 ], [ 91.733935367903342, 24.590109256300224 ], [ 91.733935292959373, 24.59656221808001 ], [ 91.731250022076978, 24.596562206030708 ], [ 91.731104821935901, 24.596568726112128 ], [ 91.730961019904115, 24.596588227459172 ], [ 91.730820000830121, 24.596620522267319 ], [ 91.730683122764049, 24.596665299527864 ], [ 91.730551703880465, 24.59672212802273 ], [ 91.730427009784918, 24.596790460476956 ], [ 91.730310241326748, 24.596869638828647 ], [ 91.730202523035075, 24.596958900565827 ], [ 91.730104892289518, 24.597057386069142 ], [ 91.730018289329962, 24.597164146889689 ], [ 91.729943548201405, 24.597278154882304 ], [ 91.729881388721239, 24.597398312106414 ], [ 91.729832409546248, 24.597523461399064 ], [ 91.729797082406222, 24.597652397518409 ], [ 91.729775747559557, 24.597783878750295 ], [ 91.729768610515038, 24.597916638866202 ], [ 91.729775740050854, 24.598049399317429 ], [ 91.729797067550734, 24.598180881548089 ], [ 91.729832387662839, 24.598309819308305 ], [ 91.729881360275826, 24.598434970849016 ], [ 91.729943513792733, 24.598555130881032 ], [ 91.730018249671303, 24.598669142183066 ], [ 91.730104848187196, 24.598775906746958 ], [ 91.730202475364308, 24.598874396352752 ], [ 91.730310191005955, 24.598963662471714 ], [ 91.730426957749216, 24.599042845402014 ], [ 91.730551651055364, 24.599111182548818 ], [ 91.7306830700402, 24.599168015769347 ], [ 91.730819949040068, 24.599212797711807 ], [ 91.730960969801814, 24.599245097087358 ], [ 91.731104774179656, 24.599264602824199 ], [ 91.731249977216294, 24.599271127063794 ], [ 91.735416688745303, 24.59927112887425 ], [ 91.735561890459905, 24.599264604889267 ], [ 91.735705693584649, 24.599245099657715 ], [ 91.735846713202392, 24.599212801025807 ], [ 91.735983591205198, 24.599168020048406 ], [ 91.736115009374828, 24.599111187993142 ], [ 91.736239702079104, 24.599042852186706 ], [ 91.736356468461537, 24.598963670743387 ], [ 91.736464184006778, 24.598874406226503 ], [ 91.736561811370791, 24.598775918303986 ], [ 91.736648410371004, 24.598669155468638 ], [ 91.736723147040465, 24.598555145903124 ], [ 91.736785301658884, 24.598434987577416 ], [ 91.736834275682995, 24.598309837674215 ], [ 91.736869597509653, 24.598180901444312 ], [ 91.736890927016333, 24.59804942059899 ], [ 91.736898058835095, 24.59791666135154 ], [ 91.736897960727845, 24.589583324067146 ], [ 91.736891613632537, 24.589458088865673 ], [ 91.73687263009775, 24.589333926744384 ], [ 91.736841172799913, 24.589211901447278 ], [ 91.736797511280983, 24.589093058408292 ], [ 91.736742019638029, 24.588978415794834 ], [ 91.736675173317039, 24.588868955785085 ], [ 91.736597545038762, 24.588765616153623 ], [ 91.736509799891238, 24.588669282237621 ], [ 91.728564519548939, 24.580724108919473 ], [ 91.72856447635165, 24.577083325053177 ], [ 91.728558129521062, 24.576958085228313 ], [ 91.728539146581838, 24.576833918596375 ], [ 91.728507690217668, 24.576711889020917 ], [ 91.728464029982987, 24.57659304205205 ], [ 91.728408539992273, 24.576478395968287 ], [ 91.728341695713524, 24.576368933052265 ], [ 91.728264069893541, 24.576265591174757 ], [ 91.728176327649876, 24.576169255759542 ], [ 91.72492375021514, 24.572916740893447 ], [ 91.73650956362826, 24.561330712159311 ], [ 91.736602789975507, 24.561227688572107 ], [ 91.736684453636926, 24.561116759038697 ], [ 91.736753758561491, 24.560999004932125 ], [ 91.736810029180731, 24.560875574150568 ], [ 91.736852716993184, 24.560747669926783 ], [ 91.736881405910196, 24.560616539098223 ], [ 91.73689581631055, 24.560483459952234 ], [ 91.736895807764512, 24.56034972976483 ], [ 91.736881380401144, 24.560216652154416 ], [ 91.736852674905251, 24.560085524373925 ], [ 91.736809971144154, 24.55995762466517 ], [ 91.736753685437861, 24.559834199798598 ], [ 91.73668436649929, 24.55971645292006 ], [ 91.736602690083913, 24.559605531822903 ], [ 91.736509452401492, 24.559502517759803 ], [ 91.732730894283705, 24.555724010469902 ], [ 91.732730857694094, 24.552609377061366 ], [ 91.740675996156952, 24.544664139817478 ], [ 91.740763728626717, 24.544567798865593 ], [ 91.740841345492825, 24.544464449766377 ], [ 91.740908181629038, 24.544354978186988 ], [ 91.740963664301049, 24.544240322260038 ], [ 91.741007318073812, 24.544121464543824 ], [ 91.741038768885147, 24.543999423601729 ], [ 91.741057747250082, 24.543875245273338 ], [ 91.741064090569225, 24.543749993711721 ], [ 91.7410640416539, 24.539583325075192 ], [ 91.74105769411203, 24.5394580587561 ], [ 91.74103870905985, 24.539333866292736 ], [ 91.741007249265152, 24.539211812202293 ], [ 91.740963584421237, 24.539092942669807 ], [ 91.740908088834018, 24.53897827658092 ], [ 91.740841238212582, 24.538868796788798 ], [ 91.740763605590729, 24.538765441689971 ], [ 91.740675856414484, 24.538669097181266 ], [ 91.736897319142685, 24.53489061067846 ], [ 91.736897177462779, 24.522916656432734 ], [ 91.736890829449479, 24.522791378998921 ], [ 91.736871843394823, 24.522667175722372 ], [ 91.736840382103878, 24.522545111400724 ], [ 91.736796715330314, 24.522426232491174 ], [ 91.736741217462566, 24.522311558139457 ], [ 91.736674364313103, 24.522202071442873 ], [ 91.736596729038467, 24.522098711022636 ], [ 91.736508977224759, 24.522002362977428 ], [ 91.73273045457664, 24.518223891062753 ], [ 91.732730369225294, 24.510942880681231 ], [ 91.748568622864966, 24.495104511729458 ], [ 91.759764772646548, 24.495104516519941 ], [ 91.763491313191807, 24.498831073219311 ], [ 91.763600626787365, 24.49892960321376 ], [ 91.763720499977552, 24.499017248998406 ], [ 91.763849644696222, 24.499093068781558 ], [ 91.763986673242599, 24.49915624784494 ], [ 91.764130113193318, 24.499206107299017 ], [ 91.764278423225036, 24.499242111378571 ], [ 91.764430009677852, 24.499263873200391 ], [ 91.764583243681372, 24.499271158920916 ], [ 91.781250088969117, 24.499271165947828 ], [ 91.781403323521417, 24.499263880342887 ], [ 91.781554910551506, 24.499242118605192 ], [ 91.781703221186973, 24.49920611457263 ], [ 91.78184666176459, 24.499156255123001 ], [ 91.781983690956537, 24.499093076016525 ], [ 91.78211283633388, 24.499017256138437 ], [ 91.782232710189419, 24.498929610203497 ], [ 91.782342024449761, 24.498831080000887 ], [ 91.786068575458387, 24.495104518613545 ], [ 91.793098090232348, 24.495104521537204 ], [ 91.796824635289767, 24.498831082669859 ], [ 91.796933954187494, 24.498929617066544 ], [ 91.797053833510361, 24.49901726631396 ], [ 91.797182985032691, 24.499093088514801 ], [ 91.797320020879809, 24.499156268865697 ], [ 91.797463468442913, 24.499206128414013 ], [ 91.797611786204882, 24.499242131354663 ], [ 91.797763380307003, 24.499263890788608 ], [ 91.797916621678368, 24.499271172881038 ], [ 91.806250044321416, 24.499271176311005 ], [ 91.806403285840489, 24.499263894349863 ], [ 91.806554880122292, 24.499242135053141 ], [ 91.806703198098077, 24.499206132249558 ], [ 91.806846645909928, 24.499156272831854 ], [ 91.806983682040283, 24.499093092598891 ], [ 91.807112833878591, 24.499017270497372 ], [ 91.807232713547435, 24.498929621325193 ], [ 91.807342032817374, 24.498831086974825 ], [ 91.811068562428616, 24.495104546927479 ], [ 91.82708342229671, 24.495104518844499 ], [ 91.827236650865004, 24.495097233425419 ], [ 91.827388232041116, 24.49507547224178 ], [ 91.827536537080817, 24.495039469116215 ], [ 91.827679972444997, 24.494989610901339 ], [ 91.827816996923673, 24.494926433322664 ], [ 91.82794613819766, 24.494850615221857 ], [ 91.828066008659547, 24.494762971261935 ], [ 91.828175320324149, 24.494664443173136 ], [ 91.831901881583306, 24.49093787143244 ], [ 91.839583377646377, 24.490937857922471 ], [ 91.839736604454913, 24.490930576465082 ], [ 91.839888184316322, 24.490908818668377 ], [ 91.840036488447595, 24.490872818326206 ], [ 91.840179923267556, 24.490822962273878 ], [ 91.840316947522055, 24.490759786231092 ], [ 91.840446088846434, 24.490683969045069 ], [ 91.840565959587678, 24.490596325395501 ], [ 91.840675271715781, 24.49049779703989 ], [ 91.844401856756534, 24.486771201491962 ], [ 91.847916688659595, 24.486771195299266 ], [ 91.848061767445117, 24.486764670860168 ], [ 91.848205448795326, 24.486745164265869 ], [ 91.848346348936914, 24.4867128633798 ], [ 91.84848311088416, 24.486668079285188 ], [ 91.84861441750904, 24.486611243288841 ], [ 91.84873900422717, 24.486542902767006 ], [ 91.848855671177674, 24.486463715893244 ], [ 91.84896329477931, 24.486374445299234 ], [ 91.849060838551807, 24.486275950729485 ], [ 91.84914736309787, 24.486169180760747 ], [ 91.849222035150106, 24.486055163665934 ], [ 91.84928413559534, 24.485934997510547 ], [ 91.849333066399325, 24.485809839576977 ], [ 91.849368356365133, 24.485680895218582 ], [ 91.849389665669705, 24.485549406250978 ], [ 91.849396789135085, 24.485416638992223 ], [ 91.849389658202782, 24.485283872067228 ], [ 91.849368341592267, 24.485152384093702 ], [ 91.849333044637504, 24.48502344136848 ], [ 91.849284107307767, 24.484898285672415 ], [ 91.849222000932045, 24.484778122311809 ], [ 91.849147323658457, 24.484664108510966 ], [ 91.849060794692647, 24.484557342268161 ], [ 91.848963247370591, 24.484458851781866 ], [ 91.848855621132472, 24.48436958554943 ], [ 91.848738952475244, 24.484290403233256 ], [ 91.848614364970558, 24.4842220673826 ], [ 91.848483058444714, 24.484165236090504 ], [ 91.848346297424342, 24.484120456656779 ], [ 91.848205398959365, 24.484088160317789 ], [ 91.848061719940432, 24.484068658093985 ], [ 91.847916644032736, 24.484062137795007 ], [ 91.843750021991283, 24.484062139447701 ] ] ] } },
{ "type": "Feature", "properties": { "ARCID": 750634, "UP_CELLS": 2658, "buffer_m": 80 }, "geometry": { "type": "Polygon", "coordinates": [ [ [ 92.147127183926614, 24.489302662704549 ], [ 92.14316756585113, 24.493262254267254 ], [ 92.143120756657098, 24.493313649732517 ], [ 92.143079343741107, 24.493368787294898 ], [ 92.143043682260171, 24.493427194104214 ], [ 92.143014078049262, 24.493488369273201 ], [ 92.142990784998389, 24.493551788172866 ], [ 92.142974002874979, 24.493616906931589 ], [ 92.142963875610448, 24.493683167099181 ], [ 92.142960490065533, 24.493750000436012 ], [ 92.142960307798376, 24.522916662098741 ], [ 92.142963691588676, 24.52298347842736 ], [ 92.142973815303534, 24.523049722089659 ], [ 92.142990592176972, 24.523114825270905 ], [ 92.143013878414166, 24.523178229931229 ], [ 92.14304347442372, 24.52323939258903 ], [ 92.143079126528164, 24.523297788979516 ], [ 92.143120529138017, 24.523352918548678 ], [ 92.143167327371145, 24.523404308743878 ], [ 92.151293585964211, 24.531530624823464 ], [ 92.151293561506591, 24.535416664244348 ], [ 92.151297363993891, 24.535487478339594 ], [ 92.151308735806396, 24.535557610498653 ], [ 92.151327567439623, 24.535626385309172 ], [ 92.15135367754614, 24.535693140429714 ], [ 92.151386814681402, 24.535757232968624 ], [ 92.151426659725104, 24.53581804567548 ], [ 92.151472828954041, 24.535874992885777 ], [ 92.15152487773733, 24.535927526161359 ], [ 92.151582304818419, 24.535975139572372 ], [ 92.15164455714222, 24.536017374569905 ], [ 92.151711035181492, 24.536053824402249 ], [ 92.151781098710671, 24.536084138032365 ], [ 92.151854072971901, 24.53610802351875 ], [ 92.151929255173513, 24.536125250827226 ], [ 92.15200592125872, 24.536135654046376 ], [ 92.152083332879101, 24.536139132985511 ], [ 92.152160744505792, 24.536135654139638 ], [ 92.152237410609757, 24.536125251012162 ], [ 92.152312592842193, 24.536108023792227 ], [ 92.152385567145657, 24.536084138389779 ], [ 92.152455630727616, 24.536053824837669 ], [ 92.152522108829075, 24.536017375076202 ], [ 92.152584361223219, 24.535975140141399 ], [ 92.152641788381416, 24.535927526784175 ], [ 92.152693837247114, 24.535874993552852 ], [ 92.152740006562141, 24.535818046376939 ], [ 92.152779851694106, 24.535757233694426 ], [ 92.152812988918299, 24.535693141169951 ], [ 92.15283909911291, 24.535626386054208 ], [ 92.152857930832155, 24.535557611239351 ], [ 92.152869302727353, 24.535487479067466 ], [ 92.152873105293011, 24.535416664951708 ], [ 92.152873079219574, 24.531249997578083 ], [ 92.15286969357922, 24.531183176328444 ], [ 92.15285956659757, 24.531116927965179 ], [ 92.152842785102166, 24.531051820424679 ], [ 92.152819492967993, 24.530988411862378 ], [ 92.152789889883834, 24.530927245867833 ], [ 92.152754229639996, 24.530868846804708 ], [ 92.152712817952391, 24.53081371531561 ], [ 92.152666009841411, 24.530762324030235 ], [ 92.144539691632346, 24.522636063299178 ], [ 92.144539512872811, 24.494030677913081 ], [ 92.148499103250728, 24.490071061019556 ], [ 92.148545906978271, 24.490019666298487 ], [ 92.14858731485208, 24.489964529975843 ], [ 92.148622971799085, 24.489906124855608 ], [ 92.148652572062815, 24.489844951771687 ], [ 92.148675861825041, 24.489781535293055 ], [ 92.148692641382112, 24.489716419225406 ], [ 92.148702766857085, 24.489650161947825 ], [ 92.148706151433245, 24.489583331624598 ], [ 92.148706125424496, 24.485416664247246 ], [ 92.148702323485892, 24.485345849770241 ], [ 92.148690955253414, 24.485275717317563 ], [ 92.148672130221598, 24.48520694230173 ], [ 92.148646029697247, 24.485140187061361 ], [ 92.14861290505273, 24.485076094482537 ], [ 92.148573075304853, 24.485015281807623 ], [ 92.148526924042187, 24.484958334691036 ], [ 92.148474895730715, 24.484905801559258 ], [ 92.148417491433108, 24.484858188329405 ], [ 92.148355263983277, 24.484815953537165 ], [ 92.148288812662258, 24.484779503921107 ], [ 92.148218777426905, 24.484749190505724 ], [ 92.148145832747076, 24.484725305221144 ], [ 92.148070681110283, 24.484708078091806 ], [ 92.147994046256855, 24.484697675021387 ], [ 92.147916666210222, 24.484694196195129 ], [ 92.147839286169926, 24.48469767511514 ], [ 92.147762651335341, 24.484708078277723 ], [ 92.147687499729528, 24.484725305496063 ], [ 92.147614555092147, 24.484749190865031 ], [ 92.147544519909815, 24.48477950435883 ], [ 92.147478068651282, 24.484815954046141 ], [ 92.147415841272164, 24.484858188901448 ], [ 92.147358437052048, 24.484905802185377 ], [ 92.147306408823354, 24.484958335361654 ], [ 92.147260257647218, 24.485015282512791 ], [ 92.147220427988046, 24.485076095212182 ], [ 92.147187303432872, 24.485140187805516 ], [ 92.147161202997069, 24.485206943050713 ], [ 92.147142378051683, 24.48527571806218 ], [ 92.147131009902282, 24.485345850501972 ], [ 92.147127208042434, 24.485416664958343 ], [ 92.147127183926614, 24.489302662704549 ] ] ] } },
{ "type": "Feature", "properties": { "ARCID": 750697, "UP_CELLS": 3656, "buffer_m": 80 }, "geometry": { "type": "Polygon", "coordinates": [ [ [ 91.651293983173261, 24.485697321532626 ], [ 91.651293882593407, 24.501802722146387 ], [ 91.647334229278229, 24.505762349343232 ], [ 91.647287427836048, 24.505813735999904 ], [ 91.647246021881131, 24.505868863491745 ], [ 91.647210366461138, 24.505927259120899 ], [ 91.6471807673163, 24.505988422165803 ], [ 91.647157478257682, 24.50605182817467 ], [ 91.647140698990569, 24.506116933462287 ], [ 91.647130573401739, 24.506183179771963 ], [ 91.647127188325413, 24.506249999062195 ], [ 91.64712713623581, 24.514583330138628 ], [ 91.647130519970986, 24.514650142174652 ], [ 91.64714064323887, 24.514716381484973 ], [ 91.647157419264545, 24.514781480208445 ], [ 91.647180704239332, 24.514844880261169 ], [ 91.647210298553262, 24.514906038120898 ], [ 91.647245948506026, 24.514964429486646 ], [ 91.647287348481683, 24.515019553773623 ], [ 91.647334143568386, 24.515070938404758 ], [ 91.651293774428851, 24.519030597689675 ], [ 91.651293723597405, 24.527083330141025 ], [ 91.651297106593759, 24.527150131537873 ], [ 91.651307227660411, 24.527216360482747 ], [ 91.65132400006901, 24.527281449384368 ], [ 91.651347280087705, 24.527344840420906 ], [ 91.651376868212651, 24.527405990320627 ], [ 91.651412510877435, 24.527464375017921 ], [ 91.651453902626002, 24.527519494144698 ], [ 91.651500688730181, 24.527570875318773 ], [ 91.667960280171627, 24.544030584997021 ], [ 91.66796022927781, 24.552083330152772 ], [ 91.667964031677755, 24.552154134639078 ], [ 91.667975403392035, 24.552224257289257 ], [ 91.667994234917217, 24.55229302278272 ], [ 91.66802034490695, 24.552359768867941 ], [ 91.668053481918051, 24.552423852740404 ], [ 91.668093326831524, 24.552484657233293 ], [ 91.668139495925615, 24.552541596761291 ], [ 91.668191544571002, 24.552594122960265 ], [ 91.668248971512611, 24.552641729968546 ], [ 91.668311223696946, 24.55268395929885 ], [ 91.668377701598288, 24.552720404253975 ], [ 91.668447764992649, 24.552750713843757 ], [ 91.668520739123551, 24.552774596165499 ], [ 91.668595921200733, 24.552791821215305 ], [ 91.668672587168729, 24.552802223103352 ], [ 91.668749998680283, 24.552805701651589 ], [ 91.66882741020757, 24.552802223358572 ], [ 91.668904076222489, 24.552791821722202 ], [ 91.668979258377021, 24.552774596917072 ], [ 91.669052232614376, 24.552750714829681 ], [ 91.669122296142476, 24.552720405460835 ], [ 91.669188774202695, 24.552683960710429 ], [ 91.66925102656846, 24.552641731566119 ], [ 91.669308453711139, 24.552594124723012 ], [ 91.669360502574108, 24.552541598666686 ], [ 91.669406671899068, 24.552484659257551 ], [ 91.669446517053274, 24.552423854858908 ], [ 91.669479654311644, 24.552359771055681 ], [ 91.6695057645519, 24.552293025014709 ], [ 91.669524596327648, 24.55222425954091 ], [ 91.66953596828958, 24.552154136886596 ], [ 91.66953977093155, 24.552083332373432 ], [ 91.669539718736289, 24.543749996820214 ], [ 91.669536333192937, 24.543683185166572 ], [ 91.669526206654609, 24.543616946313911 ], [ 91.669509425943588, 24.543551848107548 ], [ 91.669486134925776, 24.543488448613484 ], [ 91.669456533277071, 24.543427291334378 ], [ 91.669420874771291, 24.543368900550302 ], [ 91.669379465104356, 24.543313776824409 ], [ 91.669332659273451, 24.543262392711821 ], [ 91.652872941987354, 24.526802793633408 ], [ 91.652872891156349, 24.518749996808463 ], [ 91.652869506008443, 24.518683182427583 ], [ 91.652859380657262, 24.518616940920825 ], [ 91.65284260192243, 24.518551840205483 ], [ 91.65281931366539, 24.518488438417453 ], [ 91.652789715555656, 24.518427279126215 ], [ 91.652754061358706, 24.518368886674544 ], [ 91.652712656760016, 24.51831376168327 ], [ 91.652665856744107, 24.518262376759377 ], [ 91.648706196018665, 24.514302744455687 ], [ 91.648706147437068, 24.506530618404476 ], [ 91.652665773771275, 24.502570965949083 ], [ 91.652712569672829, 24.502519580076907 ], [ 91.652753970525353, 24.502464453876108 ], [ 91.652789621366523, 24.502406059996414 ], [ 91.652819216535732, 24.502344899103885 ], [ 91.652842502294604, 24.502281495588136 ], [ 91.6528592790022, 24.502216393066142 ], [ 91.652869402826511, 24.50215014972126 ], [ 91.652872786977298, 24.502083333517277 ], [ 91.652872682892337, 24.485416662353266 ], [ 91.652869297319995, 24.485349835828451 ], [ 91.652859170935557, 24.485283582495367 ], [ 91.652842390598394, 24.485218470574846 ], [ 91.652819100234836, 24.485155058497522 ], [ 91.652789499603557, 24.485093890114545 ], [ 91.652753842581916, 24.48503549003328 ], [ 91.652712434988402, 24.484980359118158 ], [ 91.65266563195955, 24.484928970195142 ], [ 91.648498960514104, 24.480762319199883 ], [ 91.648443925217947, 24.480712433971028 ], [ 91.648383812198588, 24.480667725786446 ], [ 91.648319200375227, 24.480628625204695 ], [ 91.648250711990656, 24.480595508780233 ], [ 91.648179006618733, 24.480568695437313 ], [ 91.648104774812751, 24.480548443398675 ], [ 91.64802873145527, 24.48053494769891 ], [ 91.647951608873797, 24.480528338306343 ], [ 91.647874149788578, 24.480528678871433 ], [ 91.647797100160219, 24.480535966113845 ], [ 91.647721202006153, 24.480550129854088 ], [ 91.64764718625517, 24.480571033689341 ], [ 91.647575765708567, 24.480598476307001 ], [ 91.647507628175902, 24.480632193423375 ], [ 91.647443429851364, 24.480671860328687 ], [ 91.647383788994631, 24.480717095014057 ], [ 91.647329279976802, 24.48076746185027 ], [ 91.647280427748996, 24.48082247578288 ], [ 91.64723770278691, 24.480881607003379 ], [ 91.647201516559718, 24.480944286051262 ], [ 91.647172217567245, 24.481009909298088 ], [ 91.647150087983434, 24.481077844760513 ], [ 91.647135340938604, 24.4811474381865 ], [ 91.647128118466469, 24.481218019355971 ], [ 91.647128490135742, 24.481288908535284 ], [ 91.647136452379783, 24.481359423023385 ], [ 91.64715192853042, 24.481428883726579 ], [ 91.647174769555789, 24.481496621698582 ], [ 91.647204755495196, 24.481561984582939 ], [ 91.647241597576979, 24.481624342895621 ], [ 91.647284940999256, 24.481683096087508 ], [ 91.647334368346478, 24.481737678328138 ], [ 91.651293983173261, 24.485697321532626 ] ] ] } },
{ "type": "Feature", "properties": { "ARCID": 751012, "UP_CELLS": 1869, "buffer_m": 80 }, "geometry": { "type": "Polygon", "coordinates": [ [ [ 92.438793809860371, 24.489302647406046 ], [ 92.434834201810261, 24.493262228699251 ], [ 92.434787390319286, 24.493313626683083 ], [ 92.434745975350964, 24.493368766935426 ], [ 92.434710312077442, 24.493427176586412 ], [ 92.434680706346953, 24.493488354727912 ], [ 92.434657412060844, 24.49355177670915 ], [ 92.434640628995751, 24.493616898635874 ], [ 92.434630501090211, 24.493683162034625 ], [ 92.434627115209821, 24.493749998642045 ], [ 92.434627039181578, 24.505969352888737 ], [ 92.42673552630437, 24.513860833615738 ], [ 92.422916678535387, 24.513860829617695 ], [ 92.42283491307326, 24.513864711949253 ], [ 92.422754026452409, 24.513876319449441 ], [ 92.422674888193256, 24.513895527338914 ], [ 92.422598349022422, 24.513922129135111 ], [ 92.422525231728017, 24.513955838871784 ], [ 92.422456322315028, 24.513996294173054 ], [ 92.42239236155622, 24.514043060148627 ], [ 92.422334037028989, 24.514095634068688 ], [ 92.41816736794469, 24.518262284857926 ], [ 92.418120558878471, 24.518313679655076 ], [ 92.418079146295767, 24.518368815259848 ], [ 92.418043485252724, 24.5184272189694 ], [ 92.418013881496208, 24.518488390061304 ], [ 92.417990588842315, 24.518551804086382 ], [ 92.417973806999953, 24.518616917364927 ], [ 92.41796367985846, 24.518683171647854 ], [ 92.417960294253561, 24.518749998902841 ], [ 92.417960192161118, 24.535136059951039 ], [ 92.414000560948494, 24.539095664359003 ], [ 92.413951112461348, 24.53915026455153 ], [ 92.413907752543949, 24.539209035430101 ], [ 92.413870898780516, 24.539271411004453 ], [ 92.413840906099722, 24.539336790568633 ], [ 92.413818063356246, 24.539404544485954 ], [ 92.413802590548556, 24.539474020252609 ], [ 92.413794636699947, 24.539544548781432 ], [ 92.413794278422742, 24.539615450845552 ], [ 92.413801519180126, 24.539686043619625 ], [ 92.413816289252225, 24.539755647255799 ], [ 92.413838446407112, 24.539823591431105 ], [ 92.413867777270085, 24.539889221803026 ], [ 92.413903999378206, 24.539951906311369 ], [ 92.413946763900185, 24.540011041265437 ], [ 92.413995658995518, 24.540066057158107 ], [ 92.414050213780584, 24.540116424150678 ], [ 92.414109902863359, 24.540161657175751 ], [ 92.414174151403216, 24.540201320608858 ], [ 92.414242340647064, 24.540235032464068 ], [ 92.414313813888455, 24.540262468072839 ], [ 92.414387882792212, 24.540283363211 ], [ 92.41446383402392, 24.540297516643509 ], [ 92.414540936120048, 24.540304792062614 ], [ 92.414618446532828, 24.540305119400639 ], [ 92.414695618781835, 24.540298495504864 ], [ 92.414771709643531, 24.540284984167844 ], [ 92.414845986309388, 24.540264715513075 ], [ 92.414917733443687, 24.540237884741718 ], [ 92.414986260073022, 24.540204750252631 ], [ 92.415050906241078, 24.540165631153663 ], [ 92.415111049364683, 24.540120904188317 ], [ 92.415166110229819, 24.540071000107289 ], [ 92.419332774473645, 24.535904317548496 ], [ 92.419379576176865, 24.535852926021974 ], [ 92.419420981830953, 24.535797795385864 ], [ 92.419456636558579, 24.535739398160295 ], [ 92.419486234774411, 24.535678234862413 ], [ 92.419509522804091, 24.535614829716401 ], [ 92.419526301058184, 24.535549726160315 ], [ 92.419536425742592, 24.535483482188269 ], [ 92.419539810090527, 24.535416665567872 ], [ 92.419539707996833, 24.519030649993542 ], [ 92.423264501400297, 24.515305841416861 ], [ 92.427083345202533, 24.515305837417955 ], [ 92.427165101555133, 24.515301953749137 ], [ 92.427245979096924, 24.515290346722697 ], [ 92.427325108588761, 24.515271141086014 ], [ 92.427401639579728, 24.51524454325321 ], [ 92.427474749547798, 24.515210839086599 ], [ 92.427543652740411, 24.515170390824213 ], [ 92.427607608619581, 24.515123633186473 ], [ 92.427665929821174, 24.515071068703804 ], [ 92.435999258296945, 24.506737703625635 ], [ 92.436046060118329, 24.506686309032272 ], [ 92.436087466095074, 24.506631173959647 ], [ 92.436123121257509, 24.506572771085168 ], [ 92.436152719939415, 24.506511601100737 ], [ 92.436176008398434, 24.506448188420183 ], [ 92.436192786991072, 24.506383076683338 ], [ 92.436202911883967, 24.50631682409529 ], [ 92.43620629628667, 24.506249998640829 ], [ 92.436206220257603, 24.494030693341102 ], [ 92.44016580026188, 24.490071086577093 ], [ 92.440212606345099, 24.490019689293661 ], [ 92.440254016317667, 24.489964550228166 ], [ 92.44028967509017, 24.489906142206031 ], [ 92.440319276891884, 24.489844966083844 ], [ 92.440342567892586, 24.489781546454275 ], [ 92.440359348378905, 24.489716427147609 ], [ 92.440369474466635, 24.489650166568214 ], [ 92.44037285933419, 24.489583332906118 ], [ 92.440372677406216, 24.460416662967972 ], [ 92.44036887588355, 24.46034584456719 ], [ 92.440357509168095, 24.460275708240701 ], [ 92.440338686739764, 24.460206929438229 ], [ 92.440312589880179, 24.460140170534718 ], [ 92.440279469926338, 24.460076074451486 ], [ 92.440239645849758, 24.460015258464551 ], [ 92.440193501184282, 24.459958308260195 ], [ 92.440141480332201, 24.459905772294587 ], [ 92.440084084284237, 24.459858156512144 ], [ 92.440021865794705, 24.459815919473161 ], [ 92.439955424058226, 24.459779467937867 ], [ 92.439885398939296, 24.459749152949325 ], [ 92.439812464810188, 24.459725266452867 ], [ 92.439737324056779, 24.459708038484731 ], [ 92.439660700314519, 24.459697634956754 ], [ 92.439583331499819, 24.45969415605872 ], [ 92.439505962704061, 24.459697635293519 ], [ 92.439429339018346, 24.459708039154577 ], [ 92.43935419835843, 24.459725267448437 ], [ 92.439281264358598, 24.459749154259729 ], [ 92.439211239403193, 24.459779469548838 ], [ 92.439144797862525, 24.459815921367245 ], [ 92.439082579598733, 24.459858158668943 ], [ 92.439025183803807, 24.459905774691038 ], [ 92.438973163229122, 24.459958310870878 ], [ 92.438927018862231, 24.460015261262043 ], [ 92.438887195102097, 24.460076077406679 ], [ 92.438854075479028, 24.460140173617209 ], [ 92.438827978961001, 24.460206932616675 ], [ 92.438809156881405, 24.460275711483206 ], [ 92.438797790518237, 24.460345847841634 ], [ 92.4387939893479, 24.460416666242352 ], [ 92.438793809860371, 24.489302647406046 ] ] ] } },
{ "type": "Feature", "properties": { "ARCID": 751567, "UP_CELLS": 4756, "buffer_m": 80 }, "geometry": { "type": "Polygon", "coordinates": [ [ [ 92.309834633957578, 24.430762101216121 ], [ 92.309787817609532, 24.430813505836937 ], [ 92.309746397746636, 24.43086865627982 ], [ 92.30971072982183, 24.43092707926942 ], [ 92.309681119928896, 24.430988273446303 ], [ 92.309657822175581, 24.43105171366927 ], [ 92.309641036502597, 24.431116855521768 ], [ 92.309630906967556, 24.431183139983812 ], [ 92.309627520508457, 24.431249998229152 ], [ 92.309627494576944, 24.435416664319671 ], [ 92.309630879740354, 24.435483516865432 ], [ 92.309641007082874, 24.43554979584324 ], [ 92.309657789720703, 24.435614932568402 ], [ 92.309681083665964, 24.435678368156118 ], [ 92.309710689061788, 24.435739558316794 ], [ 92.309746351896791, 24.435797978026258 ], [ 92.309787766184314, 24.435853126030658 ], [ 92.309834576587633, 24.435904529147439 ], [ 92.313794133097119, 24.439864113399974 ], [ 92.313794108788684, 24.443749997653967 ], [ 92.313797493873182, 24.443816847180905 ], [ 92.313807620982232, 24.443883123217272 ], [ 92.313824403241867, 24.443948257154673 ], [ 92.313847696680384, 24.444011690182393 ], [ 92.313877301463165, 24.444072878081649 ], [ 92.313912963606938, 24.444131295894813 ], [ 92.31395437715841, 24.444186442429295 ], [ 92.314001186819084, 24.44423784455763 ], [ 92.317960747419946, 24.448197432909705 ], [ 92.317960697019643, 24.4562499973702 ], [ 92.317964081959246, 24.456316842378925 ], [ 92.317974208696356, 24.456383114014926 ], [ 92.317990990371797, 24.456448243783573 ], [ 92.318014283038153, 24.456511672984576 ], [ 92.318043886894145, 24.456572857504732 ], [ 92.318079547998366, 24.456631272485563 ], [ 92.318120960447388, 24.456686416825761 ], [ 92.318167768999615, 24.456737817479908 ], [ 92.322127335514409, 24.460697411759906 ], [ 92.322127313041577, 24.464302630420139 ], [ 92.309834351077058, 24.476595509726199 ], [ 92.309784603017249, 24.47665047129453 ], [ 92.309741022690773, 24.476709656809401 ], [ 92.309704035367332, 24.476772488732855 ], [ 92.309674001983097, 24.476838353944107 ], [ 92.309651215618402, 24.476906609722288 ], [ 92.309635898637538, 24.47697659001809 ], [ 92.309628200518333, 24.477047611953019 ], [ 92.309628196393177, 24.477118982483017 ], [ 92.309635886315263, 24.477190005161219 ], [ 92.3096511952577, 24.477259986933991 ], [ 92.309673973844994, 24.477328244903955 ], [ 92.309703999810324, 24.477394112993874 ], [ 92.30974098016398, 24.477456948446498 ], [ 92.309784554052058, 24.477516138096856 ], [ 92.309834296277472, 24.47757110435581 ], [ 92.314000958982206, 24.481737786749257 ], [ 92.314059261958818, 24.481790338171312 ], [ 92.314123195943893, 24.481837083863255 ], [ 92.31419207398946, 24.481877521554736 ], [ 92.314265156022714, 24.481911216752771 ], [ 92.314341656797907, 24.481937807410347 ], [ 92.314420754333995, 24.481957007816824 ], [ 92.314501598746872, 24.481968611667916 ], [ 92.314583321381647, 24.481972494282516 ], [ 92.318402325936958, 24.481972499155972 ], [ 92.322127179828641, 24.485697369502706 ], [ 92.322127103187697, 24.497916663754047 ], [ 92.322130487486277, 24.497983491413617 ], [ 92.322140612378689, 24.498049746144471 ], [ 92.322157391065986, 24.498114859887188 ], [ 92.322180679699827, 24.498178274364193 ], [ 92.322210278615614, 24.498239445866378 ], [ 92.322245934043977, 24.498297849914863 ], [ 92.322287340286351, 24.498352985757972 ], [ 92.322334142335777, 24.498404380664685 ], [ 92.330460382407978, 24.506530677836114 ], [ 92.330460203533619, 24.53513606344989 ], [ 92.326500569108745, 24.539095671143453 ], [ 92.326453762632056, 24.539147062658635 ], [ 92.326412352543258, 24.539202193719348 ], [ 92.326376693797684, 24.539260591767388 ], [ 92.326347092054192, 24.53932175624082 ], [ 92.326323801054798, 24.539385162864416 ], [ 92.326307020449661, 24.539450268143469 ], [ 92.326296894085303, 24.539516514022299 ], [ 92.326293508771371, 24.539583332667586 ], [ 92.326293380636542, 24.560136126386674 ], [ 92.314235272634704, 24.572194185483408 ], [ 92.310416678558838, 24.572194181552746 ], [ 92.310334851402047, 24.572198066197487 ], [ 92.31025390429653, 24.572209680588745 ], [ 92.310174707953919, 24.57222889979543 ], [ 92.310098114254444, 24.572255517084823 ], [ 92.310024947084258, 24.572289246146227 ], [ 92.309955993473451, 24.572329724170533 ], [ 92.309891995130727, 24.572376515752655 ], [ 92.3098336404652, 24.572429117574782 ], [ 92.301500302524801, 24.58076241904735 ], [ 92.301453497478278, 24.580813805761643 ], [ 92.301412088981948, 24.580868929904732 ], [ 92.301376431838833, 24.580927319162402 ], [ 92.301346831574506, 24.580988473243714 ], [ 92.301323541819187, 24.581051868167446 ], [ 92.301306762134317, 24.58111696075159 ], [ 92.301296636302325, 24.581183193267382 ], [ 92.301293251094364, 24.581249998218002 ], [ 92.301293224950982, 24.585416664302272 ], [ 92.301296608635766, 24.585483461368351 ], [ 92.301306731608918, 24.5855496862713 ], [ 92.301323507164938, 24.585614771711089 ], [ 92.301346791609987, 24.585678160147719 ], [ 92.301376385492446, 24.585739308577395 ], [ 92.301412035311188, 24.58579769318407 ], [ 92.301453435686867, 24.585852813826715 ], [ 92.301500231977684, 24.58590419832381 ], [ 92.305459863241595, 24.589863857549275 ], [ 92.305459838732602, 24.593749997636561 ], [ 92.305463222337764, 24.593816791663599 ], [ 92.305473345075342, 24.593883013605307 ], [ 92.305490120249729, 24.5939480962383 ], [ 92.305513404183301, 24.594011482097081 ], [ 92.305542997446892, 24.594072628249037 ], [ 92.305578646567625, 24.594131010945027 ], [ 92.305620046199749, 24.594186130105623 ], [ 92.305666841739907, 24.594237513604707 ], [ 92.309626477623908, 24.598197177458438 ], [ 92.309626321570789, 24.622916662864988 ], [ 92.309630126669589, 24.62298747833772 ], [ 92.309641506589756, 24.623057611874291 ], [ 92.309660351748775, 24.623126388049016 ], [ 92.309686480668915, 24.623193144507248 ], [ 92.309719641724527, 24.623257238344376 ], [ 92.309759515564878, 24.623318052297439 ], [ 92.309805718189409, 24.623375000689865 ], [ 92.309857804645588, 24.623427535072068 ], [ 92.309915273313962, 24.623475149503534 ], [ 92.309977570738852, 24.62351738542548 ], [ 92.310044096958606, 24.623553836077303 ], [ 92.310114211283576, 24.623584150414068 ], [ 92.310187238466582, 24.623608036487521 ], [ 92.310262475206216, 24.623625264257836 ], [ 92.310339196920395, 24.623635667809204 ], [ 92.310416664724869, 24.623639146947788 ], [ 92.310494132549607, 24.623635668166742 ], [ 92.310570854324325, 24.623625264968926 ], [ 92.310646091164017, 24.623608037544212 ], [ 92.310719118485338, 24.623584151804586 ], [ 92.310789232985158, 24.623553837786226 ], [ 92.310855759414139, 24.623517387433964 ], [ 92.310918057080087, 24.623475151789581 ], [ 92.31097552601841, 24.623427537610851 ], [ 92.31102761277026, 24.623375003454065 ], [ 92.31107381571266, 24.623318055257613 ], [ 92.311113689889496, 24.623257241469368 ], [ 92.311146851296385, 24.623193147764564 ], [ 92.31117298057876, 24.623126391405261 ], [ 92.311191826107063, 24.623057615295558 ], [ 92.311203206399725, 24.622987481789956 ], [ 92.311207011870493, 24.622916666314396 ], [ 92.311206854780096, 24.597916662867256 ], [ 92.311203469776032, 24.597849866453569 ], [ 92.31119334495493, 24.597783642273399 ], [ 92.311176567057302, 24.597718557607976 ], [ 92.311153279813908, 24.597655169976449 ], [ 92.311123682714054, 24.597594022360251 ], [ 92.311088029296599, 24.597535638551967 ], [ 92.311046624977791, 24.597480518668576 ], [ 92.310999824434859, 24.597429134867529 ], [ 92.307040159729581, 24.593469498129259 ], [ 92.307040135220802, 24.589583330970299 ], [ 92.307036750264473, 24.589516531333828 ], [ 92.307026625298249, 24.589450304000998 ], [ 92.307009847072237, 24.589385216334346 ], [ 92.306986559333737, 24.58932182593216 ], [ 92.306956961595404, 24.589260675851623 ], [ 92.306921307425867, 24.589202289956589 ], [ 92.306879902277061, 24.589147168429811 ], [ 92.306833100867294, 24.589095783488059 ], [ 92.302873440179937, 24.58513615075951 ], [ 92.30287341755691, 24.581530548345267 ], [ 92.310764777730469, 24.573639156166763 ], [ 92.314583345225984, 24.573639152234986 ], [ 92.314665158546347, 24.573635266701192 ], [ 92.314746091998927, 24.573623654123221 ], [ 92.314825275303747, 24.573604439371181 ], [ 92.314901857001104, 24.573577829061563 ], [ 92.314975013607764, 24.573544109335351 ], [ 92.315043958472202, 24.57350364278107 ], [ 92.315107950233838, 24.573456864535647 ], [ 92.315166300795013, 24.573404277605224 ], [ 92.327666293841261, 24.560904229838961 ], [ 92.327713086944257, 24.5608528435985 ], [ 92.327754484643378, 24.560797720455 ], [ 92.327790132271772, 24.560739332674775 ], [ 92.327819724427599, 24.560678180493206 ], [ 92.327843007590161, 24.560614787828886 ], [ 92.327859782291867, 24.560549697794883 ], [ 92.327869904826699, 24.560483468045561 ], [ 92.327873288481129, 24.560416665998861 ], [ 92.327873160344893, 24.539863943578787 ], [ 92.331832766422323, 24.535904310767229 ], [ 92.33187956739097, 24.535852920052367 ], [ 92.331920972406309, 24.535797790293167 ], [ 92.331956626597744, 24.535739394000448 ], [ 92.33198622438573, 24.535678231681459 ], [ 92.332009512100484, 24.535614827550031 ], [ 92.332026290156051, 24.535549725033484 ], [ 92.332036414760509, 24.535483482114923 ], [ 92.33203979914812, 24.535416666550802 ], [ 92.332039616764078, 24.506249995981211 ], [ 92.332036230620034, 24.506183163392144 ], [ 92.332026102461654, 24.506116903951991 ], [ 92.332009319149506, 24.506051785842441 ], [ 92.331986024612235, 24.505988367457292 ], [ 92.331956418612037, 24.505927192614219 ], [ 92.331920755031391, 24.505868785891568 ], [ 92.331879339695632, 24.505813648130143 ], [ 92.331832527750436, 24.505762252138563 ], [ 92.323706228850511, 24.497636010329366 ], [ 92.323706152210434, 24.48541666375521 ], [ 92.323702766176154, 24.485349825507399 ], [ 92.323692638126559, 24.485283560543195 ], [ 92.323675854935772, 24.485218437186518 ], [ 92.323652560555416, 24.485155013969379 ], [ 92.323622954779694, 24.485093834841678 ], [ 92.323587291531496, 24.485035424506087 ], [ 92.323545876684392, 24.484980283917999 ], [ 92.323499065439151, 24.484928885989206 ], [ 92.319332394820094, 24.480762235052545 ], [ 92.319274088815163, 24.480709676990717 ], [ 92.319210150725524, 24.480662925534013 ], [ 92.319141267663298, 24.48062248309358 ], [ 92.319068179879224, 24.480588784280627 ], [ 92.31899167280757, 24.480562191236181 ], [ 92.318912568625905, 24.480542989739504 ], [ 92.318831717419997, 24.480531386137194 ], [ 92.318749988048765, 24.480527505125792 ], [ 92.314930990985332, 24.480527509998556 ], [ 92.311486830816975, 24.477083375767315 ], [ 92.323498979943693, 24.465071107188248 ], [ 92.323545782102968, 24.465019709014911 ], [ 92.32358718871312, 24.464964568342417 ], [ 92.323622844661529, 24.464906158079213 ], [ 92.323652444156892, 24.464844979174416 ], [ 92.323675733351564, 24.464781556321405 ], [ 92.323692512518406, 24.464716433457731 ], [ 92.323702637763404, 24.464650169100057 ], [ 92.323706022259486, 24.464583331554021 ], [ 92.323705996286918, 24.460416664322572 ], [ 92.323702610059058, 24.460349816791272 ], [ 92.32369248132305, 24.460283542774118 ], [ 92.323675696982505, 24.460218410827149 ], [ 92.323652401038004, 24.460154979707848 ], [ 92.323622793351461, 24.460093793581731 ], [ 92.32358712793112, 24.460035377354082 ], [ 92.32354571075237, 24.459980232166991 ], [ 92.32349889713241, 24.459928831100239 ], [ 92.319539301570885, 24.455969263301217 ], [ 92.319539251171136, 24.447916664037646 ], [ 92.319535864798794, 24.447849811989872 ], [ 92.319525735691769, 24.447783533574064 ], [ 92.319508950768451, 24.447718397459944 ], [ 92.319485654053679, 24.447654962515429 ], [ 92.319456045442635, 24.447593773011569 ], [ 92.319420378985498, 24.447535353952741 ], [ 92.31937896070734, 24.447480206572308 ], [ 92.319332145982372, 24.447428804032047 ], [ 92.315372556350241, 24.443469242148382 ], [ 92.315372532042005, 24.439583330987698 ], [ 92.315369145616074, 24.439516475885799 ], [ 92.315359016293939, 24.439450194491712 ], [ 92.315342231003697, 24.439385055552357 ], [ 92.315318933786429, 24.439321618010627 ], [ 92.315289324559771, 24.439260426209252 ], [ 92.315253657402238, 24.439202005220022 ], [ 92.315212238372709, 24.439146856338347 ], [ 92.31516542288405, 24.43909545278186 ], [ 92.311205837230688, 24.435135894868807 ], [ 92.311205814794121, 24.431530794169088 ], [ 92.315165368282734, 24.427571214114352 ], [ 92.315214795887229, 24.427516631819856 ], [ 92.315258142099552, 24.427457876620807 ], [ 92.31529498947647, 24.42739551436728 ], [ 92.31532498316426, 24.427330145646806 ], [ 92.315347834315986, 24.427262400000178 ], [ 92.315363322872884, 24.42719292985845 ], [ 92.315371299683235, 24.427122404259567 ], [ 92.315371687938324, 24.427051502405032 ], [ 92.315364483911779, 24.426980907118814 ], [ 92.315349756994777, 24.426911298271325 ], [ 92.315327649027509, 24.426843346231941 ], [ 92.31529837293256, 24.426777705413052 ], [ 92.315262210664002, 24.426715007967836 ], [ 92.315219510491644, 24.426655857702396 ], [ 92.315170683646755, 24.426600824260991 ], [ 92.315116200361459, 24.426550437640199 ], [ 92.315056585339988, 24.426505183085027 ], [ 92.314992412705536, 24.426465496415911 ], [ 92.314924300471205, 24.426431759831761 ], [ 92.314852904588349, 24.426404298229397 ], [ 92.314778912629706, 24.426383376074789 ], [ 92.314703037167973, 24.42636919485626 ], [ 92.314626008913748, 24.426361891144207 ], [ 92.314548569678905, 24.42636153527593 ], [ 92.314471465232899, 24.426368130678284 ], [ 92.314395438121196, 24.426381613834735 ], [ 92.314321220514543, 24.426401854896987 ], [ 92.314249527158267, 24.426428658935432 ], [ 92.314181048489317, 24.426461767816317 ], [ 92.314116443987302, 24.426500862687604 ], [ 92.314056335823622, 24.426545567049423 ], [ 92.314001302869883, 24.426595450379896 ], [ 92.309834633957578, 24.430762101216121 ] ] ] } }
]
}
