{
"type": "FeatureCollection",
"name": "hydrorivers_study_areas_lines",
"crs": { "type": "name", "properties": { "name": "urn:ogc:def:crs:OGC:1.3:CRS84" } },
"features": [
{ "type": "Feature", "properties": { "ARCID": 724459, "UP_CELLS": 57888, "region_id": "kurigram", "region_name": "Kurigram" }, "geometry": { "type": "LineString", "coordinates": [ [ 89.820833333333425, 26.1 ], [ 89.818749999999483, 26.097916666666059 ] ] } },
{ "type": "Feature", "properties": { "ARCID": 724460, "UP_CELLS": 103, "region_id": "kurigram", "region_name": "Kurigram" }, "geometry": { "type": "LineString", "coordinates": [ [ 89.82916666666614, 26.097916666666059 ], [ 89.818749999999483, 26.097916666666059 ] ] } },
{ "type": "Feature", "properties": { "ARCID": 724541, "UP_CELLS": 60335, "region_id": "kurigram", "region_name": "Kurigram" }, "geometry": { "type": "LineString", "coordinates": [ [ 89.718749999999474, 26.1 ], [ 89.718749999999474, 26.093749999999396 ] ] } },
{ "type": "Feature", "properties": { "ARCID": 724542, "UP_CELLS": 163, "region_id": "kurigram", "region_name": "Kurigram" }, "geometry": { "type": "LineString", "coordinates": [ [ 89.727083333332814, 26.1 ], [ 89.727083333332814, 26.097916666666059 ], [ 89.722916666666151, 26.093749999999396 ], [ 89.718749999999474, 26.093749999999396 ] ] } },
{ "type": "Feature", "properties": { "ARCID": 724891, "UP_CELLS": 221, "region_id": "kurigram", "region_name": "Kurigram" }, "geometry": { "type": "LineString", "coordinates": [ [ 89.664583333332814, 26.1 ], [ 89.664583333332814, 26.085416666666063 ], [ 89.668749999999477, 26.081249999999393 ], [ 89.67291666666614, 26.085416666666063 ], [ 89.677083333332803, 26.081249999999393 ], [ 89.677083333332803, 26.07708333333273 ], [ 89.681249999999466, 26.07291666666606 ], [ 89.685416666666143, 26.07291666666606 ], [ 89.689583333332806, 26.068749999999397 ] ] } },
{ "type": "Feature", "properties": { "ARCID": 724963, "UP_CELLS": 24981, "region_id": "kurigram", "region_name": "Kurigram" }, "geometry": { "type": "LineString", "coordinates": [ [ 89.4, 26.07916666666554 ], [ 89.406249999999488, 26.07291666666606 ], [ 89.410416666666151, 26.07291666666606 ], [ 89.414583333332814, 26.068749999999397 ], [ 89.418749999999477, 26.068749999999397 ], [ 89.42291666666614, 26.064583333332727 ] ] } },
{ "type": "Feature", "properties": { "ARCID": 724964, "UP_CELLS": 1816, "region_id": "kurigram", "region_name": "Kurigram" }, "geometry": { "type": "LineString", "coordinates": [ [ 89.458333333333428, 26.1 ], [ 89.43124999999948, 26.07291666666606 ], [ 89.43124999999948, 26.068749999999397 ], [ 89.427083333332803, 26.064583333332727 ], [ 89.42291666666614, 26.064583333332727 ] ] } },
{ "type": "Feature", "properties": { "ARCID": 724965, "UP_CELLS": 329, "region_id": "kurigram", "region_name": "Kurigram" }, "geometry": { "type": "LineString", "coordinates": [ [ 89.604166666666146, 26.081249999999393 ], [ 89.61041666666614, 26.081249999999393 ], [ 89.614583333332803, 26.085416666666063 ], [ 89.61874999999948, 26.085416666666063 ], [ 89.61874999999948, 26.081249999999393 ], [ 89.635416666666146, 26.064583333332727 ], [ 89.647916666666134, 26.064583333332727 ], [ 89.652083333332811, 26.068749999999397 ], [ 89.668749999999477, 26.068749999999397 ], [ 89.67291666666614, 26.064583333332727 ], [ 89.681249999999466, 26.064583333332727 ], [ 89.685416666666143, 26.068749999999397 ], [ 89.689583333332806, 26.068749999999397 ] ] } },
{ "type": "Feature", "properties": { "ARCID": 725032, "UP_CELLS": 593, "region_id": "kurigram", "region_name": "Kurigram" }, "geometry": { "type": "LineString", "coordinates": [ [ 89.689583333332806, 26.068749999999397 ], [ 89.697916666666146, 26.068749999999397 ], [ 89.702083333332808, 26.07291666666606 ], [ 89.714583333332811, 26.07291666666606 ], [ 89.722916666666151, 26.064583333332727 ], [ 89.722916666666151, 26.060416666666065 ] ] } },
{ "type": "Feature", "properties": { "ARCID": 725033, "UP_CELLS": 60630, "region_id": "kurigram", "region_name": "Kurigram" }, "geometry": { "type": "LineString", "coordinates": [ [ 89.718749999999474, 26.093749999999396 ], [ 89.722916666666151, 26.089583333332726 ], [ 89.722916666666151, 26.085416666666063 ], [ 89.727083333332814, 26.081249999999393 ], [ 89.727083333332814, 26.064583333332727 ], [ 89.722916666666151, 26.060416666666065 ] ] } },
{ "type": "Feature", "properties": { "ARCID": 725434, "UP_CELLS": 138, "region_id": "kurigram", "region_name": "Kurigram" }, "geometry": { "type": "LineString", "coordinates": [ [ 89.554166666666134, 26.066666666666059 ], [ 89.560416666666143, 26.060416666666065 ], [ 89.552083333332803, 26.052083333332732 ], [ 89.552083333332803, 26.047916666666062 ], [ 89.54791666666614, 26.043749999999399 ], [ 89.55624999999948, 26.035416666666059 ] ] } },
{ "type": "Feature", "properties": { "ARCID": 725508, "UP_CELLS": 460, "region_id": "kurigram", "region_name": "Kurigram" }, "geometry": { "type": "LineString", "coordinates": [ [ 89.487499999999471, 26.099999999999397 ], [ 89.497916666666143, 26.089583333332726 ], [ 89.50208333333282, 26.093749999999396 ], [ 89.506249999999483, 26.089583333332726 ], [ 89.506249999999483, 26.085416666666063 ], [ 89.50208333333282, 26.081249999999393 ], [ 89.506249999999483, 26.07708333333273 ], [ 89.506249999999483, 26.07291666666606 ], [ 89.518749999999471, 26.060416666666065 ], [ 89.518749999999471, 26.056249999999395 ], [ 89.535416666666151, 26.039583333332729 ], [ 89.539583333332814, 26.039583333332729 ], [ 89.539583333332814, 26.035416666666059 ], [ 89.543749999999477, 26.031249999999396 ], [ 89.552083333332803, 26.031249999999396 ], [ 89.55624999999948, 26.035416666666059 ] ] } },
{ "type": "Feature", "properties": { "ARCID": 726420, "UP_CELLS": 27290, "region_id": "kurigram", "region_name": "Kurigram" }, "geometry": { "type": "LineString", "coordinates": [ [ 89.42291666666614, 26.064583333332727 ], [ 89.427083333332803, 26.060416666666065 ], [ 89.43124999999948, 26.060416666666065 ], [ 89.435416666666157, 26.056249999999395 ], [ 89.435416666666157, 26.039583333332729 ], [ 89.43958333333282, 26.035416666666059 ], [ 89.447916666666146, 26.035416666666059 ], [ 89.452083333332808, 26.031249999999396 ], [ 89.452083333332808, 26.022916666666063 ], [ 89.456249999999471, 26.018749999999393 ], [ 89.456249999999471, 26.01041666666606 ], [ 89.464583333332811, 26.002083333332727 ], [ 89.468749999999488, 26.002083333332727 ], [ 89.472916666666151, 26.006249999999397 ], [ 89.477083333332814, 26.002083333332727 ], [ 89.477083333332814, 25.972916666666066 ] ] } },
{ "type": "Feature", "properties": { "ARCID": 726476, "UP_CELLS": 535, "region_id": "kurigram", "region_name": "Kurigram" }, "geometry": { "type": "LineString", "coordinates": [ [ 89.4, 25.977083333332729 ], [ 89.410416666666151, 25.977083333332729 ], [ 89.414583333332814, 25.972916666666066 ], [ 89.43958333333282, 25.972916666666066 ], [ 89.443749999999483, 25.968749999999396 ], [ 89.464583333332811, 25.968749999999396 ], [ 89.468749999999488, 25.972916666666066 ], [ 89.477083333332814, 25.972916666666066 ] ] } },
{ "type": "Feature", "properties": { "ARCID": 726477, "UP_CELLS": 138, "region_id": "kurigram", "region_name": "Kurigram" }, "geometry": { "type": "LineString", "coordinates": [ [ 89.666666666666146, 25.981249999999399 ], [ 89.67291666666614, 25.981249999999399 ], [ 89.681249999999466, 25.972916666666066 ], [ 89.681249999999466, 25.968749999999396 ] ] } },
{ "type": "Feature", "properties": { "ARCID": 726622, "UP_CELLS": 1017, "region_id": "kurigram", "region_name": "Kurigram" }, "geometry": { "type": "LineString", "coordinates": [ [ 89.55624999999948, 26.035416666666059 ], [ 89.56458333333282, 26.035416666666059 ], [ 89.568749999999483, 26.031249999999396 ], [ 89.577083333332808, 26.031249999999396 ], [ 89.585416666666134, 26.022916666666063 ], [ 89.602083333332814, 26.022916666666063 ], [ 89.614583333332803, 26.01041666666606 ], [ 89.614583333332803, 25.993749999999395 ], [ 89.61874999999948, 25.989583333332732 ], [ 89.622916666666143, 25.989583333332732 ], [ 89.62708333333282, 25.985416666666062 ], [ 89.631249999999483, 25.985416666666062 ], [ 89.635416666666146, 25.981249999999399 ], [ 89.635416666666146, 25.977083333332729 ], [ 89.639583333332808, 25.972916666666066 ], [ 89.639583333332808, 25.968749999999396 ], [ 89.643749999999471, 25.964583333332733 ], [ 89.660416666666151, 25.964583333332733 ], [ 89.664583333332814, 25.960416666666063 ], [ 89.67291666666614, 25.968749999999396 ], [ 89.681249999999466, 25.968749999999396 ] ] } },
{ "type": "Feature", "properties": { "ARCID": 726754, "UP_CELLS": 119, "region_id": "kurigram", "region_name": "Kurigram" }, "geometry": { "type": "LineString", "coordinates": [ [ 89.499999999999488, 25.974999999999397 ], [ 89.506249999999483, 25.968749999999396 ], [ 89.506249999999483, 25.964583333332733 ], [ 89.514583333332808, 25.9562499999994 ], [ 89.514583333332808, 25.95208333333273 ] ] } },
{ "type": "Feature", "properties": { "ARCID": 726820, "UP_CELLS": 27993, "region_id": "kurigram", "region_name": "Kurigram" }, "geometry": { "type": "LineString", "coordinates": [ [ 89.477083333332814, 25.972916666666066 ], [ 89.48541666666614, 25.964583333332733 ], [ 89.48541666666614, 25.9562499999994 ], [ 89.49374999999948, 25.94791666666606 ], [ 89.510416666666146, 25.94791666666606 ], [ 89.514583333332808, 25.95208333333273 ] ] } },
{ "type": "Feature", "properties": { "ARCID": 726885, "UP_CELLS": 28201, "region_id": "kurigram", "region_name": "Kurigram" }, "geometry": { "type": "LineString", "coordinates": [ [ 89.514583333332808, 25.95208333333273 ], [ 89.522916666666148, 25.943749999999397 ] ] } },
{ "type": "Feature", "properties": { "ARCID": 726886, "UP_CELLS": 106, "region_id": "kurigram", "region_name": "Kurigram" }, "geometry": { "type": "LineString", "coordinates": [ [ 89.53333333333282, 25.949999999999399 ], [ 89.527083333332811, 25.943749999999397 ], [ 89.522916666666148, 25.943749999999397 ] ] } },
{ "type": "Feature", "properties": { "ARCID": 727011, "UP_CELLS": 1312, "region_id": "kurigram", "region_name": "Kurigram" }, "geometry": { "type": "LineString", "coordinates": [ [ 89.681249999999466, 25.968749999999396 ], [ 89.685416666666143, 25.964583333332733 ], [ 89.681249999999466, 25.960416666666063 ], [ 89.685416666666143, 25.9562499999994 ], [ 89.706249999999471, 25.9562499999994 ], [ 89.722916666666151, 25.939583333332727 ], [ 89.722916666666151, 25.935416666666065 ] ] } },
{ "type": "Feature", "properties": { "ARCID": 727012, "UP_CELLS": 723, "region_id": "kurigram", "region_name": "Kurigram" }, "geometry": { "type": "LineString", "coordinates": [ [ 89.9, 25.977083333332729 ], [ 89.897916666666134, 25.977083333332729 ], [ 89.893749999999471, 25.972916666666066 ], [ 89.885416666666146, 25.972916666666066 ], [ 89.881249999999483, 25.968749999999396 ], [ 89.872916666666143, 25.968749999999396 ], [ 89.868749999999466, 25.964583333332733 ], [ 89.86041666666614, 25.964583333332733 ], [ 89.856249999999477, 25.960416666666063 ], [ 89.856249999999477, 25.9562499999994 ], [ 89.852083333332814, 25.95208333333273 ], [ 89.852083333332814, 25.94791666666606 ], [ 89.856249999999477, 25.943749999999397 ], [ 89.856249999999477, 25.939583333332727 ], [ 89.852083333332814, 25.935416666666065 ] ] } },
{ "type": "Feature", "properties": { "ARCID": 727013, "UP_CELLS": 140, "region_id": "kurigram", "region_name": "Kurigram" }, "geometry": { "type": "LineString", "coordinates": [ [ 89.874999999999474, 25.939583333332727 ], [ 89.868749999999466, 25.939583333332727 ], [ 89.864583333332803, 25.935416666666065 ], [ 89.852083333332814, 25.935416666666065 ] ] } },
{ "type": "Feature", "properties": { "ARCID": 727138, "UP_CELLS": 329, "region_id": "kurigram", "region_name": "Kurigram" }, "geometry": { "type": "LineString", "coordinates": [ [ 89.612499999999471, 25.962499999999395 ], [ 89.61874999999948, 25.9562499999994 ], [ 89.622916666666143, 25.9562499999994 ], [ 89.62708333333282, 25.960416666666063 ], [ 89.631249999999483, 25.960416666666063 ], [ 89.639583333332808, 25.95208333333273 ], [ 89.643749999999471, 25.95208333333273 ], [ 89.643749999999471, 25.94791666666606 ], [ 89.647916666666134, 25.943749999999397 ], [ 89.652083333332811, 25.943749999999397 ], [ 89.668749999999477, 25.927083333332732 ], [ 89.67291666666614, 25.927083333332732 ], [ 89.681249999999466, 25.935416666666065 ], [ 89.714583333332811, 25.935416666666065 ], [ 89.718749999999474, 25.939583333332727 ], [ 89.722916666666151, 25.935416666666065 ] ] } },
{ "type": "Feature", "properties": { "ARCID": 727272, "UP_CELLS": 28334, "region_id": "kurigram", "region_name": "Kurigram" }, "geometry": { "type": "LineString", "coordinates": [ [ 89.522916666666148, 25.943749999999397 ], [ 89.522916666666148, 25.939583333332727 ], [ 89.531249999999488, 25.931249999999395 ], [ 89.531249999999488, 25.918749999999399 ] ] } },
{ "type": "Feature", "properties": { "ARCID": 727348, "UP_CELLS": 100, "region_id": "kurigram", "region_name": "Kurigram" }, "geometry": { "type": "LineString", "coordinates": [ [ 89.52499999999948, 25.912499999999397 ], [ 89.531249999999488, 25.918749999999399 ] ] } },
{ "type": "Feature", "properties": { "ARCID": 727349, "UP_CELLS": 1784, "region_id": "kurigram", "region_name": "Kurigram" }, "geometry": { "type": "LineString", "coordinates": [ [ 89.722916666666151, 25.935416666666065 ], [ 89.73541666666614, 25.935416666666065 ], [ 89.743749999999466, 25.927083333332732 ], [ 89.764583333332808, 25.927083333332732 ], [ 89.772916666666134, 25.918749999999399 ], [ 89.772916666666134, 25.914583333332729 ] ] } },
{ "type": "Feature", "properties": { "ARCID": 727350, "UP_CELLS": 61746, "region_id": "kurigram", "region_name": "Kurigram" }, "geometry": { "type": "LineString", "coordinates": [ [ 89.722916666666151, 26.060416666666065 ], [ 89.722916666666151, 26.052083333332732 ], [ 89.731249999999477, 26.043749999999399 ], [ 89.731249999999477, 26.039583333332729 ], [ 89.73541666666614, 26.035416666666059 ], [ 89.739583333332803, 26.035416666666059 ], [ 89.747916666666143, 26.027083333332726 ], [ 89.752083333332806, 26.027083333332726 ], [ 89.760416666666146, 26.018749999999393 ], [ 89.760416666666146, 26.01458333333273 ], [ 89.752083333332806, 26.006249999999397 ], [ 89.747916666666143, 26.006249999999397 ], [ 89.743749999999466, 26.002083333332727 ], [ 89.739583333332803, 26.002083333332727 ], [ 89.73541666666614, 26.006249999999397 ], [ 89.722916666666151, 26.006249999999397 ], [ 89.718749999999474, 26.002083333332727 ], [ 89.718749999999474, 25.993749999999395 ], [ 89.722916666666151, 25.989583333332732 ], [ 89.73541666666614, 25.989583333332732 ], [ 89.739583333332803, 25.985416666666062 ], [ 89.747916666666143, 25.985416666666062 ], [ 89.752083333332806, 25.989583333332732 ], [ 89.760416666666146, 25.989583333332732 ], [ 89.768749999999471, 25.981249999999399 ], [ 89.768749999999471, 25.968749999999396 ], [ 89.764583333332808, 25.964583333332733 ], [ 89.764583333332808, 25.9562499999994 ], [ 89.752083333332806, 25.943749999999397 ], [ 89.756249999999483, 25.939583333332727 ], [ 89.777083333332797, 25.939583333332727 ], [ 89.781249999999474, 25.935416666666065 ], [ 89.781249999999474, 25.922916666666062 ], [ 89.772916666666134, 25.914583333332729 ] ] } },
{ "type": "Feature", "properties": { "ARCID": 727513, "UP_CELLS": 933, "region_id": "kurigram", "region_name": "Kurigram" }, "geometry": { "type": "LineString", "coordinates": [ [ 89.852083333332814, 25.935416666666065 ], [ 89.847916666666137, 25.931249999999395 ], [ 89.827083333332808, 25.931249999999395 ], [ 89.818749999999483, 25.922916666666062 ], [ 89.818749999999483, 25.918749999999399 ], [ 89.814583333332806, 25.914583333332729 ], [ 89.814583333332806, 25.910416666666066 ], [ 89.810416666666143, 25.906249999999396 ] ] } },
{ "type": "Feature", "properties": { "ARCID": 727592, "UP_CELLS": 58786, "region_id": "kurigram", "region_name": "Kurigram" }, "geometry": { "type": "LineString", "coordinates": [ [ 89.818749999999483, 26.097916666666059 ], [ 89.810416666666143, 26.089583333332726 ], [ 89.822916666666146, 26.07708333333273 ], [ 89.822916666666146, 26.068749999999397 ], [ 89.827083333332808, 26.064583333332727 ], [ 89.827083333332808, 26.060416666666065 ], [ 89.831249999999471, 26.060416666666065 ], [ 89.839583333332797, 26.052083333332732 ], [ 89.839583333332797, 26.035416666666059 ], [ 89.831249999999471, 26.027083333332726 ], [ 89.831249999999471, 26.01041666666606 ], [ 89.839583333332797, 26.002083333332727 ], [ 89.839583333332797, 25.989583333332732 ], [ 89.831249999999471, 25.981249999999399 ], [ 89.831249999999471, 25.977083333332729 ], [ 89.839583333332797, 25.968749999999396 ], [ 89.839583333332797, 25.960416666666063 ], [ 89.835416666666134, 25.9562499999994 ], [ 89.831249999999471, 25.9562499999994 ], [ 89.827083333332808, 25.95208333333273 ], [ 89.818749999999483, 25.95208333333273 ], [ 89.802083333332803, 25.935416666666065 ], [ 89.802083333332803, 25.922916666666062 ], [ 89.79791666666614, 25.918749999999399 ], [ 89.79791666666614, 25.902083333332733 ] ] } },
{ "type": "Feature", "properties": { "ARCID": 727593, "UP_CELLS": 1048, "region_id": "kurigram", "region_name": "Kurigram" }, "geometry": { "type": "LineString", "coordinates": [ [ 89.810416666666143, 25.906249999999396 ], [ 89.806249999999466, 25.906249999999396 ], [ 89.802083333332803, 25.902083333332733 ], [ 89.79791666666614, 25.902083333332733 ] ] } },
{ "type": "Feature", "properties": { "ARCID": 727683, "UP_CELLS": 28533, "region_id": "kurigram", "region_name": "Kurigram" }, "geometry": { "type": "LineString", "coordinates": [ [ 89.531249999999488, 25.918749999999399 ], [ 89.539583333332814, 25.910416666666066 ], [ 89.539583333332814, 25.902083333332733 ], [ 89.543749999999477, 25.897916666666063 ], [ 89.55624999999948, 25.897916666666063 ] ] } },
{ "type": "Feature", "properties": { "ARCID": 727684, "UP_CELLS": 104, "region_id": "kurigram", "region_name": "Kurigram" }, "geometry": { "type": "LineString", "coordinates": [ [ 89.814583333332806, 25.895833333332732 ], [ 89.814583333332806, 25.902083333332733 ], [ 89.810416666666143, 25.906249999999396 ] ] } },
{ "type": "Feature", "properties": { "ARCID": 727865, "UP_CELLS": 119, "region_id": "kurigram", "region_name": "Kurigram" }, "geometry": { "type": "LineString", "coordinates": [ [ 89.545833333332808, 25.883333333332729 ], [ 89.55624999999948, 25.8937499999994 ], [ 89.55624999999948, 25.897916666666063 ] ] } },
{ "type": "Feature", "properties": { "ARCID": 728169, "UP_CELLS": 63743, "region_id": "kurigram", "region_name": "Kurigram" }, "geometry": { "type": "LineString", "coordinates": [ [ 89.772916666666134, 25.914583333332729 ], [ 89.768749999999471, 25.914583333332729 ], [ 89.756249999999483, 25.902083333332733 ], [ 89.756249999999483, 25.8937499999994 ], [ 89.760416666666146, 25.88958333333273 ], [ 89.764583333332808, 25.88958333333273 ], [ 89.768749999999471, 25.885416666666067 ], [ 89.768749999999471, 25.877083333332735 ], [ 89.772916666666134, 25.872916666666065 ], [ 89.772916666666134, 25.868749999999402 ] ] } },
{ "type": "Feature", "properties": { "ARCID": 728170, "UP_CELLS": 59890, "region_id": "kurigram", "region_name": "Kurigram" }, "geometry": { "type": "LineString", "coordinates": [ [ 89.79791666666614, 25.902083333332733 ], [ 89.793749999999477, 25.897916666666063 ], [ 89.793749999999477, 25.88958333333273 ], [ 89.772916666666134, 25.868749999999402 ] ] } },
{ "type": "Feature", "properties": { "ARCID": 728461, "UP_CELLS": 2485772, "region_id": "kurigram", "region_name": "Kurigram" }, "geometry": { "type": "LineString", "coordinates": [ [ 89.9, 25.866666666666596 ], [ 89.885416666666146, 25.852083333332729 ] ] } },
{ "type": "Feature", "properties": { "ARCID": 728537, "UP_CELLS": 2955, "region_id": "kurigram", "region_name": "Kurigram" }, "geometry": { "type": "LineString", "coordinates": [ [ 89.9, 25.847916666666066 ], [ 89.889583333332808, 25.847916666666066 ], [ 89.885416666666146, 25.852083333332729 ] ] } },
{ "type": "Feature", "properties": { "ARCID": 728610, "UP_CELLS": 2488738, "region_id": "kurigram", "region_name": "Kurigram" }, "geometry": { "type": "LineString", "coordinates": [ [ 89.885416666666146, 25.852083333332729 ], [ 89.877083333332806, 25.843749999999396 ] ] } },
{ "type": "Feature", "properties": { "ARCID": 728696, "UP_CELLS": 172, "region_id": "kurigram", "region_name": "Kurigram" }, "geometry": { "type": "LineString", "coordinates": [ [ 89.854166666666146, 25.868749999999402 ], [ 89.86041666666614, 25.868749999999402 ], [ 89.864583333332803, 25.864583333332732 ], [ 89.864583333332803, 25.856249999999399 ], [ 89.872916666666143, 25.847916666666066 ], [ 89.872916666666143, 25.839583333332733 ] ] } },
{ "type": "Feature", "properties": { "ARCID": 728697, "UP_CELLS": 2489117, "region_id": "kurigram", "region_name": "Kurigram" }, "geometry": { "type": "LineString", "coordinates": [ [ 89.877083333332806, 25.843749999999396 ], [ 89.872916666666143, 25.839583333332733 ] ] } },
{ "type": "Feature", "properties": { "ARCID": 728898, "UP_CELLS": 123686, "region_id": "kurigram", "region_name": "Kurigram" }, "geometry": { "type": "LineString", "coordinates": [ [ 89.772916666666134, 25.868749999999402 ], [ 89.772916666666134, 25.860416666666062 ], [ 89.768749999999471, 25.856249999999399 ], [ 89.768749999999471, 25.843749999999396 ], [ 89.764583333332808, 25.839583333332733 ], [ 89.764583333332808, 25.82708333333273 ] ] } },
{ "type": "Feature", "properties": { "ARCID": 728899, "UP_CELLS": 165, "region_id": "kurigram", "region_name": "Kurigram" }, "geometry": { "type": "LineString", "coordinates": [ [ 89.795833333332808, 25.841666666666065 ], [ 89.789583333332814, 25.835416666666063 ], [ 89.781249999999474, 25.835416666666063 ], [ 89.777083333332797, 25.8312499999994 ], [ 89.772916666666134, 25.8312499999994 ], [ 89.768749999999471, 25.82708333333273 ], [ 89.764583333332808, 25.82708333333273 ] ] } },
{ "type": "Feature", "properties": { "ARCID": 729098, "UP_CELLS": 58512, "region_id": "kurigram", "region_name": "Kurigram" }, "geometry": { "type": "LineString", "coordinates": [ [ 89.4, 25.841666666665542 ], [ 89.406249999999488, 25.835416666666063 ], [ 89.406249999999488, 25.82708333333273 ], [ 89.410416666666151, 25.822916666666067 ], [ 89.410416666666151, 25.814583333332735 ] ] } },
{ "type": "Feature", "properties": { "ARCID": 729154, "UP_CELLS": 479, "region_id": "kurigram", "region_name": "Kurigram" }, "geometry": { "type": "LineString", "coordinates": [ [ 89.4, 25.810416666666065 ], [ 89.410416666666151, 25.810416666666065 ], [ 89.410416666666151, 25.814583333332735 ] ] } },
{ "type": "Feature", "properties": { "ARCID": 729286, "UP_CELLS": 59045, "region_id": "kurigram", "region_name": "Kurigram" }, "geometry": { "type": "LineString", "coordinates": [ [ 89.410416666666151, 25.814583333332735 ], [ 89.418749999999477, 25.806249999999402 ], [ 89.42291666666614, 25.806249999999402 ], [ 89.427083333332803, 25.802083333332732 ], [ 89.43124999999948, 25.802083333332732 ] ] } },
{ "type": "Feature", "properties": { "ARCID": 729287, "UP_CELLS": 1857, "region_id": "kurigram", "region_name": "Kurigram" }, "geometry": { "type": "LineString", "coordinates": [ [ 89.4, 25.904166666665542 ], [ 89.406249999999488, 25.897916666666063 ], [ 89.410416666666151, 25.897916666666063 ], [ 89.414583333332814, 25.8937499999994 ], [ 89.43124999999948, 25.8937499999994 ], [ 89.435416666666157, 25.897916666666063 ], [ 89.43958333333282, 25.8937499999994 ], [ 89.43958333333282, 25.88958333333273 ], [ 89.443749999999483, 25.885416666666067 ], [ 89.443749999999483, 25.881249999999397 ], [ 89.447916666666146, 25.877083333332735 ], [ 89.447916666666146, 25.872916666666065 ], [ 89.435416666666157, 25.860416666666062 ], [ 89.435416666666157, 25.852083333332729 ], [ 89.43124999999948, 25.847916666666066 ], [ 89.43124999999948, 25.822916666666067 ], [ 89.435416666666157, 25.818749999999397 ], [ 89.435416666666157, 25.810416666666065 ], [ 89.43124999999948, 25.806249999999402 ], [ 89.43124999999948, 25.802083333332732 ] ] } },
{ "type": "Feature", "properties": { "ARCID": 729288, "UP_CELLS": 29433, "region_id": "kurigram", "region_name": "Kurigram" }, "geometry": { "type": "LineString", "coordinates": [ [ 89.55624999999948, 25.897916666666063 ], [ 89.56458333333282, 25.897916666666063 ], [ 89.568749999999483, 25.8937499999994 ], [ 89.572916666666146, 25.8937499999994 ], [ 89.577083333332808, 25.88958333333273 ], [ 89.589583333332811, 25.88958333333273 ], [ 89.593749999999474, 25.885416666666067 ], [ 89.593749999999474, 25.877083333332735 ], [ 89.585416666666134, 25.868749999999402 ], [ 89.585416666666134, 25.864583333332732 ], [ 89.589583333332811, 25.860416666666062 ], [ 89.593749999999474, 25.860416666666062 ], [ 89.597916666666151, 25.856249999999399 ], [ 89.61041666666614, 25.856249999999399 ], [ 89.614583333332803, 25.860416666666062 ], [ 89.61874999999948, 25.860416666666062 ], [ 89.635416666666146, 25.877083333332735 ], [ 89.647916666666134, 25.877083333332735 ], [ 89.656249999999474, 25.868749999999402 ], [ 89.656249999999474, 25.852083333332729 ], [ 89.652083333332811, 25.847916666666066 ], [ 89.652083333332811, 25.843749999999396 ], [ 89.656249999999474, 25.839583333332733 ], [ 89.656249999999474, 25.835416666666063 ], [ 89.660416666666151, 25.8312499999994 ], [ 89.664583333332814, 25.8312499999994 ], [ 89.668749999999477, 25.82708333333273 ], [ 89.668749999999477, 25.822916666666067 ], [ 89.67291666666614, 25.818749999999397 ], [ 89.67291666666614, 25.806249999999402 ], [ 89.677083333332803, 25.802083333332732 ] ] } },
{ "type": "Feature", "properties": { "ARCID": 729289, "UP_CELLS": 128, "region_id": "kurigram", "region_name": "Kurigram" }, "geometry": { "type": "LineString", "coordinates": [ [ 89.687499999999474, 25.812499999999396 ], [ 89.677083333332803, 25.802083333332732 ] ] } },
{ "type": "Feature", "properties": { "ARCID": 729344, "UP_CELLS": 374, "region_id": "kurigram", "region_name": "Kurigram" }, "geometry": { "type": "LineString", "coordinates": [ [ 89.9, 25.839583333332733 ], [ 89.881249999999483, 25.839583333332733 ], [ 89.877083333332806, 25.843749999999396 ] ] } },
{ "type": "Feature", "properties": { "ARCID": 729420, "UP_CELLS": 114, "region_id": "kurigram", "region_name": "Kurigram" }, "geometry": { "type": "LineString", "coordinates": [ [ 89.745833333332811, 25.820833333332729 ], [ 89.756249999999483, 25.810416666666065 ], [ 89.756249999999483, 25.797916666666069 ], [ 89.760416666666146, 25.793749999999399 ] ] } },
{ "type": "Feature", "properties": { "ARCID": 729421, "UP_CELLS": 123898, "region_id": "kurigram", "region_name": "Kurigram" }, "geometry": { "type": "LineString", "coordinates": [ [ 89.764583333332808, 25.82708333333273 ], [ 89.764583333332808, 25.797916666666069 ], [ 89.760416666666146, 25.793749999999399 ] ] } },
{ "type": "Feature", "properties": { "ARCID": 729613, "UP_CELLS": 61150, "region_id": "kurigram", "region_name": "Kurigram" }, "geometry": { "type": "LineString", "coordinates": [ [ 89.43124999999948, 25.802083333332732 ], [ 89.43124999999948, 25.797916666666069 ], [ 89.435416666666157, 25.793749999999399 ], [ 89.43958333333282, 25.793749999999399 ], [ 89.447916666666146, 25.785416666666066 ], [ 89.460416666666148, 25.785416666666066 ], [ 89.464583333332811, 25.781249999999403 ] ] } },
{ "type": "Feature", "properties": { "ARCID": 729751, "UP_CELLS": 124028, "region_id": "kurigram", "region_name": "Kurigram" }, "geometry": { "type": "LineString", "coordinates": [ [ 89.760416666666146, 25.793749999999399 ], [ 89.760416666666146, 25.772916666666063 ] ] } },
{ "type": "Feature", "properties": { "ARCID": 729752, "UP_CELLS": 2489603, "region_id": "kurigram", "region_name": "Kurigram" }, "geometry": { "type": "LineString", "coordinates": [ [ 89.872916666666143, 25.839583333332733 ], [ 89.856249999999477, 25.822916666666067 ], [ 89.856249999999477, 25.810416666666065 ], [ 89.843749999999474, 25.797916666666069 ], [ 89.835416666666134, 25.797916666666069 ], [ 89.831249999999471, 25.802083333332732 ], [ 89.827083333332808, 25.802083333332732 ], [ 89.822916666666146, 25.797916666666069 ], [ 89.806249999999466, 25.797916666666069 ], [ 89.802083333332803, 25.793749999999399 ], [ 89.793749999999477, 25.793749999999399 ], [ 89.785416666666151, 25.785416666666066 ], [ 89.772916666666134, 25.785416666666066 ], [ 89.760416666666146, 25.772916666666063 ] ] } },
{ "type": "Feature", "properties": { "ARCID": 729828, "UP_CELLS": 137, "region_id": "kurigram", "region_name": "Kurigram" }, "geometry": { "type": "LineString", "coordinates": [ [ 89.47083333333282, 25.766666666666069 ], [ 89.464583333332811, 25.772916666666063 ], [ 89.464583333332811, 25.781249999999403 ] ] } },
{ "type": "Feature", "properties": { "ARCID": 729829, "UP_CELLS": 29683, "region_id": "kurigram", "region_name": "Kurigram" }, "geometry": { "type": "LineString", "coordinates": [ [ 89.677083333332803, 25.802083333332732 ], [ 89.681249999999466, 25.797916666666069 ], [ 89.681249999999466, 25.793749999999399 ], [ 89.677083333332803, 25.789583333332736 ], [ 89.67291666666614, 25.789583333332736 ], [ 89.668749999999477, 25.785416666666066 ], [ 89.660416666666151, 25.785416666666066 ], [ 89.656249999999474, 25.781249999999403 ], [ 89.668749999999477, 25.7687499999994 ] ] } },
{ "type": "Feature", "properties": { "ARCID": 730097, "UP_CELLS": 761, "region_id": "kurigram", "region_name": "Kurigram" }, "geometry": { "type": "LineString", "coordinates": [ [ 89.520833333332803, 25.841666666666065 ], [ 89.552083333332803, 25.810416666666065 ], [ 89.55624999999948, 25.810416666666065 ], [ 89.560416666666143, 25.806249999999402 ], [ 89.560416666666143, 25.802083333332732 ], [ 89.568749999999483, 25.793749999999399 ], [ 89.56458333333282, 25.789583333332736 ], [ 89.56458333333282, 25.785416666666066 ], [ 89.568749999999483, 25.781249999999403 ], [ 89.568749999999483, 25.777083333332733 ], [ 89.572916666666146, 25.772916666666063 ], [ 89.577083333332808, 25.777083333332733 ], [ 89.581249999999471, 25.772916666666063 ], [ 89.597916666666151, 25.772916666666063 ], [ 89.61874999999948, 25.752083333332735 ], [ 89.622916666666143, 25.756249999999397 ], [ 89.62708333333282, 25.756249999999397 ], [ 89.631249999999483, 25.760416666666067 ], [ 89.635416666666146, 25.760416666666067 ], [ 89.639583333332808, 25.76458333333273 ], [ 89.647916666666134, 25.76458333333273 ], [ 89.652083333332811, 25.760416666666067 ], [ 89.656249999999474, 25.76458333333273 ], [ 89.660416666666151, 25.760416666666067 ], [ 89.668749999999477, 25.7687499999994 ] ] } },
{ "type": "Feature", "properties": { "ARCID": 730098, "UP_CELLS": 109, "region_id": "kurigram", "region_name": "Kurigram" }, "geometry": { "type": "LineString", "coordinates": [ [ 89.864583333332803, 25.762499999999399 ], [ 89.864583333332803, 25.752083333332735 ] ] } },
{ "type": "Feature", "properties": { "ARCID": 730293, "UP_CELLS": 2191, "region_id": "kurigram", "region_name": "Kurigram" }, "geometry": { "type": "LineString", "coordinates": [ [ 89.9, 25.743749999999402 ], [ 89.897916666666134, 25.743749999999402 ], [ 89.893749999999471, 25.747916666666065 ], [ 89.889583333332808, 25.747916666666065 ], [ 89.885416666666146, 25.752083333332735 ], [ 89.864583333332803, 25.752083333332735 ] ] } },
{ "type": "Feature", "properties": { "ARCID": 730428, "UP_CELLS": 141, "region_id": "kurigram", "region_name": "Kurigram" }, "geometry": { "type": "LineString", "coordinates": [ [ 89.739583333332803, 25.762499999999399 ], [ 89.739583333332803, 25.739583333332732 ], [ 89.743749999999466, 25.735416666666069 ], [ 89.743749999999466, 25.731249999999399 ] ] } },
{ "type": "Feature", "properties": { "ARCID": 730429, "UP_CELLS": 2613676, "region_id": "kurigram", "region_name": "Kurigram" }, "geometry": { "type": "LineString", "coordinates": [ [ 89.760416666666146, 25.772916666666063 ], [ 89.756249999999483, 25.7687499999994 ], [ 89.756249999999483, 25.747916666666065 ], [ 89.752083333332806, 25.743749999999402 ], [ 89.752083333332806, 25.739583333332732 ], [ 89.743749999999466, 25.731249999999399 ] ] } },
{ "type": "Feature", "properties": { "ARCID": 730719, "UP_CELLS": 30688, "region_id": "kurigram", "region_name": "Kurigram" }, "geometry": { "type": "LineString", "coordinates": [ [ 89.668749999999477, 25.7687499999994 ], [ 89.677083333332803, 25.760416666666067 ], [ 89.681249999999466, 25.760416666666067 ], [ 89.685416666666143, 25.756249999999397 ], [ 89.710416666666134, 25.756249999999397 ], [ 89.714583333332811, 25.752083333332735 ], [ 89.714583333332811, 25.743749999999402 ], [ 89.697916666666146, 25.727083333332736 ], [ 89.697916666666146, 25.718749999999403 ], [ 89.702083333332808, 25.714583333332733 ] ] } },
{ "type": "Feature", "properties": { "ARCID": 730720, "UP_CELLS": 119, "region_id": "kurigram", "region_name": "Kurigram" }, "geometry": { "type": "LineString", "coordinates": [ [ 89.795833333332808, 25.729166666666067 ], [ 89.806249999999466, 25.718749999999403 ], [ 89.806249999999466, 25.714583333332733 ] ] } },
{ "type": "Feature", "properties": { "ARCID": 730721, "UP_CELLS": 2472, "region_id": "kurigram", "region_name": "Kurigram" }, "geometry": { "type": "LineString", "coordinates": [ [ 89.864583333332803, 25.752083333332735 ], [ 89.835416666666134, 25.722916666666066 ], [ 89.818749999999483, 25.722916666666066 ], [ 89.814583333332806, 25.718749999999403 ], [ 89.810416666666143, 25.718749999999403 ], [ 89.806249999999466, 25.714583333332733 ] ] } },
{ "type": "Feature", "properties": { "ARCID": 730787, "UP_CELLS": 330, "region_id": "kurigram", "region_name": "Kurigram" }, "geometry": { "type": "LineString", "coordinates": [ [ 89.441666666666151, 25.718749999999403 ], [ 89.456249999999471, 25.718749999999403 ], [ 89.460416666666148, 25.714583333332733 ], [ 89.468749999999488, 25.714583333332733 ], [ 89.472916666666151, 25.71041666666607 ], [ 89.49374999999948, 25.71041666666607 ], [ 89.50208333333282, 25.718749999999403 ], [ 89.510416666666146, 25.71041666666607 ], [ 89.522916666666148, 25.71041666666607 ] ] } },
{ "type": "Feature", "properties": { "ARCID": 730788, "UP_CELLS": 61528, "region_id": "kurigram", "region_name": "Kurigram" }, "geometry": { "type": "LineString", "coordinates": [ [ 89.464583333332811, 25.781249999999403 ], [ 89.472916666666151, 25.781249999999403 ], [ 89.477083333332814, 25.777083333332733 ], [ 89.481249999999477, 25.777083333332733 ], [ 89.506249999999483, 25.752083333332735 ], [ 89.506249999999483, 25.739583333332732 ], [ 89.522916666666148, 25.722916666666066 ], [ 89.522916666666148, 25.71041666666607 ] ] } },
{ "type": "Feature", "properties": { "ARCID": 730929, "UP_CELLS": 149, "region_id": "kurigram", "region_name": "Kurigram" }, "geometry": { "type": "LineString", "coordinates": [ [ 89.683333333332811, 25.699999999999399 ], [ 89.689583333332806, 25.7062499999994 ], [ 89.697916666666146, 25.7062499999994 ], [ 89.702083333332808, 25.71041666666607 ], [ 89.702083333332808, 25.714583333332733 ] ] } },
{ "type": "Feature", "properties": { "ARCID": 730930, "UP_CELLS": 30879, "region_id": "kurigram", "region_name": "Kurigram" }, "geometry": { "type": "LineString", "coordinates": [ [ 89.702083333332808, 25.714583333332733 ], [ 89.722916666666151, 25.714583333332733 ], [ 89.727083333332814, 25.71041666666607 ], [ 89.727083333332814, 25.7062499999994 ], [ 89.731249999999477, 25.702083333332737 ] ] } },
{ "type": "Feature", "properties": { "ARCID": 730931, "UP_CELLS": 2613860, "region_id": "kurigram", "region_name": "Kurigram" }, "geometry": { "type": "LineString", "coordinates": [ [ 89.743749999999466, 25.731249999999399 ], [ 89.739583333332803, 25.727083333332736 ], [ 89.739583333332803, 25.722916666666066 ], [ 89.73541666666614, 25.718749999999403 ], [ 89.73541666666614, 25.714583333332733 ], [ 89.731249999999477, 25.71041666666607 ], [ 89.731249999999477, 25.702083333332737 ] ] } },
{ "type": "Feature", "properties": { "ARCID": 731123, "UP_CELLS": 61943, "region_id": "kurigram", "region_name": "Kurigram" }, "geometry": { "type": "LineString", "coordinates": [ [ 89.522916666666148, 25.71041666666607 ], [ 89.527083333332811, 25.7062499999994 ], [ 89.527083333332811, 25.697916666666067 ], [ 89.531249999999488, 25.693749999999405 ], [ 89.531249999999488, 25.689583333332735 ] ] } },
{ "type": "Feature", "properties": { "ARCID": 731124, "UP_CELLS": 117, "region_id": "kurigram", "region_name": "Kurigram" }, "geometry": { "type": "LineString", "coordinates": [ [ 89.549999999999471, 25.704166666666069 ], [ 89.535416666666151, 25.689583333332735 ], [ 89.531249999999488, 25.689583333332735 ] ] } },
{ "type": "Feature", "properties": { "ARCID": 731265, "UP_CELLS": 135, "region_id": "kurigram", "region_name": "Kurigram" }, "geometry": { "type": "LineString", "coordinates": [ [ 89.752083333332806, 25.712499999999402 ], [ 89.752083333332806, 25.685416666666065 ], [ 89.756249999999483, 25.681249999999402 ], [ 89.760416666666146, 25.681249999999402 ] ] } },
{ "type": "Feature", "properties": { "ARCID": 731266, "UP_CELLS": 2700, "region_id": "kurigram", "region_name": "Kurigram" }, "geometry": { "type": "LineString", "coordinates": [ [ 89.806249999999466, 25.714583333332733 ], [ 89.79791666666614, 25.7062499999994 ], [ 89.793749999999477, 25.7062499999994 ], [ 89.789583333332814, 25.702083333332737 ], [ 89.781249999999474, 25.702083333332737 ], [ 89.777083333332797, 25.697916666666067 ], [ 89.772916666666134, 25.697916666666067 ], [ 89.760416666666146, 25.685416666666065 ], [ 89.760416666666146, 25.681249999999402 ] ] } },
{ "type": "Feature", "properties": { "ARCID": 731414, "UP_CELLS": 62146, "region_id": "kurigram", "region_name": "Kurigram" }, "geometry": { "type": "LineString", "coordinates": [ [ 89.531249999999488, 25.689583333332735 ], [ 89.535416666666151, 25.685416666666065 ], [ 89.535416666666151, 25.681249999999402 ], [ 89.539583333332814, 25.677083333332732 ], [ 89.539583333332814, 25.672916666666069 ] ] } },
{ "type": "Feature", "properties": { "ARCID": 731415, "UP_CELLS": 110, "region_id": "kurigram", "region_name": "Kurigram" }, "geometry": { "type": "LineString", "coordinates": [ [ 89.554166666666134, 25.677083333332732 ], [ 89.54791666666614, 25.677083333332732 ], [ 89.543749999999477, 25.672916666666069 ], [ 89.539583333332814, 25.672916666666069 ] ] } },
{ "type": "Feature", "properties": { "ARCID": 731416, "UP_CELLS": 2644765, "region_id": "kurigram", "region_name": "Kurigram" }, "geometry": { "type": "LineString", "coordinates": [ [ 89.731249999999477, 25.702083333332737 ], [ 89.731249999999477, 25.697916666666067 ], [ 89.73541666666614, 25.693749999999405 ], [ 89.73541666666614, 25.672916666666069 ] ] } },
{ "type": "Feature", "properties": { "ARCID": 731473, "UP_CELLS": 191, "region_id": "kurigram", "region_name": "Kurigram" }, "geometry": { "type": "LineString", "coordinates": [ [ 89.699999999999477, 25.668749999999399 ], [ 89.731249999999477, 25.668749999999399 ], [ 89.73541666666614, 25.672916666666069 ] ] } },
{ "type": "Feature", "properties": { "ARCID": 731751, "UP_CELLS": 2644985, "region_id": "kurigram", "region_name": "Kurigram" }, "geometry": { "type": "LineString", "coordinates": [ [ 89.73541666666614, 25.672916666666069 ], [ 89.747916666666143, 25.660416666666066 ], [ 89.747916666666143, 25.656249999999403 ], [ 89.752083333332806, 25.652083333332733 ] ] } },
{ "type": "Feature", "properties": { "ARCID": 731752, "UP_CELLS": 2897, "region_id": "kurigram", "region_name": "Kurigram" }, "geometry": { "type": "LineString", "coordinates": [ [ 89.760416666666146, 25.681249999999402 ], [ 89.760416666666146, 25.664583333332736 ], [ 89.752083333332806, 25.656249999999403 ], [ 89.752083333332806, 25.652083333332733 ] ] } },
{ "type": "Feature", "properties": { "ARCID": 732703, "UP_CELLS": 976, "region_id": "kurigram", "region_name": "Kurigram" }, "geometry": { "type": "LineString", "coordinates": [ [ 89.4, 25.679166666665541 ], [ 89.402083333332811, 25.677083333332732 ], [ 89.402083333332811, 25.672916666666069 ], [ 89.406249999999488, 25.668749999999399 ], [ 89.410416666666151, 25.668749999999399 ], [ 89.414583333332814, 25.672916666666069 ], [ 89.435416666666157, 25.672916666666069 ], [ 89.43958333333282, 25.668749999999399 ], [ 89.43958333333282, 25.6437499999994 ], [ 89.447916666666146, 25.635416666666067 ], [ 89.452083333332808, 25.635416666666067 ], [ 89.456249999999471, 25.631249999999405 ], [ 89.472916666666151, 25.631249999999405 ], [ 89.477083333332814, 25.627083333332735 ], [ 89.481249999999477, 25.627083333332735 ], [ 89.497916666666143, 25.610416666666069 ], [ 89.497916666666143, 25.606249999999406 ], [ 89.50208333333282, 25.602083333332736 ], [ 89.506249999999483, 25.602083333332736 ], [ 89.510416666666146, 25.597916666666066 ], [ 89.510416666666146, 25.593749999999403 ] ] } },
{ "type": "Feature", "properties": { "ARCID": 732703, "UP_CELLS": 976, "region_id": "gaibandha", "region_name": "Gaibandha" }, "geometry": { "type": "LineString", "coordinates": [ [ 89.508333333332217, 25.6 ], [ 89.510416666666146, 25.597916666666066 ], [ 89.510416666666146, 25.593749999999403 ] ] } },
{ "type": "Feature", "properties": { "ARCID": 732704, "UP_CELLS": 161, "region_id": "kurigram", "region_name": "Kurigram" }, "geometry": { "type": "LineString", "coordinates": [ [ 89.695833333332814, 25.6124999999994 ], [ 89.714583333332811, 25.593749999999403 ], [ 89.718749999999474, 25.593749999999403 ] ] } },
{ "type": "Feature", "properties": { "ARCID": 732705, "UP_CELLS": 2647988, "region_id": "kurigram", "region_name": "Kurigram" }, "geometry": { "type": "LineString", "coordinates": [ [ 89.752083333332806, 25.652083333332733 ], [ 89.752083333332806, 25.64791666666607 ], [ 89.727083333332814, 25.622916666666072 ], [ 89.727083333332814, 25.618749999999402 ], [ 89.722916666666151, 25.614583333332739 ], [ 89.722916666666151, 25.610416666666069 ], [ 89.718749999999474, 25.606249999999406 ], [ 89.718749999999474, 25.593749999999403 ] ] } },
{ "type": "Feature", "properties": { "ARCID": 732780, "UP_CELLS": 378, "region_id": "gaibandha", "region_name": "Gaibandha" }, "geometry": { "type": "LineString", "coordinates": [ [ 89.32499999999888, 25.6 ], [ 89.327083333332808, 25.597916666666066 ], [ 89.327083333332808, 25.593749999999403 ], [ 89.331249999999471, 25.589583333332733 ], [ 89.34166666666674, 25.6 ] ] } },
{ "type": "Feature", "properties": { "ARCID": 732971, "UP_CELLS": 158, "region_id": "kurigram", "region_name": "Kurigram" }, "geometry": { "type": "LineString", "coordinates": [ [ 89.483333333332808, 25.591666666666072 ], [ 89.497916666666143, 25.577083333332737 ], [ 89.50208333333282, 25.577083333332737 ], [ 89.510416666666146, 25.58541666666607 ], [ 89.510416666666146, 25.593749999999403 ] ] } },
{ "type": "Feature", "properties": { "ARCID": 732971, "UP_CELLS": 158, "region_id": "gaibandha", "region_name": "Gaibandha" }, "geometry": { "type": "LineString", "coordinates": [ [ 89.483333333332808, 25.591666666666072 ], [ 89.497916666666143, 25.577083333332737 ], [ 89.50208333333282, 25.577083333332737 ], [ 89.510416666666146, 25.58541666666607 ], [ 89.510416666666146, 25.593749999999403 ] ] } },
{ "type": "Feature", "properties": { "ARCID": 732972, "UP_CELLS": 62562, "region_id": "kurigram", "region_name": "Kurigram" }, "geometry": { "type": "LineString", "coordinates": [ [ 89.539583333332814, 25.672916666666069 ], [ 89.539583333332814, 25.614583333332739 ], [ 89.543749999999477, 25.610416666666069 ], [ 89.543749999999477, 25.597916666666066 ], [ 89.54791666666614, 25.593749999999403 ], [ 89.54791666666614, 25.577083333332737 ] ] } },
{ "type": "Feature", "properties": { "ARCID": 732972, "UP_CELLS": 62562, "region_id": "gaibandha", "region_name": "Gaibandha" }, "geometry": { "type": "LineString", "coordinates": [ [ 89.543749999999477, 25.6 ], [ 89.543749999999477, 25.597916666666066 ], [ 89.54791666666614, 25.593749999999403 ], [ 89.54791666666614, 25.577083333332737 ] ] } },
{ "type": "Feature", "properties": { "ARCID": 732973, "UP_CELLS": 123, "region_id": "kurigram", "region_name": "Kurigram" }, "geometry": { "type": "LineString", "coordinates": [ [ 89.56458333333282, 25.595833333332735 ], [ 89.56458333333282, 25.58541666666607 ], [ 89.568749999999483, 25.5812499999994 ], [ 89.568749999999483, 25.577083333332737 ] ] } },
{ "type": "Feature", "properties": { "ARCID": 732973, "UP_CELLS": 123, "region_id": "gaibandha", "region_name": "Gaibandha" }, "geometry": { "type": "LineString", "coordinates": [ [ 89.56458333333282, 25.595833333332735 ], [ 89.56458333333282, 25.58541666666607 ], [ 89.568749999999483, 25.5812499999994 ], [ 89.568749999999483, 25.577083333332737 ] ] } },
{ "type": "Feature", "properties": { "ARCID": 732974, "UP_CELLS": 300, "region_id": "kurigram", "region_name": "Kurigram" }, "geometry": { "type": "LineString", "coordinates": [ [ 89.633333333332814, 25.649999999999402 ], [ 89.639583333332808, 25.6437499999994 ], [ 89.643749999999471, 25.6437499999994 ], [ 89.647916666666134, 25.639583333332737 ], [ 89.647916666666134, 25.631249999999405 ], [ 89.635416666666146, 25.618749999999402 ], [ 89.631249999999483, 25.618749999999402 ], [ 89.62708333333282, 25.614583333332739 ], [ 89.622916666666143, 25.614583333332739 ], [ 89.61874999999948, 25.618749999999402 ], [ 89.614583333332803, 25.618749999999402 ], [ 89.593749999999474, 25.597916666666066 ], [ 89.593749999999474, 25.589583333332733 ], [ 89.589583333332811, 25.58541666666607 ], [ 89.585416666666134, 25.58541666666607 ], [ 89.581249999999471, 25.5812499999994 ], [ 89.572916666666146, 25.5812499999994 ], [ 89.568749999999483, 25.577083333332737 ] ] } },
{ "type": "Feature", "properties": { "ARCID": 732974, "UP_CELLS": 300, "region_id": "gaibandha", "region_name": "Gaibandha" }, "geometry": { "type": "LineString", "coordinates": [ [ 89.595833333333402, 25.6 ], [ 89.593749999999474, 25.597916666666066 ], [ 89.593749999999474, 25.589583333332733 ], [ 89.589583333332811, 25.58541666666607 ], [ 89.585416666666134, 25.58541666666607 ], [ 89.581249999999471, 25.5812499999994 ], [ 89.572916666666146, 25.5812499999994 ], [ 89.568749999999483, 25.577083333332737 ] ] } },
{ "type": "Feature", "properties": { "ARCID": 733031, "UP_CELLS": 1186, "region_id": "kurigram", "region_name": "Kurigram" }, "geometry": { "type": "LineString", "coordinates": [ [ 89.510416666666146, 25.593749999999403 ], [ 89.518749999999471, 25.58541666666607 ], [ 89.518749999999471, 25.5812499999994 ], [ 89.527083333332811, 25.572916666666067 ], [ 89.531249999999488, 25.572916666666067 ], [ 89.535416666666151, 25.577083333332737 ], [ 89.54791666666614, 25.577083333332737 ] ] } },
{ "type": "Feature", "properties": { "ARCID": 733031, "UP_CELLS": 1186, "region_id": "gaibandha", "region_name": "Gaibandha" }, "geometry": { "type": "LineString", "coordinates": [ [ 89.510416666666146, 25.593749999999403 ], [ 89.518749999999471, 25.58541666666607 ], [ 89.518749999999471, 25.5812499999994 ], [ 89.527083333332811, 25.572916666666067 ], [ 89.531249999999488, 25.572916666666067 ], [ 89.535416666666151, 25.577083333332737 ], [ 89.54791666666614, 25.577083333332737 ] ] } },
{ "type": "Feature", "properties": { "ARCID": 733097, "UP_CELLS": 613, "region_id": "kurigram", "region_name": "Kurigram" }, "geometry": { "type": "LineString", "coordinates": [ [ 89.9, 25.658333333333275 ], [ 89.889583333332808, 25.64791666666607 ], [ 89.885416666666146, 25.64791666666607 ], [ 89.881249999999483, 25.6437499999994 ], [ 89.881249999999483, 25.639583333332737 ], [ 89.872916666666143, 25.631249999999405 ], [ 89.872916666666143, 25.610416666666069 ], [ 89.856249999999477, 25.593749999999403 ], [ 89.86041666666614, 25.589583333332733 ], [ 89.864583333332803, 25.589583333332733 ], [ 89.868749999999466, 25.58541666666607 ], [ 89.872916666666143, 25.58541666666607 ], [ 89.877083333332806, 25.5812499999994 ], [ 89.877083333332806, 25.568749999999405 ] ] } },
{ "type": "Feature", "properties": { "ARCID": 733098, "UP_CELLS": 3350, "region_id": "kurigram", "region_name": "Kurigram" }, "geometry": { "type": "LineString", "coordinates": [ [ 89.9, 25.579166666666609 ], [ 89.897916666666134, 25.577083333332737 ], [ 89.893749999999471, 25.577083333332737 ], [ 89.889583333332808, 25.572916666666067 ], [ 89.885416666666146, 25.572916666666067 ], [ 89.881249999999483, 25.568749999999405 ], [ 89.877083333332806, 25.568749999999405 ] ] } },
{ "type": "Feature", "properties": { "ARCID": 733230, "UP_CELLS": 188, "region_id": "gaibandha", "region_name": "Gaibandha" }, "geometry": { "type": "LineString", "coordinates": [ [ 89.331249999999471, 25.558333333332733 ], [ 89.331249999999471, 25.564583333332735 ], [ 89.335416666666148, 25.568749999999405 ], [ 89.335416666666148, 25.5812499999994 ], [ 89.343749999999488, 25.5812499999994 ], [ 89.356249999999477, 25.593749999999403 ], [ 89.36041666666614, 25.593749999999403 ], [ 89.364583333332817, 25.597916666666066 ], [ 89.364583333332817, 25.6 ] ] } },
{ "type": "Feature", "properties": { "ARCID": 733297, "UP_CELLS": 2648219, "region_id": "kurigram", "region_name": "Kurigram" }, "geometry": { "type": "LineString", "coordinates": [ [ 89.718749999999474, 25.593749999999403 ], [ 89.718749999999474, 25.556249999999402 ] ] } },
{ "type": "Feature", "properties": { "ARCID": 733434, "UP_CELLS": 217, "region_id": "kurigram", "region_name": "Kurigram" }, "geometry": { "type": "LineString", "coordinates": [ [ 89.689583333332806, 25.545833333332737 ], [ 89.689583333332806, 25.552083333332739 ], [ 89.697916666666146, 25.560416666666072 ], [ 89.702083333332808, 25.556249999999402 ], [ 89.718749999999474, 25.556249999999402 ] ] } },
{ "type": "Feature", "properties": { "ARCID": 733434, "UP_CELLS": 217, "region_id": "gaibandha", "region_name": "Gaibandha" }, "geometry": { "type": "LineString", "coordinates": [ [ 89.689583333332806, 25.545833333332737 ], [ 89.689583333332806, 25.552083333332739 ], [ 89.697916666666146, 25.560416666666072 ], [ 89.7, 25.558333333332211 ] ] } },
{ "type": "Feature", "properties": { "ARCID": 733435, "UP_CELLS": 4025, "region_id": "kurigram", "region_name": "Kurigram" }, "geometry": { "type": "LineString", "coordinates": [ [ 89.877083333332806, 25.568749999999405 ], [ 89.864583333332803, 25.556249999999402 ], [ 89.856249999999477, 25.556249999999402 ], [ 89.852083333332814, 25.552083333332739 ], [ 89.852083333332814, 25.547916666666069 ] ] } },
{ "type": "Feature", "properties": { "ARCID": 733505, "UP_CELLS": 63840, "region_id": "kurigram", "region_name": "Kurigram" }, "geometry": { "type": "LineString", "coordinates": [ [ 89.54791666666614, 25.577083333332737 ], [ 89.54791666666614, 25.568749999999405 ], [ 89.55624999999948, 25.560416666666072 ], [ 89.55624999999948, 25.556249999999402 ], [ 89.56458333333282, 25.547916666666069 ], [ 89.572916666666146, 25.547916666666069 ], [ 89.577083333332808, 25.543749999999406 ] ] } },
{ "type": "Feature", "properties": { "ARCID": 733505, "UP_CELLS": 63840, "region_id": "gaibandha", "region_name": "Gaibandha" }, "geometry": { "type": "LineString", "coordinates": [ [ 89.54791666666614, 25.577083333332737 ], [ 89.54791666666614, 25.568749999999405 ], [ 89.55624999999948, 25.560416666666072 ], [ 89.55624999999948, 25.556249999999402 ], [ 89.56458333333282, 25.547916666666069 ], [ 89.572916666666146, 25.547916666666069 ], [ 89.577083333332808, 25.543749999999406 ] ] } },
{ "type": "Feature", "properties": { "ARCID": 733506, "UP_CELLS": 473, "region_id": "kurigram", "region_name": "Kurigram" }, "geometry": { "type": "LineString", "coordinates": [ [ 89.568749999999483, 25.577083333332737 ], [ 89.568749999999483, 25.572916666666067 ], [ 89.577083333332808, 25.564583333332735 ], [ 89.577083333332808, 25.560416666666072 ], [ 89.581249999999471, 25.556249999999402 ], [ 89.581249999999471, 25.547916666666069 ], [ 89.577083333332808, 25.543749999999406 ] ] } },
{ "type": "Feature", "properties": { "ARCID": 733506, "UP_CELLS": 473, "region_id": "gaibandha", "region_name": "Gaibandha" }, "geometry": { "type": "LineString", "coordinates": [ [ 89.568749999999483, 25.577083333332737 ], [ 89.568749999999483, 25.572916666666067 ], [ 89.577083333332808, 25.564583333332735 ], [ 89.577083333332808, 25.560416666666072 ], [ 89.581249999999471, 25.556249999999402 ], [ 89.581249999999471, 25.547916666666069 ], [ 89.577083333332808, 25.543749999999406 ] ] } },
{ "type": "Feature", "properties": { "ARCID": 733783, "UP_CELLS": 6902, "region_id": "gaibandha", "region_name": "Gaibandha" }, "geometry": { "type": "LineString", "coordinates": [ [ 89.120833333332229, 25.6 ], [ 89.122916666666157, 25.597916666666066 ], [ 89.122916666666157, 25.589583333332733 ], [ 89.131249999999483, 25.5812499999994 ], [ 89.131249999999483, 25.572916666666067 ], [ 89.139583333332808, 25.564583333332735 ], [ 89.139583333332808, 25.556249999999402 ], [ 89.143749999999486, 25.552083333332739 ], [ 89.143749999999486, 25.52708333333274 ] ] } },
{ "type": "Feature", "properties": { "ARCID": 733784, "UP_CELLS": 167, "region_id": "gaibandha", "region_name": "Gaibandha" }, "geometry": { "type": "LineString", "coordinates": [ [ 89.166666666666146, 25.562499999999403 ], [ 89.156249999999488, 25.552083333332739 ], [ 89.156249999999488, 25.539583333332736 ], [ 89.152083333332826, 25.535416666666073 ], [ 89.152083333332826, 25.531249999999403 ], [ 89.147916666666148, 25.52708333333274 ], [ 89.143749999999486, 25.52708333333274 ] ] } },
{ "type": "Feature", "properties": { "ARCID": 733785, "UP_CELLS": 64487, "region_id": "kurigram", "region_name": "Kurigram" }, "geometry": { "type": "LineString", "coordinates": [ [ 89.577083333332808, 25.543749999999406 ], [ 89.585416666666134, 25.535416666666073 ], [ 89.589583333332811, 25.535416666666073 ], [ 89.593749999999474, 25.531249999999403 ], [ 89.606249999999477, 25.531249999999403 ], [ 89.61041666666614, 25.52708333333274 ], [ 89.631249999999483, 25.52708333333274 ] ] } },
{ "type": "Feature", "properties": { "ARCID": 733785, "UP_CELLS": 64487, "region_id": "gaibandha", "region_name": "Gaibandha" }, "geometry": { "type": "LineString", "coordinates": [ [ 89.577083333332808, 25.543749999999406 ], [ 89.585416666666134, 25.535416666666073 ], [ 89.589583333332811, 25.535416666666073 ], [ 89.593749999999474, 25.531249999999403 ], [ 89.606249999999477, 25.531249999999403 ], [ 89.61041666666614, 25.52708333333274 ], [ 89.631249999999483, 25.52708333333274 ] ] } },
{ "type": "Feature", "properties": { "ARCID": 733786, "UP_CELLS": 210, "region_id": "kurigram", "region_name": "Kurigram" }, "geometry": { "type": "LineString", "coordinates": [ [ 89.629166666666151, 25.583333333332739 ], [ 89.643749999999471, 25.568749999999405 ], [ 89.643749999999471, 25.564583333332735 ], [ 89.647916666666134, 25.560416666666072 ], [ 89.647916666666134, 25.556249999999402 ], [ 89.643749999999471, 25.552083333332739 ], [ 89.643749999999471, 25.547916666666069 ], [ 89.631249999999483, 25.535416666666073 ], [ 89.631249999999483, 25.52708333333274 ] ] } },
{ "type": "Feature", "properties": { "ARCID": 733786, "UP_CELLS": 210, "region_id": "gaibandha", "region_name": "Gaibandha" }, "geometry": { "type": "LineString", "coordinates": [ [ 89.629166666666151, 25.583333333332739 ], [ 89.643749999999471, 25.568749999999405 ], [ 89.643749999999471, 25.564583333332735 ], [ 89.647916666666134, 25.560416666666072 ], [ 89.647916666666134, 25.556249999999402 ], [ 89.643749999999471, 25.552083333332739 ], [ 89.643749999999471, 25.547916666666069 ], [ 89.631249999999483, 25.535416666666073 ], [ 89.631249999999483, 25.52708333333274 ] ] } },
{ "type": "Feature", "properties": { "ARCID": 734042, "UP_CELLS": 4575, "region_id": "kurigram", "region_name": "Kurigram" }, "geometry": { "type": "LineString", "coordinates": [ [ 89.852083333332814, 25.547916666666069 ], [ 89.852083333332814, 25.539583333332736 ], [ 89.847916666666137, 25.535416666666073 ], [ 89.847916666666137, 25.531249999999403 ], [ 89.843749999999474, 25.52708333333274 ], [ 89.843749999999474, 25.510416666666067 ] ] } },
{ "type": "Feature", "properties": { "ARCID": 734118, "UP_CELLS": 2648543, "region_id": "kurigram", "region_name": "Kurigram" }, "geometry": { "type": "LineString", "coordinates": [ [ 89.718749999999474, 25.556249999999402 ], [ 89.722916666666151, 25.552083333332739 ], [ 89.722916666666151, 25.539583333332736 ], [ 89.727083333332814, 25.535416666666073 ], [ 89.727083333332814, 25.506249999999405 ] ] } },
{ "type": "Feature", "properties": { "ARCID": 734119, "UP_CELLS": 148, "region_id": "kurigram", "region_name": "Kurigram" }, "geometry": { "type": "LineString", "coordinates": [ [ 89.754166666666151, 25.524999999999402 ], [ 89.743749999999466, 25.514583333332737 ], [ 89.739583333332803, 25.514583333332737 ], [ 89.731249999999477, 25.506249999999405 ], [ 89.727083333332814, 25.506249999999405 ] ] } },
{ "type": "Feature", "properties": { "ARCID": 734179, "UP_CELLS": 7107, "region_id": "gaibandha", "region_name": "Gaibandha" }, "geometry": { "type": "LineString", "coordinates": [ [ 89.143749999999486, 25.52708333333274 ], [ 89.143749999999486, 25.514583333332737 ], [ 89.147916666666148, 25.510416666666067 ], [ 89.147916666666148, 25.502083333332735 ] ] } },
{ "type": "Feature", "properties": { "ARCID": 734180, "UP_CELLS": 137, "region_id": "gaibandha", "region_name": "Gaibandha" }, "geometry": { "type": "LineString", "coordinates": [ [ 89.15833333333282, 25.502083333332735 ], [ 89.147916666666148, 25.502083333332735 ] ] } },
{ "type": "Feature", "properties": { "ARCID": 734556, "UP_CELLS": 166, "region_id": "kurigram", "region_name": "Kurigram" }, "geometry": { "type": "LineString", "coordinates": [ [ 89.495833333332811, 25.512499999999406 ], [ 89.50208333333282, 25.506249999999405 ], [ 89.50208333333282, 25.493749999999402 ], [ 89.514583333332808, 25.481249999999406 ] ] } },
{ "type": "Feature", "properties": { "ARCID": 734556, "UP_CELLS": 166, "region_id": "gaibandha", "region_name": "Gaibandha" }, "geometry": { "type": "LineString", "coordinates": [ [ 89.495833333332811, 25.512499999999406 ], [ 89.50208333333282, 25.506249999999405 ], [ 89.50208333333282, 25.493749999999402 ], [ 89.514583333332808, 25.481249999999406 ] ] } },
{ "type": "Feature", "properties": { "ARCID": 734557, "UP_CELLS": 157, "region_id": "kurigram", "region_name": "Kurigram" }, "geometry": { "type": "LineString", "coordinates": [ [ 89.537499999999483, 25.516666666666069 ], [ 89.531249999999488, 25.510416666666067 ], [ 89.531249999999488, 25.506249999999405 ], [ 89.518749999999471, 25.493749999999402 ], [ 89.518749999999471, 25.485416666666069 ], [ 89.514583333332808, 25.481249999999406 ] ] } },
{ "type": "Feature", "properties": { "ARCID": 734557, "UP_CELLS": 157, "region_id": "gaibandha", "region_name": "Gaibandha" }, "geometry": { "type": "LineString", "coordinates": [ [ 89.537499999999483, 25.516666666666069 ], [ 89.531249999999488, 25.510416666666067 ], [ 89.531249999999488, 25.506249999999405 ], [ 89.518749999999471, 25.493749999999402 ], [ 89.518749999999471, 25.485416666666069 ], [ 89.514583333332808, 25.481249999999406 ] ] } },
{ "type": "Feature", "properties": { "ARCID": 734779, "UP_CELLS": 488, "region_id": "kurigram", "region_name": "Kurigram" }, "geometry": { "type": "LineString", "coordinates": [ [ 89.4, 25.485416666666069 ], [ 89.406249999999488, 25.485416666666069 ], [ 89.410416666666151, 25.489583333332739 ], [ 89.414583333332814, 25.489583333332739 ], [ 89.418749999999477, 25.485416666666069 ], [ 89.418749999999477, 25.481249999999406 ], [ 89.42291666666614, 25.477083333332736 ], [ 89.42291666666614, 25.472916666666073 ], [ 89.427083333332803, 25.468749999999403 ], [ 89.43124999999948, 25.468749999999403 ] ] } },
{ "type": "Feature", "properties": { "ARCID": 734779, "UP_CELLS": 488, "region_id": "gaibandha", "region_name": "Gaibandha" }, "geometry": { "type": "LineString", "coordinates": [ [ 89.316666666666151, 25.499999999999403 ], [ 89.322916666666146, 25.506249999999405 ], [ 89.335416666666148, 25.506249999999405 ], [ 89.352083333332814, 25.52291666666607 ], [ 89.36041666666614, 25.52291666666607 ], [ 89.372916666666157, 25.510416666666067 ], [ 89.37708333333282, 25.510416666666067 ], [ 89.381249999999483, 25.506249999999405 ], [ 89.381249999999483, 25.493749999999402 ], [ 89.385416666666146, 25.489583333332739 ], [ 89.393749999999471, 25.489583333332739 ], [ 89.397916666666148, 25.485416666666069 ], [ 89.406249999999488, 25.485416666666069 ], [ 89.410416666666151, 25.489583333332739 ], [ 89.414583333332814, 25.489583333332739 ], [ 89.418749999999477, 25.485416666666069 ], [ 89.418749999999477, 25.481249999999406 ], [ 89.42291666666614, 25.477083333332736 ], [ 89.42291666666614, 25.472916666666073 ], [ 89.427083333332803, 25.468749999999403 ], [ 89.43124999999948, 25.468749999999403 ] ] } },
{ "type": "Feature", "properties": { "ARCID": 734780, "UP_CELLS": 3519, "region_id": "kurigram", "region_name": "Kurigram" }, "geometry": { "type": "LineString", "coordinates": [ [ 89.4, 25.558333333332207 ], [ 89.402083333332811, 25.556249999999402 ], [ 89.406249999999488, 25.556249999999402 ], [ 89.410416666666151, 25.552083333332739 ], [ 89.410416666666151, 25.543749999999406 ], [ 89.414583333332814, 25.539583333332736 ], [ 89.418749999999477, 25.539583333332736 ], [ 89.42291666666614, 25.535416666666073 ], [ 89.43958333333282, 25.535416666666073 ], [ 89.452083333332808, 25.52291666666607 ], [ 89.447916666666146, 25.518749999999407 ], [ 89.447916666666146, 25.493749999999402 ], [ 89.43958333333282, 25.485416666666069 ], [ 89.43958333333282, 25.481249999999406 ], [ 89.43124999999948, 25.472916666666073 ], [ 89.43124999999948, 25.468749999999403 ] ] } },
{ "type": "Feature", "properties": { "ARCID": 734780, "UP_CELLS": 3519, "region_id": "gaibandha", "region_name": "Gaibandha" }, "geometry": { "type": "LineString", "coordinates": [ [ 89.393749999999471, 25.6 ], [ 89.393749999999471, 25.589583333332733 ], [ 89.389583333332808, 25.58541666666607 ], [ 89.389583333332808, 25.5812499999994 ], [ 89.385416666666146, 25.577083333332737 ], [ 89.393749999999471, 25.568749999999405 ], [ 89.393749999999471, 25.564583333332735 ], [ 89.402083333332811, 25.556249999999402 ], [ 89.406249999999488, 25.556249999999402 ], [ 89.410416666666151, 25.552083333332739 ], [ 89.410416666666151, 25.543749999999406 ], [ 89.414583333332814, 25.539583333332736 ], [ 89.418749999999477, 25.539583333332736 ], [ 89.42291666666614, 25.535416666666073 ], [ 89.43958333333282, 25.535416666666073 ], [ 89.452083333332808, 25.52291666666607 ], [ 89.447916666666146, 25.518749999999407 ], [ 89.447916666666146, 25.493749999999402 ], [ 89.43958333333282, 25.485416666666069 ], [ 89.43958333333282, 25.481249999999406 ], [ 89.43124999999948, 25.472916666666073 ], [ 89.43124999999948, 25.468749999999403 ] ] } },
{ "type": "Feature", "properties": { "ARCID": 734781, "UP_CELLS": 469, "region_id": "kurigram", "region_name": "Kurigram" }, "geometry": { "type": "LineString", "coordinates": [ [ 89.9, 25.524999999998876 ], [ 89.885416666666146, 25.539583333332736 ], [ 89.881249999999483, 25.539583333332736 ], [ 89.877083333332806, 25.543749999999406 ], [ 89.868749999999466, 25.543749999999406 ], [ 89.864583333332803, 25.547916666666069 ], [ 89.852083333332814, 25.547916666666069 ] ] } },
{ "type": "Feature", "properties": { "ARCID": 734858, "UP_CELLS": 934, "region_id": "kurigram", "region_name": "Kurigram" }, "geometry": { "type": "LineString", "coordinates": [ [ 89.866666666666134, 25.685416666666065 ], [ 89.847916666666137, 25.685416666666065 ], [ 89.810416666666143, 25.64791666666607 ], [ 89.822916666666146, 25.635416666666067 ], [ 89.822916666666146, 25.631249999999405 ], [ 89.814583333332806, 25.622916666666072 ], [ 89.810416666666143, 25.622916666666072 ], [ 89.802083333332803, 25.614583333332739 ], [ 89.79791666666614, 25.614583333332739 ], [ 89.793749999999477, 25.618749999999402 ], [ 89.785416666666151, 25.610416666666069 ], [ 89.785416666666151, 25.602083333332736 ], [ 89.772916666666134, 25.589583333332733 ], [ 89.789583333332814, 25.572916666666067 ], [ 89.789583333332814, 25.514583333332737 ], [ 89.785416666666151, 25.510416666666067 ], [ 89.785416666666151, 25.477083333332736 ], [ 89.789583333332814, 25.472916666666073 ], [ 89.789583333332814, 25.468749999999403 ], [ 89.793749999999477, 25.46458333333274 ] ] } },
{ "type": "Feature", "properties": { "ARCID": 734859, "UP_CELLS": 5264, "region_id": "kurigram", "region_name": "Kurigram" }, "geometry": { "type": "LineString", "coordinates": [ [ 89.843749999999474, 25.510416666666067 ], [ 89.839583333332797, 25.506249999999405 ], [ 89.839583333332797, 25.489583333332739 ], [ 89.831249999999471, 25.481249999999406 ], [ 89.831249999999471, 25.472916666666073 ], [ 89.822916666666146, 25.46458333333274 ] ] } },
{ "type": "Feature", "properties": { "ARCID": 734925, "UP_CELLS": 2602, "region_id": "gaibandha", "region_name": "Gaibandha" }, "geometry": { "type": "LineString", "coordinates": [ [ 89.1, 25.495833333332225 ], [ 89.102083333332814, 25.493749999999402 ], [ 89.102083333332814, 25.489583333332739 ], [ 89.110416666666154, 25.481249999999406 ], [ 89.110416666666154, 25.477083333332736 ], [ 89.114583333332817, 25.472916666666073 ], [ 89.122916666666157, 25.472916666666073 ], [ 89.135416666666146, 25.46041666666607 ], [ 89.139583333332808, 25.46041666666607 ] ] } },
{ "type": "Feature", "properties": { "ARCID": 734926, "UP_CELLS": 7328, "region_id": "gaibandha", "region_name": "Gaibandha" }, "geometry": { "type": "LineString", "coordinates": [ [ 89.147916666666148, 25.502083333332735 ], [ 89.147916666666148, 25.497916666666072 ], [ 89.139583333332808, 25.489583333332739 ], [ 89.139583333332808, 25.46041666666607 ] ] } },
{ "type": "Feature", "properties": { "ARCID": 734927, "UP_CELLS": 406, "region_id": "kurigram", "region_name": "Kurigram" }, "geometry": { "type": "LineString", "coordinates": [ [ 89.831249999999471, 25.46041666666607 ], [ 89.827083333332808, 25.46041666666607 ], [ 89.822916666666146, 25.46458333333274 ] ] } },
{ "type": "Feature", "properties": { "ARCID": 734928, "UP_CELLS": 243, "region_id": "kurigram", "region_name": "Kurigram" }, "geometry": { "type": "LineString", "coordinates": [ [ 89.874999999999474, 25.458333333332739 ], [ 89.864583333332803, 25.468749999999403 ], [ 89.852083333332814, 25.468749999999403 ], [ 89.847916666666137, 25.46458333333274 ], [ 89.839583333332797, 25.46458333333274 ], [ 89.835416666666134, 25.46041666666607 ], [ 89.831249999999471, 25.46041666666607 ] ] } },
{ "type": "Feature", "properties": { "ARCID": 734987, "UP_CELLS": 5733, "region_id": "kurigram", "region_name": "Kurigram" }, "geometry": { "type": "LineString", "coordinates": [ [ 89.822916666666146, 25.46458333333274 ], [ 89.814583333332806, 25.456249999999407 ], [ 89.810416666666143, 25.456249999999407 ], [ 89.806249999999466, 25.46041666666607 ], [ 89.806249999999466, 25.46458333333274 ], [ 89.802083333332803, 25.468749999999403 ], [ 89.79791666666614, 25.46458333333274 ], [ 89.793749999999477, 25.46458333333274 ] ] } },
{ "type": "Feature", "properties": { "ARCID": 735102, "UP_CELLS": 160, "region_id": "kurigram", "region_name": "Kurigram" }, "geometry": { "type": "LineString", "coordinates": [ [ 89.835416666666134, 25.445833333332736 ], [ 89.835416666666134, 25.452083333332737 ], [ 89.831249999999471, 25.456249999999407 ], [ 89.831249999999471, 25.46041666666607 ] ] } },
{ "type": "Feature", "properties": { "ARCID": 735162, "UP_CELLS": 827, "region_id": "gaibandha", "region_name": "Gaibandha" }, "geometry": { "type": "LineString", "coordinates": [ [ 89.220833333332223, 25.6 ], [ 89.222916666666151, 25.597916666666066 ], [ 89.227083333332814, 25.597916666666066 ], [ 89.231249999999477, 25.593749999999403 ], [ 89.23541666666614, 25.593749999999403 ], [ 89.24374999999948, 25.58541666666607 ], [ 89.24374999999948, 25.577083333332737 ], [ 89.247916666666157, 25.572916666666067 ], [ 89.247916666666157, 25.564583333332735 ], [ 89.25208333333282, 25.560416666666072 ], [ 89.25208333333282, 25.556249999999402 ], [ 89.256249999999483, 25.552083333332739 ], [ 89.25208333333282, 25.547916666666069 ], [ 89.256249999999483, 25.543749999999406 ], [ 89.256249999999483, 25.52291666666607 ], [ 89.260416666666146, 25.518749999999407 ], [ 89.256249999999483, 25.514583333332737 ], [ 89.256249999999483, 25.497916666666072 ], [ 89.260416666666146, 25.493749999999402 ], [ 89.260416666666146, 25.472916666666073 ], [ 89.247916666666157, 25.46041666666607 ], [ 89.247916666666157, 25.452083333332737 ], [ 89.24374999999948, 25.447916666666075 ], [ 89.24374999999948, 25.443749999999405 ] ] } },
{ "type": "Feature", "properties": { "ARCID": 735163, "UP_CELLS": 507, "region_id": "kurigram", "region_name": "Kurigram" }, "geometry": { "type": "LineString", "coordinates": [ [ 89.514583333332808, 25.481249999999406 ], [ 89.514583333332808, 25.477083333332736 ], [ 89.518749999999471, 25.472916666666073 ], [ 89.518749999999471, 25.46458333333274 ], [ 89.522916666666148, 25.46041666666607 ], [ 89.522916666666148, 25.452083333332737 ], [ 89.531249999999488, 25.443749999999405 ], [ 89.535416666666151, 25.443749999999405 ] ] } },
{ "type": "Feature", "properties": { "ARCID": 735163, "UP_CELLS": 507, "region_id": "gaibandha", "region_name": "Gaibandha" }, "geometry": { "type": "LineString", "coordinates": [ [ 89.514583333332808, 25.481249999999406 ], [ 89.514583333332808, 25.477083333332736 ], [ 89.518749999999471, 25.472916666666073 ], [ 89.518749999999471, 25.46458333333274 ], [ 89.522916666666148, 25.46041666666607 ], [ 89.522916666666148, 25.452083333332737 ], [ 89.531249999999488, 25.443749999999405 ], [ 89.535416666666151, 25.443749999999405 ] ] } },
{ "type": "Feature", "properties": { "ARCID": 735164, "UP_CELLS": 137, "region_id": "kurigram", "region_name": "Kurigram" }, "geometry": { "type": "LineString", "coordinates": [ [ 89.558333333332811, 25.46458333333274 ], [ 89.552083333332803, 25.46458333333274 ], [ 89.54791666666614, 25.46041666666607 ], [ 89.54791666666614, 25.456249999999407 ], [ 89.535416666666151, 25.443749999999405 ] ] } },
{ "type": "Feature", "properties": { "ARCID": 735164, "UP_CELLS": 137, "region_id": "gaibandha", "region_name": "Gaibandha" }, "geometry": { "type": "LineString", "coordinates": [ [ 89.558333333332811, 25.46458333333274 ], [ 89.552083333332803, 25.46458333333274 ], [ 89.54791666666614, 25.46041666666607 ], [ 89.54791666666614, 25.456249999999407 ], [ 89.535416666666151, 25.443749999999405 ] ] } },
{ "type": "Feature", "properties": { "ARCID": 735165, "UP_CELLS": 556, "region_id": "kurigram", "region_name": "Kurigram" }, "geometry": { "type": "MultiLineString", "coordinates": [ [ [ 89.9, 25.491666666665534 ], [ 89.897916666666134, 25.493749999999402 ], [ 89.9, 25.495833333333277 ] ], [ [ 89.9, 25.50416666666553 ], [ 89.897916666666134, 25.506249999999405 ], [ 89.893749999999471, 25.506249999999405 ], [ 89.889583333332808, 25.510416666666067 ], [ 89.881249999999483, 25.510416666666067 ], [ 89.872916666666143, 25.518749999999407 ], [ 89.864583333332803, 25.510416666666067 ], [ 89.843749999999474, 25.510416666666067 ] ] ] } },
{ "type": "Feature", "properties": { "ARCID": 735220, "UP_CELLS": 219, "region_id": "gaibandha", "region_name": "Gaibandha" }, "geometry": { "type": "LineString", "coordinates": [ [ 89.210416666666148, 25.470833333332735 ], [ 89.210416666666148, 25.46458333333274 ], [ 89.23541666666614, 25.439583333332742 ], [ 89.239583333332817, 25.443749999999405 ], [ 89.24374999999948, 25.443749999999405 ] ] } },
{ "type": "Feature", "properties": { "ARCID": 735293, "UP_CELLS": 2648880, "region_id": "kurigram", "region_name": "Kurigram" }, "geometry": { "type": "LineString", "coordinates": [ [ 89.727083333332814, 25.506249999999405 ], [ 89.727083333332814, 25.489583333332739 ], [ 89.722916666666151, 25.485416666666069 ], [ 89.722916666666151, 25.477083333332736 ], [ 89.718749999999474, 25.472916666666073 ], [ 89.718749999999474, 25.468749999999403 ], [ 89.706249999999471, 25.456249999999407 ], [ 89.706249999999471, 25.435416666666072 ] ] } },
{ "type": "Feature", "properties": { "ARCID": 735356, "UP_CELLS": 6898, "region_id": "kurigram", "region_name": "Kurigram" }, "geometry": { "type": "LineString", "coordinates": [ [ 89.793749999999477, 25.46458333333274 ], [ 89.781249999999474, 25.452083333332737 ], [ 89.772916666666134, 25.452083333332737 ], [ 89.768749999999471, 25.447916666666075 ], [ 89.756249999999483, 25.447916666666075 ], [ 89.752083333332806, 25.443749999999405 ], [ 89.73541666666614, 25.443749999999405 ], [ 89.727083333332814, 25.435416666666072 ], [ 89.722916666666151, 25.439583333332742 ], [ 89.718749999999474, 25.439583333332742 ], [ 89.710416666666134, 25.431249999999409 ], [ 89.706249999999471, 25.435416666666072 ] ] } },
{ "type": "Feature", "properties": { "ARCID": 735518, "UP_CELLS": 222, "region_id": "kurigram", "region_name": "Kurigram" }, "geometry": { "type": "LineString", "coordinates": [ [ 89.652083333332811, 25.462499999999402 ], [ 89.652083333332811, 25.456249999999407 ], [ 89.647916666666134, 25.452083333332737 ], [ 89.647916666666134, 25.443749999999405 ], [ 89.643749999999471, 25.439583333332742 ], [ 89.652083333332811, 25.431249999999409 ], [ 89.652083333332811, 25.427083333332739 ], [ 89.656249999999474, 25.422916666666069 ], [ 89.660416666666151, 25.422916666666069 ] ] } },
{ "type": "Feature", "properties": { "ARCID": 735518, "UP_CELLS": 222, "region_id": "gaibandha", "region_name": "Gaibandha" }, "geometry": { "type": "LineString", "coordinates": [ [ 89.652083333332811, 25.462499999999402 ], [ 89.652083333332811, 25.456249999999407 ], [ 89.647916666666134, 25.452083333332737 ], [ 89.647916666666134, 25.443749999999405 ], [ 89.643749999999471, 25.439583333332742 ], [ 89.652083333332811, 25.431249999999409 ], [ 89.652083333332811, 25.427083333332739 ], [ 89.656249999999474, 25.422916666666069 ], [ 89.660416666666151, 25.422916666666069 ] ] } },
{ "type": "Feature", "properties": { "ARCID": 735519, "UP_CELLS": 64966, "region_id": "kurigram", "region_name": "Kurigram" }, "geometry": { "type": "LineString", "coordinates": [ [ 89.631249999999483, 25.52708333333274 ], [ 89.643749999999471, 25.52708333333274 ], [ 89.656249999999474, 25.514583333332737 ], [ 89.656249999999474, 25.510416666666067 ], [ 89.660416666666151, 25.506249999999405 ], [ 89.660416666666151, 25.502083333332735 ], [ 89.668749999999477, 25.493749999999402 ], [ 89.668749999999477, 25.481249999999406 ], [ 89.664583333332814, 25.477083333332736 ], [ 89.668749999999477, 25.472916666666073 ], [ 89.681249999999466, 25.472916666666073 ], [ 89.685416666666143, 25.468749999999403 ], [ 89.677083333332803, 25.46041666666607 ], [ 89.67291666666614, 25.46041666666607 ], [ 89.668749999999477, 25.456249999999407 ], [ 89.668749999999477, 25.439583333332742 ], [ 89.664583333332814, 25.435416666666072 ], [ 89.664583333332814, 25.427083333332739 ], [ 89.660416666666151, 25.422916666666069 ] ] } },
{ "type": "Feature", "properties": { "ARCID": 735519, "UP_CELLS": 64966, "region_id": "gaibandha", "region_name": "Gaibandha" }, "geometry": { "type": "LineString", "coordinates": [ [ 89.631249999999483, 25.52708333333274 ], [ 89.643749999999471, 25.52708333333274 ], [ 89.656249999999474, 25.514583333332737 ], [ 89.656249999999474, 25.510416666666067 ], [ 89.660416666666151, 25.506249999999405 ], [ 89.660416666666151, 25.502083333332735 ], [ 89.668749999999477, 25.493749999999402 ], [ 89.668749999999477, 25.481249999999406 ], [ 89.664583333332814, 25.477083333332736 ], [ 89.668749999999477, 25.472916666666073 ], [ 89.681249999999466, 25.472916666666073 ], [ 89.685416666666143, 25.468749999999403 ], [ 89.677083333332803, 25.46041666666607 ], [ 89.67291666666614, 25.46041666666607 ], [ 89.668749999999477, 25.456249999999407 ], [ 89.668749999999477, 25.439583333332742 ], [ 89.664583333332814, 25.435416666666072 ], [ 89.664583333332814, 25.427083333332739 ], [ 89.660416666666151, 25.422916666666069 ] ] } },
{ "type": "Feature", "properties": { "ARCID": 735962, "UP_CELLS": 4342, "region_id": "kurigram", "region_name": "Kurigram" }, "geometry": { "type": "LineString", "coordinates": [ [ 89.43124999999948, 25.468749999999403 ], [ 89.435416666666157, 25.46458333333274 ], [ 89.435416666666157, 25.46041666666607 ], [ 89.43958333333282, 25.456249999999407 ], [ 89.43958333333282, 25.447916666666075 ], [ 89.443749999999483, 25.443749999999405 ], [ 89.443749999999483, 25.427083333332739 ], [ 89.470833333332223, 25.4 ] ] } },
{ "type": "Feature", "properties": { "ARCID": 735962, "UP_CELLS": 4342, "region_id": "gaibandha", "region_name": "Gaibandha" }, "geometry": { "type": "LineString", "coordinates": [ [ 89.43124999999948, 25.468749999999403 ], [ 89.435416666666157, 25.46458333333274 ], [ 89.435416666666157, 25.46041666666607 ], [ 89.43958333333282, 25.456249999999407 ], [ 89.43958333333282, 25.447916666666075 ], [ 89.443749999999483, 25.443749999999405 ], [ 89.443749999999483, 25.427083333332739 ], [ 89.472916666666151, 25.39791666666607 ], [ 89.472916666666151, 25.393749999999407 ] ] } },
{ "type": "Feature", "properties": { "ARCID": 736037, "UP_CELLS": 65232, "region_id": "kurigram", "region_name": "Kurigram" }, "geometry": { "type": "LineString", "coordinates": [ [ 89.660416666666151, 25.422916666666069 ], [ 89.660416666666151, 25.418749999999406 ], [ 89.656249999999474, 25.414583333332736 ], [ 89.656249999999474, 25.410416666666073 ], [ 89.660416666666151, 25.406249999999403 ], [ 89.660416666666151, 25.4 ] ] } },
{ "type": "Feature", "properties": { "ARCID": 736037, "UP_CELLS": 65232, "region_id": "gaibandha", "region_name": "Gaibandha" }, "geometry": { "type": "LineString", "coordinates": [ [ 89.660416666666151, 25.422916666666069 ], [ 89.660416666666151, 25.418749999999406 ], [ 89.656249999999474, 25.414583333332736 ], [ 89.656249999999474, 25.410416666666073 ], [ 89.660416666666151, 25.406249999999403 ], [ 89.660416666666151, 25.389583333332737 ] ] } },
{ "type": "Feature", "properties": { "ARCID": 736038, "UP_CELLS": 2655927, "region_id": "kurigram", "region_name": "Kurigram" }, "geometry": { "type": "LineString", "coordinates": [ [ 89.706249999999471, 25.435416666666072 ], [ 89.702083333332808, 25.431249999999409 ], [ 89.702083333332808, 25.422916666666069 ], [ 89.689583333332806, 25.410416666666073 ], [ 89.689583333332806, 25.406249999999403 ], [ 89.683333333333394, 25.4 ] ] } },
{ "type": "Feature", "properties": { "ARCID": 736038, "UP_CELLS": 2655927, "region_id": "gaibandha", "region_name": "Gaibandha" }, "geometry": { "type": "LineString", "coordinates": [ [ 89.7, 25.420833333333263 ], [ 89.689583333332806, 25.410416666666073 ], [ 89.689583333332806, 25.406249999999403 ], [ 89.681249999999466, 25.39791666666607 ], [ 89.677083333332803, 25.39791666666607 ], [ 89.67291666666614, 25.393749999999407 ], [ 89.664583333332814, 25.393749999999407 ], [ 89.660416666666151, 25.389583333332737 ] ] } },
{ "type": "Feature", "properties": { "ARCID": 736106, "UP_CELLS": 10355, "region_id": "gaibandha", "region_name": "Gaibandha" }, "geometry": { "type": "LineString", "coordinates": [ [ 89.139583333332808, 25.46041666666607 ], [ 89.143749999999486, 25.456249999999407 ], [ 89.143749999999486, 25.435416666666072 ], [ 89.147916666666148, 25.431249999999409 ], [ 89.147916666666148, 25.422916666666069 ], [ 89.164583333332814, 25.406249999999403 ], [ 89.17291666666614, 25.406249999999403 ], [ 89.181249999999494, 25.39791666666607 ], [ 89.18958333333282, 25.39791666666607 ], [ 89.193749999999483, 25.393749999999407 ], [ 89.202083333332808, 25.393749999999407 ], [ 89.210416666666148, 25.385416666666075 ] ] } },
{ "type": "Feature", "properties": { "ARCID": 736161, "UP_CELLS": 116, "region_id": "gaibandha", "region_name": "Gaibandha" }, "geometry": { "type": "LineString", "coordinates": [ [ 89.343749999999488, 25.395833333332739 ], [ 89.343749999999488, 25.389583333332737 ], [ 89.347916666666151, 25.385416666666075 ], [ 89.352083333332814, 25.385416666666075 ], [ 89.356249999999477, 25.381249999999405 ] ] } },
{ "type": "Feature", "properties": { "ARCID": 736162, "UP_CELLS": 128, "region_id": "gaibandha", "region_name": "Gaibandha" }, "geometry": { "type": "LineString", "coordinates": [ [ 89.374999999999488, 25.389583333332737 ], [ 89.36874999999948, 25.389583333332737 ], [ 89.36041666666614, 25.381249999999405 ], [ 89.356249999999477, 25.381249999999405 ] ] } },
{ "type": "Feature", "properties": { "ARCID": 736239, "UP_CELLS": 1315, "region_id": "gaibandha", "region_name": "Gaibandha" }, "geometry": { "type": "LineString", "coordinates": [ [ 89.24374999999948, 25.443749999999405 ], [ 89.247916666666157, 25.439583333332742 ], [ 89.272916666666148, 25.439583333332742 ], [ 89.277083333332826, 25.435416666666072 ], [ 89.277083333332826, 25.431249999999409 ], [ 89.281249999999488, 25.427083333332739 ], [ 89.281249999999488, 25.422916666666069 ], [ 89.285416666666151, 25.418749999999406 ], [ 89.285416666666151, 25.385416666666075 ], [ 89.293749999999477, 25.377083333332742 ] ] } },
{ "type": "Feature", "properties": { "ARCID": 736240, "UP_CELLS": 324, "region_id": "gaibandha", "region_name": "Gaibandha" }, "geometry": { "type": "LineString", "coordinates": [ [ 89.331249999999471, 25.458333333332739 ], [ 89.331249999999471, 25.452083333332737 ], [ 89.335416666666148, 25.447916666666075 ], [ 89.331249999999471, 25.443749999999405 ], [ 89.331249999999471, 25.439583333332742 ], [ 89.335416666666148, 25.435416666666072 ], [ 89.335416666666148, 25.414583333332736 ], [ 89.331249999999471, 25.410416666666073 ], [ 89.327083333332808, 25.410416666666073 ], [ 89.30624999999948, 25.389583333332737 ], [ 89.302083333332817, 25.389583333332737 ], [ 89.29791666666614, 25.385416666666075 ], [ 89.29791666666614, 25.381249999999405 ], [ 89.293749999999477, 25.377083333332742 ] ] } },
{ "type": "Feature", "properties": { "ARCID": 736241, "UP_CELLS": 146, "region_id": "gaibandha", "region_name": "Gaibandha" }, "geometry": { "type": "LineString", "coordinates": [ [ 89.437499999999488, 25.377083333332742 ], [ 89.447916666666146, 25.377083333332742 ], [ 89.452083333332808, 25.381249999999405 ], [ 89.452083333332808, 25.385416666666075 ], [ 89.456249999999471, 25.389583333332737 ], [ 89.460416666666148, 25.389583333332737 ], [ 89.468749999999488, 25.39791666666607 ], [ 89.472916666666151, 25.393749999999407 ] ] } },
{ "type": "Feature", "properties": { "ARCID": 736242, "UP_CELLS": 4543, "region_id": "gaibandha", "region_name": "Gaibandha" }, "geometry": { "type": "LineString", "coordinates": [ [ 89.472916666666151, 25.393749999999407 ], [ 89.481249999999477, 25.393749999999407 ], [ 89.489583333332803, 25.385416666666075 ], [ 89.489583333332803, 25.381249999999405 ], [ 89.49374999999948, 25.377083333332742 ] ] } },
{ "type": "Feature", "properties": { "ARCID": 736243, "UP_CELLS": 111, "region_id": "gaibandha", "region_name": "Gaibandha" }, "geometry": { "type": "LineString", "coordinates": [ [ 89.499999999999488, 25.383333333332736 ], [ 89.49374999999948, 25.377083333332742 ] ] } },
{ "type": "Feature", "properties": { "ARCID": 736380, "UP_CELLS": 200, "region_id": "gaibandha", "region_name": "Gaibandha" }, "geometry": { "type": "LineString", "coordinates": [ [ 89.183333333332826, 25.379166666666073 ], [ 89.193749999999483, 25.368749999999409 ], [ 89.197916666666146, 25.368749999999409 ], [ 89.210416666666148, 25.381249999999405 ], [ 89.210416666666148, 25.385416666666075 ] ] } },
{ "type": "Feature", "properties": { "ARCID": 736545, "UP_CELLS": 229, "region_id": "kurigram", "region_name": "Kurigram" }, "geometry": { "type": "LineString", "coordinates": [ [ 89.620833333332811, 25.416666666666075 ], [ 89.62708333333282, 25.410416666666073 ], [ 89.631249999999483, 25.410416666666073 ], [ 89.635416666666146, 25.406249999999403 ], [ 89.635416666666146, 25.4 ] ] } },
{ "type": "Feature", "properties": { "ARCID": 736545, "UP_CELLS": 229, "region_id": "gaibandha", "region_name": "Gaibandha" }, "geometry": { "type": "LineString", "coordinates": [ [ 89.620833333332811, 25.416666666666075 ], [ 89.62708333333282, 25.410416666666073 ], [ 89.631249999999483, 25.410416666666073 ], [ 89.635416666666146, 25.406249999999403 ], [ 89.635416666666146, 25.372916666666072 ], [ 89.639583333332808, 25.368749999999409 ], [ 89.643749999999471, 25.368749999999409 ], [ 89.647916666666134, 25.364583333332739 ], [ 89.647916666666134, 25.360416666666076 ] ] } },
{ "type": "Feature", "properties": { "ARCID": 736546, "UP_CELLS": 2721206, "region_id": "gaibandha", "region_name": "Gaibandha" }, "geometry": { "type": "LineString", "coordinates": [ [ 89.660416666666151, 25.389583333332737 ], [ 89.660416666666151, 25.377083333332742 ], [ 89.656249999999474, 25.372916666666072 ], [ 89.656249999999474, 25.368749999999409 ], [ 89.647916666666134, 25.360416666666076 ] ] } },
{ "type": "Feature", "properties": { "ARCID": 736731, "UP_CELLS": 1765, "region_id": "gaibandha", "region_name": "Gaibandha" }, "geometry": { "type": "LineString", "coordinates": [ [ 89.293749999999477, 25.377083333332742 ], [ 89.29791666666614, 25.372916666666072 ], [ 89.29791666666614, 25.368749999999409 ], [ 89.302083333332817, 25.364583333332739 ], [ 89.30624999999948, 25.364583333332739 ], [ 89.31458333333282, 25.356249999999406 ], [ 89.322916666666146, 25.356249999999406 ], [ 89.327083333332808, 25.352083333332743 ], [ 89.331249999999471, 25.352083333332743 ], [ 89.335416666666148, 25.347916666666073 ] ] } },
{ "type": "Feature", "properties": { "ARCID": 736732, "UP_CELLS": 296, "region_id": "gaibandha", "region_name": "Gaibandha" }, "geometry": { "type": "LineString", "coordinates": [ [ 89.356249999999477, 25.381249999999405 ], [ 89.356249999999477, 25.377083333332742 ], [ 89.352083333332814, 25.372916666666072 ], [ 89.347916666666151, 25.372916666666072 ], [ 89.339583333332811, 25.364583333332739 ], [ 89.339583333332811, 25.352083333332743 ], [ 89.335416666666148, 25.347916666666073 ] ] } },
{ "type": "Feature", "properties": { "ARCID": 737090, "UP_CELLS": 133, "region_id": "gaibandha", "region_name": "Gaibandha" }, "geometry": { "type": "LineString", "coordinates": [ [ 89.233333333332808, 25.327083333332737 ], [ 89.239583333332817, 25.327083333332737 ] ] } },
{ "type": "Feature", "properties": { "ARCID": 737091, "UP_CELLS": 10808, "region_id": "gaibandha", "region_name": "Gaibandha" }, "geometry": { "type": "LineString", "coordinates": [ [ 89.210416666666148, 25.385416666666075 ], [ 89.214583333332826, 25.381249999999405 ], [ 89.214583333332826, 25.372916666666072 ], [ 89.227083333332814, 25.360416666666076 ], [ 89.227083333332814, 25.347916666666073 ], [ 89.231249999999477, 25.34374999999941 ], [ 89.23541666666614, 25.34374999999941 ], [ 89.23541666666614, 25.33958333333274 ], [ 89.239583333332817, 25.33541666666607 ], [ 89.239583333332817, 25.327083333332737 ] ] } },
{ "type": "Feature", "properties": { "ARCID": 737344, "UP_CELLS": 1148, "region_id": "gaibandha", "region_name": "Gaibandha" }, "geometry": { "type": "LineString", "coordinates": [ [ 89.1, 25.34583333333223 ], [ 89.102083333332814, 25.34374999999941 ], [ 89.102083333332814, 25.33958333333274 ], [ 89.106249999999477, 25.33541666666607 ], [ 89.106249999999477, 25.314583333332742 ], [ 89.110416666666154, 25.310416666666072 ] ] } },
{ "type": "Feature", "properties": { "ARCID": 737345, "UP_CELLS": 102, "region_id": "gaibandha", "region_name": "Gaibandha" }, "geometry": { "type": "LineString", "coordinates": [ [ 89.120833333332826, 25.310416666666072 ], [ 89.110416666666154, 25.310416666666072 ] ] } },
{ "type": "Feature", "properties": { "ARCID": 737402, "UP_CELLS": 401, "region_id": "gaibandha", "region_name": "Gaibandha" }, "geometry": { "type": "LineString", "coordinates": [ [ 89.39166666666614, 25.329166666666076 ], [ 89.397916666666148, 25.322916666666075 ], [ 89.402083333332811, 25.327083333332737 ], [ 89.410416666666151, 25.327083333332737 ], [ 89.418749999999477, 25.33541666666607 ], [ 89.42291666666614, 25.33541666666607 ], [ 89.427083333332803, 25.33958333333274 ], [ 89.43124999999948, 25.33958333333274 ], [ 89.443749999999483, 25.352083333332743 ], [ 89.447916666666146, 25.352083333332743 ], [ 89.452083333332808, 25.347916666666073 ], [ 89.447916666666146, 25.34374999999941 ], [ 89.447916666666146, 25.33541666666607 ], [ 89.443749999999483, 25.331249999999407 ], [ 89.443749999999483, 25.306249999999409 ] ] } },
{ "type": "Feature", "properties": { "ARCID": 737403, "UP_CELLS": 101, "region_id": "gaibandha", "region_name": "Gaibandha" }, "geometry": { "type": "LineString", "coordinates": [ [ 89.449999999999477, 25.306249999999409 ], [ 89.443749999999483, 25.306249999999409 ] ] } },
{ "type": "Feature", "properties": { "ARCID": 737404, "UP_CELLS": 1217, "region_id": "kurigram", "region_name": "Kurigram" }, "geometry": { "type": "LineString", "coordinates": [ [ 89.535416666666151, 25.443749999999405 ], [ 89.543749999999477, 25.435416666666072 ], [ 89.543749999999477, 25.422916666666069 ], [ 89.54791666666614, 25.418749999999406 ], [ 89.54791666666614, 25.406249999999403 ], [ 89.552083333332803, 25.40208333333274 ], [ 89.55624999999948, 25.40208333333274 ], [ 89.558333333332229, 25.4 ] ] } },
{ "type": "Feature", "properties": { "ARCID": 737404, "UP_CELLS": 1217, "region_id": "gaibandha", "region_name": "Gaibandha" }, "geometry": { "type": "LineString", "coordinates": [ [ 89.535416666666151, 25.443749999999405 ], [ 89.543749999999477, 25.435416666666072 ], [ 89.543749999999477, 25.422916666666069 ], [ 89.54791666666614, 25.418749999999406 ], [ 89.54791666666614, 25.406249999999403 ], [ 89.552083333332803, 25.40208333333274 ], [ 89.55624999999948, 25.40208333333274 ], [ 89.56458333333282, 25.393749999999407 ], [ 89.577083333332808, 25.393749999999407 ], [ 89.593749999999474, 25.377083333332742 ], [ 89.593749999999474, 25.356249999999406 ], [ 89.597916666666151, 25.352083333332743 ], [ 89.606249999999477, 25.352083333332743 ], [ 89.61874999999948, 25.33958333333274 ], [ 89.61874999999948, 25.322916666666075 ], [ 89.622916666666143, 25.318749999999405 ], [ 89.622916666666143, 25.314583333332742 ], [ 89.62708333333282, 25.310416666666072 ], [ 89.631249999999483, 25.310416666666072 ], [ 89.635416666666146, 25.306249999999409 ], [ 89.643749999999471, 25.306249999999409 ] ] } },
{ "type": "Feature", "properties": { "ARCID": 737405, "UP_CELLS": 2721534, "region_id": "gaibandha", "region_name": "Gaibandha" }, "geometry": { "type": "LineString", "coordinates": [ [ 89.647916666666134, 25.360416666666076 ], [ 89.643749999999471, 25.356249999999406 ], [ 89.643749999999471, 25.347916666666073 ], [ 89.639583333332808, 25.34374999999941 ], [ 89.639583333332808, 25.33958333333274 ], [ 89.643749999999471, 25.33541666666607 ], [ 89.643749999999471, 25.306249999999409 ] ] } },
{ "type": "Feature", "properties": { "ARCID": 737535, "UP_CELLS": 11070, "region_id": "gaibandha", "region_name": "Gaibandha" }, "geometry": { "type": "LineString", "coordinates": [ [ 89.239583333332817, 25.327083333332737 ], [ 89.256249999999483, 25.310416666666072 ], [ 89.256249999999483, 25.302083333332739 ], [ 89.260416666666146, 25.297916666666076 ], [ 89.264583333332808, 25.297916666666076 ] ] } },
{ "type": "Feature", "properties": { "ARCID": 737536, "UP_CELLS": 106, "region_id": "gaibandha", "region_name": "Gaibandha" }, "geometry": { "type": "LineString", "coordinates": [ [ 89.27499999999948, 25.302083333332739 ], [ 89.268749999999486, 25.302083333332739 ], [ 89.264583333332808, 25.297916666666076 ] ] } },
{ "type": "Feature", "properties": { "ARCID": 737609, "UP_CELLS": 1642, "region_id": "sunamganj", "region_name": "Sunamganj" }, "geometry": { "type": "LineString", "coordinates": [ [ 91.635416666666117, 25.3 ], [ 91.635416666666117, 25.297916666666076 ], [ 91.63958333333278, 25.293749999999406 ] ] } },
{ "type": "Feature", "properties": { "ARCID": 737610, "UP_CELLS": 123, "region_id": "sunamganj", "region_name": "Sunamganj" }, "geometry": { "type": "LineString", "coordinates": [ [ 91.645833333332774, 25.293749999999406 ], [ 91.63958333333278, 25.293749999999406 ] ] } },
{ "type": "Feature", "properties": { "ARCID": 737664, "UP_CELLS": 2722773, "region_id": "gaibandha", "region_name": "Gaibandha" }, "geometry": { "type": "LineString", "coordinates": [ [ 89.643749999999471, 25.306249999999409 ], [ 89.643749999999471, 25.297916666666076 ], [ 89.652083333332811, 25.289583333332743 ] ] } },
{ "type": "Feature", "properties": { "ARCID": 737665, "UP_CELLS": 1706, "region_id": "gaibandha", "region_name": "Gaibandha" }, "geometry": { "type": "LineString", "coordinates": [ [ 89.7, 25.341666666665546 ], [ 89.693749999999483, 25.347916666666073 ], [ 89.689583333332806, 25.347916666666073 ], [ 89.681249999999466, 25.33958333333274 ], [ 89.681249999999466, 25.33541666666607 ], [ 89.677083333332803, 25.331249999999407 ], [ 89.677083333332803, 25.327083333332737 ], [ 89.668749999999477, 25.318749999999405 ], [ 89.668749999999477, 25.297916666666076 ], [ 89.660416666666151, 25.289583333332743 ], [ 89.652083333332811, 25.289583333332743 ] ] } },
{ "type": "Feature", "properties": { "ARCID": 737666, "UP_CELLS": 263, "region_id": "jamalpur", "region_name": "Jamalpur" }, "geometry": { "type": "LineString", "coordinates": [ [ 90.122916666666129, 25.3 ], [ 90.122916666666129, 25.289583333332743 ] ] } },
{ "type": "Feature", "properties": { "ARCID": 737667, "UP_CELLS": 359, "region_id": "jamalpur", "region_name": "Jamalpur" }, "geometry": { "type": "LineString", "coordinates": [ [ 90.133333333333411, 25.3 ], [ 90.122916666666129, 25.289583333332743 ] ] } },
{ "type": "Feature", "properties": { "ARCID": 737669, "UP_CELLS": 1132, "region_id": "sunamganj", "region_name": "Sunamganj" }, "geometry": { "type": "LineString", "coordinates": [ [ 91.297916666666111, 25.3 ], [ 91.297916666666111, 25.289583333332743 ] ] } },
{ "type": "Feature", "properties": { "ARCID": 737706, "UP_CELLS": 135, "region_id": "sunamganj", "region_name": "Sunamganj" }, "geometry": { "type": "LineString", "coordinates": [ [ 91.066666666666123, 25.283333333332742 ], [ 91.072916666666117, 25.289583333332743 ], [ 91.072916666666117, 25.297916666666076 ], [ 91.075, 25.3 ] ] } },
{ "type": "Feature", "properties": { "ARCID": 737707, "UP_CELLS": 230, "region_id": "sunamganj", "region_name": "Sunamganj" }, "geometry": { "type": "LineString", "coordinates": [ [ 91.491666666665509, 25.3 ], [ 91.493749999999437, 25.297916666666076 ], [ 91.493749999999437, 25.285416666666073 ] ] } },
{ "type": "Feature", "properties": { "ARCID": 737775, "UP_CELLS": 10274, "region_id": "sunamganj", "region_name": "Sunamganj" }, "geometry": { "type": "LineString", "coordinates": [ [ 91.131249999999454, 25.3 ], [ 91.131249999999454, 25.297916666666076 ], [ 91.13958333333278, 25.289583333332743 ], [ 91.143749999999443, 25.289583333332743 ], [ 91.152083333332783, 25.28124999999941 ] ] } },
{ "type": "Feature", "properties": { "ARCID": 737776, "UP_CELLS": 348, "region_id": "sunamganj", "region_name": "Sunamganj" }, "geometry": { "type": "LineString", "coordinates": [ [ 91.170833333333377, 25.3 ], [ 91.168749999999449, 25.297916666666076 ], [ 91.164583333332786, 25.297916666666076 ], [ 91.152083333332783, 25.285416666666073 ], [ 91.152083333332783, 25.28124999999941 ] ] } },
{ "type": "Feature", "properties": { "ARCID": 737777, "UP_CELLS": 160, "region_id": "sunamganj", "region_name": "Sunamganj" }, "geometry": { "type": "LineString", "coordinates": [ [ 91.333333333332774, 25.28124999999941 ], [ 91.314583333332791, 25.28124999999941 ], [ 91.310416666666114, 25.285416666666073 ], [ 91.306249999999451, 25.285416666666073 ], [ 91.302083333332774, 25.289583333332743 ], [ 91.297916666666111, 25.289583333332743 ] ] } },
{ "type": "Feature", "properties": { "ARCID": 737854, "UP_CELLS": 121, "region_id": "sunamganj", "region_name": "Sunamganj" }, "geometry": { "type": "LineString", "coordinates": [ [ 91.260416666666117, 25.299999999999407 ], [ 91.260416666666117, 25.285416666666073 ], [ 91.256249999999454, 25.28124999999941 ], [ 91.256249999999454, 25.27708333333274 ] ] } },
{ "type": "Feature", "properties": { "ARCID": 737855, "UP_CELLS": 1537, "region_id": "sunamganj", "region_name": "Sunamganj" }, "geometry": { "type": "LineString", "coordinates": [ [ 91.55, 25.3 ], [ 91.547916666666111, 25.297916666666076 ], [ 91.552083333332774, 25.293749999999406 ], [ 91.543749999999449, 25.285416666666073 ], [ 91.543749999999449, 25.28124999999941 ], [ 91.539583333332786, 25.28124999999941 ], [ 91.535416666666123, 25.27708333333274 ], [ 91.531249999999446, 25.28124999999941 ], [ 91.510416666666117, 25.28124999999941 ], [ 91.506249999999454, 25.285416666666073 ], [ 91.493749999999437, 25.285416666666073 ] ] } },
{ "type": "Feature", "properties": { "ARCID": 737927, "UP_CELLS": 138, "region_id": "jamalpur", "region_name": "Jamalpur" }, "geometry": { "type": "LineString", "coordinates": [ [ 89.895833333332803, 25.299999999999407 ], [ 89.889583333332808, 25.293749999999406 ], [ 89.889583333332808, 25.28124999999941 ], [ 89.893749999999471, 25.27708333333274 ], [ 89.897916666666134, 25.27708333333274 ], [ 89.902083333332797, 25.272916666666077 ] ] } },
{ "type": "Feature", "properties": { "ARCID": 737929, "UP_CELLS": 204, "region_id": "sunamganj", "region_name": "Sunamganj" }, "geometry": { "type": "LineString", "coordinates": [ [ 91.410416666666123, 25.299999999999407 ], [ 91.410416666666123, 25.293749999999406 ], [ 91.414583333332786, 25.289583333332743 ], [ 91.422916666666111, 25.289583333332743 ], [ 91.435416666666114, 25.27708333333274 ], [ 91.435416666666114, 25.272916666666077 ] ] } },
{ "type": "Feature", "properties": { "ARCID": 737974, "UP_CELLS": 2724508, "region_id": "gaibandha", "region_name": "Gaibandha" }, "geometry": { "type": "LineString", "coordinates": [ [ 89.652083333332811, 25.289583333332743 ], [ 89.656249999999474, 25.285416666666073 ], [ 89.656249999999474, 25.28124999999941 ], [ 89.660416666666151, 25.27708333333274 ], [ 89.660416666666151, 25.268749999999407 ] ] } },
{ "type": "Feature", "properties": { "ARCID": 737975, "UP_CELLS": 135, "region_id": "jamalpur", "region_name": "Jamalpur" }, "geometry": { "type": "LineString", "coordinates": [ [ 89.872916666666143, 25.295833333332737 ], [ 89.872916666666143, 25.289583333332743 ], [ 89.881249999999483, 25.28124999999941 ], [ 89.881249999999483, 25.27708333333274 ], [ 89.885416666666146, 25.272916666666077 ], [ 89.889583333332808, 25.272916666666077 ], [ 89.893749999999471, 25.268749999999407 ], [ 89.897916666666134, 25.272916666666077 ], [ 89.902083333332797, 25.272916666666077 ] ] } },
{ "type": "Feature", "properties": { "ARCID": 737976, "UP_CELLS": 508, "region_id": "jamalpur", "region_name": "Jamalpur" }, "geometry": { "type": "LineString", "coordinates": [ [ 90.004166666666734, 25.3 ], [ 90.002083333332806, 25.297916666666076 ], [ 90.002083333332806, 25.289583333332743 ], [ 90.006249999999469, 25.285416666666073 ], [ 89.997916666666129, 25.27708333333274 ], [ 89.997916666666129, 25.272916666666077 ], [ 90.002083333332806, 25.268749999999407 ] ] } },
{ "type": "Feature", "properties": { "ARCID": 737977, "UP_CELLS": 410, "region_id": "jamalpur", "region_name": "Jamalpur" }, "geometry": { "type": "LineString", "coordinates": [ [ 90.0375, 25.3 ], [ 90.03124999999946, 25.293749999999406 ], [ 90.027083333332797, 25.293749999999406 ], [ 90.022916666666134, 25.289583333332743 ], [ 90.022916666666134, 25.285416666666073 ], [ 90.014583333332808, 25.27708333333274 ], [ 90.010416666666146, 25.27708333333274 ], [ 90.002083333332806, 25.268749999999407 ] ] } },
{ "type": "Feature", "properties": { "ARCID": 737978, "UP_CELLS": 10655, "region_id": "sunamganj", "region_name": "Sunamganj" }, "geometry": { "type": "LineString", "coordinates": [ [ 91.152083333332783, 25.28124999999941 ], [ 91.160416666666123, 25.272916666666077 ], [ 91.164583333332786, 25.272916666666077 ], [ 91.168749999999449, 25.268749999999407 ] ] } },
{ "type": "Feature", "properties": { "ARCID": 737979, "UP_CELLS": 184, "region_id": "sunamganj", "region_name": "Sunamganj" }, "geometry": { "type": "LineString", "coordinates": [ [ 91.2, 25.3 ], [ 91.197916666666117, 25.297916666666076 ], [ 91.193749999999454, 25.297916666666076 ], [ 91.185416666666129, 25.289583333332743 ], [ 91.185416666666129, 25.285416666666073 ], [ 91.181249999999451, 25.28124999999941 ], [ 91.177083333332789, 25.28124999999941 ], [ 91.168749999999449, 25.272916666666077 ], [ 91.168749999999449, 25.268749999999407 ] ] } },
{ "type": "Feature", "properties": { "ARCID": 737980, "UP_CELLS": 1410, "region_id": "sunamganj", "region_name": "Sunamganj" }, "geometry": { "type": "LineString", "coordinates": [ [ 91.297916666666111, 25.289583333332743 ], [ 91.277083333332783, 25.268749999999407 ], [ 91.268749999999443, 25.268749999999407 ], [ 91.26458333333278, 25.272916666666077 ], [ 91.260416666666117, 25.272916666666077 ], [ 91.256249999999454, 25.27708333333274 ] ] } },
{ "type": "Feature", "properties": { "ARCID": 738056, "UP_CELLS": 1965, "region_id": "sunamganj", "region_name": "Sunamganj" }, "geometry": { "type": "LineString", "coordinates": [ [ 91.493749999999437, 25.285416666666073 ], [ 91.489583333332774, 25.28124999999941 ], [ 91.489583333332774, 25.272916666666077 ], [ 91.481249999999449, 25.264583333332745 ], [ 91.477083333332786, 25.264583333332745 ], [ 91.468749999999446, 25.272916666666077 ], [ 91.464583333332783, 25.268749999999407 ], [ 91.460416666666106, 25.272916666666077 ], [ 91.435416666666114, 25.272916666666077 ] ] } },
{ "type": "Feature", "properties": { "ARCID": 738126, "UP_CELLS": 168, "region_id": "gaibandha", "region_name": "Gaibandha" }, "geometry": { "type": "LineString", "coordinates": [ [ 89.620833333332811, 25.260416666666075 ], [ 89.631249999999483, 25.260416666666075 ], [ 89.639583333332808, 25.268749999999407 ], [ 89.660416666666151, 25.268749999999407 ] ] } },
{ "type": "Feature", "properties": { "ARCID": 738254, "UP_CELLS": 332, "region_id": "jamalpur", "region_name": "Jamalpur" }, "geometry": { "type": "LineString", "coordinates": [ [ 89.902083333332797, 25.272916666666077 ], [ 89.902083333332797, 25.256249999999412 ], [ 89.906249999999474, 25.252083333332742 ] ] } },
{ "type": "Feature", "properties": { "ARCID": 738255, "UP_CELLS": 304, "region_id": "jamalpur", "region_name": "Jamalpur" }, "geometry": { "type": "LineString", "coordinates": [ [ 89.947916666666146, 25.3 ], [ 89.947916666666146, 25.289583333332743 ], [ 89.943749999999469, 25.285416666666073 ], [ 89.943749999999469, 25.27708333333274 ], [ 89.931249999999466, 25.264583333332745 ], [ 89.92291666666614, 25.264583333332745 ], [ 89.918749999999477, 25.260416666666075 ], [ 89.914583333332814, 25.260416666666075 ], [ 89.906249999999474, 25.252083333332742 ] ] } },
{ "type": "Feature", "properties": { "ARCID": 738326, "UP_CELLS": 139, "region_id": "gaibandha", "region_name": "Gaibandha" }, "geometry": { "type": "LineString", "coordinates": [ [ 89.164583333332814, 25.274999999999409 ], [ 89.164583333332814, 25.256249999999412 ], [ 89.160416666666151, 25.252083333332742 ], [ 89.164583333332814, 25.247916666666072 ] ] } },
{ "type": "Feature", "properties": { "ARCID": 738327, "UP_CELLS": 11383, "region_id": "gaibandha", "region_name": "Gaibandha" }, "geometry": { "type": "LineString", "coordinates": [ [ 89.264583333332808, 25.297916666666076 ], [ 89.268749999999486, 25.293749999999406 ], [ 89.268749999999486, 25.268749999999407 ], [ 89.289583333332814, 25.247916666666072 ] ] } },
{ "type": "Feature", "properties": { "ARCID": 738328, "UP_CELLS": 2370, "region_id": "gaibandha", "region_name": "Gaibandha" }, "geometry": { "type": "LineString", "coordinates": [ [ 89.335416666666148, 25.347916666666073 ], [ 89.339583333332811, 25.34374999999941 ], [ 89.339583333332811, 25.327083333332737 ], [ 89.335416666666148, 25.322916666666075 ], [ 89.335416666666148, 25.318749999999405 ], [ 89.31458333333282, 25.297916666666076 ], [ 89.31458333333282, 25.293749999999406 ], [ 89.318749999999483, 25.289583333332743 ], [ 89.318749999999483, 25.285416666666073 ], [ 89.31458333333282, 25.28124999999941 ], [ 89.302083333332817, 25.28124999999941 ], [ 89.29791666666614, 25.27708333333274 ], [ 89.29791666666614, 25.260416666666075 ], [ 89.289583333332814, 25.252083333332742 ], [ 89.289583333332814, 25.247916666666072 ] ] } },
{ "type": "Feature", "properties": { "ARCID": 738329, "UP_CELLS": 11003, "region_id": "sunamganj", "region_name": "Sunamganj" }, "geometry": { "type": "LineString", "coordinates": [ [ 91.168749999999449, 25.268749999999407 ], [ 91.181249999999451, 25.256249999999412 ], [ 91.197916666666117, 25.256249999999412 ], [ 91.20208333333278, 25.252083333332742 ], [ 91.21041666666612, 25.252083333332742 ], [ 91.214583333332783, 25.247916666666072 ] ] } },
{ "type": "Feature", "properties": { "ARCID": 738330, "UP_CELLS": 1660, "region_id": "sunamganj", "region_name": "Sunamganj" }, "geometry": { "type": "LineString", "coordinates": [ [ 91.256249999999454, 25.27708333333274 ], [ 91.252083333332791, 25.27708333333274 ], [ 91.247916666666114, 25.272916666666077 ], [ 91.247916666666114, 25.268749999999407 ], [ 91.239583333332774, 25.260416666666075 ], [ 91.235416666666111, 25.264583333332745 ], [ 91.231249999999449, 25.260416666666075 ], [ 91.231249999999449, 25.256249999999412 ], [ 91.222916666666123, 25.247916666666072 ], [ 91.214583333332783, 25.247916666666072 ] ] } },
{ "type": "Feature", "properties": { "ARCID": 738458, "UP_CELLS": 210, "region_id": "gaibandha", "region_name": "Gaibandha" }, "geometry": { "type": "LineString", "coordinates": [ [ 89.191666666666151, 25.243749999999409 ], [ 89.185416666666157, 25.243749999999409 ], [ 89.181249999999494, 25.239583333332739 ], [ 89.177083333332817, 25.239583333332739 ], [ 89.17291666666614, 25.243749999999409 ], [ 89.168749999999477, 25.243749999999409 ], [ 89.164583333332814, 25.247916666666072 ] ] } },
{ "type": "Feature", "properties": { "ARCID": 738517, "UP_CELLS": 216, "region_id": "jamalpur", "region_name": "Jamalpur" }, "geometry": { "type": "LineString", "coordinates": [ [ 89.824999999999477, 25.291666666666075 ], [ 89.818749999999483, 25.285416666666073 ], [ 89.814583333332806, 25.285416666666073 ], [ 89.806249999999466, 25.27708333333274 ], [ 89.806249999999466, 25.272916666666077 ], [ 89.818749999999483, 25.260416666666075 ], [ 89.818749999999483, 25.243749999999409 ], [ 89.810416666666143, 25.235416666666076 ] ] } },
{ "type": "Feature", "properties": { "ARCID": 738584, "UP_CELLS": 13803, "region_id": "gaibandha", "region_name": "Gaibandha" }, "geometry": { "type": "LineString", "coordinates": [ [ 89.289583333332814, 25.247916666666072 ], [ 89.289583333332814, 25.239583333332739 ], [ 89.29791666666614, 25.231249999999406 ] ] } },
{ "type": "Feature", "properties": { "ARCID": 738585, "UP_CELLS": 100, "region_id": "jamalpur", "region_name": "Jamalpur" }, "geometry": { "type": "LineString", "coordinates": [ [ 89.752083333332806, 25.237499999999407 ], [ 89.752083333332806, 25.231249999999406 ] ] } },
{ "type": "Feature", "properties": { "ARCID": 738586, "UP_CELLS": 112, "region_id": "jamalpur", "region_name": "Jamalpur" }, "geometry": { "type": "LineString", "coordinates": [ [ 89.756249999999483, 25.24583333333274 ], [ 89.756249999999483, 25.235416666666076 ], [ 89.752083333332806, 25.231249999999406 ] ] } },
{ "type": "Feature", "properties": { "ARCID": 738640, "UP_CELLS": 199, "region_id": "jamalpur", "region_name": "Jamalpur" }, "geometry": { "type": "LineString", "coordinates": [ [ 89.862499999999471, 25.239583333332739 ], [ 89.856249999999477, 25.239583333332739 ], [ 89.847916666666137, 25.231249999999406 ], [ 89.831249999999471, 25.231249999999406 ], [ 89.827083333332808, 25.227083333332743 ], [ 89.818749999999483, 25.235416666666076 ], [ 89.814583333332806, 25.231249999999406 ], [ 89.810416666666143, 25.235416666666076 ] ] } },
{ "type": "Feature", "properties": { "ARCID": 738642, "UP_CELLS": 2012, "region_id": "sunamganj", "region_name": "Sunamganj" }, "geometry": { "type": "LineString", "coordinates": [ [ 91.63958333333278, 25.293749999999406 ], [ 91.63958333333278, 25.289583333332743 ], [ 91.635416666666117, 25.285416666666073 ], [ 91.631249999999454, 25.285416666666073 ], [ 91.627083333332777, 25.28124999999941 ], [ 91.622916666666114, 25.28124999999941 ], [ 91.622916666666114, 25.27708333333274 ], [ 91.614583333332774, 25.268749999999407 ], [ 91.622916666666114, 25.260416666666075 ], [ 91.622916666666114, 25.252083333332742 ], [ 91.618749999999437, 25.247916666666072 ], [ 91.618749999999437, 25.243749999999409 ], [ 91.622916666666114, 25.239583333332739 ], [ 91.618749999999437, 25.235416666666076 ], [ 91.622916666666114, 25.231249999999406 ], [ 91.627083333332777, 25.231249999999406 ], [ 91.631249999999454, 25.227083333332743 ] ] } },
{ "type": "Feature", "properties": { "ARCID": 738643, "UP_CELLS": 263, "region_id": "sunamganj", "region_name": "Sunamganj" }, "geometry": { "type": "LineString", "coordinates": [ [ 91.672916666666111, 25.254166666666073 ], [ 91.672916666666111, 25.247916666666072 ], [ 91.664583333332786, 25.239583333332739 ], [ 91.660416666666109, 25.239583333332739 ], [ 91.656249999999446, 25.235416666666076 ], [ 91.652083333332769, 25.235416666666076 ], [ 91.647916666666106, 25.231249999999406 ], [ 91.643749999999443, 25.231249999999406 ], [ 91.63958333333278, 25.235416666666076 ], [ 91.635416666666117, 25.235416666666076 ], [ 91.631249999999454, 25.231249999999406 ], [ 91.631249999999454, 25.227083333332743 ] ] } },
{ "type": "Feature", "properties": { "ARCID": 738787, "UP_CELLS": 107, "region_id": "sunamganj", "region_name": "Sunamganj" }, "geometry": { "type": "LineString", "coordinates": [ [ 91.616666666666106, 25.224999999999412 ], [ 91.622916666666114, 25.21874999999941 ] ] } },
{ "type": "Feature", "properties": { "ARCID": 738788, "UP_CELLS": 2286, "region_id": "sunamganj", "region_name": "Sunamganj" }, "geometry": { "type": "LineString", "coordinates": [ [ 91.631249999999454, 25.227083333332743 ], [ 91.622916666666114, 25.21874999999941 ] ] } },
{ "type": "Feature", "properties": { "ARCID": 738905, "UP_CELLS": 165, "region_id": "gaibandha", "region_name": "Gaibandha" }, "geometry": { "type": "LineString", "coordinates": [ [ 89.518749999999471, 25.262499999999406 ], [ 89.518749999999471, 25.247916666666072 ], [ 89.522916666666148, 25.243749999999409 ], [ 89.522916666666148, 25.227083333332743 ], [ 89.527083333332811, 25.222916666666073 ], [ 89.527083333332811, 25.21874999999941 ], [ 89.535416666666151, 25.210416666666077 ] ] } },
{ "type": "Feature", "properties": { "ARCID": 738906, "UP_CELLS": 5365, "region_id": "gaibandha", "region_name": "Gaibandha" }, "geometry": { "type": "LineString", "coordinates": [ [ 89.49374999999948, 25.377083333332742 ], [ 89.506249999999483, 25.364583333332739 ], [ 89.510416666666146, 25.364583333332739 ], [ 89.514583333332808, 25.360416666666076 ], [ 89.518749999999471, 25.360416666666076 ], [ 89.535416666666151, 25.34374999999941 ], [ 89.535416666666151, 25.33958333333274 ], [ 89.543749999999477, 25.331249999999407 ], [ 89.543749999999477, 25.322916666666075 ], [ 89.54791666666614, 25.318749999999405 ], [ 89.552083333332803, 25.318749999999405 ], [ 89.55624999999948, 25.314583333332742 ], [ 89.55624999999948, 25.293749999999406 ], [ 89.560416666666143, 25.289583333332743 ], [ 89.560416666666143, 25.28124999999941 ], [ 89.56458333333282, 25.27708333333274 ], [ 89.560416666666143, 25.272916666666077 ], [ 89.560416666666143, 25.243749999999409 ], [ 89.552083333332803, 25.235416666666076 ], [ 89.552083333332803, 25.231249999999406 ], [ 89.54791666666614, 25.227083333332743 ], [ 89.54791666666614, 25.222916666666073 ], [ 89.535416666666151, 25.210416666666077 ] ] } },
{ "type": "Feature", "properties": { "ARCID": 738907, "UP_CELLS": 770, "region_id": "jamalpur", "region_name": "Jamalpur" }, "geometry": { "type": "LineString", "coordinates": [ [ 89.906249999999474, 25.252083333332742 ], [ 89.906249999999474, 25.227083333332743 ], [ 89.910416666666137, 25.222916666666073 ], [ 89.92291666666614, 25.222916666666073 ], [ 89.935416666666129, 25.210416666666077 ] ] } },
{ "type": "Feature", "properties": { "ARCID": 738908, "UP_CELLS": 107, "region_id": "jamalpur", "region_name": "Jamalpur" }, "geometry": { "type": "LineString", "coordinates": [ [ 89.945833333332814, 25.220833333332742 ], [ 89.935416666666129, 25.210416666666077 ] ] } },
{ "type": "Feature", "properties": { "ARCID": 739104, "UP_CELLS": 236, "region_id": "gaibandha", "region_name": "Gaibandha" }, "geometry": { "type": "LineString", "coordinates": [ [ 89.237499999999486, 25.204166666666076 ], [ 89.24374999999948, 25.197916666666075 ], [ 89.247916666666157, 25.197916666666075 ], [ 89.25208333333282, 25.202083333332745 ], [ 89.256249999999483, 25.197916666666075 ], [ 89.264583333332808, 25.197916666666075 ], [ 89.268749999999486, 25.202083333332745 ], [ 89.272916666666148, 25.202083333332745 ], [ 89.277083333332826, 25.206249999999407 ], [ 89.277083333332826, 25.210416666666077 ], [ 89.29791666666614, 25.231249999999406 ] ] } },
{ "type": "Feature", "properties": { "ARCID": 739105, "UP_CELLS": 209, "region_id": "gaibandha", "region_name": "Gaibandha" }, "geometry": { "type": "LineString", "coordinates": [ [ 89.402083333332811, 25.24583333333274 ], [ 89.402083333332811, 25.239583333332739 ], [ 89.410416666666151, 25.231249999999406 ], [ 89.414583333332814, 25.231249999999406 ], [ 89.418749999999477, 25.227083333332743 ], [ 89.418749999999477, 25.222916666666073 ], [ 89.42291666666614, 25.21874999999941 ], [ 89.42291666666614, 25.206249999999407 ], [ 89.43124999999948, 25.197916666666075 ] ] } },
{ "type": "Feature", "properties": { "ARCID": 739106, "UP_CELLS": 805, "region_id": "gaibandha", "region_name": "Gaibandha" }, "geometry": { "type": "LineString", "coordinates": [ [ 89.443749999999483, 25.306249999999409 ], [ 89.443749999999483, 25.272916666666077 ], [ 89.43958333333282, 25.268749999999407 ], [ 89.43958333333282, 25.247916666666072 ], [ 89.443749999999483, 25.243749999999409 ], [ 89.443749999999483, 25.239583333332739 ], [ 89.447916666666146, 25.235416666666076 ], [ 89.447916666666146, 25.227083333332743 ], [ 89.443749999999483, 25.222916666666073 ], [ 89.443749999999483, 25.21874999999941 ], [ 89.43124999999948, 25.206249999999407 ], [ 89.435416666666157, 25.202083333332745 ], [ 89.43124999999948, 25.197916666666075 ] ] } },
{ "type": "Feature", "properties": { "ARCID": 739107, "UP_CELLS": 186, "region_id": "sunamganj", "region_name": "Sunamganj" }, "geometry": { "type": "LineString", "coordinates": [ [ 91.462499999999437, 25.212499999999409 ], [ 91.456249999999443, 25.206249999999407 ], [ 91.456249999999443, 25.202083333332745 ], [ 91.460416666666106, 25.197916666666075 ], [ 91.481249999999449, 25.197916666666075 ], [ 91.485416666666111, 25.202083333332745 ], [ 91.489583333332774, 25.197916666666075 ] ] } },
{ "type": "Feature", "properties": { "ARCID": 739108, "UP_CELLS": 144, "region_id": "sunamganj", "region_name": "Sunamganj" }, "geometry": { "type": "LineString", "coordinates": [ [ 91.512499999999449, 25.224999999999412 ], [ 91.506249999999454, 25.21874999999941 ], [ 91.506249999999454, 25.21458333333274 ], [ 91.502083333332777, 25.210416666666077 ], [ 91.502083333332777, 25.197916666666075 ], [ 91.489583333332774, 25.197916666666075 ] ] } },
{ "type": "Feature", "properties": { "ARCID": 739168, "UP_CELLS": 901, "region_id": "jamalpur", "region_name": "Jamalpur" }, "geometry": { "type": "LineString", "coordinates": [ [ 89.935416666666129, 25.210416666666077 ], [ 89.943749999999469, 25.202083333332745 ], [ 89.943749999999469, 25.193749999999412 ] ] } },
{ "type": "Feature", "properties": { "ARCID": 739236, "UP_CELLS": 452, "region_id": "gaibandha", "region_name": "Gaibandha" }, "geometry": { "type": "LineString", "coordinates": [ [ 89.164583333332814, 25.247916666666072 ], [ 89.156249999999488, 25.239583333332739 ], [ 89.156249999999488, 25.231249999999406 ], [ 89.152083333332826, 25.227083333332743 ], [ 89.152083333332826, 25.189583333332742 ] ] } },
{ "type": "Feature", "properties": { "ARCID": 739237, "UP_CELLS": 151, "region_id": "gaibandha", "region_name": "Gaibandha" }, "geometry": { "type": "LineString", "coordinates": [ [ 89.491666666666148, 25.235416666666076 ], [ 89.497916666666143, 25.235416666666076 ], [ 89.510416666666146, 25.222916666666073 ], [ 89.510416666666146, 25.21458333333274 ], [ 89.506249999999483, 25.210416666666077 ], [ 89.506249999999483, 25.197916666666075 ], [ 89.510416666666146, 25.193749999999412 ], [ 89.510416666666146, 25.189583333332742 ] ] } },
{ "type": "Feature", "properties": { "ARCID": 739238, "UP_CELLS": 5603, "region_id": "gaibandha", "region_name": "Gaibandha" }, "geometry": { "type": "LineString", "coordinates": [ [ 89.535416666666151, 25.210416666666077 ], [ 89.527083333332811, 25.202083333332745 ], [ 89.522916666666148, 25.202083333332745 ], [ 89.510416666666146, 25.189583333332742 ] ] } },
{ "type": "Feature", "properties": { "ARCID": 739284, "UP_CELLS": 14270, "region_id": "gaibandha", "region_name": "Gaibandha" }, "geometry": { "type": "LineString", "coordinates": [ [ 89.29791666666614, 25.231249999999406 ], [ 89.30624999999948, 25.222916666666073 ], [ 89.310416666666157, 25.222916666666073 ], [ 89.318749999999483, 25.21458333333274 ], [ 89.318749999999483, 25.210416666666077 ], [ 89.331249999999471, 25.197916666666075 ], [ 89.331249999999471, 25.189583333332742 ], [ 89.335416666666148, 25.185416666666079 ] ] } },
{ "type": "Feature", "properties": { "ARCID": 739285, "UP_CELLS": 127, "region_id": "gaibandha", "region_name": "Gaibandha" }, "geometry": { "type": "LineString", "coordinates": [ [ 89.34583333333282, 25.195833333332743 ], [ 89.335416666666148, 25.185416666666079 ] ] } },
{ "type": "Feature", "properties": { "ARCID": 739286, "UP_CELLS": 103, "region_id": "gaibandha", "region_name": "Gaibandha" }, "geometry": { "type": "LineString", "coordinates": [ [ 89.606249999999477, 25.195833333332743 ], [ 89.606249999999477, 25.185416666666079 ] ] } },
{ "type": "Feature", "properties": { "ARCID": 739287, "UP_CELLS": 106, "region_id": "gaibandha", "region_name": "Gaibandha" }, "geometry": { "type": "LineString", "coordinates": [ [ 89.620833333332811, 25.191666666666073 ], [ 89.614583333332803, 25.185416666666079 ], [ 89.606249999999477, 25.185416666666079 ] ] } },
{ "type": "Feature", "properties": { "ARCID": 739288, "UP_CELLS": 294, "region_id": "jamalpur", "region_name": "Jamalpur" }, "geometry": { "type": "LineString", "coordinates": [ [ 89.89166666666614, 25.199999999999406 ], [ 89.906249999999474, 25.185416666666079 ], [ 89.931249999999466, 25.185416666666079 ], [ 89.939583333332806, 25.193749999999412 ], [ 89.943749999999469, 25.193749999999412 ] ] } },
{ "type": "Feature", "properties": { "ARCID": 739289, "UP_CELLS": 12866, "region_id": "sunamganj", "region_name": "Sunamganj" }, "geometry": { "type": "LineString", "coordinates": [ [ 91.214583333332783, 25.247916666666072 ], [ 91.214583333332783, 25.243749999999409 ], [ 91.239583333332774, 25.21874999999941 ], [ 91.247916666666114, 25.21874999999941 ], [ 91.252083333332791, 25.21458333333274 ], [ 91.252083333332791, 25.185416666666079 ] ] } },
{ "type": "Feature", "properties": { "ARCID": 739339, "UP_CELLS": 240, "region_id": "sunamganj", "region_name": "Sunamganj" }, "geometry": { "type": "LineString", "coordinates": [ [ 91.199999999999449, 25.193749999999412 ], [ 91.231249999999449, 25.193749999999412 ], [ 91.239583333332774, 25.185416666666079 ], [ 91.239583333332774, 25.181249999999409 ], [ 91.247916666666114, 25.181249999999409 ], [ 91.252083333332791, 25.185416666666079 ] ] } },
{ "type": "Feature", "properties": { "ARCID": 739408, "UP_CELLS": 143, "region_id": "gaibandha", "region_name": "Gaibandha" }, "geometry": { "type": "LineString", "coordinates": [ [ 89.187499999999488, 25.174999999999407 ], [ 89.17291666666614, 25.189583333332742 ], [ 89.152083333332826, 25.189583333332742 ] ] } },
{ "type": "Feature", "properties": { "ARCID": 739409, "UP_CELLS": 1230, "region_id": "jamalpur", "region_name": "Jamalpur" }, "geometry": { "type": "LineString", "coordinates": [ [ 89.943749999999469, 25.193749999999412 ], [ 89.960416666666134, 25.177083333332746 ] ] } },
{ "type": "Feature", "properties": { "ARCID": 739410, "UP_CELLS": 1060, "region_id": "jamalpur", "region_name": "Jamalpur" }, "geometry": { "type": "LineString", "coordinates": [ [ 90.002083333332806, 25.268749999999407 ], [ 89.997916666666129, 25.264583333332745 ], [ 89.993749999999466, 25.264583333332745 ], [ 89.989583333332803, 25.260416666666075 ], [ 89.993749999999466, 25.256249999999412 ], [ 89.993749999999466, 25.252083333332742 ], [ 89.997916666666129, 25.247916666666072 ], [ 89.993749999999466, 25.243749999999409 ], [ 89.993749999999466, 25.231249999999406 ], [ 89.98541666666614, 25.222916666666073 ], [ 89.98541666666614, 25.21874999999941 ], [ 89.977083333332814, 25.210416666666077 ], [ 89.977083333332814, 25.202083333332745 ], [ 89.964583333332797, 25.189583333332742 ], [ 89.964583333332797, 25.181249999999409 ], [ 89.960416666666134, 25.177083333332746 ] ] } },
{ "type": "Feature", "properties": { "ARCID": 739411, "UP_CELLS": 619, "region_id": "jamalpur", "region_name": "Jamalpur" }, "geometry": { "type": "LineString", "coordinates": [ [ 90.175, 25.3 ], [ 90.17291666666614, 25.297916666666076 ], [ 90.17291666666614, 25.293749999999406 ], [ 90.177083333332803, 25.289583333332743 ], [ 90.177083333332803, 25.272916666666077 ], [ 90.17291666666614, 25.268749999999407 ], [ 90.17291666666614, 25.264583333332745 ], [ 90.181249999999466, 25.256249999999412 ], [ 90.181249999999466, 25.247916666666072 ], [ 90.177083333332803, 25.247916666666072 ], [ 90.17291666666614, 25.243749999999409 ], [ 90.17291666666614, 25.235416666666076 ], [ 90.177083333332803, 25.231249999999406 ], [ 90.177083333332803, 25.227083333332743 ], [ 90.181249999999466, 25.222916666666073 ], [ 90.181249999999466, 25.21458333333274 ], [ 90.177083333332803, 25.210416666666077 ], [ 90.177083333332803, 25.202083333332745 ], [ 90.181249999999466, 25.197916666666075 ], [ 90.185416666666129, 25.197916666666075 ], [ 90.2, 25.183333333332211 ] ] } },
{ "type": "Feature", "properties": { "ARCID": 739413, "UP_CELLS": 1185, "region_id": "sylhet", "region_name": "Sylhet" }, "geometry": { "type": "LineString", "coordinates": [ [ 92.433333333333351, 25.2 ], [ 92.427083333332774, 25.193749999999412 ], [ 92.431249999999437, 25.189583333332742 ], [ 92.431249999999437, 25.185416666666079 ], [ 92.427083333332774, 25.181249999999409 ], [ 92.427083333332774, 25.177083333332746 ] ] } },
{ "type": "Feature", "properties": { "ARCID": 739482, "UP_CELLS": 167, "region_id": "sylhet", "region_name": "Sylhet" }, "geometry": { "type": "LineString", "coordinates": [ [ 91.949999999998852, 25.2 ], [ 91.960416666666106, 25.189583333332742 ], [ 91.960416666666106, 25.185416666666079 ], [ 91.947916666666103, 25.172916666666076 ] ] } },
{ "type": "Feature", "properties": { "ARCID": 739483, "UP_CELLS": 115, "region_id": "sylhet", "region_name": "Sylhet" }, "geometry": { "type": "LineString", "coordinates": [ [ 92.408333333332763, 25.172916666666076 ], [ 92.422916666666097, 25.172916666666076 ], [ 92.427083333332774, 25.177083333332746 ] ] } },
{ "type": "Feature", "properties": { "ARCID": 739548, "UP_CELLS": 2725004, "region_id": "gaibandha", "region_name": "Gaibandha" }, "geometry": { "type": "MultiLineString", "coordinates": [ [ [ 89.660416666666151, 25.268749999999407 ], [ 89.660416666666151, 25.264583333332745 ], [ 89.67291666666614, 25.252083333332742 ], [ 89.67291666666614, 25.239583333332739 ], [ 89.7, 25.212499999998883 ] ], [ [ 89.7, 25.18333333333327 ], [ 89.697916666666146, 25.181249999999409 ], [ 89.697916666666146, 25.168749999999413 ] ] ] } },
{ "type": "Feature", "properties": { "ARCID": 739548, "UP_CELLS": 2725004, "region_id": "jamalpur", "region_name": "Jamalpur" }, "geometry": { "type": "LineString", "coordinates": [ [ 89.7, 25.212499999998883 ], [ 89.702083333332808, 25.210416666666077 ], [ 89.702083333332808, 25.185416666666079 ], [ 89.7, 25.18333333333327 ] ] } },
{ "type": "Feature", "properties": { "ARCID": 739549, "UP_CELLS": 369, "region_id": "gaibandha", "region_name": "Gaibandha" }, "geometry": { "type": "LineString", "coordinates": [ [ 89.7, 25.168749999999413 ], [ 89.697916666666146, 25.168749999999413 ] ] } },
{ "type": "Feature", "properties": { "ARCID": 739549, "UP_CELLS": 369, "region_id": "jamalpur", "region_name": "Jamalpur" }, "geometry": { "type": "LineString", "coordinates": [ [ 89.752083333332806, 25.231249999999406 ], [ 89.752083333332806, 25.227083333332743 ], [ 89.747916666666143, 25.222916666666073 ], [ 89.747916666666143, 25.197916666666075 ], [ 89.743749999999466, 25.193749999999412 ], [ 89.739583333332803, 25.193749999999412 ], [ 89.731249999999477, 25.185416666666079 ], [ 89.731249999999477, 25.181249999999409 ], [ 89.727083333332814, 25.177083333332746 ], [ 89.727083333332814, 25.172916666666076 ], [ 89.722916666666151, 25.168749999999413 ], [ 89.718749999999474, 25.168749999999413 ], [ 89.714583333332811, 25.172916666666076 ], [ 89.706249999999471, 25.172916666666076 ], [ 89.702083333332808, 25.168749999999413 ], [ 89.7, 25.168749999999413 ] ] } },
{ "type": "Feature", "properties": { "ARCID": 739550, "UP_CELLS": 473, "region_id": "sunamganj", "region_name": "Sunamganj" }, "geometry": { "type": "LineString", "coordinates": [ [ 91.489583333332774, 25.197916666666075 ], [ 91.485416666666111, 25.193749999999412 ], [ 91.502083333332777, 25.177083333332746 ], [ 91.506249999999454, 25.181249999999409 ], [ 91.51458333333278, 25.181249999999409 ], [ 91.518749999999443, 25.177083333332746 ], [ 91.522916666666106, 25.177083333332746 ], [ 91.527083333332783, 25.181249999999409 ], [ 91.531249999999446, 25.181249999999409 ], [ 91.535416666666123, 25.177083333332746 ], [ 91.543749999999449, 25.177083333332746 ], [ 91.543749999999449, 25.172916666666076 ], [ 91.547916666666111, 25.168749999999413 ], [ 91.564583333332777, 25.168749999999413 ] ] } },
{ "type": "Feature", "properties": { "ARCID": 739551, "UP_CELLS": 218, "region_id": "sunamganj", "region_name": "Sunamganj" }, "geometry": { "type": "LineString", "coordinates": [ [ 91.541666666666117, 25.191666666666073 ], [ 91.552083333332774, 25.181249999999409 ], [ 91.560416666666114, 25.181249999999409 ], [ 91.564583333332777, 25.177083333332746 ], [ 91.564583333332777, 25.168749999999413 ] ] } },
{ "type": "Feature", "properties": { "ARCID": 739552, "UP_CELLS": 4499, "region_id": "sylhet", "region_name": "Sylhet" }, "geometry": { "type": "LineString", "coordinates": [ [ 92.020833333332178, 25.2 ], [ 92.022916666666106, 25.197916666666075 ], [ 92.018749999999443, 25.193749999999412 ], [ 92.018749999999443, 25.189583333332742 ], [ 92.01458333333278, 25.185416666666079 ], [ 92.002083333332763, 25.185416666666079 ], [ 91.9979166666661, 25.181249999999409 ], [ 91.993749999999437, 25.181249999999409 ], [ 91.981249999999449, 25.168749999999413 ], [ 91.95208333333278, 25.168749999999413 ], [ 91.947916666666103, 25.172916666666076 ] ] } },
{ "type": "Feature", "properties": { "ARCID": 739606, "UP_CELLS": 13174, "region_id": "sunamganj", "region_name": "Sunamganj" }, "geometry": { "type": "LineString", "coordinates": [ [ 91.252083333332791, 25.185416666666079 ], [ 91.26458333333278, 25.172916666666076 ], [ 91.26458333333278, 25.164583333332743 ] ] } },
{ "type": "Feature", "properties": { "ARCID": 739651, "UP_CELLS": 1178, "region_id": "gaibandha", "region_name": "Gaibandha" }, "geometry": { "type": "LineString", "coordinates": [ [ 89.43124999999948, 25.197916666666075 ], [ 89.43124999999948, 25.193749999999412 ], [ 89.443749999999483, 25.181249999999409 ], [ 89.443749999999483, 25.177083333332746 ], [ 89.447916666666146, 25.177083333332746 ], [ 89.452083333332808, 25.181249999999409 ], [ 89.456249999999471, 25.181249999999409 ], [ 89.460416666666148, 25.177083333332746 ], [ 89.460416666666148, 25.160416666666073 ] ] } },
{ "type": "Feature", "properties": { "ARCID": 739652, "UP_CELLS": 124, "region_id": "gaibandha", "region_name": "Gaibandha" }, "geometry": { "type": "LineString", "coordinates": [ [ 89.679166666666134, 25.172916666666076 ], [ 89.689583333332806, 25.172916666666076 ], [ 89.693749999999483, 25.168749999999413 ], [ 89.693749999999483, 25.160416666666073 ] ] } },
{ "type": "Feature", "properties": { "ARCID": 739653, "UP_CELLS": 2725377, "region_id": "gaibandha", "region_name": "Gaibandha" }, "geometry": { "type": "LineString", "coordinates": [ [ 89.697916666666146, 25.168749999999413 ], [ 89.697916666666146, 25.164583333332743 ], [ 89.693749999999483, 25.160416666666073 ] ] } },
{ "type": "Feature", "properties": { "ARCID": 739654, "UP_CELLS": 145, "region_id": "jamalpur", "region_name": "Jamalpur" }, "geometry": { "type": "LineString", "coordinates": [ [ 90.01666666666614, 25.199999999999406 ], [ 90.010416666666146, 25.193749999999412 ], [ 90.014583333332808, 25.189583333332742 ], [ 90.018749999999471, 25.189583333332742 ], [ 90.018749999999471, 25.185416666666079 ], [ 90.027083333332797, 25.177083333332746 ], [ 90.027083333332797, 25.168749999999413 ], [ 90.022916666666134, 25.164583333332743 ], [ 90.027083333332797, 25.160416666666073 ] ] } },
{ "type": "Feature", "properties": { "ARCID": 739655, "UP_CELLS": 280, "region_id": "sunamganj", "region_name": "Sunamganj" }, "geometry": { "type": "LineString", "coordinates": [ [ 91.099999999999454, 25.212499999999409 ], [ 91.110416666666111, 25.202083333332745 ], [ 91.110416666666111, 25.193749999999412 ], [ 91.102083333332786, 25.185416666666079 ], [ 91.102083333332786, 25.177083333332746 ], [ 91.118749999999451, 25.160416666666073 ] ] } },
{ "type": "Feature", "properties": { "ARCID": 739656, "UP_CELLS": 187, "region_id": "sunamganj", "region_name": "Sunamganj" }, "geometry": { "type": "LineString", "coordinates": [ [ 91.145833333332789, 25.181249999999409 ], [ 91.13958333333278, 25.181249999999409 ], [ 91.135416666666117, 25.177083333332746 ], [ 91.127083333332791, 25.177083333332746 ], [ 91.122916666666129, 25.172916666666076 ], [ 91.122916666666129, 25.164583333332743 ], [ 91.118749999999451, 25.160416666666073 ] ] } },
{ "type": "Feature", "properties": { "ARCID": 739657, "UP_CELLS": 395, "region_id": "sylhet", "region_name": "Sylhet" }, "geometry": { "type": "LineString", "coordinates": [ [ 91.88124999999944, 25.2 ], [ 91.88124999999944, 25.193749999999412 ], [ 91.885416666666117, 25.189583333332742 ], [ 91.885416666666117, 25.177083333332746 ], [ 91.88958333333278, 25.172916666666076 ], [ 91.893749999999443, 25.172916666666076 ], [ 91.897916666666106, 25.177083333332746 ], [ 91.906249999999432, 25.177083333332746 ], [ 91.914583333332772, 25.168749999999413 ], [ 91.914583333332772, 25.160416666666073 ] ] } },
{ "type": "Feature", "properties": { "ARCID": 739658, "UP_CELLS": 4774, "region_id": "sylhet", "region_name": "Sylhet" }, "geometry": { "type": "LineString", "coordinates": [ [ 91.947916666666103, 25.172916666666076 ], [ 91.931249999999437, 25.172916666666076 ], [ 91.918749999999449, 25.160416666666073 ], [ 91.914583333332772, 25.160416666666073 ] ] } },
{ "type": "Feature", "properties": { "ARCID": 739735, "UP_CELLS": 2705, "region_id": "jamalpur", "region_name": "Jamalpur" }, "geometry": { "type": "LineString", "coordinates": [ [ 90.027083333332797, 25.160416666666073 ], [ 90.03124999999946, 25.160416666666073 ], [ 90.035416666666137, 25.15624999999941 ] ] } },
{ "type": "Feature", "properties": { "ARCID": 739736, "UP_CELLS": 313, "region_id": "jamalpur", "region_name": "Jamalpur" }, "geometry": { "type": "LineString", "coordinates": [ [ 90.066666666666137, 25.233333333332745 ], [ 90.072916666666146, 25.227083333332743 ], [ 90.072916666666146, 25.222916666666073 ], [ 90.077083333332808, 25.21874999999941 ], [ 90.077083333332808, 25.202083333332745 ], [ 90.072916666666146, 25.197916666666075 ], [ 90.068749999999469, 25.197916666666075 ], [ 90.064583333332806, 25.193749999999412 ], [ 90.043749999999477, 25.193749999999412 ], [ 90.0395833333328, 25.189583333332742 ], [ 90.0395833333328, 25.164583333332743 ], [ 90.035416666666137, 25.160416666666073 ], [ 90.035416666666137, 25.15624999999941 ] ] } },
{ "type": "Feature", "properties": { "ARCID": 739737, "UP_CELLS": 334, "region_id": "sunamganj", "region_name": "Sunamganj" }, "geometry": { "type": "LineString", "coordinates": [ [ 91.299999999999443, 25.204166666666076 ], [ 91.293749999999449, 25.197916666666075 ], [ 91.293749999999449, 25.193749999999412 ], [ 91.306249999999451, 25.181249999999409 ], [ 91.306249999999451, 25.172916666666076 ], [ 91.302083333332774, 25.168749999999413 ], [ 91.297916666666111, 25.168749999999413 ], [ 91.293749999999449, 25.164583333332743 ], [ 91.289583333332786, 25.164583333332743 ], [ 91.285416666666123, 25.160416666666073 ], [ 91.277083333332783, 25.160416666666073 ], [ 91.27291666666612, 25.15624999999941 ], [ 91.26458333333278, 25.164583333332743 ] ] } },
{ "type": "Feature", "properties": { "ARCID": 739738, "UP_CELLS": 1346, "region_id": "sylhet", "region_name": "Sylhet" }, "geometry": { "type": "LineString", "coordinates": [ [ 92.427083333332774, 25.177083333332746 ], [ 92.439583333332763, 25.164583333332743 ], [ 92.439583333332763, 25.15624999999941 ] ] } },
{ "type": "Feature", "properties": { "ARCID": 739800, "UP_CELLS": 14560, "region_id": "gaibandha", "region_name": "Gaibandha" }, "geometry": { "type": "LineString", "coordinates": [ [ 89.335416666666148, 25.185416666666079 ], [ 89.356249999999477, 25.164583333332743 ], [ 89.356249999999477, 25.160416666666073 ], [ 89.364583333332817, 25.15208333333274 ], [ 89.385416666666146, 25.15208333333274 ] ] } },
{ "type": "Feature", "properties": { "ARCID": 739801, "UP_CELLS": 15198, "region_id": "gaibandha", "region_name": "Gaibandha" }, "geometry": { "type": "LineString", "coordinates": [ [ 89.385416666666146, 25.15208333333274 ], [ 89.393749999999471, 25.160416666666073 ], [ 89.414583333332814, 25.160416666666073 ], [ 89.418749999999477, 25.15624999999941 ], [ 89.42291666666614, 25.15624999999941 ], [ 89.427083333332803, 25.160416666666073 ], [ 89.43958333333282, 25.160416666666073 ], [ 89.443749999999483, 25.164583333332743 ], [ 89.447916666666146, 25.164583333332743 ], [ 89.452083333332808, 25.160416666666073 ], [ 89.460416666666148, 25.160416666666073 ] ] } },
{ "type": "Feature", "properties": { "ARCID": 739804, "UP_CELLS": 209, "region_id": "sunamganj", "region_name": "Sunamganj" }, "geometry": { "type": "LineString", "coordinates": [ [ 91.020833333332789, 25.179166666666077 ], [ 91.027083333332797, 25.172916666666076 ], [ 91.035416666666123, 25.172916666666076 ], [ 91.039583333332786, 25.168749999999413 ], [ 91.047916666666111, 25.168749999999413 ], [ 91.064583333332791, 25.15208333333274 ] ] } },
{ "type": "Feature", "properties": { "ARCID": 739805, "UP_CELLS": 325, "region_id": "sunamganj", "region_name": "Sunamganj" }, "geometry": { "type": "LineString", "coordinates": [ [ 91.029166666666129, 25.24999999999941 ], [ 91.039583333332786, 25.239583333332739 ], [ 91.039583333332786, 25.235416666666076 ], [ 91.043749999999449, 25.231249999999406 ], [ 91.043749999999449, 25.222916666666073 ], [ 91.052083333332789, 25.21458333333274 ], [ 91.056249999999451, 25.21874999999941 ], [ 91.060416666666129, 25.21458333333274 ], [ 91.072916666666117, 25.21458333333274 ], [ 91.07708333333278, 25.210416666666077 ], [ 91.07708333333278, 25.181249999999409 ], [ 91.064583333332791, 25.168749999999413 ], [ 91.064583333332791, 25.15208333333274 ] ] } },
{ "type": "Feature", "properties": { "ARCID": 739806, "UP_CELLS": 704, "region_id": "sylhet", "region_name": "Sylhet" }, "geometry": { "type": "LineString", "coordinates": [ [ 92.316666666666677, 25.2 ], [ 92.314583333332763, 25.197916666666075 ], [ 92.318749999999426, 25.193749999999412 ], [ 92.318749999999426, 25.189583333332742 ], [ 92.322916666666103, 25.185416666666079 ], [ 92.314583333332763, 25.177083333332746 ], [ 92.314583333332763, 25.172916666666076 ], [ 92.318749999999426, 25.168749999999413 ], [ 92.3104166666661, 25.160416666666073 ], [ 92.3104166666661, 25.15624999999941 ], [ 92.306249999999437, 25.15208333333274 ] ] } },
{ "type": "Feature", "properties": { "ARCID": 739852, "UP_CELLS": 133, "region_id": "jamalpur", "region_name": "Jamalpur" }, "geometry": { "type": "LineString", "coordinates": [ [ 89.793749999999477, 25.162499999999412 ], [ 89.793749999999477, 25.147916666666077 ] ] } },
{ "type": "Feature", "properties": { "ARCID": 739853, "UP_CELLS": 2522, "region_id": "jamalpur", "region_name": "Jamalpur" }, "geometry": { "type": "LineString", "coordinates": [ [ 89.960416666666134, 25.177083333332746 ], [ 89.960416666666134, 25.172916666666076 ], [ 89.977083333332814, 25.15624999999941 ], [ 89.981249999999477, 25.15624999999941 ], [ 89.98541666666614, 25.15208333333274 ], [ 89.989583333332803, 25.15208333333274 ], [ 89.993749999999466, 25.147916666666077 ], [ 90.010416666666146, 25.164583333332743 ], [ 90.018749999999471, 25.164583333332743 ], [ 90.022916666666134, 25.160416666666073 ], [ 90.027083333332797, 25.160416666666073 ] ] } },
{ "type": "Feature", "properties": { "ARCID": 739854, "UP_CELLS": 473, "region_id": "sylhet", "region_name": "Sylhet" }, "geometry": { "type": "LineString", "coordinates": [ [ 92.0875, 25.2 ], [ 92.072916666666103, 25.185416666666079 ], [ 92.07708333333278, 25.181249999999409 ], [ 92.085416666666106, 25.181249999999409 ], [ 92.089583333332769, 25.177083333332746 ], [ 92.093749999999432, 25.177083333332746 ], [ 92.097916666666094, 25.172916666666076 ], [ 92.102083333332772, 25.172916666666076 ], [ 92.106249999999434, 25.168749999999413 ], [ 92.110416666666111, 25.168749999999413 ], [ 92.114583333332774, 25.164583333332743 ], [ 92.114583333332774, 25.15208333333274 ], [ 92.110416666666111, 25.147916666666077 ] ] } },
{ "type": "Feature", "properties": { "ARCID": 739855, "UP_CELLS": 310, "region_id": "sylhet", "region_name": "Sylhet" }, "geometry": { "type": "LineString", "coordinates": [ [ 92.187499999999432, 25.189583333332742 ], [ 92.172916666666111, 25.189583333332742 ], [ 92.168749999999434, 25.185416666666079 ], [ 92.164583333332772, 25.185416666666079 ], [ 92.156249999999432, 25.177083333332746 ], [ 92.156249999999432, 25.172916666666076 ], [ 92.152083333332769, 25.168749999999413 ], [ 92.152083333332769, 25.164583333332743 ], [ 92.147916666666106, 25.160416666666073 ], [ 92.143749999999443, 25.160416666666073 ], [ 92.135416666666103, 25.15208333333274 ], [ 92.1229166666661, 25.15208333333274 ], [ 92.118749999999437, 25.147916666666077 ], [ 92.110416666666111, 25.147916666666077 ] ] } },
{ "type": "Feature", "properties": { "ARCID": 739856, "UP_CELLS": 117, "region_id": "sylhet", "region_name": "Sylhet" }, "geometry": { "type": "LineString", "coordinates": [ [ 92.320833333332757, 25.147916666666077 ], [ 92.314583333332763, 25.147916666666077 ], [ 92.3104166666661, 25.15208333333274 ], [ 92.306249999999437, 25.15208333333274 ] ] } },
{ "type": "Feature", "properties": { "ARCID": 739916, "UP_CELLS": 740, "region_id": "jamalpur", "region_name": "Jamalpur" }, "geometry": { "type": "LineString", "coordinates": [ [ 89.810416666666143, 25.235416666666076 ], [ 89.806249999999466, 25.235416666666076 ], [ 89.802083333332803, 25.231249999999406 ], [ 89.79791666666614, 25.231249999999406 ], [ 89.764583333332808, 25.197916666666075 ], [ 89.764583333332808, 25.193749999999412 ], [ 89.772916666666134, 25.185416666666079 ], [ 89.772916666666134, 25.168749999999413 ], [ 89.777083333332797, 25.164583333332743 ], [ 89.777083333332797, 25.15624999999941 ], [ 89.781249999999474, 25.15208333333274 ], [ 89.781249999999474, 25.147916666666077 ], [ 89.785416666666151, 25.143749999999407 ] ] } },
{ "type": "Feature", "properties": { "ARCID": 739917, "UP_CELLS": 965, "region_id": "jamalpur", "region_name": "Jamalpur" }, "geometry": { "type": "LineString", "coordinates": [ [ 89.785416666666151, 25.143749999999407 ], [ 89.789583333332814, 25.147916666666077 ], [ 89.793749999999477, 25.147916666666077 ] ] } },
{ "type": "Feature", "properties": { "ARCID": 739918, "UP_CELLS": 3038, "region_id": "jamalpur", "region_name": "Jamalpur" }, "geometry": { "type": "LineString", "coordinates": [ [ 90.035416666666137, 25.15624999999941 ], [ 90.043749999999477, 25.147916666666077 ], [ 90.04791666666614, 25.147916666666077 ], [ 90.052083333332803, 25.143749999999407 ] ] } },
{ "type": "Feature", "properties": { "ARCID": 739919, "UP_CELLS": 1046, "region_id": "jamalpur", "region_name": "Jamalpur" }, "geometry": { "type": "LineString", "coordinates": [ [ 90.122916666666129, 25.289583333332743 ], [ 90.122916666666129, 25.272916666666077 ], [ 90.127083333332791, 25.268749999999407 ], [ 90.127083333332791, 25.264583333332745 ], [ 90.118749999999466, 25.256249999999412 ], [ 90.118749999999466, 25.243749999999409 ], [ 90.114583333332803, 25.239583333332739 ], [ 90.122916666666129, 25.231249999999406 ], [ 90.122916666666129, 25.222916666666073 ], [ 90.118749999999466, 25.21874999999941 ], [ 90.118749999999466, 25.21458333333274 ], [ 90.114583333332803, 25.210416666666077 ], [ 90.114583333332803, 25.206249999999407 ], [ 90.1020833333328, 25.193749999999412 ], [ 90.09374999999946, 25.193749999999412 ], [ 90.081249999999471, 25.181249999999409 ], [ 90.081249999999471, 25.168749999999413 ], [ 90.072916666666146, 25.160416666666073 ], [ 90.068749999999469, 25.160416666666073 ], [ 90.060416666666129, 25.15208333333274 ], [ 90.056249999999466, 25.15208333333274 ], [ 90.052083333332803, 25.147916666666077 ], [ 90.052083333332803, 25.143749999999407 ] ] } },
{ "type": "Feature", "properties": { "ARCID": 739920, "UP_CELLS": 204, "region_id": "sunamganj", "region_name": "Sunamganj" }, "geometry": { "type": "LineString", "coordinates": [ [ 91.012499999999449, 25.143749999999407 ], [ 91.035416666666123, 25.143749999999407 ] ] } },
{ "type": "Feature", "properties": { "ARCID": 739976, "UP_CELLS": 160, "region_id": "gaibandha", "region_name": "Gaibandha" }, "geometry": { "type": "LineString", "coordinates": [ [ 89.349999999999483, 25.143749999999407 ], [ 89.36041666666614, 25.143749999999407 ], [ 89.364583333332817, 25.139583333332745 ], [ 89.37708333333282, 25.139583333332745 ] ] } },
{ "type": "Feature", "properties": { "ARCID": 739977, "UP_CELLS": 345, "region_id": "gaibandha", "region_name": "Gaibandha" }, "geometry": { "type": "LineString", "coordinates": [ [ 89.37708333333282, 25.139583333332745 ], [ 89.385416666666146, 25.147916666666077 ], [ 89.385416666666146, 25.15208333333274 ] ] } },
{ "type": "Feature", "properties": { "ARCID": 739978, "UP_CELLS": 16430, "region_id": "gaibandha", "region_name": "Gaibandha" }, "geometry": { "type": "LineString", "coordinates": [ [ 89.460416666666148, 25.160416666666073 ], [ 89.481249999999477, 25.139583333332745 ] ] } },
{ "type": "Feature", "properties": { "ARCID": 739979, "UP_CELLS": 401, "region_id": "sunamganj", "region_name": "Sunamganj" }, "geometry": { "type": "LineString", "coordinates": [ [ 91.035416666666123, 25.143749999999407 ], [ 91.060416666666129, 25.143749999999407 ], [ 91.064583333332791, 25.139583333332745 ], [ 91.08541666666612, 25.139583333332745 ] ] } },
{ "type": "Feature", "properties": { "ARCID": 739980, "UP_CELLS": 570, "region_id": "sunamganj", "region_name": "Sunamganj" }, "geometry": { "type": "LineString", "coordinates": [ [ 91.064583333332791, 25.15208333333274 ], [ 91.068749999999454, 25.147916666666077 ], [ 91.081249999999443, 25.147916666666077 ], [ 91.08541666666612, 25.143749999999407 ], [ 91.08541666666612, 25.139583333332745 ] ] } },
{ "type": "Feature", "properties": { "ARCID": 739981, "UP_CELLS": 13554, "region_id": "sunamganj", "region_name": "Sunamganj" }, "geometry": { "type": "LineString", "coordinates": [ [ 91.26458333333278, 25.164583333332743 ], [ 91.260416666666117, 25.160416666666073 ], [ 91.260416666666117, 25.147916666666077 ], [ 91.256249999999454, 25.143749999999407 ], [ 91.256249999999454, 25.139583333332745 ] ] } },
{ "type": "Feature", "properties": { "ARCID": 739982, "UP_CELLS": 146, "region_id": "sylhet", "region_name": "Sylhet" }, "geometry": { "type": "LineString", "coordinates": [ [ 91.852083333332772, 25.154166666666079 ], [ 91.852083333332772, 25.147916666666077 ], [ 91.847916666666109, 25.143749999999407 ], [ 91.847916666666109, 25.139583333332745 ] ] } },
{ "type": "Feature", "properties": { "ARCID": 740040, "UP_CELLS": 16537, "region_id": "gaibandha", "region_name": "Gaibandha" }, "geometry": { "type": "LineString", "coordinates": [ [ 89.481249999999477, 25.139583333332745 ], [ 89.48541666666614, 25.135416666666075 ] ] } },
{ "type": "Feature", "properties": { "ARCID": 740041, "UP_CELLS": 5952, "region_id": "gaibandha", "region_name": "Gaibandha" }, "geometry": { "type": "LineString", "coordinates": [ [ 89.510416666666146, 25.189583333332742 ], [ 89.506249999999483, 25.189583333332742 ], [ 89.497916666666143, 25.181249999999409 ], [ 89.497916666666143, 25.177083333332746 ], [ 89.49374999999948, 25.172916666666076 ], [ 89.49374999999948, 25.15624999999941 ], [ 89.489583333332803, 25.15208333333274 ], [ 89.489583333332803, 25.139583333332745 ], [ 89.48541666666614, 25.135416666666075 ] ] } },
{ "type": "Feature", "properties": { "ARCID": 740045, "UP_CELLS": 539, "region_id": "sunamganj", "region_name": "Sunamganj" }, "geometry": { "type": "LineString", "coordinates": [ [ 90.9, 25.15624999999941 ], [ 90.902083333332797, 25.15624999999941 ], [ 90.90624999999946, 25.160416666666073 ], [ 90.910416666666123, 25.160416666666073 ], [ 90.922916666666126, 25.147916666666077 ], [ 90.927083333332789, 25.147916666666077 ], [ 90.935416666666129, 25.139583333332745 ], [ 90.935416666666129, 25.135416666666075 ] ] } },
{ "type": "Feature", "properties": { "ARCID": 740046, "UP_CELLS": 572, "region_id": "sunamganj", "region_name": "Sunamganj" }, "geometry": { "type": "LineString", "coordinates": [ [ 90.949999999999449, 25.258333333332743 ], [ 90.96041666666612, 25.247916666666072 ], [ 90.96041666666612, 25.235416666666076 ], [ 90.95208333333278, 25.227083333332743 ], [ 90.95208333333278, 25.21458333333274 ], [ 90.972916666666123, 25.193749999999412 ], [ 90.972916666666123, 25.185416666666079 ], [ 90.96874999999946, 25.181249999999409 ], [ 90.972916666666123, 25.177083333332746 ], [ 90.972916666666123, 25.172916666666076 ], [ 90.964583333332797, 25.164583333332743 ], [ 90.96041666666612, 25.164583333332743 ], [ 90.95208333333278, 25.15624999999941 ], [ 90.947916666666117, 25.15624999999941 ], [ 90.947916666666117, 25.147916666666077 ], [ 90.935416666666129, 25.135416666666075 ] ] } },
{ "type": "Feature", "properties": { "ARCID": 740047, "UP_CELLS": 110, "region_id": "sunamganj", "region_name": "Sunamganj" }, "geometry": { "type": "LineString", "coordinates": [ [ 91.029166666666129, 25.133333333332743 ], [ 91.035416666666123, 25.139583333332745 ], [ 91.035416666666123, 25.143749999999407 ] ] } },
{ "type": "Feature", "properties": { "ARCID": 740048, "UP_CELLS": 119, "region_id": "sunamganj", "region_name": "Sunamganj" }, "geometry": { "type": "LineString", "coordinates": [ [ 91.270833333332774, 25.135416666666075 ], [ 91.260416666666117, 25.135416666666075 ], [ 91.256249999999454, 25.139583333332745 ] ] } },
{ "type": "Feature", "properties": { "ARCID": 740049, "UP_CELLS": 1694, "region_id": "sylhet", "region_name": "Sylhet" }, "geometry": { "type": "LineString", "coordinates": [ [ 92.5, 25.15 ], [ 92.485416666666097, 25.135416666666075 ], [ 92.48124999999942, 25.139583333332745 ], [ 92.477083333332757, 25.139583333332745 ], [ 92.472916666666094, 25.143749999999407 ], [ 92.468749999999432, 25.139583333332745 ], [ 92.464583333332769, 25.139583333332745 ], [ 92.452083333332766, 25.15208333333274 ], [ 92.447916666666089, 25.15208333333274 ], [ 92.443749999999426, 25.15624999999941 ], [ 92.439583333332763, 25.15624999999941 ] ] } },
{ "type": "Feature", "properties": { "ARCID": 740111, "UP_CELLS": 104, "region_id": "gaibandha", "region_name": "Gaibandha" }, "geometry": { "type": "LineString", "coordinates": [ [ 89.466666666666143, 25.131249999999412 ], [ 89.472916666666151, 25.131249999999412 ], [ 89.481249999999477, 25.139583333332745 ] ] } },
{ "type": "Feature", "properties": { "ARCID": 740113, "UP_CELLS": 5416, "region_id": "sylhet", "region_name": "Sylhet" }, "geometry": { "type": "LineString", "coordinates": [ [ 91.914583333332772, 25.160416666666073 ], [ 91.906249999999432, 25.15208333333274 ], [ 91.906249999999432, 25.147916666666077 ], [ 91.902083333332769, 25.147916666666077 ], [ 91.88958333333278, 25.135416666666075 ], [ 91.88958333333278, 25.131249999999412 ], [ 91.868749999999437, 25.131249999999412 ], [ 91.864583333332774, 25.135416666666075 ], [ 91.856249999999449, 25.135416666666075 ], [ 91.852083333332772, 25.139583333332745 ], [ 91.847916666666109, 25.139583333332745 ] ] } },
{ "type": "Feature", "properties": { "ARCID": 740114, "UP_CELLS": 2800, "region_id": "sylhet", "region_name": "Sylhet" }, "geometry": { "type": "LineString", "coordinates": [ [ 92.237499999998846, 25.2 ], [ 92.239583333332774, 25.197916666666075 ], [ 92.239583333332774, 25.189583333332742 ], [ 92.235416666666111, 25.185416666666079 ], [ 92.231249999999434, 25.185416666666079 ], [ 92.231249999999434, 25.181249999999409 ], [ 92.235416666666111, 25.177083333332746 ], [ 92.227083333332772, 25.168749999999413 ], [ 92.227083333332772, 25.160416666666073 ], [ 92.222916666666094, 25.15624999999941 ], [ 92.214583333332769, 25.15624999999941 ], [ 92.210416666666106, 25.15208333333274 ], [ 92.214583333332769, 25.147916666666077 ], [ 92.206249999999443, 25.139583333332745 ], [ 92.206249999999443, 25.135416666666075 ], [ 92.202083333332766, 25.131249999999412 ] ] } },
{ "type": "Feature", "properties": { "ARCID": 740183, "UP_CELLS": 4103, "region_id": "jamalpur", "region_name": "Jamalpur" }, "geometry": { "type": "LineString", "coordinates": [ [ 90.052083333332803, 25.143749999999407 ], [ 90.052083333332803, 25.139583333332745 ], [ 90.064583333332806, 25.127083333332742 ] ] } },
{ "type": "Feature", "properties": { "ARCID": 740184, "UP_CELLS": 153, "region_id": "jamalpur", "region_name": "Jamalpur" }, "geometry": { "type": "LineString", "coordinates": [ [ 90.09374999999946, 25.141666666666076 ], [ 90.09374999999946, 25.135416666666075 ], [ 90.089583333332797, 25.131249999999412 ], [ 90.077083333332808, 25.131249999999412 ], [ 90.072916666666146, 25.127083333332742 ], [ 90.064583333332806, 25.127083333332742 ] ] } },
{ "type": "Feature", "properties": { "ARCID": 740187, "UP_CELLS": 1103, "region_id": "sunamganj", "region_name": "Sunamganj" }, "geometry": { "type": "LineString", "coordinates": [ [ 91.08541666666612, 25.139583333332745 ], [ 91.106249999999449, 25.139583333332745 ], [ 91.118749999999451, 25.127083333332742 ] ] } },
{ "type": "Feature", "properties": { "ARCID": 740188, "UP_CELLS": 590, "region_id": "sunamganj", "region_name": "Sunamganj" }, "geometry": { "type": "LineString", "coordinates": [ [ 91.118749999999451, 25.160416666666073 ], [ 91.122916666666129, 25.15624999999941 ], [ 91.122916666666129, 25.131249999999412 ], [ 91.118749999999451, 25.127083333332742 ] ] } },
{ "type": "Feature", "properties": { "ARCID": 740189, "UP_CELLS": 744, "region_id": "sunamganj", "region_name": "Sunamganj" }, "geometry": { "type": "LineString", "coordinates": [ [ 91.564583333332777, 25.168749999999413 ], [ 91.572916666666117, 25.168749999999413 ], [ 91.57708333333278, 25.164583333332743 ], [ 91.57708333333278, 25.139583333332745 ], [ 91.585416666666106, 25.131249999999412 ], [ 91.585416666666106, 25.127083333332742 ] ] } },
{ "type": "Feature", "properties": { "ARCID": 740190, "UP_CELLS": 195, "region_id": "sunamganj", "region_name": "Sunamganj" }, "geometry": { "type": "LineString", "coordinates": [ [ 91.595833333332777, 25.133333333332743 ], [ 91.589583333332769, 25.127083333332742 ], [ 91.585416666666106, 25.127083333332742 ] ] } },
{ "type": "Feature", "properties": { "ARCID": 740191, "UP_CELLS": 242, "region_id": "sylhet", "region_name": "Sylhet" }, "geometry": { "type": "LineString", "coordinates": [ [ 91.824999999999449, 25.174999999999407 ], [ 91.814583333332777, 25.164583333332743 ], [ 91.814583333332777, 25.15208333333274 ], [ 91.81874999999944, 25.147916666666077 ], [ 91.822916666666117, 25.147916666666077 ], [ 91.82708333333278, 25.143749999999407 ], [ 91.82708333333278, 25.139583333332745 ], [ 91.835416666666106, 25.131249999999412 ], [ 91.835416666666106, 25.127083333332742 ] ] } },
{ "type": "Feature", "properties": { "ARCID": 740192, "UP_CELLS": 5582, "region_id": "sylhet", "region_name": "Sylhet" }, "geometry": { "type": "LineString", "coordinates": [ [ 91.847916666666109, 25.139583333332745 ], [ 91.843749999999432, 25.139583333332745 ], [ 91.839583333332769, 25.135416666666075 ], [ 91.839583333332769, 25.131249999999412 ], [ 91.835416666666106, 25.127083333332742 ] ] } },
{ "type": "Feature", "properties": { "ARCID": 740193, "UP_CELLS": 1089, "region_id": "sylhet", "region_name": "Sylhet" }, "geometry": { "type": "LineString", "coordinates": [ [ 92.306249999999437, 25.15208333333274 ], [ 92.302083333332774, 25.15208333333274 ], [ 92.293749999999434, 25.143749999999407 ], [ 92.289583333332757, 25.143749999999407 ], [ 92.281249999999432, 25.135416666666075 ], [ 92.252083333332763, 25.135416666666075 ], [ 92.2479166666661, 25.131249999999412 ], [ 92.243749999999437, 25.131249999999412 ], [ 92.239583333332774, 25.127083333332742 ], [ 92.227083333332772, 25.127083333332742 ], [ 92.222916666666094, 25.131249999999412 ], [ 92.202083333332766, 25.131249999999412 ] ] } },
{ "type": "Feature", "properties": { "ARCID": 740251, "UP_CELLS": 150, "region_id": "gaibandha", "region_name": "Gaibandha" }, "geometry": { "type": "LineString", "coordinates": [ [ 89.358333333332808, 25.12083333333274 ], [ 89.37708333333282, 25.139583333332745 ] ] } },
{ "type": "Feature", "properties": { "ARCID": 740326, "UP_CELLS": 1193, "region_id": "jamalpur", "region_name": "Jamalpur" }, "geometry": { "type": "LineString", "coordinates": [ [ 89.793749999999477, 25.147916666666077 ], [ 89.802083333332803, 25.147916666666077 ], [ 89.806249999999466, 25.143749999999407 ], [ 89.806249999999466, 25.135416666666075 ], [ 89.818749999999483, 25.122916666666079 ], [ 89.818749999999483, 25.118749999999409 ] ] } },
{ "type": "Feature", "properties": { "ARCID": 740327, "UP_CELLS": 188, "region_id": "jamalpur", "region_name": "Jamalpur" }, "geometry": { "type": "LineString", "coordinates": [ [ 89.837499999999466, 25.137499999999413 ], [ 89.827083333332808, 25.127083333332742 ], [ 89.827083333332808, 25.122916666666079 ], [ 89.822916666666146, 25.118749999999409 ], [ 89.818749999999483, 25.118749999999409 ] ] } },
{ "type": "Feature", "properties": { "ARCID": 740331, "UP_CELLS": 5859, "region_id": "sylhet", "region_name": "Sylhet" }, "geometry": { "type": "LineString", "coordinates": [ [ 91.835416666666106, 25.127083333332742 ], [ 91.831249999999443, 25.122916666666079 ], [ 91.81874999999944, 25.122916666666079 ], [ 91.814583333332777, 25.118749999999409 ] ] } },
{ "type": "Feature", "properties": { "ARCID": 740332, "UP_CELLS": 223, "region_id": "sylhet", "region_name": "Sylhet" }, "geometry": { "type": "LineString", "coordinates": [ [ 92.062499999999432, 25.158333333332742 ], [ 92.043749999999434, 25.139583333332745 ], [ 92.043749999999434, 25.135416666666075 ], [ 92.035416666666094, 25.127083333332742 ], [ 92.035416666666094, 25.122916666666079 ], [ 92.039583333332772, 25.118749999999409 ] ] } },
{ "type": "Feature", "properties": { "ARCID": 740333, "UP_CELLS": 917, "region_id": "sylhet", "region_name": "Sylhet" }, "geometry": { "type": "LineString", "coordinates": [ [ 92.110416666666111, 25.147916666666077 ], [ 92.106249999999434, 25.147916666666077 ], [ 92.102083333332772, 25.15208333333274 ], [ 92.097916666666094, 25.15208333333274 ], [ 92.085416666666106, 25.139583333332745 ], [ 92.06874999999944, 25.139583333332745 ], [ 92.064583333332763, 25.135416666666075 ], [ 92.064583333332763, 25.131249999999412 ], [ 92.056249999999437, 25.122916666666079 ], [ 92.047916666666111, 25.122916666666079 ], [ 92.043749999999434, 25.118749999999409 ], [ 92.039583333332772, 25.118749999999409 ] ] } },
{ "type": "Feature", "properties": { "ARCID": 740399, "UP_CELLS": 1142, "region_id": "sylhet", "region_name": "Sylhet" }, "geometry": { "type": "LineString", "coordinates": [ [ 92.039583333332772, 25.118749999999409 ], [ 92.035416666666094, 25.114583333332746 ] ] } },
{ "type": "Feature", "properties": { "ARCID": 740475, "UP_CELLS": 13783, "region_id": "sunamganj", "region_name": "Sunamganj" }, "geometry": { "type": "LineString", "coordinates": [ [ 91.256249999999454, 25.139583333332745 ], [ 91.247916666666114, 25.131249999999412 ], [ 91.247916666666114, 25.127083333332742 ], [ 91.239583333332774, 25.118749999999409 ], [ 91.239583333332774, 25.114583333332746 ], [ 91.235416666666111, 25.110416666666076 ] ] } },
{ "type": "Feature", "properties": { "ARCID": 740476, "UP_CELLS": 190, "region_id": "sylhet", "region_name": "Sylhet" }, "geometry": { "type": "LineString", "coordinates": [ [ 91.689583333332777, 25.170833333332745 ], [ 91.689583333332777, 25.164583333332743 ], [ 91.69374999999944, 25.160416666666073 ], [ 91.69374999999944, 25.15208333333274 ], [ 91.697916666666117, 25.147916666666077 ], [ 91.70208333333278, 25.147916666666077 ], [ 91.710416666666106, 25.139583333332745 ], [ 91.710416666666106, 25.135416666666075 ], [ 91.706249999999443, 25.131249999999412 ], [ 91.706249999999443, 25.118749999999409 ], [ 91.714583333332769, 25.110416666666076 ] ] } },
{ "type": "Feature", "properties": { "ARCID": 740476, "UP_CELLS": 190, "region_id": "sunamganj", "region_name": "Sunamganj" }, "geometry": { "type": "LineString", "coordinates": [ [ 91.689583333332777, 25.170833333332745 ], [ 91.689583333332777, 25.164583333332743 ], [ 91.69374999999944, 25.160416666666073 ], [ 91.69374999999944, 25.15208333333274 ], [ 91.697916666666117, 25.147916666666077 ], [ 91.7, 25.147916666666077 ] ] } },
{ "type": "Feature", "properties": { "ARCID": 740477, "UP_CELLS": 264, "region_id": "sylhet", "region_name": "Sylhet" }, "geometry": { "type": "LineString", "coordinates": [ [ 91.70208333333278, 25.2 ], [ 91.70208333333278, 25.172916666666076 ], [ 91.710416666666106, 25.164583333332743 ], [ 91.710416666666106, 25.160416666666073 ], [ 91.727083333332786, 25.143749999999407 ], [ 91.727083333332786, 25.139583333332745 ], [ 91.731249999999449, 25.135416666666075 ], [ 91.731249999999449, 25.122916666666079 ], [ 91.722916666666109, 25.114583333332746 ], [ 91.718749999999446, 25.114583333332746 ], [ 91.714583333332769, 25.110416666666076 ] ] } },
{ "type": "Feature", "properties": { "ARCID": 740478, "UP_CELLS": 125, "region_id": "sylhet", "region_name": "Sylhet" }, "geometry": { "type": "LineString", "coordinates": [ [ 91.8416666666661, 25.110416666666076 ], [ 91.835416666666106, 25.110416666666076 ], [ 91.831249999999443, 25.114583333332746 ], [ 91.822916666666117, 25.114583333332746 ], [ 91.81874999999944, 25.118749999999409 ], [ 91.814583333332777, 25.118749999999409 ] ] } },
{ "type": "Feature", "properties": { "ARCID": 740547, "UP_CELLS": 1191, "region_id": "sunamganj", "region_name": "Sunamganj" }, "geometry": { "type": "LineString", "coordinates": [ [ 90.935416666666129, 25.135416666666075 ], [ 90.935416666666129, 25.131249999999412 ], [ 90.910416666666123, 25.106249999999413 ] ] } },
{ "type": "Feature", "properties": { "ARCID": 740548, "UP_CELLS": 241, "region_id": "sunamganj", "region_name": "Sunamganj" }, "geometry": { "type": "LineString", "coordinates": [ [ 91.416666666666117, 25.170833333332745 ], [ 91.422916666666111, 25.164583333332743 ], [ 91.422916666666111, 25.15624999999941 ], [ 91.443749999999454, 25.135416666666075 ], [ 91.443749999999454, 25.110416666666076 ], [ 91.447916666666117, 25.106249999999413 ], [ 91.456249999999443, 25.106249999999413 ] ] } },
{ "type": "Feature", "properties": { "ARCID": 740549, "UP_CELLS": 141, "region_id": "sunamganj", "region_name": "Sunamganj" }, "geometry": { "type": "LineString", "coordinates": [ [ 91.456249999999443, 25.137499999999413 ], [ 91.456249999999443, 25.131249999999412 ], [ 91.460416666666106, 25.127083333332742 ], [ 91.456249999999443, 25.122916666666079 ], [ 91.456249999999443, 25.106249999999413 ] ] } },
{ "type": "Feature", "properties": { "ARCID": 740550, "UP_CELLS": 106, "region_id": "sylhet", "region_name": "Sylhet" }, "geometry": { "type": "LineString", "coordinates": [ [ 92.04583333333278, 25.104166666666075 ], [ 92.035416666666094, 25.114583333332746 ] ] } },
{ "type": "Feature", "properties": { "ARCID": 740612, "UP_CELLS": 219, "region_id": "jamalpur", "region_name": "Jamalpur" }, "geometry": { "type": "LineString", "coordinates": [ [ 89.743749999999466, 25.099999999999412 ], [ 89.743749999999466, 25.110416666666076 ], [ 89.752083333332806, 25.118749999999409 ], [ 89.752083333332806, 25.122916666666079 ], [ 89.756249999999483, 25.127083333332742 ], [ 89.756249999999483, 25.131249999999412 ], [ 89.760416666666146, 25.135416666666075 ], [ 89.777083333332797, 25.135416666666075 ], [ 89.785416666666151, 25.143749999999407 ] ] } },
{ "type": "Feature", "properties": { "ARCID": 740613, "UP_CELLS": 148, "region_id": "sunamganj", "region_name": "Sunamganj" }, "geometry": { "type": "LineString", "coordinates": [ [ 90.949999999999449, 25.102083333332743 ], [ 90.918749999999449, 25.102083333332743 ], [ 90.914583333332786, 25.106249999999413 ], [ 90.910416666666123, 25.106249999999413 ] ] } },
{ "type": "Feature", "properties": { "ARCID": 740614, "UP_CELLS": 149, "region_id": "sunamganj", "region_name": "Sunamganj" }, "geometry": { "type": "LineString", "coordinates": [ [ 91.17916666666612, 25.116666666666077 ], [ 91.168749999999449, 25.106249999999413 ], [ 91.168749999999449, 25.102083333332743 ] ] } },
{ "type": "Feature", "properties": { "ARCID": 740688, "UP_CELLS": 4294, "region_id": "jamalpur", "region_name": "Jamalpur" }, "geometry": { "type": "LineString", "coordinates": [ [ 90.064583333332806, 25.127083333332742 ], [ 90.060416666666129, 25.122916666666079 ], [ 90.060416666666129, 25.118749999999409 ], [ 90.064583333332806, 25.114583333332746 ], [ 90.064583333332806, 25.110416666666076 ], [ 90.072916666666146, 25.102083333332743 ], [ 90.072916666666146, 25.09791666666608 ] ] } },
{ "type": "Feature", "properties": { "ARCID": 740689, "UP_CELLS": 14267, "region_id": "sunamganj", "region_name": "Sunamganj" }, "geometry": { "type": "LineString", "coordinates": [ [ 91.235416666666111, 25.110416666666076 ], [ 91.227083333332786, 25.110416666666076 ], [ 91.222916666666123, 25.106249999999413 ], [ 91.21874999999946, 25.106249999999413 ], [ 91.214583333332783, 25.102083333332743 ], [ 91.20208333333278, 25.102083333332743 ], [ 91.197916666666117, 25.09791666666608 ], [ 91.185416666666129, 25.09791666666608 ], [ 91.181249999999451, 25.102083333332743 ], [ 91.168749999999449, 25.102083333332743 ] ] } },
{ "type": "Feature", "properties": { "ARCID": 740761, "UP_CELLS": 224, "region_id": "jamalpur", "region_name": "Jamalpur" }, "geometry": { "type": "LineString", "coordinates": [ [ 90.029166666666129, 25.099999999999412 ], [ 90.035416666666137, 25.09374999999941 ], [ 90.0395833333328, 25.09374999999941 ], [ 90.04791666666614, 25.102083333332743 ], [ 90.052083333332803, 25.09791666666608 ], [ 90.056249999999466, 25.09791666666608 ], [ 90.060416666666129, 25.09374999999941 ], [ 90.072916666666146, 25.09374999999941 ], [ 90.072916666666146, 25.09791666666608 ] ] } },
{ "type": "Feature", "properties": { "ARCID": 740762, "UP_CELLS": 451, "region_id": "sunamganj", "region_name": "Sunamganj" }, "geometry": { "type": "LineString", "coordinates": [ [ 91.456249999999443, 25.106249999999413 ], [ 91.460416666666106, 25.102083333332743 ], [ 91.464583333332783, 25.102083333332743 ], [ 91.468749999999446, 25.09791666666608 ], [ 91.464583333332783, 25.09374999999941 ] ] } },
{ "type": "Feature", "properties": { "ARCID": 740816, "UP_CELLS": 4523, "region_id": "jamalpur", "region_name": "Jamalpur" }, "geometry": { "type": "LineString", "coordinates": [ [ 90.072916666666146, 25.09791666666608 ], [ 90.081249999999471, 25.089583333332747 ] ] } },
{ "type": "Feature", "properties": { "ARCID": 740820, "UP_CELLS": 275, "region_id": "sunamganj", "region_name": "Sunamganj" }, "geometry": { "type": "LineString", "coordinates": [ [ 91.28124999999946, 25.087499999999409 ], [ 91.28124999999946, 25.09791666666608 ], [ 91.277083333332783, 25.102083333332743 ], [ 91.256249999999454, 25.102083333332743 ], [ 91.252083333332791, 25.09791666666608 ], [ 91.247916666666114, 25.102083333332743 ], [ 91.239583333332774, 25.102083333332743 ], [ 91.235416666666111, 25.106249999999413 ], [ 91.235416666666111, 25.110416666666076 ] ] } },
{ "type": "Feature", "properties": { "ARCID": 740821, "UP_CELLS": 6105, "region_id": "sylhet", "region_name": "Sylhet" }, "geometry": { "type": "LineString", "coordinates": [ [ 91.814583333332777, 25.118749999999409 ], [ 91.814583333332777, 25.114583333332746 ], [ 91.8104166666661, 25.114583333332746 ], [ 91.806249999999437, 25.110416666666076 ], [ 91.806249999999437, 25.106249999999413 ], [ 91.789583333332786, 25.089583333332747 ] ] } },
{ "type": "Feature", "properties": { "ARCID": 740868, "UP_CELLS": 918, "region_id": "gaibandha", "region_name": "Gaibandha" }, "geometry": { "type": "LineString", "coordinates": [ [ 89.152083333332826, 25.189583333332742 ], [ 89.152083333332826, 25.181249999999409 ], [ 89.147916666666148, 25.177083333332746 ], [ 89.147916666666148, 25.172916666666076 ], [ 89.143749999999486, 25.168749999999413 ], [ 89.143749999999486, 25.164583333332743 ], [ 89.139583333332808, 25.160416666666073 ], [ 89.139583333332808, 25.15624999999941 ], [ 89.122916666666157, 25.139583333332745 ], [ 89.122916666666157, 25.131249999999412 ], [ 89.131249999999483, 25.122916666666079 ], [ 89.131249999999483, 25.114583333332746 ], [ 89.118749999999494, 25.102083333332743 ], [ 89.118749999999494, 25.09791666666608 ], [ 89.114583333332817, 25.09374999999941 ], [ 89.114583333332817, 25.089583333332747 ], [ 89.110416666666154, 25.085416666666077 ] ] } },
{ "type": "Feature", "properties": { "ARCID": 740871, "UP_CELLS": 1389, "region_id": "sunamganj", "region_name": "Sunamganj" }, "geometry": { "type": "LineString", "coordinates": [ [ 90.910416666666123, 25.106249999999413 ], [ 90.910416666666123, 25.102083333332743 ], [ 90.90624999999946, 25.102083333332743 ], [ 90.9, 25.095833333333292 ] ] } },
{ "type": "Feature", "properties": { "ARCID": 740872, "UP_CELLS": 177, "region_id": "sunamganj", "region_name": "Sunamganj" }, "geometry": { "type": "LineString", "coordinates": [ [ 91.506249999999454, 25.12499999999941 ], [ 91.506249999999454, 25.114583333332746 ], [ 91.502083333332777, 25.110416666666076 ], [ 91.502083333332777, 25.106249999999413 ], [ 91.497916666666114, 25.102083333332743 ], [ 91.497916666666114, 25.09791666666608 ], [ 91.502083333332777, 25.09374999999941 ], [ 91.506249999999454, 25.09374999999941 ], [ 91.510416666666117, 25.089583333332747 ], [ 91.510416666666117, 25.085416666666077 ], [ 91.506249999999454, 25.085416666666077 ] ] } },
{ "type": "Feature", "properties": { "ARCID": 740943, "UP_CELLS": 105, "region_id": "jamalpur", "region_name": "Jamalpur" }, "geometry": { "type": "LineString", "coordinates": [ [ 90.077083333332808, 25.079166666666076 ], [ 90.077083333332808, 25.085416666666077 ], [ 90.081249999999471, 25.089583333332747 ] ] } },
{ "type": "Feature", "properties": { "ARCID": 740945, "UP_CELLS": 4199, "region_id": "sylhet", "region_name": "Sylhet" }, "geometry": { "type": "LineString", "coordinates": [ [ 92.202083333332766, 25.131249999999412 ], [ 92.197916666666103, 25.131249999999412 ], [ 92.193749999999426, 25.135416666666075 ], [ 92.189583333332763, 25.135416666666075 ], [ 92.189583333332763, 25.122916666666079 ], [ 92.181249999999437, 25.114583333332746 ], [ 92.181249999999437, 25.110416666666076 ], [ 92.177083333332774, 25.106249999999413 ], [ 92.164583333332772, 25.106249999999413 ], [ 92.160416666666094, 25.110416666666076 ], [ 92.156249999999432, 25.110416666666076 ], [ 92.147916666666106, 25.102083333332743 ], [ 92.147916666666106, 25.09791666666608 ], [ 92.13958333333278, 25.089583333332747 ], [ 92.135416666666103, 25.089583333332747 ], [ 92.127083333332763, 25.081249999999407 ] ] } },
{ "type": "Feature", "properties": { "ARCID": 741002, "UP_CELLS": 2312, "region_id": "gaibandha", "region_name": "Gaibandha" }, "geometry": { "type": "LineString", "coordinates": [ [ 89.110416666666154, 25.310416666666072 ], [ 89.110416666666154, 25.297916666666076 ], [ 89.114583333332817, 25.293749999999406 ], [ 89.114583333332817, 25.247916666666072 ], [ 89.1, 25.233333333333253 ] ] } },
{ "type": "Feature", "properties": { "ARCID": 741003, "UP_CELLS": 1504, "region_id": "gaibandha", "region_name": "Gaibandha" }, "geometry": { "type": "LineString", "coordinates": [ [ 89.110416666666154, 25.085416666666077 ], [ 89.102083333332814, 25.077083333332745 ], [ 89.1, 25.077083333332745 ] ] } },
{ "type": "Feature", "properties": { "ARCID": 741004, "UP_CELLS": 572, "region_id": "gaibandha", "region_name": "Gaibandha" }, "geometry": { "type": "LineString", "coordinates": [ [ 89.229166666666146, 25.12499999999941 ], [ 89.222916666666151, 25.118749999999409 ], [ 89.222916666666151, 25.114583333332746 ], [ 89.210416666666148, 25.102083333332743 ], [ 89.197916666666146, 25.102083333332743 ], [ 89.193749999999483, 25.09791666666608 ], [ 89.177083333332817, 25.09791666666608 ], [ 89.17291666666614, 25.102083333332743 ], [ 89.156249999999488, 25.085416666666077 ], [ 89.152083333332826, 25.085416666666077 ], [ 89.147916666666148, 25.081249999999407 ], [ 89.143749999999486, 25.081249999999407 ], [ 89.139583333332808, 25.077083333332745 ], [ 89.131249999999483, 25.077083333332745 ], [ 89.12708333333282, 25.081249999999407 ], [ 89.122916666666157, 25.077083333332745 ], [ 89.118749999999494, 25.077083333332745 ], [ 89.110416666666154, 25.085416666666077 ] ] } },
{ "type": "Feature", "properties": { "ARCID": 741005, "UP_CELLS": 220, "region_id": "gaibandha", "region_name": "Gaibandha" }, "geometry": { "type": "LineString", "coordinates": [ [ 89.574999999999477, 25.118749999999409 ], [ 89.585416666666134, 25.118749999999409 ], [ 89.589583333332811, 25.114583333332746 ], [ 89.589583333332811, 25.110416666666076 ], [ 89.593749999999474, 25.106249999999413 ], [ 89.597916666666151, 25.106249999999413 ], [ 89.606249999999477, 25.09791666666608 ], [ 89.606249999999477, 25.085416666666077 ], [ 89.61041666666614, 25.081249999999407 ], [ 89.61041666666614, 25.077083333332745 ] ] } },
{ "type": "Feature", "properties": { "ARCID": 741006, "UP_CELLS": 575, "region_id": "gaibandha", "region_name": "Gaibandha" }, "geometry": { "type": "LineString", "coordinates": [ [ 89.606249999999477, 25.185416666666079 ], [ 89.606249999999477, 25.15208333333274 ], [ 89.61041666666614, 25.147916666666077 ], [ 89.61041666666614, 25.143749999999407 ], [ 89.61874999999948, 25.135416666666075 ], [ 89.631249999999483, 25.135416666666075 ], [ 89.639583333332808, 25.127083333332742 ], [ 89.639583333332808, 25.118749999999409 ], [ 89.643749999999471, 25.114583333332746 ], [ 89.643749999999471, 25.110416666666076 ], [ 89.61041666666614, 25.077083333332745 ] ] } },
{ "type": "Feature", "properties": { "ARCID": 741007, "UP_CELLS": 4673, "region_id": "jamalpur", "region_name": "Jamalpur" }, "geometry": { "type": "LineString", "coordinates": [ [ 90.081249999999471, 25.089583333332747 ], [ 90.085416666666134, 25.085416666666077 ], [ 90.09374999999946, 25.085416666666077 ], [ 90.1020833333328, 25.077083333332745 ] ] } },
{ "type": "Feature", "properties": { "ARCID": 741008, "UP_CELLS": 192, "region_id": "jamalpur", "region_name": "Jamalpur" }, "geometry": { "type": "LineString", "coordinates": [ [ 90.122916666666129, 25.108333333332745 ], [ 90.122916666666129, 25.102083333332743 ], [ 90.114583333332803, 25.09374999999941 ], [ 90.114583333332803, 25.089583333332747 ], [ 90.1020833333328, 25.077083333332745 ] ] } },
{ "type": "Feature", "properties": { "ARCID": 741012, "UP_CELLS": 35074, "region_id": "sunamganj", "region_name": "Sunamganj" }, "geometry": { "type": "LineString", "coordinates": [ [ 91.464583333332783, 25.09374999999941 ], [ 91.422916666666111, 25.09374999999941 ], [ 91.418749999999449, 25.089583333332747 ], [ 91.418749999999449, 25.085416666666077 ], [ 91.410416666666123, 25.077083333332745 ] ] } },
{ "type": "Feature", "properties": { "ARCID": 741013, "UP_CELLS": 2044, "region_id": "sylhet", "region_name": "Sylhet" }, "geometry": { "type": "LineString", "coordinates": [ [ 91.770833333333371, 25.2 ], [ 91.768749999999443, 25.197916666666075 ], [ 91.768749999999443, 25.193749999999412 ], [ 91.76458333333278, 25.189583333332742 ], [ 91.76458333333278, 25.185416666666079 ], [ 91.75624999999944, 25.177083333332746 ], [ 91.75624999999944, 25.131249999999412 ], [ 91.760416666666117, 25.127083333332742 ], [ 91.760416666666117, 25.122916666666079 ], [ 91.76458333333278, 25.118749999999409 ], [ 91.760416666666117, 25.114583333332746 ], [ 91.760416666666117, 25.077083333332745 ] ] } },
{ "type": "Feature", "properties": { "ARCID": 741014, "UP_CELLS": 6417, "region_id": "sylhet", "region_name": "Sylhet" }, "geometry": { "type": "LineString", "coordinates": [ [ 91.789583333332786, 25.089583333332747 ], [ 91.777083333332769, 25.077083333332745 ], [ 91.760416666666117, 25.077083333332745 ] ] } },
{ "type": "Feature", "properties": { "ARCID": 741090, "UP_CELLS": 4930, "region_id": "jamalpur", "region_name": "Jamalpur" }, "geometry": { "type": "LineString", "coordinates": [ [ 90.1020833333328, 25.077083333332745 ], [ 90.106249999999477, 25.072916666666075 ], [ 90.135416666666146, 25.072916666666075 ] ] } },
{ "type": "Feature", "properties": { "ARCID": 741093, "UP_CELLS": 2927, "region_id": "sunamganj", "region_name": "Sunamganj" }, "geometry": { "type": "LineString", "coordinates": [ [ 91.435416666666114, 25.272916666666077 ], [ 91.427083333332774, 25.264583333332745 ], [ 91.418749999999449, 25.264583333332745 ], [ 91.414583333332786, 25.268749999999407 ], [ 91.410416666666123, 25.264583333332745 ], [ 91.406249999999446, 25.264583333332745 ], [ 91.393749999999443, 25.252083333332742 ], [ 91.38958333333278, 25.252083333332742 ], [ 91.385416666666117, 25.247916666666072 ], [ 91.385416666666117, 25.243749999999409 ], [ 91.381249999999454, 25.243749999999409 ], [ 91.377083333332791, 25.247916666666072 ], [ 91.372916666666114, 25.243749999999409 ], [ 91.368749999999451, 25.243749999999409 ], [ 91.368749999999451, 25.239583333332739 ], [ 91.364583333332774, 25.235416666666076 ], [ 91.360416666666111, 25.235416666666076 ], [ 91.356249999999449, 25.231249999999406 ], [ 91.356249999999449, 25.21874999999941 ], [ 91.360416666666111, 25.21458333333274 ], [ 91.364583333332774, 25.21458333333274 ], [ 91.372916666666114, 25.206249999999407 ], [ 91.372916666666114, 25.193749999999412 ], [ 91.377083333332791, 25.189583333332742 ], [ 91.377083333332791, 25.185416666666079 ], [ 91.381249999999454, 25.181249999999409 ], [ 91.381249999999454, 25.172916666666076 ], [ 91.38958333333278, 25.164583333332743 ], [ 91.38958333333278, 25.160416666666073 ], [ 91.385416666666117, 25.15624999999941 ], [ 91.385416666666117, 25.15208333333274 ], [ 91.381249999999454, 25.147916666666077 ], [ 91.381249999999454, 25.143749999999407 ], [ 91.385416666666117, 25.139583333332745 ], [ 91.385416666666117, 25.127083333332742 ], [ 91.393749999999443, 25.118749999999409 ], [ 91.393749999999443, 25.114583333332746 ], [ 91.38958333333278, 25.110416666666076 ], [ 91.38958333333278, 25.106249999999413 ], [ 91.385416666666117, 25.102083333332743 ], [ 91.385416666666117, 25.089583333332747 ], [ 91.393749999999443, 25.081249999999407 ], [ 91.393749999999443, 25.072916666666075 ] ] } },
{ "type": "Feature", "properties": { "ARCID": 741094, "UP_CELLS": 35194, "region_id": "sunamganj", "region_name": "Sunamganj" }, "geometry": { "type": "LineString", "coordinates": [ [ 91.410416666666123, 25.077083333332745 ], [ 91.406249999999446, 25.072916666666075 ], [ 91.393749999999443, 25.072916666666075 ] ] } },
{ "type": "Feature", "properties": { "ARCID": 741095, "UP_CELLS": 103, "region_id": "sunamganj", "region_name": "Sunamganj" }, "geometry": { "type": "LineString", "coordinates": [ [ 91.416666666666117, 25.070833333332743 ], [ 91.410416666666123, 25.077083333332745 ] ] } },
{ "type": "Feature", "properties": { "ARCID": 741096, "UP_CELLS": 34472, "region_id": "sunamganj", "region_name": "Sunamganj" }, "geometry": { "type": "LineString", "coordinates": [ [ 91.464583333332783, 25.072916666666075 ], [ 91.460416666666106, 25.077083333332745 ], [ 91.468749999999446, 25.085416666666077 ], [ 91.468749999999446, 25.089583333332747 ], [ 91.464583333332783, 25.09374999999941 ] ] } },
{ "type": "Feature", "properties": { "ARCID": 741097, "UP_CELLS": 137, "region_id": "sylhet", "region_name": "Sylhet" }, "geometry": { "type": "LineString", "coordinates": [ [ 92.145833333332774, 25.070833333332743 ], [ 92.13958333333278, 25.077083333332745 ], [ 92.131249999999426, 25.077083333332745 ], [ 92.127083333332763, 25.081249999999407 ] ] } },
{ "type": "Feature", "properties": { "ARCID": 741160, "UP_CELLS": 34281, "region_id": "sunamganj", "region_name": "Sunamganj" }, "geometry": { "type": "LineString", "coordinates": [ [ 91.506249999999454, 25.085416666666077 ], [ 91.502083333332777, 25.085416666666077 ], [ 91.485416666666111, 25.068749999999412 ], [ 91.481249999999449, 25.068749999999412 ], [ 91.477083333332786, 25.072916666666075 ], [ 91.464583333332783, 25.072916666666075 ] ] } },
{ "type": "Feature", "properties": { "ARCID": 741221, "UP_CELLS": 201, "region_id": "gaibandha", "region_name": "Gaibandha" }, "geometry": { "type": "LineString", "coordinates": [ [ 89.47083333333282, 25.087499999999409 ], [ 89.481249999999477, 25.077083333332745 ], [ 89.48541666666614, 25.077083333332745 ], [ 89.49374999999948, 25.085416666666077 ], [ 89.497916666666143, 25.081249999999407 ], [ 89.497916666666143, 25.068749999999412 ], [ 89.50208333333282, 25.064583333332742 ], [ 89.506249999999483, 25.064583333332742 ] ] } },
{ "type": "Feature", "properties": { "ARCID": 741222, "UP_CELLS": 22708, "region_id": "gaibandha", "region_name": "Gaibandha" }, "geometry": { "type": "LineString", "coordinates": [ [ 89.48541666666614, 25.135416666666075 ], [ 89.49374999999948, 25.127083333332742 ], [ 89.49374999999948, 25.122916666666079 ], [ 89.506249999999483, 25.110416666666076 ], [ 89.506249999999483, 25.09374999999941 ], [ 89.50208333333282, 25.089583333332747 ], [ 89.506249999999483, 25.085416666666077 ], [ 89.506249999999483, 25.064583333332742 ] ] } },
{ "type": "Feature", "properties": { "ARCID": 741223, "UP_CELLS": 5386, "region_id": "jamalpur", "region_name": "Jamalpur" }, "geometry": { "type": "LineString", "coordinates": [ [ 90.135416666666146, 25.072916666666075 ], [ 90.139583333332808, 25.072916666666075 ], [ 90.147916666666134, 25.064583333332742 ] ] } },
{ "type": "Feature", "properties": { "ARCID": 741224, "UP_CELLS": 38158, "region_id": "sunamganj", "region_name": "Sunamganj" }, "geometry": { "type": "LineString", "coordinates": [ [ 91.393749999999443, 25.072916666666075 ], [ 91.385416666666117, 25.072916666666075 ], [ 91.381249999999454, 25.068749999999412 ], [ 91.381249999999454, 25.064583333332742 ] ] } },
{ "type": "Feature", "properties": { "ARCID": 741225, "UP_CELLS": 576, "region_id": "sylhet", "region_name": "Sylhet" }, "geometry": { "type": "LineString", "coordinates": [ [ 91.714583333332769, 25.110416666666076 ], [ 91.714583333332769, 25.09791666666608 ], [ 91.718749999999446, 25.09374999999941 ], [ 91.718749999999446, 25.081249999999407 ], [ 91.706249999999443, 25.068749999999412 ], [ 91.706249999999443, 25.064583333332742 ] ] } },
{ "type": "Feature", "properties": { "ARCID": 741226, "UP_CELLS": 8636, "region_id": "sylhet", "region_name": "Sylhet" }, "geometry": { "type": "LineString", "coordinates": [ [ 91.760416666666117, 25.077083333332745 ], [ 91.752083333332777, 25.068749999999412 ], [ 91.735416666666111, 25.068749999999412 ], [ 91.731249999999449, 25.064583333332742 ], [ 91.706249999999443, 25.064583333332742 ] ] } },
{ "type": "Feature", "properties": { "ARCID": 741227, "UP_CELLS": 192, "region_id": "sylhet", "region_name": "Sylhet" }, "geometry": { "type": "LineString", "coordinates": [ [ 91.81874999999944, 25.06249999999941 ], [ 91.81874999999944, 25.068749999999412 ], [ 91.814583333332777, 25.072916666666075 ], [ 91.814583333332777, 25.077083333332745 ], [ 91.806249999999437, 25.085416666666077 ], [ 91.797916666666111, 25.085416666666077 ], [ 91.793749999999449, 25.089583333332747 ], [ 91.789583333332786, 25.089583333332747 ] ] } },
{ "type": "Feature", "properties": { "ARCID": 741293, "UP_CELLS": 5570, "region_id": "jamalpur", "region_name": "Jamalpur" }, "geometry": { "type": "LineString", "coordinates": [ [ 90.147916666666134, 25.064583333332742 ], [ 90.152083333332797, 25.060416666666079 ] ] } },
{ "type": "Feature", "properties": { "ARCID": 741294, "UP_CELLS": 365, "region_id": "jamalpur", "region_name": "Jamalpur" }, "geometry": { "type": "LineString", "coordinates": [ [ 90.154166666666129, 25.170833333332745 ], [ 90.160416666666137, 25.164583333332743 ], [ 90.160416666666137, 25.160416666666073 ], [ 90.15624999999946, 25.15624999999941 ], [ 90.160416666666137, 25.15208333333274 ], [ 90.160416666666137, 25.147916666666077 ], [ 90.1645833333328, 25.143749999999407 ], [ 90.1645833333328, 25.139583333332745 ], [ 90.168749999999477, 25.135416666666075 ], [ 90.168749999999477, 25.127083333332742 ], [ 90.1645833333328, 25.122916666666079 ], [ 90.1645833333328, 25.118749999999409 ], [ 90.177083333332803, 25.106249999999413 ], [ 90.168749999999477, 25.09791666666608 ], [ 90.168749999999477, 25.085416666666077 ], [ 90.1645833333328, 25.081249999999407 ], [ 90.1645833333328, 25.077083333332745 ], [ 90.15624999999946, 25.068749999999412 ], [ 90.15624999999946, 25.064583333332742 ], [ 90.152083333332797, 25.060416666666079 ] ] } },
{ "type": "Feature", "properties": { "ARCID": 741295, "UP_CELLS": 211, "region_id": "sunamganj", "region_name": "Sunamganj" }, "geometry": { "type": "LineString", "coordinates": [ [ 91.345833333332791, 25.09374999999941 ], [ 91.352083333332786, 25.09374999999941 ], [ 91.360416666666111, 25.085416666666077 ], [ 91.360416666666111, 25.077083333332745 ], [ 91.377083333332791, 25.060416666666079 ], [ 91.381249999999454, 25.060416666666079 ], [ 91.381249999999454, 25.064583333332742 ] ] } },
{ "type": "Feature", "properties": { "ARCID": 741296, "UP_CELLS": 1116, "region_id": "sunamganj", "region_name": "Sunamganj" }, "geometry": { "type": "LineString", "coordinates": [ [ 91.585416666666106, 25.127083333332742 ], [ 91.585416666666106, 25.118749999999409 ], [ 91.581249999999443, 25.114583333332746 ], [ 91.581249999999443, 25.110416666666076 ], [ 91.57708333333278, 25.106249999999413 ], [ 91.57708333333278, 25.09791666666608 ], [ 91.564583333332777, 25.085416666666077 ], [ 91.564583333332777, 25.077083333332745 ], [ 91.547916666666111, 25.060416666666079 ] ] } },
{ "type": "Feature", "properties": { "ARCID": 741297, "UP_CELLS": 3434, "region_id": "sylhet", "region_name": "Sylhet" }, "geometry": { "type": "LineString", "coordinates": [ [ 92.439583333332763, 25.15624999999941 ], [ 92.4354166666661, 25.15208333333274 ], [ 92.431249999999437, 25.15208333333274 ], [ 92.422916666666097, 25.143749999999407 ], [ 92.418749999999434, 25.143749999999407 ], [ 92.414583333332757, 25.139583333332745 ], [ 92.410416666666094, 25.139583333332745 ], [ 92.406249999999432, 25.135416666666075 ], [ 92.393749999999429, 25.135416666666075 ], [ 92.389583333332766, 25.131249999999412 ], [ 92.389583333332766, 25.122916666666079 ], [ 92.385416666666089, 25.118749999999409 ], [ 92.381249999999426, 25.118749999999409 ], [ 92.377083333332763, 25.114583333332746 ], [ 92.3729166666661, 25.114583333332746 ], [ 92.368749999999437, 25.110416666666076 ], [ 92.364583333332774, 25.110416666666076 ], [ 92.352083333332757, 25.09791666666608 ], [ 92.352083333332757, 25.085416666666077 ], [ 92.347916666666094, 25.081249999999407 ], [ 92.347916666666094, 25.060416666666079 ] ] } },
{ "type": "Feature", "properties": { "ARCID": 741298, "UP_CELLS": 262, "region_id": "sylhet", "region_name": "Sylhet" }, "geometry": { "type": "LineString", "coordinates": [ [ 92.420833333332766, 25.09374999999941 ], [ 92.410416666666094, 25.09374999999941 ], [ 92.406249999999432, 25.09791666666608 ], [ 92.402083333332769, 25.09374999999941 ], [ 92.393749999999429, 25.09374999999941 ], [ 92.389583333332766, 25.089583333332747 ], [ 92.389583333332766, 25.085416666666077 ], [ 92.381249999999426, 25.077083333332745 ], [ 92.381249999999426, 25.072916666666075 ], [ 92.377083333332763, 25.068749999999412 ], [ 92.368749999999437, 25.068749999999412 ], [ 92.360416666666097, 25.060416666666079 ], [ 92.347916666666094, 25.060416666666079 ] ] } },
{ "type": "Feature", "properties": { "ARCID": 741380, "UP_CELLS": 571, "region_id": "sunamganj", "region_name": "Sunamganj" }, "geometry": { "type": "LineString", "coordinates": [ [ 90.99999999999946, 25.070833333332743 ], [ 90.993749999999451, 25.064583333332742 ], [ 90.985416666666111, 25.064583333332742 ], [ 90.981249999999449, 25.060416666666079 ], [ 90.977083333332786, 25.060416666666079 ], [ 90.972916666666123, 25.056249999999409 ], [ 90.943749999999454, 25.056249999999409 ], [ 90.927083333332789, 25.072916666666075 ], [ 90.902083333332797, 25.072916666666075 ], [ 90.9, 25.074999999998862 ] ] } },
{ "type": "Feature", "properties": { "ARCID": 741381, "UP_CELLS": 1839, "region_id": "sunamganj", "region_name": "Sunamganj" }, "geometry": { "type": "LineString", "coordinates": [ [ 91.118749999999451, 25.127083333332742 ], [ 91.118749999999451, 25.110416666666076 ], [ 91.127083333332791, 25.102083333332743 ], [ 91.127083333332791, 25.060416666666079 ], [ 91.131249999999454, 25.056249999999409 ] ] } },
{ "type": "Feature", "properties": { "ARCID": 741382, "UP_CELLS": 14533, "region_id": "sunamganj", "region_name": "Sunamganj" }, "geometry": { "type": "LineString", "coordinates": [ [ 91.168749999999449, 25.102083333332743 ], [ 91.164583333332786, 25.102083333332743 ], [ 91.160416666666123, 25.09791666666608 ], [ 91.160416666666123, 25.09374999999941 ], [ 91.143749999999443, 25.077083333332745 ], [ 91.143749999999443, 25.072916666666075 ], [ 91.13958333333278, 25.068749999999412 ], [ 91.13958333333278, 25.064583333332742 ], [ 91.131249999999454, 25.056249999999409 ] ] } },
{ "type": "Feature", "properties": { "ARCID": 741449, "UP_CELLS": 106, "region_id": "gaibandha", "region_name": "Gaibandha" }, "geometry": { "type": "LineString", "coordinates": [ [ 89.583333333332803, 25.06249999999941 ], [ 89.593749999999474, 25.052083333332746 ], [ 89.597916666666151, 25.052083333332746 ] ] } },
{ "type": "Feature", "properties": { "ARCID": 741450, "UP_CELLS": 831, "region_id": "gaibandha", "region_name": "Gaibandha" }, "geometry": { "type": "LineString", "coordinates": [ [ 89.61041666666614, 25.077083333332745 ], [ 89.602083333332814, 25.068749999999412 ], [ 89.602083333332814, 25.064583333332742 ], [ 89.597916666666151, 25.060416666666079 ], [ 89.597916666666151, 25.052083333332746 ] ] } },
{ "type": "Feature", "properties": { "ARCID": 741451, "UP_CELLS": 34047, "region_id": "sunamganj", "region_name": "Sunamganj" }, "geometry": { "type": "LineString", "coordinates": [ [ 91.547916666666111, 25.060416666666079 ], [ 91.543749999999449, 25.060416666666079 ], [ 91.539583333332786, 25.056249999999409 ], [ 91.535416666666123, 25.056249999999409 ], [ 91.531249999999446, 25.052083333332746 ], [ 91.527083333332783, 25.052083333332746 ], [ 91.522916666666106, 25.056249999999409 ], [ 91.522916666666106, 25.068749999999412 ], [ 91.518749999999443, 25.072916666666075 ], [ 91.518749999999443, 25.077083333332745 ], [ 91.51458333333278, 25.081249999999407 ], [ 91.510416666666117, 25.081249999999407 ], [ 91.506249999999454, 25.085416666666077 ] ] } },
{ "type": "Feature", "properties": { "ARCID": 741517, "UP_CELLS": 16379, "region_id": "sunamganj", "region_name": "Sunamganj" }, "geometry": { "type": "LineString", "coordinates": [ [ 91.131249999999454, 25.056249999999409 ], [ 91.122916666666129, 25.047916666666076 ] ] } },
{ "type": "Feature", "properties": { "ARCID": 741518, "UP_CELLS": 151, "region_id": "sunamganj", "region_name": "Sunamganj" }, "geometry": { "type": "LineString", "coordinates": [ [ 91.141666666666111, 25.047916666666076 ], [ 91.122916666666129, 25.047916666666076 ] ] } },
{ "type": "Feature", "properties": { "ARCID": 741519, "UP_CELLS": 143, "region_id": "sunamganj", "region_name": "Sunamganj" }, "geometry": { "type": "LineString", "coordinates": [ [ 91.472916666666123, 25.045833333332745 ], [ 91.472916666666123, 25.060416666666079 ], [ 91.464583333332783, 25.068749999999412 ], [ 91.464583333332783, 25.072916666666075 ] ] } },
{ "type": "Feature", "properties": { "ARCID": 741520, "UP_CELLS": 32734, "region_id": "sunamganj", "region_name": "Sunamganj" }, "geometry": { "type": "LineString", "coordinates": [ [ 91.547916666666111, 25.047916666666076 ], [ 91.552083333332774, 25.052083333332746 ], [ 91.552083333332774, 25.056249999999409 ], [ 91.547916666666111, 25.060416666666079 ] ] } },
{ "type": "Feature", "properties": { "ARCID": 741521, "UP_CELLS": 104, "region_id": "sylhet", "region_name": "Sylhet" }, "geometry": { "type": "LineString", "coordinates": [ [ 92.220833333332763, 25.054166666666077 ], [ 92.227083333332772, 25.047916666666076 ] ] } },
{ "type": "Feature", "properties": { "ARCID": 741522, "UP_CELLS": 142, "region_id": "sylhet", "region_name": "Sylhet" }, "geometry": { "type": "LineString", "coordinates": [ [ 92.239583333332774, 25.074999999999413 ], [ 92.239583333332774, 25.060416666666079 ], [ 92.227083333332772, 25.047916666666076 ] ] } },
{ "type": "Feature", "properties": { "ARCID": 741654, "UP_CELLS": 265, "region_id": "jamalpur", "region_name": "Jamalpur" }, "geometry": { "type": "LineString", "coordinates": [ [ 89.945833333332814, 25.118749999999409 ], [ 89.956249999999471, 25.118749999999409 ], [ 89.960416666666134, 25.114583333332746 ], [ 89.960416666666134, 25.09791666666608 ], [ 89.956249999999471, 25.09374999999941 ], [ 89.956249999999471, 25.068749999999412 ], [ 89.960416666666134, 25.064583333332742 ], [ 89.964583333332797, 25.064583333332742 ], [ 89.972916666666137, 25.056249999999409 ], [ 89.977083333332814, 25.056249999999409 ], [ 89.977083333332814, 25.047916666666076 ], [ 89.981249999999477, 25.043749999999413 ], [ 89.981249999999477, 25.039583333332743 ] ] } },
{ "type": "Feature", "properties": { "ARCID": 741655, "UP_CELLS": 124, "region_id": "jamalpur", "region_name": "Jamalpur" }, "geometry": { "type": "LineString", "coordinates": [ [ 89.989583333332803, 25.058333333332747 ], [ 89.989583333332803, 25.052083333332746 ], [ 89.98541666666614, 25.047916666666076 ], [ 89.98541666666614, 25.043749999999413 ], [ 89.981249999999477, 25.039583333332743 ] ] } },
{ "type": "Feature", "properties": { "ARCID": 741656, "UP_CELLS": 182, "region_id": "jamalpur", "region_name": "Jamalpur" }, "geometry": { "type": "LineString", "coordinates": [ [ 90.147916666666134, 25.037499999999412 ], [ 90.147916666666134, 25.047916666666076 ], [ 90.143749999999471, 25.052083333332746 ], [ 90.143749999999471, 25.056249999999409 ], [ 90.147916666666134, 25.060416666666079 ], [ 90.147916666666134, 25.064583333332742 ] ] } },
{ "type": "Feature", "properties": { "ARCID": 741657, "UP_CELLS": 32330, "region_id": "sunamganj", "region_name": "Sunamganj" }, "geometry": { "type": "LineString", "coordinates": [ [ 91.564583333332777, 25.039583333332743 ], [ 91.560416666666114, 25.043749999999413 ], [ 91.552083333332774, 25.043749999999413 ], [ 91.547916666666111, 25.047916666666076 ] ] } },
{ "type": "Feature", "properties": { "ARCID": 741658, "UP_CELLS": 131, "region_id": "sunamganj", "region_name": "Sunamganj" }, "geometry": { "type": "LineString", "coordinates": [ [ 91.57708333333278, 25.054166666666077 ], [ 91.57708333333278, 25.047916666666076 ], [ 91.568749999999454, 25.039583333332743 ], [ 91.564583333332777, 25.039583333332743 ] ] } },
{ "type": "Feature", "properties": { "ARCID": 741659, "UP_CELLS": 2837, "region_id": "sylhet", "region_name": "Sylhet" }, "geometry": { "type": "LineString", "coordinates": [ [ 91.633333333332189, 25.2 ], [ 91.635416666666117, 25.197916666666075 ], [ 91.635416666666117, 25.189583333332742 ], [ 91.63958333333278, 25.185416666666079 ], [ 91.635416666666117, 25.181249999999409 ], [ 91.635416666666117, 25.172916666666076 ], [ 91.631249999999454, 25.168749999999413 ], [ 91.631249999999454, 25.164583333332743 ], [ 91.635416666666117, 25.160416666666073 ], [ 91.635416666666117, 25.15624999999941 ], [ 91.63958333333278, 25.15208333333274 ], [ 91.63958333333278, 25.147916666666077 ], [ 91.647916666666106, 25.139583333332745 ], [ 91.647916666666106, 25.135416666666075 ], [ 91.652083333332769, 25.131249999999412 ], [ 91.652083333332769, 25.127083333332742 ], [ 91.656249999999446, 25.122916666666079 ], [ 91.656249999999446, 25.089583333332747 ], [ 91.668749999999449, 25.077083333332745 ], [ 91.668749999999449, 25.068749999999412 ], [ 91.677083333332774, 25.060416666666079 ], [ 91.672916666666111, 25.056249999999409 ], [ 91.672916666666111, 25.052083333332746 ], [ 91.668749999999449, 25.047916666666076 ], [ 91.668749999999449, 25.039583333332743 ] ] } },
{ "type": "Feature", "properties": { "ARCID": 741659, "UP_CELLS": 2837, "region_id": "sunamganj", "region_name": "Sunamganj" }, "geometry": { "type": "LineString", "coordinates": [ [ 91.622916666666114, 25.21874999999941 ], [ 91.622916666666114, 25.210416666666077 ], [ 91.635416666666117, 25.197916666666075 ], [ 91.635416666666117, 25.189583333332742 ], [ 91.63958333333278, 25.185416666666079 ], [ 91.635416666666117, 25.181249999999409 ], [ 91.635416666666117, 25.172916666666076 ], [ 91.631249999999454, 25.168749999999413 ], [ 91.631249999999454, 25.164583333332743 ], [ 91.635416666666117, 25.160416666666073 ], [ 91.635416666666117, 25.15624999999941 ], [ 91.63958333333278, 25.15208333333274 ], [ 91.63958333333278, 25.147916666666077 ], [ 91.647916666666106, 25.139583333332745 ], [ 91.647916666666106, 25.135416666666075 ], [ 91.652083333332769, 25.131249999999412 ], [ 91.652083333332769, 25.127083333332742 ], [ 91.656249999999446, 25.122916666666079 ], [ 91.656249999999446, 25.089583333332747 ], [ 91.668749999999449, 25.077083333332745 ], [ 91.668749999999449, 25.068749999999412 ], [ 91.677083333332774, 25.060416666666079 ], [ 91.672916666666111, 25.056249999999409 ], [ 91.672916666666111, 25.052083333332746 ], [ 91.668749999999449, 25.047916666666076 ], [ 91.668749999999449, 25.039583333332743 ] ] } },
{ "type": "Feature", "properties": { "ARCID": 741660, "UP_CELLS": 28576, "region_id": "sylhet", "region_name": "Sylhet" }, "geometry": { "type": "LineString", "coordinates": [ [ 91.672916666666111, 25.039583333332743 ], [ 91.668749999999449, 25.039583333332743 ] ] } },
{ "type": "Feature", "properties": { "ARCID": 741660, "UP_CELLS": 28576, "region_id": "sunamganj", "region_name": "Sunamganj" }, "geometry": { "type": "LineString", "coordinates": [ [ 91.672916666666111, 25.039583333332743 ], [ 91.668749999999449, 25.039583333332743 ] ] } },
{ "type": "Feature", "properties": { "ARCID": 741661, "UP_CELLS": 9264, "region_id": "sylhet", "region_name": "Sylhet" }, "geometry": { "type": "LineString", "coordinates": [ [ 91.706249999999443, 25.064583333332742 ], [ 91.69374999999944, 25.064583333332742 ], [ 91.689583333332777, 25.060416666666079 ], [ 91.689583333332777, 25.047916666666076 ], [ 91.681249999999437, 25.039583333332743 ], [ 91.672916666666111, 25.039583333332743 ] ] } },
{ "type": "Feature", "properties": { "ARCID": 741661, "UP_CELLS": 9264, "region_id": "sunamganj", "region_name": "Sunamganj" }, "geometry": { "type": "LineString", "coordinates": [ [ 91.7, 25.064583333332742 ], [ 91.69374999999944, 25.064583333332742 ], [ 91.689583333332777, 25.060416666666079 ], [ 91.689583333332777, 25.047916666666076 ], [ 91.681249999999437, 25.039583333332743 ], [ 91.672916666666111, 25.039583333332743 ] ] } },
{ "type": "Feature", "properties": { "ARCID": 741722, "UP_CELLS": 195, "region_id": "sunamganj", "region_name": "Sunamganj" }, "geometry": { "type": "LineString", "coordinates": [ [ 91.320833333332786, 25.079166666666076 ], [ 91.32708333333278, 25.072916666666075 ], [ 91.331249999999443, 25.072916666666075 ], [ 91.352083333332786, 25.052083333332746 ], [ 91.352083333332786, 25.047916666666076 ], [ 91.360416666666111, 25.047916666666076 ], [ 91.368749999999451, 25.039583333332743 ], [ 91.368749999999451, 25.03541666666608 ] ] } },
{ "type": "Feature", "properties": { "ARCID": 741723, "UP_CELLS": 38468, "region_id": "sunamganj", "region_name": "Sunamganj" }, "geometry": { "type": "LineString", "coordinates": [ [ 91.381249999999454, 25.064583333332742 ], [ 91.385416666666117, 25.060416666666079 ], [ 91.385416666666117, 25.047916666666076 ], [ 91.381249999999454, 25.043749999999413 ], [ 91.377083333332791, 25.043749999999413 ], [ 91.368749999999451, 25.03541666666608 ] ] } },
{ "type": "Feature", "properties": { "ARCID": 741776, "UP_CELLS": 233, "region_id": "sylhet", "region_name": "Sylhet" }, "geometry": { "type": "LineString", "coordinates": [ [ 92.302083333332774, 25.083333333332746 ], [ 92.302083333332774, 25.077083333332745 ], [ 92.297916666666097, 25.072916666666075 ], [ 92.297916666666097, 25.064583333332742 ], [ 92.302083333332774, 25.060416666666079 ], [ 92.289583333332757, 25.047916666666076 ], [ 92.285416666666094, 25.047916666666076 ], [ 92.281249999999432, 25.043749999999413 ], [ 92.281249999999432, 25.03124999999941 ] ] } },
{ "type": "Feature", "properties": { "ARCID": 741777, "UP_CELLS": 5096, "region_id": "sylhet", "region_name": "Sylhet" }, "geometry": { "type": "LineString", "coordinates": [ [ 92.293749999999434, 25.03124999999941 ], [ 92.281249999999432, 25.03124999999941 ] ] } },
{ "type": "Feature", "properties": { "ARCID": 741778, "UP_CELLS": 3785, "region_id": "sylhet", "region_name": "Sylhet" }, "geometry": { "type": "LineString", "coordinates": [ [ 92.347916666666094, 25.060416666666079 ], [ 92.339583333332769, 25.052083333332746 ], [ 92.335416666666106, 25.052083333332746 ], [ 92.331249999999443, 25.047916666666076 ], [ 92.327083333332766, 25.047916666666076 ], [ 92.322916666666103, 25.052083333332746 ], [ 92.306249999999437, 25.052083333332746 ], [ 92.297916666666097, 25.043749999999413 ], [ 92.297916666666097, 25.03541666666608 ], [ 92.293749999999434, 25.03124999999941 ] ] } },
{ "type": "Feature", "properties": { "ARCID": 741834, "UP_CELLS": 1807, "region_id": "jamalpur", "region_name": "Jamalpur" }, "geometry": { "type": "LineString", "coordinates": [ [ 89.818749999999483, 25.118749999999409 ], [ 89.818749999999483, 25.081249999999407 ], [ 89.822916666666146, 25.077083333332745 ], [ 89.822916666666146, 25.072916666666075 ], [ 89.827083333332808, 25.068749999999412 ], [ 89.827083333332808, 25.060416666666079 ], [ 89.831249999999471, 25.056249999999409 ], [ 89.831249999999471, 25.052083333332746 ], [ 89.835416666666134, 25.047916666666076 ], [ 89.835416666666134, 25.027083333332747 ] ] } },
{ "type": "Feature", "properties": { "ARCID": 741838, "UP_CELLS": 127, "region_id": "sylhet", "region_name": "Sylhet" }, "geometry": { "type": "LineString", "coordinates": [ [ 91.637499999999449, 25.03124999999941 ], [ 91.643749999999443, 25.03124999999941 ], [ 91.647916666666106, 25.027083333332747 ] ] } },
{ "type": "Feature", "properties": { "ARCID": 741838, "UP_CELLS": 127, "region_id": "sunamganj", "region_name": "Sunamganj" }, "geometry": { "type": "LineString", "coordinates": [ [ 91.637499999999449, 25.03124999999941 ], [ 91.643749999999443, 25.03124999999941 ], [ 91.647916666666106, 25.027083333332747 ] ] } },
{ "type": "Feature", "properties": { "ARCID": 741839, "UP_CELLS": 31447, "region_id": "sylhet", "region_name": "Sylhet" }, "geometry": { "type": "LineString", "coordinates": [ [ 91.668749999999449, 25.039583333332743 ], [ 91.660416666666109, 25.039583333332743 ], [ 91.647916666666106, 25.027083333332747 ] ] } },
{ "type": "Feature", "properties": { "ARCID": 741839, "UP_CELLS": 31447, "region_id": "sunamganj", "region_name": "Sunamganj" }, "geometry": { "type": "LineString", "coordinates": [ [ 91.668749999999449, 25.039583333332743 ], [ 91.660416666666109, 25.039583333332743 ], [ 91.647916666666106, 25.027083333332747 ] ] } },
{ "type": "Feature", "properties": { "ARCID": 741889, "UP_CELLS": 222, "region_id": "gaibandha", "region_name": "Gaibandha" }, "geometry": { "type": "LineString", "coordinates": [ [ 89.141666666666154, 25.03124999999941 ], [ 89.135416666666146, 25.03124999999941 ], [ 89.131249999999483, 25.027083333332747 ], [ 89.12708333333282, 25.027083333332747 ], [ 89.122916666666157, 25.022916666666077 ], [ 89.1, 25.022916666666077 ] ] } },
{ "type": "Feature", "properties": { "ARCID": 741890, "UP_CELLS": 6110, "region_id": "jamalpur", "region_name": "Jamalpur" }, "geometry": { "type": "LineString", "coordinates": [ [ 90.152083333332797, 25.060416666666079 ], [ 90.1645833333328, 25.047916666666076 ], [ 90.17291666666614, 25.047916666666076 ], [ 90.197916666666131, 25.022916666666077 ], [ 90.2, 25.022916666666077 ] ] } },
{ "type": "Feature", "properties": { "ARCID": 741893, "UP_CELLS": 32176, "region_id": "sunamganj", "region_name": "Sunamganj" }, "geometry": { "type": "LineString", "coordinates": [ [ 91.57708333333278, 25.022916666666077 ], [ 91.572916666666117, 25.022916666666077 ], [ 91.568749999999454, 25.027083333332747 ], [ 91.568749999999454, 25.03541666666608 ], [ 91.564583333332777, 25.039583333332743 ] ] } },
{ "type": "Feature", "properties": { "ARCID": 741969, "UP_CELLS": 122, "region_id": "jamalpur", "region_name": "Jamalpur" }, "geometry": { "type": "LineString", "coordinates": [ [ 89.82916666666614, 25.016666666666076 ], [ 89.835416666666134, 25.022916666666077 ], [ 89.835416666666134, 25.027083333332747 ] ] } },
{ "type": "Feature", "properties": { "ARCID": 741972, "UP_CELLS": 4705, "region_id": "sylhet", "region_name": "Sylhet" }, "geometry": { "type": "LineString", "coordinates": [ [ 92.127083333332763, 25.081249999999407 ], [ 92.106249999999434, 25.081249999999407 ], [ 92.085416666666106, 25.060416666666079 ], [ 92.081249999999443, 25.060416666666079 ], [ 92.06874999999944, 25.047916666666076 ], [ 92.056249999999437, 25.047916666666076 ], [ 92.027083333332769, 25.018749999999415 ] ] } },
{ "type": "Feature", "properties": { "ARCID": 742064, "UP_CELLS": 107, "region_id": "gaibandha", "region_name": "Gaibandha" }, "geometry": { "type": "LineString", "coordinates": [ [ 89.210416666666148, 25.024999999999409 ], [ 89.210416666666148, 25.018749999999415 ], [ 89.214583333332826, 25.014583333332745 ] ] } },
{ "type": "Feature", "properties": { "ARCID": 742065, "UP_CELLS": 145, "region_id": "gaibandha", "region_name": "Gaibandha" }, "geometry": { "type": "LineString", "coordinates": [ [ 89.233333333332808, 25.022916666666077 ], [ 89.222916666666151, 25.022916666666077 ], [ 89.214583333332826, 25.014583333332745 ] ] } },
{ "type": "Feature", "properties": { "ARCID": 742066, "UP_CELLS": 1299, "region_id": "sylhet", "region_name": "Sylhet" }, "geometry": { "type": "LineString", "coordinates": [ [ 92.322916666666103, 25.014583333332745 ], [ 92.318749999999426, 25.018749999999415 ], [ 92.314583333332763, 25.018749999999415 ], [ 92.306249999999437, 25.027083333332747 ], [ 92.302083333332774, 25.027083333332747 ], [ 92.297916666666097, 25.03124999999941 ], [ 92.293749999999434, 25.03124999999941 ] ] } },
{ "type": "Feature", "properties": { "ARCID": 742067, "UP_CELLS": 103, "region_id": "sylhet", "region_name": "Sylhet" }, "geometry": { "type": "LineString", "coordinates": [ [ 92.329166666666097, 25.014583333332745 ], [ 92.322916666666103, 25.014583333332745 ] ] } },
{ "type": "Feature", "properties": { "ARCID": 742130, "UP_CELLS": 109, "region_id": "sunamganj", "region_name": "Sunamganj" }, "geometry": { "type": "LineString", "coordinates": [ [ 91.570833333332786, 25.008333333332743 ], [ 91.57708333333278, 25.014583333332745 ], [ 91.57708333333278, 25.022916666666077 ] ] } },
{ "type": "Feature", "properties": { "ARCID": 742131, "UP_CELLS": 366, "region_id": "sylhet", "region_name": "Sylhet" }, "geometry": { "type": "LineString", "coordinates": [ [ 91.947916666666103, 25.095833333332742 ], [ 91.947916666666103, 25.077083333332745 ], [ 91.927083333332774, 25.056249999999409 ], [ 91.927083333332774, 25.052083333332746 ], [ 91.922916666666111, 25.047916666666076 ], [ 91.922916666666111, 25.03541666666608 ], [ 91.910416666666109, 25.022916666666077 ], [ 91.914583333332772, 25.018749999999415 ], [ 91.914583333332772, 25.010416666666082 ] ] } },
{ "type": "Feature", "properties": { "ARCID": 742132, "UP_CELLS": 7449, "region_id": "sylhet", "region_name": "Sylhet" }, "geometry": { "type": "LineString", "coordinates": [ [ 91.931249999999437, 25.010416666666082 ], [ 91.914583333332772, 25.010416666666082 ] ] } },
{ "type": "Feature", "properties": { "ARCID": 742133, "UP_CELLS": 1614, "region_id": "sylhet", "region_name": "Sylhet" }, "geometry": { "type": "LineString", "coordinates": [ [ 92.035416666666094, 25.114583333332746 ], [ 92.031249999999432, 25.110416666666076 ], [ 92.00624999999944, 25.110416666666076 ], [ 92.002083333332763, 25.106249999999413 ], [ 91.9979166666661, 25.106249999999413 ], [ 91.981249999999449, 25.089583333332747 ], [ 91.985416666666111, 25.085416666666077 ], [ 91.985416666666111, 25.068749999999412 ], [ 91.981249999999449, 25.064583333332742 ], [ 91.977083333332772, 25.068749999999412 ], [ 91.972916666666109, 25.064583333332742 ], [ 91.968749999999432, 25.064583333332742 ], [ 91.964583333332769, 25.060416666666079 ], [ 91.964583333332769, 25.056249999999409 ], [ 91.956249999999443, 25.047916666666076 ], [ 91.956249999999443, 25.043749999999413 ], [ 91.947916666666103, 25.03541666666608 ], [ 91.947916666666103, 25.027083333332747 ], [ 91.939583333332763, 25.018749999999415 ], [ 91.9354166666661, 25.018749999999415 ], [ 91.931249999999437, 25.014583333332745 ], [ 91.931249999999437, 25.010416666666082 ] ] } },
{ "type": "Feature", "properties": { "ARCID": 742194, "UP_CELLS": 101, "region_id": "jamalpur", "region_name": "Jamalpur" }, "geometry": { "type": "LineString", "coordinates": [ [ 90.074999999999477, 25.012499999999413 ], [ 90.081249999999471, 25.006249999999412 ] ] } },
{ "type": "Feature", "properties": { "ARCID": 742195, "UP_CELLS": 416, "region_id": "jamalpur", "region_name": "Jamalpur" }, "geometry": { "type": "LineString", "coordinates": [ [ 90.081249999999471, 25.006249999999412 ], [ 90.089583333332797, 25.014583333332745 ], [ 90.089583333332797, 25.018749999999415 ], [ 90.09374999999946, 25.022916666666077 ], [ 90.097916666666137, 25.022916666666077 ], [ 90.106249999999477, 25.03124999999941 ], [ 90.106249999999477, 25.03541666666608 ], [ 90.114583333332803, 25.043749999999413 ], [ 90.114583333332803, 25.047916666666076 ], [ 90.135416666666146, 25.068749999999412 ], [ 90.135416666666146, 25.072916666666075 ] ] } },
{ "type": "Feature", "properties": { "ARCID": 742198, "UP_CELLS": 32022, "region_id": "sylhet", "region_name": "Sylhet" }, "geometry": { "type": "LineString", "coordinates": [ [ 91.606249999999449, 25.006249999999412 ], [ 91.606249999999449, 25.018749999999415 ], [ 91.602083333332786, 25.022916666666077 ], [ 91.6, 25.022916666666077 ] ] } },
{ "type": "Feature", "properties": { "ARCID": 742198, "UP_CELLS": 32022, "region_id": "sunamganj", "region_name": "Sunamganj" }, "geometry": { "type": "LineString", "coordinates": [ [ 91.606249999999449, 25.006249999999412 ], [ 91.606249999999449, 25.018749999999415 ], [ 91.602083333332786, 25.022916666666077 ], [ 91.57708333333278, 25.022916666666077 ] ] } },
{ "type": "Feature", "properties": { "ARCID": 742199, "UP_CELLS": 5755, "region_id": "sylhet", "region_name": "Sylhet" }, "geometry": { "type": "LineString", "coordinates": [ [ 92.027083333332769, 25.018749999999415 ], [ 92.022916666666106, 25.018749999999415 ], [ 92.01458333333278, 25.010416666666082 ], [ 92.00624999999944, 25.010416666666082 ], [ 92.002083333332763, 25.006249999999412 ], [ 91.989583333332774, 25.006249999999412 ], [ 91.985416666666111, 25.010416666666082 ], [ 91.931249999999437, 25.010416666666082 ] ] } },
{ "type": "Feature", "properties": { "ARCID": 742200, "UP_CELLS": 1135, "region_id": "sylhet", "region_name": "Sylhet" }, "geometry": { "type": "LineString", "coordinates": [ [ 92.331249999999443, 25.006249999999412 ], [ 92.322916666666103, 25.014583333332745 ] ] } },
{ "type": "Feature", "properties": { "ARCID": 742267, "UP_CELLS": 178, "region_id": "gaibandha", "region_name": "Gaibandha" }, "geometry": { "type": "LineString", "coordinates": [ [ 89.687499999999474, 25.037499999999412 ], [ 89.677083333332803, 25.027083333332747 ], [ 89.677083333332803, 25.022916666666077 ], [ 89.656249999999474, 25.002083333332749 ] ] } },
{ "type": "Feature", "properties": { "ARCID": 742268, "UP_CELLS": 117, "region_id": "gaibandha", "region_name": "Gaibandha" }, "geometry": { "type": "LineString", "coordinates": [ [ 89.674999999999471, 25.002083333332749 ], [ 89.656249999999474, 25.002083333332749 ] ] } },
{ "type": "Feature", "properties": { "ARCID": 742271, "UP_CELLS": 377, "region_id": "sunamganj", "region_name": "Sunamganj" }, "geometry": { "type": "LineString", "coordinates": [ [ 91.08541666666612, 25.058333333332747 ], [ 91.08541666666612, 25.052083333332746 ], [ 91.089583333332783, 25.047916666666076 ], [ 91.089583333332783, 25.022916666666077 ], [ 91.09374999999946, 25.018749999999415 ], [ 91.09374999999946, 25.014583333332745 ], [ 91.106249999999449, 25.002083333332749 ], [ 91.110416666666111, 25.002083333332749 ] ] } },
{ "type": "Feature", "properties": { "ARCID": 742272, "UP_CELLS": 16627, "region_id": "sunamganj", "region_name": "Sunamganj" }, "geometry": { "type": "LineString", "coordinates": [ [ 91.122916666666129, 25.047916666666076 ], [ 91.114583333332789, 25.039583333332743 ], [ 91.114583333332789, 25.03124999999941 ], [ 91.110416666666111, 25.027083333332747 ], [ 91.110416666666111, 25.002083333332749 ] ] } },
{ "type": "Feature", "properties": { "ARCID": 742273, "UP_CELLS": 38743, "region_id": "sunamganj", "region_name": "Sunamganj" }, "geometry": { "type": "LineString", "coordinates": [ [ 91.368749999999451, 25.03541666666608 ], [ 91.352083333332786, 25.018749999999415 ], [ 91.352083333332786, 25.014583333332745 ], [ 91.339583333332783, 25.002083333332749 ] ] } },
{ "type": "Feature", "properties": { "ARCID": 742274, "UP_CELLS": 31712, "region_id": "sylhet", "region_name": "Sylhet" }, "geometry": { "type": "LineString", "coordinates": [ [ 91.647916666666106, 25.027083333332747 ], [ 91.631249999999454, 25.010416666666082 ], [ 91.627083333332777, 25.010416666666082 ], [ 91.622916666666114, 25.006249999999412 ], [ 91.618749999999437, 25.006249999999412 ], [ 91.614583333332774, 25.002083333332749 ], [ 91.610416666666111, 25.002083333332749 ], [ 91.606249999999449, 25.006249999999412 ] ] } },
{ "type": "Feature", "properties": { "ARCID": 742274, "UP_CELLS": 31712, "region_id": "sunamganj", "region_name": "Sunamganj" }, "geometry": { "type": "LineString", "coordinates": [ [ 91.647916666666106, 25.027083333332747 ], [ 91.631249999999454, 25.010416666666082 ], [ 91.627083333332777, 25.010416666666082 ], [ 91.622916666666114, 25.006249999999412 ], [ 91.618749999999437, 25.006249999999412 ], [ 91.614583333332774, 25.002083333332749 ], [ 91.610416666666111, 25.002083333332749 ], [ 91.606249999999449, 25.006249999999412 ] ] } },
{ "type": "Feature", "properties": { "ARCID": 742275, "UP_CELLS": 19309, "region_id": "sylhet", "region_name": "Sylhet" }, "geometry": { "type": "LineString", "coordinates": [ [ 91.69374999999944, 25.002083333332749 ], [ 91.681249999999437, 25.014583333332745 ], [ 91.681249999999437, 25.018749999999415 ], [ 91.6854166666661, 25.022916666666077 ], [ 91.681249999999437, 25.027083333332747 ], [ 91.681249999999437, 25.03124999999941 ], [ 91.672916666666111, 25.039583333332743 ] ] } },
{ "type": "Feature", "properties": { "ARCID": 742275, "UP_CELLS": 19309, "region_id": "sunamganj", "region_name": "Sunamganj" }, "geometry": { "type": "LineString", "coordinates": [ [ 91.69374999999944, 25.002083333332749 ], [ 91.681249999999437, 25.014583333332745 ], [ 91.681249999999437, 25.018749999999415 ], [ 91.6854166666661, 25.022916666666077 ], [ 91.681249999999437, 25.027083333332747 ], [ 91.681249999999437, 25.03124999999941 ], [ 91.672916666666111, 25.039583333332743 ] ] } },
{ "type": "Feature", "properties": { "ARCID": 742276, "UP_CELLS": 106, "region_id": "sylhet", "region_name": "Sylhet" }, "geometry": { "type": "LineString", "coordinates": [ [ 92.324999999999434, 24.99999999999941 ], [ 92.331249999999443, 25.006249999999412 ] ] } },
{ "type": "Feature", "properties": { "ARCID": 742277, "UP_CELLS": 1024, "region_id": "sylhet", "region_name": "Sylhet" }, "geometry": { "type": "LineString", "coordinates": [ [ 92.381249999999426, 25.002083333332749 ], [ 92.368749999999437, 25.014583333332745 ], [ 92.364583333332774, 25.014583333332745 ], [ 92.360416666666097, 25.010416666666082 ], [ 92.339583333332769, 25.010416666666082 ], [ 92.335416666666106, 25.006249999999412 ], [ 92.331249999999443, 25.006249999999412 ] ] } },
{ "type": "Feature", "properties": { "ARCID": 742278, "UP_CELLS": 147, "region_id": "sylhet", "region_name": "Sylhet" }, "geometry": { "type": "LineString", "coordinates": [ [ 92.408333333332763, 25.024999999999409 ], [ 92.402083333332769, 25.018749999999415 ], [ 92.402083333332769, 25.014583333332745 ], [ 92.389583333332766, 25.002083333332749 ], [ 92.381249999999426, 25.002083333332749 ] ] } },
{ "type": "Feature", "properties": { "ARCID": 742333, "UP_CELLS": 124, "region_id": "jamalpur", "region_name": "Jamalpur" }, "geometry": { "type": "LineString", "coordinates": [ [ 90.0708333333328, 24.995833333332747 ], [ 90.081249999999471, 25.006249999999412 ] ] } },
{ "type": "Feature", "properties": { "ARCID": 742336, "UP_CELLS": 204, "region_id": "sylhet", "region_name": "Sylhet" }, "geometry": { "type": "LineString", "coordinates": [ [ 91.885416666666117, 25.024999999999409 ], [ 91.885416666666117, 25.006249999999412 ], [ 91.88958333333278, 25.002083333332749 ], [ 91.88958333333278, 24.997916666666079 ] ] } },
{ "type": "Feature", "properties": { "ARCID": 742337, "UP_CELLS": 7946, "region_id": "sylhet", "region_name": "Sylhet" }, "geometry": { "type": "LineString", "coordinates": [ [ 91.914583333332772, 25.010416666666082 ], [ 91.906249999999432, 25.010416666666082 ], [ 91.902083333332769, 25.006249999999412 ], [ 91.897916666666106, 25.006249999999412 ], [ 91.88958333333278, 24.997916666666079 ] ] } },
{ "type": "Feature", "properties": { "ARCID": 742396, "UP_CELLS": 380, "region_id": "gaibandha", "region_name": "Gaibandha" }, "geometry": { "type": "MultiLineString", "coordinates": [ [ [ 89.416666666666146, 25.047916666666076 ], [ 89.427083333332803, 25.047916666666076 ], [ 89.43124999999948, 25.043749999999413 ], [ 89.43124999999948, 25.03124999999941 ], [ 89.443749999999483, 25.018749999999415 ], [ 89.447916666666146, 25.018749999999415 ], [ 89.452083333332808, 25.014583333332745 ], [ 89.452083333332808, 25.010416666666082 ], [ 89.460416666666148, 25.002083333332749 ], [ 89.464583333332811, 25.002083333332749 ], [ 89.46666666666556, 25.0 ] ], [ [ 89.495833333333394, 25.0 ], [ 89.506249999999483, 25.010416666666082 ], [ 89.514583333332808, 25.010416666666082 ], [ 89.514583333332808, 25.0 ] ] ] } },
{ "type": "Feature", "properties": { "ARCID": 742397, "UP_CELLS": 1982, "region_id": "jamalpur", "region_name": "Jamalpur" }, "geometry": { "type": "LineString", "coordinates": [ [ 89.835416666666134, 25.027083333332747 ], [ 89.839583333332797, 25.022916666666077 ], [ 89.839583333332797, 25.014583333332745 ], [ 89.843749999999474, 25.010416666666082 ], [ 89.843749999999474, 25.006249999999412 ], [ 89.856249999999477, 24.993749999999409 ] ] } },
{ "type": "Feature", "properties": { "ARCID": 742398, "UP_CELLS": 468, "region_id": "jamalpur", "region_name": "Jamalpur" }, "geometry": { "type": "LineString", "coordinates": [ [ 89.904166666666129, 25.104166666666075 ], [ 89.872916666666143, 25.072916666666075 ], [ 89.868749999999466, 25.072916666666075 ], [ 89.864583333332803, 25.068749999999412 ], [ 89.864583333332803, 25.064583333332742 ], [ 89.86041666666614, 25.060416666666079 ], [ 89.86041666666614, 25.056249999999409 ], [ 89.864583333332803, 25.052083333332746 ], [ 89.864583333332803, 25.047916666666076 ], [ 89.868749999999466, 25.043749999999413 ], [ 89.868749999999466, 25.010416666666082 ], [ 89.864583333332803, 25.006249999999412 ], [ 89.864583333332803, 24.997916666666079 ], [ 89.86041666666614, 24.993749999999409 ], [ 89.856249999999477, 24.993749999999409 ] ] } },
{ "type": "Feature", "properties": { "ARCID": 742403, "UP_CELLS": 106, "region_id": "sunamganj", "region_name": "Sunamganj" }, "geometry": { "type": "LineString", "coordinates": [ [ 91.21041666666612, 25.008333333332743 ], [ 91.21041666666612, 24.993749999999409 ] ] } },
{ "type": "Feature", "properties": { "ARCID": 742460, "UP_CELLS": 2451, "region_id": "jamalpur", "region_name": "Jamalpur" }, "geometry": { "type": "LineString", "coordinates": [ [ 89.856249999999477, 24.993749999999409 ], [ 89.856249999999477, 24.989583333332746 ] ] } },
{ "type": "Feature", "properties": { "ARCID": 742464, "UP_CELLS": 17038, "region_id": "sunamganj", "region_name": "Sunamganj" }, "geometry": { "type": "LineString", "coordinates": [ [ 91.110416666666111, 25.002083333332749 ], [ 91.110416666666111, 24.997916666666079 ], [ 91.118749999999451, 24.989583333332746 ], [ 91.131249999999454, 24.989583333332746 ] ] } },
{ "type": "Feature", "properties": { "ARCID": 742465, "UP_CELLS": 780, "region_id": "sylhet", "region_name": "Sylhet" }, "geometry": { "type": "LineString", "coordinates": [ [ 92.414583333332757, 24.989583333332746 ], [ 92.393749999999429, 24.989583333332746 ], [ 92.381249999999426, 25.002083333332749 ] ] } },
{ "type": "Feature", "properties": { "ARCID": 742529, "UP_CELLS": 23208, "region_id": "gaibandha", "region_name": "Gaibandha" }, "geometry": { "type": "LineString", "coordinates": [ [ 89.506249999999483, 25.064583333332742 ], [ 89.506249999999483, 25.060416666666079 ], [ 89.514583333332808, 25.052083333332746 ], [ 89.514583333332808, 25.039583333332743 ], [ 89.518749999999471, 25.03541666666608 ], [ 89.518749999999471, 25.03124999999941 ], [ 89.522916666666148, 25.027083333332747 ], [ 89.522916666666148, 25.014583333332745 ], [ 89.527083333332811, 25.010416666666082 ], [ 89.527083333332811, 25.0 ] ] } },
{ "type": "Feature", "properties": { "ARCID": 742530, "UP_CELLS": 103, "region_id": "sunamganj", "region_name": "Sunamganj" }, "geometry": { "type": "LineString", "coordinates": [ [ 91.131249999999454, 24.983333333332745 ], [ 91.131249999999454, 24.989583333332746 ] ] } },
{ "type": "Feature", "properties": { "ARCID": 742531, "UP_CELLS": 730, "region_id": "sylhet", "region_name": "Sylhet" }, "geometry": { "type": "LineString", "coordinates": [ [ 92.064583333332763, 24.985416666666076 ], [ 92.064583333332763, 24.993749999999409 ], [ 92.047916666666111, 25.010416666666082 ], [ 92.043749999999434, 25.010416666666082 ], [ 92.039583333332772, 25.014583333332745 ], [ 92.031249999999432, 25.014583333332745 ], [ 92.027083333332769, 25.018749999999415 ] ] } },
{ "type": "Feature", "properties": { "ARCID": 742532, "UP_CELLS": 315, "region_id": "sylhet", "region_name": "Sylhet" }, "geometry": { "type": "LineString", "coordinates": [ [ 92.133333333332772, 25.029166666666079 ], [ 92.127083333332763, 25.022916666666077 ], [ 92.1229166666661, 25.022916666666077 ], [ 92.114583333332774, 25.014583333332745 ], [ 92.110416666666111, 25.014583333332745 ], [ 92.106249999999434, 25.010416666666082 ], [ 92.097916666666094, 25.010416666666082 ], [ 92.07708333333278, 24.989583333332746 ], [ 92.072916666666103, 24.989583333332746 ], [ 92.06874999999944, 24.985416666666076 ], [ 92.064583333332763, 24.985416666666076 ] ] } },
{ "type": "Feature", "properties": { "ARCID": 742533, "UP_CELLS": 428, "region_id": "sylhet", "region_name": "Sylhet" }, "geometry": { "type": "LineString", "coordinates": [ [ 92.491666666666106, 25.068749999999412 ], [ 92.485416666666097, 25.068749999999412 ], [ 92.48124999999942, 25.072916666666075 ], [ 92.477083333332757, 25.072916666666075 ], [ 92.468749999999432, 25.064583333332742 ], [ 92.468749999999432, 25.060416666666079 ], [ 92.464583333332769, 25.056249999999409 ], [ 92.460416666666106, 25.056249999999409 ], [ 92.456249999999429, 25.052083333332746 ], [ 92.464583333332769, 25.043749999999413 ], [ 92.464583333332769, 25.039583333332743 ], [ 92.460416666666106, 25.03541666666608 ], [ 92.460416666666106, 25.03124999999941 ], [ 92.456249999999429, 25.027083333332747 ], [ 92.464583333332769, 25.018749999999415 ], [ 92.464583333332769, 25.014583333332745 ], [ 92.460416666666106, 25.010416666666082 ], [ 92.456249999999429, 25.014583333332745 ], [ 92.452083333332766, 25.014583333332745 ], [ 92.447916666666089, 25.010416666666082 ], [ 92.447916666666089, 25.006249999999412 ], [ 92.443749999999426, 25.002083333332749 ], [ 92.443749999999426, 24.997916666666079 ], [ 92.439583333332763, 24.993749999999409 ], [ 92.4354166666661, 24.993749999999409 ], [ 92.4354166666661, 24.989583333332746 ], [ 92.431249999999437, 24.985416666666076 ], [ 92.427083333332774, 24.985416666666076 ], [ 92.418749999999434, 24.993749999999409 ], [ 92.414583333332757, 24.989583333332746 ] ] } },
{ "type": "Feature", "properties": { "ARCID": 742601, "UP_CELLS": 43209, "region_id": "sunamganj", "region_name": "Sunamganj" }, "geometry": { "type": "LineString", "coordinates": [ [ 91.339583333332783, 25.002083333332749 ], [ 91.335416666666106, 25.002083333332749 ], [ 91.331249999999443, 24.997916666666079 ], [ 91.314583333332791, 24.997916666666079 ], [ 91.310416666666114, 24.993749999999409 ], [ 91.310416666666114, 24.989583333332746 ], [ 91.306249999999451, 24.985416666666076 ], [ 91.302083333332774, 24.985416666666076 ], [ 91.297916666666111, 24.981249999999413 ], [ 91.285416666666123, 24.981249999999413 ], [ 91.28124999999946, 24.985416666666076 ], [ 91.277083333332783, 24.985416666666076 ], [ 91.268749999999443, 24.993749999999409 ], [ 91.26458333333278, 24.993749999999409 ], [ 91.260416666666117, 24.997916666666079 ], [ 91.247916666666114, 24.997916666666079 ], [ 91.243749999999451, 24.993749999999409 ], [ 91.239583333332774, 24.997916666666079 ], [ 91.239583333332774, 25.002083333332749 ], [ 91.235416666666111, 25.006249999999412 ], [ 91.231249999999449, 25.006249999999412 ], [ 91.227083333332786, 25.002083333332749 ], [ 91.222916666666123, 25.002083333332749 ], [ 91.21874999999946, 24.997916666666079 ], [ 91.214583333332783, 24.997916666666079 ], [ 91.21041666666612, 24.993749999999409 ] ] } },
{ "type": "Feature", "properties": { "ARCID": 742602, "UP_CELLS": 3760, "region_id": "sunamganj", "region_name": "Sunamganj" }, "geometry": { "type": "LineString", "coordinates": [ [ 91.372916666666114, 24.981249999999413 ], [ 91.368749999999451, 24.981249999999413 ], [ 91.352083333332786, 24.997916666666079 ], [ 91.347916666666123, 24.997916666666079 ], [ 91.343749999999446, 25.002083333332749 ], [ 91.339583333332783, 25.002083333332749 ] ] } },
{ "type": "Feature", "properties": { "ARCID": 742603, "UP_CELLS": 201, "region_id": "sunamganj", "region_name": "Sunamganj" }, "geometry": { "type": "LineString", "coordinates": [ [ 91.408333333332791, 24.993749999999409 ], [ 91.381249999999454, 24.993749999999409 ], [ 91.372916666666114, 24.985416666666076 ], [ 91.372916666666114, 24.981249999999413 ] ] } },
{ "type": "Feature", "properties": { "ARCID": 742604, "UP_CELLS": 188, "region_id": "sylhet", "region_name": "Sylhet" }, "geometry": { "type": "LineString", "coordinates": [ [ 91.67083333333278, 24.987499999999415 ], [ 91.677083333332774, 24.981249999999413 ], [ 91.681249999999437, 24.981249999999413 ], [ 91.69374999999944, 24.993749999999409 ], [ 91.69374999999944, 25.002083333332749 ] ] } },
{ "type": "Feature", "properties": { "ARCID": 742604, "UP_CELLS": 188, "region_id": "sunamganj", "region_name": "Sunamganj" }, "geometry": { "type": "LineString", "coordinates": [ [ 91.67083333333278, 24.987499999999415 ], [ 91.677083333332774, 24.981249999999413 ], [ 91.681249999999437, 24.981249999999413 ], [ 91.69374999999944, 24.993749999999409 ], [ 91.69374999999944, 25.002083333332749 ] ] } },
{ "type": "Feature", "properties": { "ARCID": 742691, "UP_CELLS": 2726076, "region_id": "gaibandha", "region_name": "Gaibandha" }, "geometry": { "type": "LineString", "coordinates": [ [ 89.693749999999483, 25.160416666666073 ], [ 89.693749999999483, 25.118749999999409 ], [ 89.685416666666143, 25.110416666666076 ], [ 89.685416666666143, 25.106249999999413 ], [ 89.668749999999477, 25.089583333332747 ], [ 89.668749999999477, 25.085416666666077 ], [ 89.664583333332814, 25.081249999999407 ], [ 89.660416666666151, 25.081249999999407 ], [ 89.622916666666143, 25.043749999999413 ], [ 89.622916666666143, 25.022916666666077 ], [ 89.631249999999483, 25.014583333332745 ], [ 89.631249999999483, 25.0 ] ] } },
{ "type": "Feature", "properties": { "ARCID": 742692, "UP_CELLS": 336, "region_id": "gaibandha", "region_name": "Gaibandha" }, "geometry": { "type": "LineString", "coordinates": [ [ 89.656249999999474, 25.002083333332749 ], [ 89.652083333332811, 25.002083333332749 ], [ 89.65, 25.0 ] ] } },
{ "type": "Feature", "properties": { "ARCID": 742693, "UP_CELLS": 128, "region_id": "jamalpur", "region_name": "Jamalpur" }, "geometry": { "type": "LineString", "coordinates": [ [ 89.843749999999474, 24.974999999999412 ], [ 89.843749999999474, 24.981249999999413 ], [ 89.847916666666137, 24.985416666666076 ], [ 89.852083333332814, 24.981249999999413 ], [ 89.856249999999477, 24.985416666666076 ], [ 89.856249999999477, 24.989583333332746 ] ] } },
{ "type": "Feature", "properties": { "ARCID": 742694, "UP_CELLS": 123, "region_id": "jamalpur", "region_name": "Jamalpur" }, "geometry": { "type": "LineString", "coordinates": [ [ 89.904166666666129, 24.995833333332747 ], [ 89.897916666666134, 24.989583333332746 ], [ 89.897916666666134, 24.977083333332743 ] ] } },
{ "type": "Feature", "properties": { "ARCID": 742695, "UP_CELLS": 2823, "region_id": "jamalpur", "region_name": "Jamalpur" }, "geometry": { "type": "LineString", "coordinates": [ [ 89.897916666666134, 24.977083333332743 ], [ 89.910416666666137, 24.977083333332743 ] ] } },
{ "type": "Feature", "properties": { "ARCID": 742696, "UP_CELLS": 2950, "region_id": "jamalpur", "region_name": "Jamalpur" }, "geometry": { "type": "LineString", "coordinates": [ [ 89.910416666666137, 24.977083333332743 ], [ 89.914583333332814, 24.977083333332743 ] ] } },
{ "type": "Feature", "properties": { "ARCID": 742697, "UP_CELLS": 187, "region_id": "jamalpur", "region_name": "Jamalpur" }, "geometry": { "type": "LineString", "coordinates": [ [ 89.914583333332814, 24.987499999999415 ], [ 89.914583333332814, 24.977083333332743 ] ] } },
{ "type": "Feature", "properties": { "ARCID": 742698, "UP_CELLS": 19052, "region_id": "sylhet", "region_name": "Sylhet" }, "geometry": { "type": "LineString", "coordinates": [ [ 91.710416666666106, 24.977083333332743 ], [ 91.70208333333278, 24.985416666666076 ], [ 91.70208333333278, 25.002083333332749 ], [ 91.697916666666117, 25.006249999999412 ], [ 91.69374999999944, 25.002083333332749 ] ] } },
{ "type": "Feature", "properties": { "ARCID": 742698, "UP_CELLS": 19052, "region_id": "sunamganj", "region_name": "Sunamganj" }, "geometry": { "type": "LineString", "coordinates": [ [ 91.7, 25.004166666665526 ], [ 91.697916666666117, 25.006249999999412 ], [ 91.69374999999944, 25.002083333332749 ] ] } },
{ "type": "Feature", "properties": { "ARCID": 742699, "UP_CELLS": 195, "region_id": "sylhet", "region_name": "Sylhet" }, "geometry": { "type": "LineString", "coordinates": [ [ 92.166666666666103, 25.00416666666608 ], [ 92.1854166666661, 24.985416666666076 ], [ 92.1854166666661, 24.981249999999413 ], [ 92.189583333332763, 24.977083333332743 ], [ 92.193749999999426, 24.977083333332743 ] ] } },
{ "type": "Feature", "properties": { "ARCID": 742700, "UP_CELLS": 387, "region_id": "sylhet", "region_name": "Sylhet" }, "geometry": { "type": "LineString", "coordinates": [ [ 92.227083333332772, 25.047916666666076 ], [ 92.222916666666094, 25.043749999999413 ], [ 92.227083333332772, 25.039583333332743 ], [ 92.227083333332772, 25.03541666666608 ], [ 92.222916666666094, 25.03124999999941 ], [ 92.218749999999432, 25.03124999999941 ], [ 92.206249999999443, 25.018749999999415 ], [ 92.206249999999443, 25.014583333332745 ], [ 92.202083333332766, 25.010416666666082 ], [ 92.202083333332766, 25.006249999999412 ], [ 92.206249999999443, 25.002083333332749 ], [ 92.206249999999443, 24.997916666666079 ], [ 92.193749999999426, 24.985416666666076 ], [ 92.193749999999426, 24.977083333332743 ] ] } },
{ "type": "Feature", "properties": { "ARCID": 742765, "UP_CELLS": 2693, "region_id": "jamalpur", "region_name": "Jamalpur" }, "geometry": { "type": "LineString", "coordinates": [ [ 89.856249999999477, 24.989583333332746 ], [ 89.86041666666614, 24.985416666666076 ], [ 89.86041666666614, 24.981249999999413 ], [ 89.864583333332803, 24.981249999999413 ], [ 89.868749999999466, 24.977083333332743 ], [ 89.872916666666143, 24.981249999999413 ], [ 89.885416666666146, 24.981249999999413 ], [ 89.893749999999471, 24.97291666666608 ], [ 89.897916666666134, 24.977083333332743 ] ] } },
{ "type": "Feature", "properties": { "ARCID": 742766, "UP_CELLS": 177, "region_id": "jamalpur", "region_name": "Jamalpur" }, "geometry": { "type": "LineString", "coordinates": [ [ 90.2, 24.987499999998878 ], [ 90.197916666666131, 24.989583333332746 ], [ 90.197916666666131, 25.002083333332749 ], [ 90.2, 25.004166666666617 ] ] } },
{ "type": "Feature", "properties": { "ARCID": 742767, "UP_CELLS": 9109, "region_id": "sylhet", "region_name": "Sylhet" }, "geometry": { "type": "LineString", "coordinates": [ [ 91.718749999999446, 24.97291666666608 ], [ 91.714583333332769, 24.97291666666608 ], [ 91.710416666666106, 24.977083333332743 ] ] } },
{ "type": "Feature", "properties": { "ARCID": 742768, "UP_CELLS": 286, "region_id": "sylhet", "region_name": "Sylhet" }, "geometry": { "type": "LineString", "coordinates": [ [ 91.774999999999437, 25.024999999999409 ], [ 91.768749999999443, 25.018749999999415 ], [ 91.76458333333278, 25.018749999999415 ], [ 91.760416666666117, 25.014583333332745 ], [ 91.75624999999944, 25.014583333332745 ], [ 91.7479166666661, 25.006249999999412 ], [ 91.743749999999437, 25.006249999999412 ], [ 91.739583333332774, 25.002083333332749 ], [ 91.739583333332774, 24.993749999999409 ], [ 91.727083333332786, 24.981249999999413 ], [ 91.727083333332786, 24.977083333332743 ], [ 91.722916666666109, 24.977083333332743 ], [ 91.718749999999446, 24.97291666666608 ] ] } },
{ "type": "Feature", "properties": { "ARCID": 742769, "UP_CELLS": 301, "region_id": "sylhet", "region_name": "Sylhet" }, "geometry": { "type": "LineString", "coordinates": [ [ 92.06874999999944, 24.97291666666608 ], [ 92.06874999999944, 24.981249999999413 ], [ 92.064583333332763, 24.985416666666076 ] ] } },
{ "type": "Feature", "properties": { "ARCID": 742770, "UP_CELLS": 5598, "region_id": "sylhet", "region_name": "Sylhet" }, "geometry": { "type": "LineString", "coordinates": [ [ 92.281249999999432, 25.03124999999941 ], [ 92.272916666666106, 25.022916666666077 ], [ 92.272916666666106, 25.006249999999412 ], [ 92.264583333332766, 24.997916666666079 ], [ 92.264583333332766, 24.985416666666076 ], [ 92.256249999999426, 24.977083333332743 ], [ 92.252083333332763, 24.977083333332743 ], [ 92.2479166666661, 24.97291666666608 ] ] } },
{ "type": "Feature", "properties": { "ARCID": 742831, "UP_CELLS": 3504, "region_id": "sunamganj", "region_name": "Sunamganj" }, "geometry": { "type": "LineString", "coordinates": [ [ 91.38958333333278, 24.96874999999941 ], [ 91.385416666666117, 24.96874999999941 ], [ 91.372916666666114, 24.981249999999413 ] ] } },
{ "type": "Feature", "properties": { "ARCID": 742832, "UP_CELLS": 122, "region_id": "sylhet", "region_name": "Sylhet" }, "geometry": { "type": "LineString", "coordinates": [ [ 92.254166666666094, 24.966666666666079 ], [ 92.2479166666661, 24.97291666666608 ] ] } },
{ "type": "Feature", "properties": { "ARCID": 742901, "UP_CELLS": 133, "region_id": "sylhet", "region_name": "Sylhet" }, "geometry": { "type": "LineString", "coordinates": [ [ 92.064583333332763, 24.962499999999416 ], [ 92.064583333332763, 24.96874999999941 ], [ 92.06874999999944, 24.97291666666608 ] ] } },
{ "type": "Feature", "properties": { "ARCID": 742902, "UP_CELLS": 278, "region_id": "sylhet", "region_name": "Sylhet" }, "geometry": { "type": "LineString", "coordinates": [ [ 92.449999999999434, 24.964583333332747 ], [ 92.443749999999426, 24.964583333332747 ], [ 92.439583333332763, 24.96874999999941 ], [ 92.422916666666097, 24.96874999999941 ], [ 92.422916666666097, 24.97291666666608 ], [ 92.418749999999434, 24.977083333332743 ], [ 92.418749999999434, 24.981249999999413 ], [ 92.414583333332757, 24.985416666666076 ], [ 92.414583333332757, 24.989583333332746 ] ] } },
{ "type": "Feature", "properties": { "ARCID": 742972, "UP_CELLS": 17265, "region_id": "sunamganj", "region_name": "Sunamganj" }, "geometry": { "type": "LineString", "coordinates": [ [ 91.131249999999454, 24.989583333332746 ], [ 91.143749999999443, 24.989583333332746 ], [ 91.14791666666612, 24.985416666666076 ], [ 91.14791666666612, 24.981249999999413 ], [ 91.15624999999946, 24.97291666666608 ], [ 91.15624999999946, 24.96874999999941 ], [ 91.160416666666123, 24.964583333332747 ], [ 91.160416666666123, 24.960416666666077 ] ] } },
{ "type": "Feature", "properties": { "ARCID": 742973, "UP_CELLS": 43426, "region_id": "sunamganj", "region_name": "Sunamganj" }, "geometry": { "type": "LineString", "coordinates": [ [ 91.21041666666612, 24.993749999999409 ], [ 91.20208333333278, 24.993749999999409 ], [ 91.197916666666117, 24.989583333332746 ], [ 91.197916666666117, 24.977083333332743 ], [ 91.193749999999454, 24.97291666666608 ], [ 91.177083333332789, 24.97291666666608 ], [ 91.168749999999449, 24.964583333332747 ], [ 91.164583333332786, 24.964583333332747 ], [ 91.160416666666123, 24.960416666666077 ] ] } },
{ "type": "Feature", "properties": { "ARCID": 742974, "UP_CELLS": 393, "region_id": "sunamganj", "region_name": "Sunamganj" }, "geometry": { "type": "LineString", "coordinates": [ [ 91.527083333332783, 24.958333333332746 ], [ 91.527083333332783, 24.989583333332746 ], [ 91.535416666666123, 24.997916666666079 ], [ 91.535416666666123, 25.002083333332749 ], [ 91.531249999999446, 25.006249999999412 ], [ 91.531249999999446, 25.014583333332745 ], [ 91.527083333332783, 25.018749999999415 ], [ 91.527083333332783, 25.027083333332747 ], [ 91.539583333332786, 25.039583333332743 ], [ 91.543749999999449, 25.039583333332743 ], [ 91.543749999999449, 25.043749999999413 ], [ 91.547916666666111, 25.047916666666076 ] ] } },
{ "type": "Feature", "properties": { "ARCID": 742975, "UP_CELLS": 622, "region_id": "sylhet", "region_name": "Sylhet" }, "geometry": { "type": "LineString", "coordinates": [ [ 92.193749999999426, 24.977083333332743 ], [ 92.193749999999426, 24.97291666666608 ], [ 92.206249999999443, 24.960416666666077 ], [ 92.218749999999432, 24.960416666666077 ] ] } },
{ "type": "Feature", "properties": { "ARCID": 742976, "UP_CELLS": 5822, "region_id": "sylhet", "region_name": "Sylhet" }, "geometry": { "type": "LineString", "coordinates": [ [ 92.2479166666661, 24.97291666666608 ], [ 92.243749999999437, 24.97291666666608 ], [ 92.239583333332774, 24.96874999999941 ], [ 92.239583333332774, 24.964583333332747 ], [ 92.235416666666111, 24.960416666666077 ], [ 92.227083333332772, 24.960416666666077 ], [ 92.222916666666094, 24.964583333332747 ], [ 92.218749999999432, 24.960416666666077 ] ] } },
{ "type": "Feature", "properties": { "ARCID": 743055, "UP_CELLS": 517, "region_id": "gaibandha", "region_name": "Gaibandha" }, "geometry": { "type": "LineString", "coordinates": [ [ 89.395833333332817, 25.008333333332743 ], [ 89.40416666666556, 25.0 ] ] } },
{ "type": "Feature", "properties": { "ARCID": 743056, "UP_CELLS": 124, "region_id": "jamalpur", "region_name": "Jamalpur" }, "geometry": { "type": "LineString", "coordinates": [ [ 89.904166666666129, 24.954166666666083 ], [ 89.910416666666137, 24.960416666666077 ], [ 89.910416666666137, 24.977083333332743 ] ] } },
{ "type": "Feature", "properties": { "ARCID": 743057, "UP_CELLS": 128, "region_id": "sunamganj", "region_name": "Sunamganj" }, "geometry": { "type": "LineString", "coordinates": [ [ 91.18749999999946, 24.956249999999415 ], [ 91.168749999999449, 24.956249999999415 ], [ 91.164583333332786, 24.960416666666077 ], [ 91.160416666666123, 24.960416666666077 ] ] } },
{ "type": "Feature", "properties": { "ARCID": 743058, "UP_CELLS": 219, "region_id": "sylhet", "region_name": "Sylhet" }, "geometry": { "type": "LineString", "coordinates": [ [ 91.6, 25.004166666666627 ], [ 91.602083333332786, 25.006249999999412 ], [ 91.606249999999449, 25.006249999999412 ] ] } },
{ "type": "Feature", "properties": { "ARCID": 743058, "UP_CELLS": 219, "region_id": "sunamganj", "region_name": "Sunamganj" }, "geometry": { "type": "LineString", "coordinates": [ [ 91.587499999999437, 24.954166666666083 ], [ 91.597916666666109, 24.964583333332747 ], [ 91.597916666666109, 24.977083333332743 ], [ 91.593749999999446, 24.981249999999413 ], [ 91.593749999999446, 24.989583333332746 ], [ 91.597916666666109, 24.993749999999409 ], [ 91.597916666666109, 25.002083333332749 ], [ 91.602083333332786, 25.006249999999412 ], [ 91.606249999999449, 25.006249999999412 ] ] } },
{ "type": "Feature", "properties": { "ARCID": 743133, "UP_CELLS": 137, "region_id": "sunamganj", "region_name": "Sunamganj" }, "geometry": { "type": "LineString", "coordinates": [ [ 91.374999999999446, 24.949999999999413 ], [ 91.38958333333278, 24.964583333332747 ], [ 91.38958333333278, 24.96874999999941 ] ] } },
{ "type": "Feature", "properties": { "ARCID": 743134, "UP_CELLS": 147, "region_id": "sylhet", "region_name": "Sylhet" }, "geometry": { "type": "LineString", "coordinates": [ [ 92.0916666666661, 24.952083333332745 ], [ 92.081249999999443, 24.952083333332745 ], [ 92.07708333333278, 24.956249999999415 ], [ 92.07708333333278, 24.960416666666077 ], [ 92.072916666666103, 24.964583333332747 ], [ 92.072916666666103, 24.96874999999941 ], [ 92.06874999999944, 24.97291666666608 ] ] } },
{ "type": "Feature", "properties": { "ARCID": 743286, "UP_CELLS": 521, "region_id": "sunamganj", "region_name": "Sunamganj" }, "geometry": { "type": "LineString", "coordinates": [ [ 90.964583333332797, 24.958333333332746 ], [ 90.964583333332797, 24.993749999999409 ], [ 90.96041666666612, 24.993749999999409 ], [ 90.956249999999457, 24.997916666666079 ], [ 90.95208333333278, 24.993749999999409 ], [ 90.947916666666117, 24.993749999999409 ], [ 90.943749999999454, 24.989583333332746 ], [ 90.927083333332789, 24.989583333332746 ], [ 90.910416666666123, 24.97291666666608 ], [ 90.910416666666123, 24.96874999999941 ], [ 90.90624999999946, 24.96874999999941 ], [ 90.9, 24.9625 ] ] } },
{ "type": "Feature", "properties": { "ARCID": 743352, "UP_CELLS": 8819, "region_id": "sylhet", "region_name": "Sylhet" }, "geometry": { "type": "LineString", "coordinates": [ [ 91.88958333333278, 24.997916666666079 ], [ 91.885416666666117, 24.997916666666079 ], [ 91.88124999999944, 24.993749999999409 ], [ 91.877083333332777, 24.993749999999409 ], [ 91.8729166666661, 24.989583333332746 ], [ 91.852083333332772, 24.989583333332746 ], [ 91.847916666666109, 24.985416666666076 ], [ 91.843749999999432, 24.985416666666076 ], [ 91.835416666666106, 24.977083333332743 ], [ 91.835416666666106, 24.97291666666608 ], [ 91.81874999999944, 24.956249999999415 ], [ 91.814583333332777, 24.956249999999415 ], [ 91.806249999999437, 24.947916666666082 ], [ 91.789583333332786, 24.947916666666082 ], [ 91.781249999999432, 24.939583333332749 ], [ 91.777083333332769, 24.939583333332749 ], [ 91.772916666666106, 24.943749999999412 ], [ 91.743749999999437, 24.943749999999412 ], [ 91.718749999999446, 24.96874999999941 ], [ 91.718749999999446, 24.97291666666608 ] ] } },
{ "type": "Feature", "properties": { "ARCID": 743435, "UP_CELLS": 3339, "region_id": "sunamganj", "region_name": "Sunamganj" }, "geometry": { "type": "LineString", "coordinates": [ [ 91.443749999999454, 24.935416666666079 ], [ 91.422916666666111, 24.935416666666079 ], [ 91.418749999999449, 24.939583333332749 ], [ 91.410416666666123, 24.939583333332749 ], [ 91.406249999999446, 24.943749999999412 ], [ 91.406249999999446, 24.952083333332745 ], [ 91.38958333333278, 24.96874999999941 ] ] } },
{ "type": "Feature", "properties": { "ARCID": 743436, "UP_CELLS": 106, "region_id": "sunamganj", "region_name": "Sunamganj" }, "geometry": { "type": "LineString", "coordinates": [ [ 91.449999999999449, 24.945833333332743 ], [ 91.443749999999454, 24.939583333332749 ], [ 91.443749999999454, 24.935416666666079 ] ] } },
{ "type": "Feature", "properties": { "ARCID": 743501, "UP_CELLS": 9814, "region_id": "sylhet", "region_name": "Sylhet" }, "geometry": { "type": "LineString", "coordinates": [ [ 91.70208333333278, 24.931249999999416 ], [ 91.70208333333278, 24.943749999999412 ], [ 91.706249999999443, 24.947916666666082 ], [ 91.706249999999443, 24.960416666666077 ], [ 91.710416666666106, 24.964583333332747 ], [ 91.710416666666106, 24.977083333332743 ] ] } },
{ "type": "Feature", "properties": { "ARCID": 743653, "UP_CELLS": 585, "region_id": "sylhet", "region_name": "Sylhet" }, "geometry": { "type": "LineString", "coordinates": [ [ 92.5, 24.979166666666647 ], [ 92.4979166666661, 24.977083333332743 ], [ 92.4979166666661, 24.964583333332747 ], [ 92.489583333332774, 24.956249999999415 ], [ 92.493749999999437, 24.952083333332745 ], [ 92.489583333332774, 24.947916666666082 ], [ 92.489583333332774, 24.943749999999412 ], [ 92.485416666666097, 24.939583333332749 ], [ 92.485416666666097, 24.927083333332746 ], [ 92.489583333332774, 24.922916666666083 ] ] } },
{ "type": "Feature", "properties": { "ARCID": 743654, "UP_CELLS": 869, "region_id": "sylhet", "region_name": "Sylhet" }, "geometry": { "type": "LineString", "coordinates": [ [ 92.5, 24.945833333333315 ], [ 92.4979166666661, 24.943749999999412 ], [ 92.4979166666661, 24.935416666666079 ], [ 92.489583333332774, 24.927083333332746 ], [ 92.489583333332774, 24.922916666666083 ] ] } },
{ "type": "Feature", "properties": { "ARCID": 743715, "UP_CELLS": 462, "region_id": "jamalpur", "region_name": "Jamalpur" }, "geometry": { "type": "LineString", "coordinates": [ [ 89.752083333332806, 25.020833333332746 ], [ 89.752083333332806, 25.010416666666082 ], [ 89.743749999999466, 25.002083333332749 ], [ 89.739583333332803, 25.002083333332749 ], [ 89.727083333332814, 24.989583333332746 ], [ 89.727083333332814, 24.981249999999413 ], [ 89.718749999999474, 24.97291666666608 ], [ 89.710416666666134, 24.97291666666608 ], [ 89.702083333332808, 24.964583333332747 ], [ 89.7, 24.964583333332747 ] ] } },
{ "type": "Feature", "properties": { "ARCID": 743716, "UP_CELLS": 3416, "region_id": "jamalpur", "region_name": "Jamalpur" }, "geometry": { "type": "LineString", "coordinates": [ [ 89.914583333332814, 24.977083333332743 ], [ 89.918749999999477, 24.97291666666608 ], [ 89.92291666666614, 24.97291666666608 ], [ 89.939583333332806, 24.956249999999415 ], [ 89.939583333332806, 24.952083333332745 ], [ 89.943749999999469, 24.947916666666082 ], [ 89.943749999999469, 24.943749999999412 ], [ 89.952083333332808, 24.935416666666079 ], [ 89.956249999999471, 24.935416666666079 ], [ 89.968749999999474, 24.922916666666083 ], [ 89.972916666666137, 24.922916666666083 ], [ 89.977083333332814, 24.918749999999413 ] ] } },
{ "type": "Feature", "properties": { "ARCID": 743717, "UP_CELLS": 106, "region_id": "jamalpur", "region_name": "Jamalpur" }, "geometry": { "type": "LineString", "coordinates": [ [ 89.987499999999471, 24.929166666666077 ], [ 89.977083333332814, 24.918749999999413 ] ] } },
{ "type": "Feature", "properties": { "ARCID": 743783, "UP_CELLS": 3526, "region_id": "jamalpur", "region_name": "Jamalpur" }, "geometry": { "type": "LineString", "coordinates": [ [ 89.977083333332814, 24.918749999999413 ], [ 89.981249999999477, 24.91458333333275 ] ] } },
{ "type": "Feature", "properties": { "ARCID": 743784, "UP_CELLS": 778, "region_id": "jamalpur", "region_name": "Jamalpur" }, "geometry": { "type": "LineString", "coordinates": [ [ 89.981249999999477, 25.039583333332743 ], [ 89.981249999999477, 25.03124999999941 ], [ 89.989583333332803, 25.022916666666077 ], [ 89.989583333332803, 25.018749999999415 ], [ 89.98541666666614, 25.014583333332745 ], [ 89.989583333332803, 25.010416666666082 ], [ 89.993749999999466, 25.010416666666082 ], [ 90.002083333332806, 25.002083333332749 ], [ 90.006249999999469, 25.002083333332749 ], [ 90.014583333332808, 24.993749999999409 ], [ 90.014583333332808, 24.989583333332746 ], [ 90.018749999999471, 24.985416666666076 ], [ 90.018749999999471, 24.981249999999413 ], [ 90.035416666666137, 24.964583333332747 ], [ 90.04791666666614, 24.964583333332747 ], [ 90.056249999999466, 24.956249999999415 ], [ 90.056249999999466, 24.952083333332745 ], [ 90.060416666666129, 24.947916666666082 ], [ 90.060416666666129, 24.943749999999412 ], [ 90.064583333332806, 24.939583333332749 ], [ 90.064583333332806, 24.91458333333275 ] ] } },
{ "type": "Feature", "properties": { "ARCID": 743785, "UP_CELLS": 133, "region_id": "jamalpur", "region_name": "Jamalpur" }, "geometry": { "type": "LineString", "coordinates": [ [ 90.07916666666614, 24.918749999999413 ], [ 90.072916666666146, 24.918749999999413 ], [ 90.068749999999469, 24.91458333333275 ], [ 90.064583333332806, 24.91458333333275 ] ] } },
{ "type": "Feature", "properties": { "ARCID": 743787, "UP_CELLS": 336, "region_id": "sylhet", "region_name": "Sylhet" }, "geometry": { "type": "LineString", "coordinates": [ [ 91.637499999999449, 24.912499999999412 ], [ 91.656249999999446, 24.931249999999416 ], [ 91.660416666666109, 24.931249999999416 ], [ 91.664583333332786, 24.927083333332746 ], [ 91.672916666666111, 24.927083333332746 ], [ 91.677083333332774, 24.931249999999416 ], [ 91.681249999999437, 24.931249999999416 ], [ 91.6854166666661, 24.927083333332746 ], [ 91.689583333332777, 24.927083333332746 ], [ 91.69374999999944, 24.922916666666083 ], [ 91.697916666666117, 24.922916666666083 ], [ 91.70208333333278, 24.927083333332746 ], [ 91.70208333333278, 24.931249999999416 ] ] } },
{ "type": "Feature", "properties": { "ARCID": 743787, "UP_CELLS": 336, "region_id": "sunamganj", "region_name": "Sunamganj" }, "geometry": { "type": "LineString", "coordinates": [ [ 91.637499999999449, 24.912499999999412 ], [ 91.656249999999446, 24.931249999999416 ], [ 91.660416666666109, 24.931249999999416 ], [ 91.664583333332786, 24.927083333332746 ], [ 91.672916666666111, 24.927083333332746 ], [ 91.677083333332774, 24.931249999999416 ], [ 91.681249999999437, 24.931249999999416 ], [ 91.6854166666661, 24.927083333332746 ], [ 91.689583333332777, 24.927083333332746 ], [ 91.69374999999944, 24.922916666666083 ], [ 91.697916666666117, 24.922916666666083 ], [ 91.7, 24.925 ] ] } },
{ "type": "Feature", "properties": { "ARCID": 743788, "UP_CELLS": 450, "region_id": "sylhet", "region_name": "Sylhet" }, "geometry": { "type": "LineString", "coordinates": [ [ 92.412499999999426, 24.929166666666077 ], [ 92.402083333332769, 24.939583333332749 ], [ 92.402083333332769, 24.943749999999412 ], [ 92.389583333332766, 24.956249999999415 ], [ 92.3729166666661, 24.956249999999415 ], [ 92.368749999999437, 24.952083333332745 ], [ 92.360416666666097, 24.952083333332745 ], [ 92.356249999999434, 24.947916666666082 ], [ 92.356249999999434, 24.943749999999412 ], [ 92.352083333332757, 24.939583333332749 ], [ 92.352083333332757, 24.931249999999416 ], [ 92.347916666666094, 24.927083333332746 ], [ 92.318749999999426, 24.927083333332746 ], [ 92.314583333332763, 24.922916666666083 ], [ 92.3104166666661, 24.922916666666083 ], [ 92.302083333332774, 24.91458333333275 ] ] } },
{ "type": "Feature", "properties": { "ARCID": 743849, "UP_CELLS": 605, "region_id": "gaibandha", "region_name": "Gaibandha" }, "geometry": { "type": "LineString", "coordinates": [ [ 89.214583333332826, 25.014583333332745 ], [ 89.2, 25.0 ] ] } },
{ "type": "Feature", "properties": { "ARCID": 743850, "UP_CELLS": 896, "region_id": "gaibandha", "region_name": "Gaibandha" }, "geometry": { "type": "LineString", "coordinates": [ [ 89.291666666666146, 25.112499999999407 ], [ 89.285416666666151, 25.106249999999413 ], [ 89.285416666666151, 25.102083333332743 ], [ 89.289583333332814, 25.09791666666608 ], [ 89.289583333332814, 25.052083333332746 ], [ 89.281249999999488, 25.043749999999413 ], [ 89.281249999999488, 25.027083333332747 ], [ 89.285416666666151, 25.022916666666077 ], [ 89.285416666666151, 25.014583333332745 ], [ 89.289583333332814, 25.010416666666082 ], [ 89.289583333332814, 25.002083333332749 ], [ 89.2875, 25.0 ] ] } },
{ "type": "Feature", "properties": { "ARCID": 743922, "UP_CELLS": 129, "region_id": "jamalpur", "region_name": "Jamalpur" }, "geometry": { "type": "LineString", "coordinates": [ [ 89.95416666666614, 24.904166666666079 ], [ 89.960416666666134, 24.91041666666608 ], [ 89.972916666666137, 24.91041666666608 ], [ 89.977083333332814, 24.91458333333275 ], [ 89.981249999999477, 24.91458333333275 ] ] } },
{ "type": "Feature", "properties": { "ARCID": 743924, "UP_CELLS": 164, "region_id": "sunamganj", "region_name": "Sunamganj" }, "geometry": { "type": "LineString", "coordinates": [ [ 91.149999999999451, 24.90624999999941 ], [ 91.160416666666123, 24.90624999999941 ] ] } },
{ "type": "Feature", "properties": { "ARCID": 743925, "UP_CELLS": 60972, "region_id": "sunamganj", "region_name": "Sunamganj" }, "geometry": { "type": "LineString", "coordinates": [ [ 91.160416666666123, 24.960416666666077 ], [ 91.160416666666123, 24.952083333332745 ], [ 91.164583333332786, 24.947916666666082 ], [ 91.164583333332786, 24.935416666666079 ], [ 91.160416666666123, 24.931249999999416 ], [ 91.160416666666123, 24.927083333332746 ], [ 91.164583333332786, 24.922916666666083 ], [ 91.164583333332786, 24.91458333333275 ], [ 91.160416666666123, 24.91041666666608 ], [ 91.160416666666123, 24.90624999999941 ] ] } },
{ "type": "Feature", "properties": { "ARCID": 743926, "UP_CELLS": 169, "region_id": "sylhet", "region_name": "Sylhet" }, "geometry": { "type": "LineString", "coordinates": [ [ 91.833333333332774, 24.90624999999941 ], [ 91.82708333333278, 24.90624999999941 ], [ 91.822916666666117, 24.91041666666608 ], [ 91.806249999999437, 24.91041666666608 ], [ 91.802083333332774, 24.90624999999941 ], [ 91.797916666666111, 24.90624999999941 ] ] } },
{ "type": "Feature", "properties": { "ARCID": 743985, "UP_CELLS": 3017, "region_id": "sunamganj", "region_name": "Sunamganj" }, "geometry": { "type": "LineString", "coordinates": [ [ 91.477083333332786, 24.902083333332747 ], [ 91.472916666666123, 24.90624999999941 ], [ 91.472916666666123, 24.91041666666608 ], [ 91.45208333333278, 24.931249999999416 ], [ 91.447916666666117, 24.931249999999416 ], [ 91.443749999999454, 24.935416666666079 ] ] } },
{ "type": "Feature", "properties": { "ARCID": 744047, "UP_CELLS": 24489, "region_id": "sirajganj", "region_name": "Sirajganj" }, "geometry": { "type": "MultiLineString", "coordinates": [ [ [ 89.566666666665554, 24.9 ], [ 89.568749999999483, 24.897916666666077 ], [ 89.572916666666146, 24.897916666666077 ], [ 89.575, 24.9 ] ], [ [ 89.579166666665557, 24.9 ], [ 89.581249999999471, 24.897916666666077 ] ] ] } },
{ "type": "Feature", "properties": { "ARCID": 744048, "UP_CELLS": 1257, "region_id": "gaibandha", "region_name": "Gaibandha" }, "geometry": { "type": "LineString", "coordinates": [ [ 89.597916666666151, 25.052083333332746 ], [ 89.597916666666151, 25.043749999999413 ], [ 89.572916666666146, 25.018749999999415 ], [ 89.572916666666146, 25.0 ] ] } },
{ "type": "Feature", "properties": { "ARCID": 744048, "UP_CELLS": 1257, "region_id": "sirajganj", "region_name": "Sirajganj" }, "geometry": { "type": "LineString", "coordinates": [ [ 89.581249999999471, 24.9 ], [ 89.581249999999471, 24.897916666666077 ] ] } },
{ "type": "Feature", "properties": { "ARCID": 744049, "UP_CELLS": 117, "region_id": "jamalpur", "region_name": "Jamalpur" }, "geometry": { "type": "LineString", "coordinates": [ [ 90.1958333333328, 24.908333333332749 ], [ 90.2, 24.904166666665549 ] ] } },
{ "type": "Feature", "properties": { "ARCID": 744050, "UP_CELLS": 168, "region_id": "sunamganj", "region_name": "Sunamganj" }, "geometry": { "type": "LineString", "coordinates": [ [ 90.970833333332791, 24.908333333332749 ], [ 90.977083333332786, 24.91458333333275 ], [ 90.989583333332789, 24.91458333333275 ], [ 90.997916666666129, 24.90624999999941 ], [ 90.997916666666129, 24.902083333332747 ], [ 91.002083333332791, 24.897916666666077 ], [ 91.006249999999454, 24.897916666666077 ] ] } },
{ "type": "Feature", "properties": { "ARCID": 744051, "UP_CELLS": 578, "region_id": "sunamganj", "region_name": "Sunamganj" }, "geometry": { "type": "LineString", "coordinates": [ [ 91.024999999999451, 25.002083333332749 ], [ 91.03124999999946, 25.002083333332749 ], [ 91.035416666666123, 24.997916666666079 ], [ 91.035416666666123, 24.989583333332746 ], [ 91.039583333332786, 24.985416666666076 ], [ 91.039583333332786, 24.935416666666079 ], [ 91.03124999999946, 24.927083333332746 ], [ 91.03124999999946, 24.922916666666083 ], [ 91.006249999999454, 24.897916666666077 ] ] } },
{ "type": "Feature", "properties": { "ARCID": 744175, "UP_CELLS": 231, "region_id": "sirajganj", "region_name": "Sirajganj" }, "geometry": { "type": "LineString", "coordinates": [ [ 89.697916666666146, 24.9 ], [ 89.697916666666146, 24.893749999999415 ], [ 89.693749999999483, 24.889583333332745 ], [ 89.685416666666143, 24.897916666666077 ], [ 89.681249999999466, 24.897916666666077 ], [ 89.679166666665552, 24.9 ] ] } },
{ "type": "Feature", "properties": { "ARCID": 744177, "UP_CELLS": 9399, "region_id": "sylhet", "region_name": "Sylhet" }, "geometry": { "type": "LineString", "coordinates": [ [ 91.760416666666117, 24.889583333332745 ], [ 91.75624999999944, 24.893749999999415 ], [ 91.75624999999944, 24.902083333332747 ], [ 91.752083333332777, 24.90624999999941 ], [ 91.735416666666111, 24.90624999999941 ], [ 91.735416666666111, 24.91458333333275 ], [ 91.731249999999449, 24.918749999999413 ], [ 91.714583333332769, 24.918749999999413 ], [ 91.70208333333278, 24.931249999999416 ] ] } },
{ "type": "Feature", "properties": { "ARCID": 744178, "UP_CELLS": 9001, "region_id": "sylhet", "region_name": "Sylhet" }, "geometry": { "type": "LineString", "coordinates": [ [ 91.797916666666111, 24.90624999999941 ], [ 91.789583333332786, 24.897916666666077 ], [ 91.781249999999432, 24.897916666666077 ], [ 91.777083333332769, 24.893749999999415 ], [ 91.772916666666106, 24.893749999999415 ], [ 91.768749999999443, 24.889583333332745 ], [ 91.760416666666117, 24.889583333332745 ] ] } },
{ "type": "Feature", "properties": { "ARCID": 744241, "UP_CELLS": 701, "region_id": "gaibandha", "region_name": "Gaibandha" }, "geometry": { "type": "LineString", "coordinates": [ [ 89.32916666666614, 25.041666666666082 ], [ 89.318749999999483, 25.03124999999941 ], [ 89.318749999999483, 25.022916666666077 ], [ 89.327083333332808, 25.014583333332745 ], [ 89.331249999999471, 25.014583333332745 ], [ 89.335416666666148, 25.010416666666082 ], [ 89.339583333332811, 25.010416666666082 ], [ 89.343749999999488, 25.006249999999412 ], [ 89.343749999999488, 25.0 ] ] } },
{ "type": "Feature", "properties": { "ARCID": 744243, "UP_CELLS": 959, "region_id": "jamalpur", "region_name": "Jamalpur" }, "geometry": { "type": "LineString", "coordinates": [ [ 90.064583333332806, 24.91458333333275 ], [ 90.064583333332806, 24.902083333332747 ], [ 90.060416666666129, 24.897916666666077 ], [ 90.060416666666129, 24.885416666666082 ] ] } },
{ "type": "Feature", "properties": { "ARCID": 744244, "UP_CELLS": 263, "region_id": "jamalpur", "region_name": "Jamalpur" }, "geometry": { "type": "LineString", "coordinates": [ [ 90.12499999999946, 24.949999999999413 ], [ 90.135416666666146, 24.939583333332749 ], [ 90.143749999999471, 24.939583333332749 ], [ 90.147916666666134, 24.935416666666079 ], [ 90.152083333332797, 24.935416666666079 ], [ 90.160416666666137, 24.927083333332746 ], [ 90.147916666666134, 24.91458333333275 ], [ 90.1645833333328, 24.897916666666077 ], [ 90.168749999999477, 24.897916666666077 ], [ 90.177083333332803, 24.889583333332745 ], [ 90.177083333332803, 24.885416666666082 ], [ 90.181249999999466, 24.885416666666082 ] ] } },
{ "type": "Feature", "properties": { "ARCID": 744245, "UP_CELLS": 6113, "region_id": "jamalpur", "region_name": "Jamalpur" }, "geometry": { "type": "LineString", "coordinates": [ [ 90.181249999999466, 24.885416666666082 ], [ 90.189583333332791, 24.893749999999415 ], [ 90.2, 24.893749999999415 ] ] } },
{ "type": "Feature", "properties": { "ARCID": 744246, "UP_CELLS": 164, "region_id": "sylhet", "region_name": "Sylhet" }, "geometry": { "type": "LineString", "coordinates": [ [ 91.760416666666117, 24.88333333333275 ], [ 91.760416666666117, 24.889583333332745 ] ] } },
{ "type": "Feature", "properties": { "ARCID": 744299, "UP_CELLS": 2726715, "region_id": "sirajganj", "region_name": "Sirajganj" }, "geometry": { "type": "LineString", "coordinates": [ [ 89.622916666666143, 24.9 ], [ 89.622916666666143, 24.881249999999412 ] ] } },
{ "type": "Feature", "properties": { "ARCID": 744300, "UP_CELLS": 799, "region_id": "sirajganj", "region_name": "Sirajganj" }, "geometry": { "type": "LineString", "coordinates": [ [ 89.6375, 24.9 ], [ 89.631249999999483, 24.893749999999415 ], [ 89.631249999999483, 24.885416666666082 ], [ 89.62708333333282, 24.881249999999412 ], [ 89.622916666666143, 24.881249999999412 ] ] } },
{ "type": "Feature", "properties": { "ARCID": 744301, "UP_CELLS": 374, "region_id": "jamalpur", "region_name": "Jamalpur" }, "geometry": { "type": "LineString", "coordinates": [ [ 89.762499999999477, 24.945833333332743 ], [ 89.756249999999483, 24.939583333332749 ], [ 89.756249999999483, 24.931249999999416 ], [ 89.772916666666134, 24.91458333333275 ], [ 89.772916666666134, 24.91041666666608 ], [ 89.781249999999474, 24.902083333332747 ], [ 89.781249999999474, 24.889583333332745 ], [ 89.789583333332814, 24.881249999999412 ] ] } },
{ "type": "Feature", "properties": { "ARCID": 744301, "UP_CELLS": 374, "region_id": "sirajganj", "region_name": "Sirajganj" }, "geometry": { "type": "LineString", "coordinates": [ [ 89.781249999999474, 24.9 ], [ 89.781249999999474, 24.889583333332745 ], [ 89.789583333332814, 24.881249999999412 ] ] } },
{ "type": "Feature", "properties": { "ARCID": 744302, "UP_CELLS": 209, "region_id": "jamalpur", "region_name": "Jamalpur" }, "geometry": { "type": "LineString", "coordinates": [ [ 89.793749999999477, 24.916666666666082 ], [ 89.793749999999477, 24.893749999999415 ], [ 89.789583333332814, 24.889583333332745 ], [ 89.789583333332814, 24.881249999999412 ] ] } },
{ "type": "Feature", "properties": { "ARCID": 744302, "UP_CELLS": 209, "region_id": "sirajganj", "region_name": "Sirajganj" }, "geometry": { "type": "LineString", "coordinates": [ [ 89.793749999999477, 24.9 ], [ 89.793749999999477, 24.893749999999415 ], [ 89.789583333332814, 24.889583333332745 ], [ 89.789583333332814, 24.881249999999412 ] ] } },
{ "type": "Feature", "properties": { "ARCID": 744357, "UP_CELLS": 3818, "region_id": "jamalpur", "region_name": "Jamalpur" }, "geometry": { "type": "LineString", "coordinates": [ [ 89.981249999999477, 24.91458333333275 ], [ 89.997916666666129, 24.897916666666077 ], [ 89.997916666666129, 24.893749999999415 ], [ 90.014583333332808, 24.877083333332749 ] ] } },
{ "type": "Feature", "properties": { "ARCID": 744359, "UP_CELLS": 119, "region_id": "sunamganj", "region_name": "Sunamganj" }, "geometry": { "type": "LineString", "coordinates": [ [ 91.329166666666111, 24.891666666666083 ], [ 91.343749999999446, 24.877083333332749 ], [ 91.347916666666123, 24.877083333332749 ] ] } },
{ "type": "Feature", "properties": { "ARCID": 744360, "UP_CELLS": 234, "region_id": "sunamganj", "region_name": "Sunamganj" }, "geometry": { "type": "LineString", "coordinates": [ [ 91.35833333333278, 24.904166666666079 ], [ 91.352083333332786, 24.897916666666077 ], [ 91.352083333332786, 24.885416666666082 ], [ 91.347916666666123, 24.881249999999412 ], [ 91.347916666666123, 24.877083333332749 ] ] } },
{ "type": "Feature", "properties": { "ARCID": 744361, "UP_CELLS": 145, "region_id": "sunamganj", "region_name": "Sunamganj" }, "geometry": { "type": "LineString", "coordinates": [ [ 91.454166666666111, 24.877083333332749 ], [ 91.464583333332783, 24.877083333332749 ], [ 91.472916666666123, 24.885416666666082 ], [ 91.472916666666123, 24.897916666666077 ], [ 91.477083333332786, 24.902083333332747 ] ] } },
{ "type": "Feature", "properties": { "ARCID": 744362, "UP_CELLS": 1596, "region_id": "sylhet", "region_name": "Sylhet" }, "geometry": { "type": "LineString", "coordinates": [ [ 92.489583333332774, 24.922916666666083 ], [ 92.493749999999437, 24.918749999999413 ], [ 92.493749999999437, 24.91458333333275 ], [ 92.4979166666661, 24.91041666666608 ], [ 92.4979166666661, 24.902083333332747 ], [ 92.493749999999437, 24.897916666666077 ], [ 92.493749999999437, 24.877083333332749 ] ] } },
{ "type": "Feature", "properties": { "ARCID": 744363, "UP_CELLS": 131121, "region_id": "sylhet", "region_name": "Sylhet" }, "geometry": { "type": "LineString", "coordinates": [ [ 92.5, 24.881249999999412 ], [ 92.4979166666661, 24.881249999999412 ], [ 92.493749999999437, 24.877083333332749 ] ] } },
{ "type": "Feature", "properties": { "ARCID": 744413, "UP_CELLS": 25809, "region_id": "sirajganj", "region_name": "Sirajganj" }, "geometry": { "type": "LineString", "coordinates": [ [ 89.581249999999471, 24.897916666666077 ], [ 89.589583333332811, 24.889583333332745 ], [ 89.589583333332811, 24.885416666666082 ], [ 89.593749999999474, 24.881249999999412 ], [ 89.593749999999474, 24.877083333332749 ], [ 89.597916666666151, 24.872916666666079 ] ] } },
{ "type": "Feature", "properties": { "ARCID": 744414, "UP_CELLS": 3952, "region_id": "jamalpur", "region_name": "Jamalpur" }, "geometry": { "type": "LineString", "coordinates": [ [ 90.014583333332808, 24.877083333332749 ], [ 90.018749999999471, 24.877083333332749 ], [ 90.022916666666134, 24.872916666666079 ], [ 90.027083333332797, 24.872916666666079 ] ] } },
{ "type": "Feature", "properties": { "ARCID": 744415, "UP_CELLS": 4239, "region_id": "jamalpur", "region_name": "Jamalpur" }, "geometry": { "type": "LineString", "coordinates": [ [ 90.027083333332797, 24.872916666666079 ], [ 90.0395833333328, 24.872916666666079 ], [ 90.043749999999477, 24.877083333332749 ], [ 90.04791666666614, 24.877083333332749 ], [ 90.056249999999466, 24.885416666666082 ], [ 90.060416666666129, 24.885416666666082 ] ] } },
{ "type": "Feature", "properties": { "ARCID": 744416, "UP_CELLS": 5804, "region_id": "jamalpur", "region_name": "Jamalpur" }, "geometry": { "type": "LineString", "coordinates": [ [ 90.15624999999946, 24.872916666666079 ], [ 90.160416666666137, 24.877083333332749 ], [ 90.168749999999477, 24.877083333332749 ], [ 90.17291666666614, 24.881249999999412 ], [ 90.177083333332803, 24.881249999999412 ], [ 90.181249999999466, 24.885416666666082 ] ] } },
{ "type": "Feature", "properties": { "ARCID": 744417, "UP_CELLS": 61162, "region_id": "sunamganj", "region_name": "Sunamganj" }, "geometry": { "type": "LineString", "coordinates": [ [ 91.160416666666123, 24.90624999999941 ], [ 91.160416666666123, 24.872916666666079 ] ] } },
{ "type": "Feature", "properties": { "ARCID": 744418, "UP_CELLS": 109, "region_id": "sunamganj", "region_name": "Sunamganj" }, "geometry": { "type": "LineString", "coordinates": [ [ 91.174999999999443, 24.87916666666608 ], [ 91.168749999999449, 24.872916666666079 ], [ 91.160416666666123, 24.872916666666079 ] ] } },
{ "type": "Feature", "properties": { "ARCID": 744419, "UP_CELLS": 8752, "region_id": "sylhet", "region_name": "Sylhet" }, "geometry": { "type": "LineString", "coordinates": [ [ 91.902083333332769, 24.872916666666079 ], [ 91.897916666666106, 24.877083333332749 ], [ 91.877083333332777, 24.877083333332749 ], [ 91.8729166666661, 24.872916666666079 ], [ 91.864583333332774, 24.872916666666079 ], [ 91.856249999999449, 24.881249999999412 ], [ 91.843749999999432, 24.881249999999412 ], [ 91.839583333332769, 24.877083333332749 ], [ 91.835416666666106, 24.877083333332749 ], [ 91.82708333333278, 24.885416666666082 ], [ 91.82708333333278, 24.889583333332745 ], [ 91.822916666666117, 24.893749999999415 ], [ 91.81874999999944, 24.893749999999415 ], [ 91.814583333332777, 24.897916666666077 ], [ 91.806249999999437, 24.897916666666077 ], [ 91.797916666666111, 24.90624999999941 ] ] } },
{ "type": "Feature", "properties": { "ARCID": 744420, "UP_CELLS": 8255, "region_id": "sylhet", "region_name": "Sylhet" }, "geometry": { "type": "LineString", "coordinates": [ [ 91.927083333332774, 24.872916666666079 ], [ 91.902083333332769, 24.872916666666079 ] ] } },
{ "type": "Feature", "properties": { "ARCID": 744421, "UP_CELLS": 416, "region_id": "sylhet", "region_name": "Sylhet" }, "geometry": { "type": "LineString", "coordinates": [ [ 91.999999999999432, 24.916666666666082 ], [ 91.993749999999437, 24.91041666666608 ], [ 91.985416666666111, 24.91041666666608 ], [ 91.972916666666109, 24.897916666666077 ], [ 91.968749999999432, 24.897916666666077 ], [ 91.956249999999443, 24.885416666666082 ], [ 91.956249999999443, 24.881249999999412 ], [ 91.95208333333278, 24.877083333332749 ], [ 91.9354166666661, 24.877083333332749 ], [ 91.931249999999437, 24.872916666666079 ], [ 91.927083333332774, 24.872916666666079 ] ] } },
{ "type": "Feature", "properties": { "ARCID": 744490, "UP_CELLS": 174, "region_id": "jamalpur", "region_name": "Jamalpur" }, "geometry": { "type": "LineString", "coordinates": [ [ 89.774999999999466, 24.868749999999416 ], [ 89.79791666666614, 24.868749999999416 ] ] } },
{ "type": "Feature", "properties": { "ARCID": 744490, "UP_CELLS": 174, "region_id": "sirajganj", "region_name": "Sirajganj" }, "geometry": { "type": "LineString", "coordinates": [ [ 89.774999999999466, 24.868749999999416 ], [ 89.79791666666614, 24.868749999999416 ] ] } },
{ "type": "Feature", "properties": { "ARCID": 744491, "UP_CELLS": 600, "region_id": "jamalpur", "region_name": "Jamalpur" }, "geometry": { "type": "LineString", "coordinates": [ [ 89.789583333332814, 24.881249999999412 ], [ 89.793749999999477, 24.877083333332749 ], [ 89.793749999999477, 24.872916666666079 ], [ 89.79791666666614, 24.868749999999416 ] ] } },
{ "type": "Feature", "properties": { "ARCID": 744491, "UP_CELLS": 600, "region_id": "sirajganj", "region_name": "Sirajganj" }, "geometry": { "type": "LineString", "coordinates": [ [ 89.789583333332814, 24.881249999999412 ], [ 89.793749999999477, 24.877083333332749 ], [ 89.793749999999477, 24.872916666666079 ], [ 89.79791666666614, 24.868749999999416 ] ] } },
{ "type": "Feature", "properties": { "ARCID": 744492, "UP_CELLS": 109, "region_id": "jamalpur", "region_name": "Jamalpur" }, "geometry": { "type": "LineString", "coordinates": [ [ 90.008333333332814, 24.866666666666084 ], [ 90.014583333332808, 24.872916666666079 ], [ 90.014583333332808, 24.877083333332749 ] ] } },
{ "type": "Feature", "properties": { "ARCID": 744493, "UP_CELLS": 5299, "region_id": "jamalpur", "region_name": "Jamalpur" }, "geometry": { "type": "LineString", "coordinates": [ [ 90.060416666666129, 24.885416666666082 ], [ 90.064583333332806, 24.885416666666082 ], [ 90.072916666666146, 24.877083333332749 ], [ 90.077083333332808, 24.877083333332749 ], [ 90.085416666666134, 24.885416666666082 ], [ 90.097916666666137, 24.885416666666082 ], [ 90.1020833333328, 24.881249999999412 ], [ 90.1020833333328, 24.872916666666079 ], [ 90.106249999999477, 24.868749999999416 ] ] } },
{ "type": "Feature", "properties": { "ARCID": 744494, "UP_CELLS": 5558, "region_id": "jamalpur", "region_name": "Jamalpur" }, "geometry": { "type": "LineString", "coordinates": [ [ 90.106249999999477, 24.868749999999416 ], [ 90.118749999999466, 24.868749999999416 ], [ 90.122916666666129, 24.872916666666079 ], [ 90.15624999999946, 24.872916666666079 ] ] } },
{ "type": "Feature", "properties": { "ARCID": 744497, "UP_CELLS": 133, "region_id": "sylhet", "region_name": "Sylhet" }, "geometry": { "type": "LineString", "coordinates": [ [ 91.902083333332769, 24.866666666666084 ], [ 91.902083333332769, 24.872916666666079 ] ] } },
{ "type": "Feature", "properties": { "ARCID": 744563, "UP_CELLS": 26409, "region_id": "sirajganj", "region_name": "Sirajganj" }, "geometry": { "type": "LineString", "coordinates": [ [ 89.597916666666151, 24.872916666666079 ], [ 89.602083333332814, 24.872916666666079 ], [ 89.606249999999477, 24.868749999999416 ], [ 89.61041666666614, 24.868749999999416 ], [ 89.614583333332803, 24.864583333332746 ], [ 89.62708333333282, 24.864583333332746 ] ] } },
{ "type": "Feature", "properties": { "ARCID": 744564, "UP_CELLS": 2727531, "region_id": "sirajganj", "region_name": "Sirajganj" }, "geometry": { "type": "LineString", "coordinates": [ [ 89.622916666666143, 24.881249999999412 ], [ 89.622916666666143, 24.868749999999416 ], [ 89.62708333333282, 24.864583333332746 ] ] } },
{ "type": "Feature", "properties": { "ARCID": 744566, "UP_CELLS": 2731, "region_id": "sunamganj", "region_name": "Sunamganj" }, "geometry": { "type": "LineString", "coordinates": [ [ 91.497916666666114, 24.864583333332746 ], [ 91.489583333332774, 24.872916666666079 ], [ 91.489583333332774, 24.877083333332749 ], [ 91.481249999999449, 24.885416666666082 ], [ 91.481249999999449, 24.897916666666077 ], [ 91.477083333332786, 24.902083333332747 ] ] } },
{ "type": "Feature", "properties": { "ARCID": 744567, "UP_CELLS": 241, "region_id": "sunamganj", "region_name": "Sunamganj" }, "geometry": { "type": "LineString", "coordinates": [ [ 91.537499999999454, 24.899999999999416 ], [ 91.502083333332777, 24.864583333332746 ], [ 91.497916666666114, 24.864583333332746 ] ] } },
{ "type": "Feature", "properties": { "ARCID": 744568, "UP_CELLS": 7734, "region_id": "sylhet", "region_name": "Sylhet" }, "geometry": { "type": "LineString", "coordinates": [ [ 91.956249999999443, 24.864583333332746 ], [ 91.94374999999944, 24.864583333332746 ], [ 91.939583333332763, 24.868749999999416 ], [ 91.931249999999437, 24.868749999999416 ], [ 91.927083333332774, 24.872916666666079 ] ] } },
{ "type": "Feature", "properties": { "ARCID": 744631, "UP_CELLS": 144, "region_id": "jamalpur", "region_name": "Jamalpur" }, "geometry": { "type": "LineString", "coordinates": [ [ 89.862499999999471, 24.88333333333275 ], [ 89.856249999999477, 24.877083333332749 ], [ 89.852083333332814, 24.877083333332749 ], [ 89.835416666666134, 24.860416666666083 ] ] } },
{ "type": "Feature", "properties": { "ARCID": 744631, "UP_CELLS": 144, "region_id": "sirajganj", "region_name": "Sirajganj" }, "geometry": { "type": "LineString", "coordinates": [ [ 89.862499999999471, 24.88333333333275 ], [ 89.856249999999477, 24.877083333332749 ], [ 89.852083333332814, 24.877083333332749 ], [ 89.835416666666134, 24.860416666666083 ] ] } },
{ "type": "Feature", "properties": { "ARCID": 744632, "UP_CELLS": 142, "region_id": "jamalpur", "region_name": "Jamalpur" }, "geometry": { "type": "LineString", "coordinates": [ [ 90.1020833333328, 24.858333333332745 ], [ 90.1020833333328, 24.864583333332746 ], [ 90.106249999999477, 24.868749999999416 ] ] } },
{ "type": "Feature", "properties": { "ARCID": 744634, "UP_CELLS": 7587, "region_id": "sylhet", "region_name": "Sylhet" }, "geometry": { "type": "LineString", "coordinates": [ [ 91.989583333332774, 24.860416666666083 ], [ 91.985416666666111, 24.864583333332746 ], [ 91.956249999999443, 24.864583333332746 ] ] } },
{ "type": "Feature", "properties": { "ARCID": 744635, "UP_CELLS": 7381, "region_id": "sylhet", "region_name": "Sylhet" }, "geometry": { "type": "LineString", "coordinates": [ [ 92.218749999999432, 24.960416666666077 ], [ 92.218749999999432, 24.956249999999415 ], [ 92.222916666666094, 24.952083333332745 ], [ 92.222916666666094, 24.947916666666082 ], [ 92.218749999999432, 24.943749999999412 ], [ 92.206249999999443, 24.943749999999412 ], [ 92.202083333332766, 24.939583333332749 ], [ 92.189583333332763, 24.939583333332749 ], [ 92.1854166666661, 24.935416666666079 ], [ 92.181249999999437, 24.935416666666079 ], [ 92.177083333332774, 24.931249999999416 ], [ 92.168749999999434, 24.931249999999416 ], [ 92.160416666666094, 24.922916666666083 ], [ 92.160416666666094, 24.918749999999413 ], [ 92.156249999999432, 24.918749999999413 ], [ 92.147916666666106, 24.91041666666608 ], [ 92.135416666666103, 24.91041666666608 ], [ 92.131249999999426, 24.90624999999941 ], [ 92.118749999999437, 24.90624999999941 ], [ 92.106249999999434, 24.893749999999415 ], [ 92.097916666666094, 24.893749999999415 ], [ 92.093749999999432, 24.897916666666077 ], [ 92.081249999999443, 24.897916666666077 ], [ 92.07708333333278, 24.902083333332747 ], [ 92.06874999999944, 24.902083333332747 ], [ 92.056249999999437, 24.889583333332745 ], [ 92.035416666666094, 24.889583333332745 ], [ 92.031249999999432, 24.885416666666082 ], [ 92.031249999999432, 24.881249999999412 ], [ 92.022916666666106, 24.872916666666079 ], [ 92.01458333333278, 24.872916666666079 ], [ 92.002083333332763, 24.860416666666083 ], [ 91.989583333332774, 24.860416666666083 ] ] } },
{ "type": "Feature", "properties": { "ARCID": 744707, "UP_CELLS": 556, "region_id": "sirajganj", "region_name": "Sirajganj" }, "geometry": { "type": "LineString", "coordinates": [ [ 89.577083333332808, 24.856249999999413 ], [ 89.585416666666134, 24.856249999999413 ], [ 89.597916666666151, 24.868749999999416 ], [ 89.597916666666151, 24.872916666666079 ] ] } },
{ "type": "Feature", "properties": { "ARCID": 744708, "UP_CELLS": 211, "region_id": "jamalpur", "region_name": "Jamalpur" }, "geometry": { "type": "LineString", "coordinates": [ [ 89.899999999999466, 24.856249999999413 ], [ 89.839583333332797, 24.856249999999413 ], [ 89.835416666666134, 24.860416666666083 ] ] } },
{ "type": "Feature", "properties": { "ARCID": 744708, "UP_CELLS": 211, "region_id": "sirajganj", "region_name": "Sirajganj" }, "geometry": { "type": "LineString", "coordinates": [ [ 89.899999999999466, 24.856249999999413 ], [ 89.839583333332797, 24.856249999999413 ], [ 89.835416666666134, 24.860416666666083 ] ] } },
{ "type": "Feature", "properties": { "ARCID": 744712, "UP_CELLS": 126, "region_id": "sylhet", "region_name": "Sylhet" }, "geometry": { "type": "LineString", "coordinates": [ [ 91.941666666666109, 24.856249999999413 ], [ 91.95208333333278, 24.856249999999413 ], [ 91.956249999999443, 24.860416666666083 ], [ 91.956249999999443, 24.864583333332746 ] ] } },
{ "type": "Feature", "properties": { "ARCID": 744713, "UP_CELLS": 144692, "region_id": "sylhet", "region_name": "Sylhet" }, "geometry": { "type": "LineString", "coordinates": [ [ 92.302083333332774, 24.91458333333275 ], [ 92.289583333332757, 24.91458333333275 ], [ 92.281249999999432, 24.90624999999941 ], [ 92.256249999999426, 24.90624999999941 ], [ 92.252083333332763, 24.91041666666608 ], [ 92.243749999999437, 24.91041666666608 ], [ 92.235416666666111, 24.902083333332747 ], [ 92.227083333332772, 24.902083333332747 ], [ 92.222916666666094, 24.897916666666077 ], [ 92.218749999999432, 24.897916666666077 ], [ 92.214583333332769, 24.893749999999415 ], [ 92.214583333332769, 24.889583333332745 ], [ 92.210416666666106, 24.885416666666082 ], [ 92.197916666666103, 24.885416666666082 ], [ 92.193749999999426, 24.881249999999412 ], [ 92.189583333332763, 24.881249999999412 ], [ 92.181249999999437, 24.872916666666079 ], [ 92.181249999999437, 24.860416666666083 ], [ 92.177083333332774, 24.856249999999413 ], [ 92.172916666666111, 24.860416666666083 ], [ 92.168749999999434, 24.860416666666083 ], [ 92.164583333332772, 24.864583333332746 ], [ 92.156249999999432, 24.856249999999413 ] ] } },
{ "type": "Feature", "properties": { "ARCID": 744714, "UP_CELLS": 144028, "region_id": "sylhet", "region_name": "Sylhet" }, "geometry": { "type": "LineString", "coordinates": [ [ 92.385416666666089, 24.856249999999413 ], [ 92.385416666666089, 24.860416666666083 ], [ 92.3729166666661, 24.872916666666079 ], [ 92.364583333332774, 24.872916666666079 ], [ 92.352083333332757, 24.885416666666082 ], [ 92.352083333332757, 24.889583333332745 ], [ 92.347916666666094, 24.893749999999415 ], [ 92.343749999999432, 24.889583333332745 ], [ 92.343749999999432, 24.885416666666082 ], [ 92.339583333332769, 24.881249999999412 ], [ 92.322916666666103, 24.897916666666077 ], [ 92.314583333332763, 24.897916666666077 ], [ 92.306249999999437, 24.90624999999941 ], [ 92.306249999999437, 24.91041666666608 ], [ 92.302083333332774, 24.91458333333275 ] ] } },
{ "type": "Feature", "properties": { "ARCID": 744715, "UP_CELLS": 132940, "region_id": "sylhet", "region_name": "Sylhet" }, "geometry": { "type": "LineString", "coordinates": [ [ 92.493749999999437, 24.877083333332749 ], [ 92.48124999999942, 24.864583333332746 ], [ 92.477083333332757, 24.864583333332746 ], [ 92.472916666666094, 24.868749999999416 ], [ 92.468749999999432, 24.868749999999416 ], [ 92.464583333332769, 24.872916666666079 ], [ 92.447916666666089, 24.872916666666079 ], [ 92.439583333332763, 24.864583333332746 ], [ 92.439583333332763, 24.860416666666083 ], [ 92.4354166666661, 24.856249999999413 ], [ 92.431249999999437, 24.856249999999413 ] ] } },
{ "type": "Feature", "properties": { "ARCID": 744778, "UP_CELLS": 157, "region_id": "jamalpur", "region_name": "Jamalpur" }, "geometry": { "type": "LineString", "coordinates": [ [ 90.145833333332803, 24.849999999999412 ], [ 90.1645833333328, 24.868749999999416 ], [ 90.160416666666137, 24.872916666666079 ], [ 90.15624999999946, 24.872916666666079 ] ] } },
{ "type": "Feature", "properties": { "ARCID": 744779, "UP_CELLS": 61293, "region_id": "sunamganj", "region_name": "Sunamganj" }, "geometry": { "type": "LineString", "coordinates": [ [ 91.160416666666123, 24.872916666666079 ], [ 91.160416666666123, 24.864583333332746 ], [ 91.15624999999946, 24.860416666666083 ], [ 91.15624999999946, 24.856249999999413 ], [ 91.152083333332783, 24.85208333333275 ] ] } },
{ "type": "Feature", "properties": { "ARCID": 744780, "UP_CELLS": 137102, "region_id": "sylhet", "region_name": "Sylhet" }, "geometry": { "type": "LineString", "coordinates": [ [ 92.431249999999437, 24.856249999999413 ], [ 92.414583333332757, 24.856249999999413 ], [ 92.410416666666094, 24.860416666666083 ], [ 92.402083333332769, 24.85208333333275 ], [ 92.389583333332766, 24.85208333333275 ], [ 92.385416666666089, 24.856249999999413 ] ] } },
{ "type": "Feature", "properties": { "ARCID": 744831, "UP_CELLS": 304, "region_id": "sirajganj", "region_name": "Sirajganj" }, "geometry": { "type": "LineString", "coordinates": [ [ 89.504166666666151, 24.864583333332746 ], [ 89.510416666666146, 24.864583333332746 ], [ 89.514583333332808, 24.868749999999416 ], [ 89.531249999999488, 24.868749999999416 ], [ 89.535416666666151, 24.864583333332746 ], [ 89.539583333332814, 24.864583333332746 ], [ 89.543749999999477, 24.860416666666083 ], [ 89.543749999999477, 24.85208333333275 ], [ 89.54791666666614, 24.84791666666608 ], [ 89.552083333332803, 24.85208333333275 ], [ 89.56458333333282, 24.85208333333275 ], [ 89.568749999999483, 24.856249999999413 ], [ 89.577083333332808, 24.856249999999413 ] ] } },
{ "type": "Feature", "properties": { "ARCID": 744832, "UP_CELLS": 443, "region_id": "sunamganj", "region_name": "Sunamganj" }, "geometry": { "type": "LineString", "coordinates": [ [ 91.24999999999946, 24.895833333332746 ], [ 91.235416666666111, 24.881249999999412 ], [ 91.235416666666111, 24.877083333332749 ], [ 91.231249999999449, 24.872916666666079 ], [ 91.227083333332786, 24.872916666666079 ], [ 91.21874999999946, 24.881249999999412 ], [ 91.214583333332783, 24.881249999999412 ], [ 91.21041666666612, 24.877083333332749 ], [ 91.206249999999443, 24.877083333332749 ], [ 91.20208333333278, 24.872916666666079 ], [ 91.197916666666117, 24.872916666666079 ], [ 91.185416666666129, 24.860416666666083 ], [ 91.177083333332789, 24.860416666666083 ], [ 91.168749999999449, 24.85208333333275 ], [ 91.168749999999449, 24.84791666666608 ], [ 91.15624999999946, 24.84791666666608 ], [ 91.152083333332783, 24.85208333333275 ] ] } },
{ "type": "Feature", "properties": { "ARCID": 744964, "UP_CELLS": 230, "region_id": "jamalpur", "region_name": "Jamalpur" }, "geometry": { "type": "LineString", "coordinates": [ [ 90.027083333332797, 24.837499999999416 ], [ 90.027083333332797, 24.843749999999417 ], [ 90.035416666666137, 24.85208333333275 ], [ 90.03124999999946, 24.856249999999413 ], [ 90.03124999999946, 24.860416666666083 ], [ 90.027083333332797, 24.864583333332746 ], [ 90.027083333332797, 24.872916666666079 ] ] } },
{ "type": "Feature", "properties": { "ARCID": 744966, "UP_CELLS": 571, "region_id": "sunamganj", "region_name": "Sunamganj" }, "geometry": { "type": "LineString", "coordinates": [ [ 91.347916666666123, 24.877083333332749 ], [ 91.347916666666123, 24.864583333332746 ], [ 91.352083333332786, 24.860416666666083 ], [ 91.356249999999449, 24.860416666666083 ], [ 91.368749999999451, 24.84791666666608 ], [ 91.368749999999451, 24.843749999999417 ], [ 91.372916666666114, 24.839583333332747 ] ] } },
{ "type": "Feature", "properties": { "ARCID": 744967, "UP_CELLS": 144, "region_id": "sunamganj", "region_name": "Sunamganj" }, "geometry": { "type": "LineString", "coordinates": [ [ 91.387499999999449, 24.849999999999412 ], [ 91.377083333332791, 24.839583333332747 ], [ 91.372916666666114, 24.839583333332747 ] ] } },
{ "type": "Feature", "properties": { "ARCID": 744968, "UP_CELLS": 2375, "region_id": "sunamganj", "region_name": "Sunamganj" }, "geometry": { "type": "LineString", "coordinates": [ [ 91.506249999999454, 24.839583333332747 ], [ 91.506249999999454, 24.85208333333275 ], [ 91.497916666666114, 24.860416666666083 ], [ 91.497916666666114, 24.864583333332746 ] ] } },
{ "type": "Feature", "properties": { "ARCID": 744969, "UP_CELLS": 140, "region_id": "sylhet", "region_name": "Sylhet" }, "geometry": { "type": "LineString", "coordinates": [ [ 91.614583333332774, 24.866666666666084 ], [ 91.614583333332774, 24.839583333332747 ] ] } },
{ "type": "Feature", "properties": { "ARCID": 744969, "UP_CELLS": 140, "region_id": "sunamganj", "region_name": "Sunamganj" }, "geometry": { "type": "LineString", "coordinates": [ [ 91.614583333332774, 24.866666666666084 ], [ 91.614583333332774, 24.839583333332747 ] ] } },
{ "type": "Feature", "properties": { "ARCID": 744970, "UP_CELLS": 104, "region_id": "sylhet", "region_name": "Sylhet" }, "geometry": { "type": "LineString", "coordinates": [ [ 91.624999999999446, 24.845833333332749 ], [ 91.618749999999437, 24.839583333332747 ], [ 91.614583333332774, 24.839583333332747 ] ] } },
{ "type": "Feature", "properties": { "ARCID": 744970, "UP_CELLS": 104, "region_id": "sunamganj", "region_name": "Sunamganj" }, "geometry": { "type": "LineString", "coordinates": [ [ 91.624999999999446, 24.845833333332749 ], [ 91.618749999999437, 24.839583333332747 ], [ 91.614583333332774, 24.839583333332747 ] ] } },
{ "type": "Feature", "properties": { "ARCID": 745040, "UP_CELLS": 2754008, "region_id": "sirajganj", "region_name": "Sirajganj" }, "geometry": { "type": "LineString", "coordinates": [ [ 89.62708333333282, 24.864583333332746 ], [ 89.647916666666134, 24.843749999999417 ], [ 89.647916666666134, 24.835416666666084 ] ] } },
{ "type": "Feature", "properties": { "ARCID": 745041, "UP_CELLS": 835, "region_id": "jamalpur", "region_name": "Jamalpur" }, "geometry": { "type": "LineString", "coordinates": [ [ 89.79791666666614, 24.868749999999416 ], [ 89.802083333332803, 24.868749999999416 ], [ 89.810416666666143, 24.860416666666083 ], [ 89.806249999999466, 24.856249999999413 ], [ 89.806249999999466, 24.84791666666608 ], [ 89.818749999999483, 24.835416666666084 ] ] } },
{ "type": "Feature", "properties": { "ARCID": 745041, "UP_CELLS": 835, "region_id": "sirajganj", "region_name": "Sirajganj" }, "geometry": { "type": "LineString", "coordinates": [ [ 89.79791666666614, 24.868749999999416 ], [ 89.802083333332803, 24.868749999999416 ], [ 89.810416666666143, 24.860416666666083 ], [ 89.806249999999466, 24.856249999999413 ], [ 89.806249999999466, 24.84791666666608 ], [ 89.818749999999483, 24.835416666666084 ] ] } },
{ "type": "Feature", "properties": { "ARCID": 745042, "UP_CELLS": 407, "region_id": "jamalpur", "region_name": "Jamalpur" }, "geometry": { "type": "LineString", "coordinates": [ [ 89.835416666666134, 24.860416666666083 ], [ 89.822916666666146, 24.84791666666608 ], [ 89.822916666666146, 24.839583333332747 ], [ 89.818749999999483, 24.835416666666084 ] ] } },
{ "type": "Feature", "properties": { "ARCID": 745042, "UP_CELLS": 407, "region_id": "sirajganj", "region_name": "Sirajganj" }, "geometry": { "type": "LineString", "coordinates": [ [ 89.835416666666134, 24.860416666666083 ], [ 89.822916666666146, 24.84791666666608 ], [ 89.822916666666146, 24.839583333332747 ], [ 89.818749999999483, 24.835416666666084 ] ] } },
{ "type": "Feature", "properties": { "ARCID": 745043, "UP_CELLS": 227, "region_id": "sunamganj", "region_name": "Sunamganj" }, "geometry": { "type": "LineString", "coordinates": [ [ 90.908333333332791, 24.862499999999415 ], [ 90.918749999999449, 24.85208333333275 ], [ 90.922916666666126, 24.85208333333275 ], [ 90.939583333332791, 24.835416666666084 ] ] } },
{ "type": "Feature", "properties": { "ARCID": 745044, "UP_CELLS": 110, "region_id": "sunamganj", "region_name": "Sunamganj" }, "geometry": { "type": "LineString", "coordinates": [ [ 90.945833333332786, 24.841666666666079 ], [ 90.939583333332791, 24.835416666666084 ] ] } },
{ "type": "Feature", "properties": { "ARCID": 745045, "UP_CELLS": 129, "region_id": "sylhet", "region_name": "Sylhet" }, "geometry": { "type": "LineString", "coordinates": [ [ 91.993749999999437, 24.833333333332746 ], [ 91.993749999999437, 24.839583333332747 ], [ 91.989583333332774, 24.843749999999417 ], [ 91.985416666666111, 24.843749999999417 ], [ 91.985416666666111, 24.856249999999413 ], [ 91.989583333332774, 24.860416666666083 ] ] } },
{ "type": "Feature", "properties": { "ARCID": 745189, "UP_CELLS": 1246, "region_id": "jamalpur", "region_name": "Jamalpur" }, "geometry": { "type": "LineString", "coordinates": [ [ 89.818749999999483, 24.835416666666084 ], [ 89.814583333332806, 24.831249999999415 ], [ 89.814583333332806, 24.827083333332752 ] ] } },
{ "type": "Feature", "properties": { "ARCID": 745189, "UP_CELLS": 1246, "region_id": "sirajganj", "region_name": "Sirajganj" }, "geometry": { "type": "LineString", "coordinates": [ [ 89.818749999999483, 24.835416666666084 ], [ 89.814583333332806, 24.831249999999415 ], [ 89.814583333332806, 24.827083333332752 ] ] } },
{ "type": "Feature", "properties": { "ARCID": 745190, "UP_CELLS": 111, "region_id": "sylhet", "region_name": "Sylhet" }, "geometry": { "type": "LineString", "coordinates": [ [ 92.491666666666106, 24.824999999999413 ], [ 92.4979166666661, 24.831249999999415 ], [ 92.4979166666661, 24.835416666666084 ], [ 92.5, 24.835416666666084 ] ] } },
{ "type": "Feature", "properties": { "ARCID": 745257, "UP_CELLS": 1226, "region_id": "sunamganj", "region_name": "Sunamganj" }, "geometry": { "type": "LineString", "coordinates": [ [ 91.006249999999454, 24.897916666666077 ], [ 91.006249999999454, 24.893749999999415 ], [ 91.010416666666117, 24.889583333332745 ], [ 91.018749999999457, 24.889583333332745 ], [ 91.027083333332797, 24.881249999999412 ], [ 91.03124999999946, 24.881249999999412 ], [ 91.035416666666123, 24.885416666666082 ], [ 91.035416666666123, 24.889583333332745 ], [ 91.043749999999449, 24.897916666666077 ], [ 91.047916666666111, 24.893749999999415 ], [ 91.07708333333278, 24.893749999999415 ], [ 91.08541666666612, 24.885416666666082 ], [ 91.089583333332783, 24.885416666666082 ], [ 91.102083333332786, 24.872916666666079 ], [ 91.102083333332786, 24.868749999999416 ], [ 91.106249999999449, 24.864583333332746 ], [ 91.106249999999449, 24.85208333333275 ], [ 91.122916666666129, 24.835416666666084 ], [ 91.122916666666129, 24.827083333332752 ], [ 91.127083333332791, 24.822916666666082 ] ] } },
{ "type": "Feature", "properties": { "ARCID": 745258, "UP_CELLS": 61844, "region_id": "sunamganj", "region_name": "Sunamganj" }, "geometry": { "type": "LineString", "coordinates": [ [ 91.152083333332783, 24.85208333333275 ], [ 91.14791666666612, 24.84791666666608 ], [ 91.14791666666612, 24.843749999999417 ], [ 91.135416666666117, 24.831249999999415 ], [ 91.135416666666117, 24.827083333332752 ], [ 91.131249999999454, 24.822916666666082 ], [ 91.127083333332791, 24.822916666666082 ] ] } },
{ "type": "Feature", "properties": { "ARCID": 745315, "UP_CELLS": 179, "region_id": "sirajganj", "region_name": "Sirajganj" }, "geometry": { "type": "LineString", "coordinates": [ [ 89.620833333332811, 24.81666666666608 ], [ 89.635416666666146, 24.831249999999415 ], [ 89.643749999999471, 24.831249999999415 ], [ 89.647916666666134, 24.835416666666084 ] ] } },
{ "type": "Feature", "properties": { "ARCID": 745391, "UP_CELLS": 222, "region_id": "sirajganj", "region_name": "Sirajganj" }, "geometry": { "type": "LineString", "coordinates": [ [ 89.55624999999948, 24.812499999999417 ], [ 89.55624999999948, 24.827083333332752 ], [ 89.560416666666143, 24.831249999999415 ], [ 89.560416666666143, 24.835416666666084 ], [ 89.56458333333282, 24.839583333332747 ], [ 89.568749999999483, 24.839583333332747 ], [ 89.577083333332808, 24.84791666666608 ], [ 89.577083333332808, 24.856249999999413 ] ] } },
{ "type": "Feature", "properties": { "ARCID": 745394, "UP_CELLS": 1631, "region_id": "sylhet", "region_name": "Sylhet" }, "geometry": { "type": "LineString", "coordinates": [ [ 91.606249999999449, 24.814583333332749 ], [ 91.6, 24.814583333332749 ] ] } },
{ "type": "Feature", "properties": { "ARCID": 745394, "UP_CELLS": 1631, "region_id": "sunamganj", "region_name": "Sunamganj" }, "geometry": { "type": "LineString", "coordinates": [ [ 91.606249999999449, 24.814583333332749 ], [ 91.589583333332769, 24.814583333332749 ], [ 91.585416666666106, 24.818749999999412 ], [ 91.568749999999454, 24.818749999999412 ], [ 91.564583333332777, 24.822916666666082 ], [ 91.535416666666123, 24.822916666666082 ], [ 91.531249999999446, 24.827083333332752 ], [ 91.522916666666106, 24.827083333332752 ], [ 91.518749999999443, 24.822916666666082 ], [ 91.51458333333278, 24.822916666666082 ], [ 91.506249999999454, 24.831249999999415 ], [ 91.506249999999454, 24.839583333332747 ] ] } },
{ "type": "Feature", "properties": { "ARCID": 745395, "UP_CELLS": 294, "region_id": "sylhet", "region_name": "Sylhet" }, "geometry": { "type": "LineString", "coordinates": [ [ 91.614583333332774, 24.839583333332747 ], [ 91.614583333332774, 24.831249999999415 ], [ 91.610416666666111, 24.827083333332752 ], [ 91.610416666666111, 24.822916666666082 ], [ 91.606249999999449, 24.818749999999412 ], [ 91.606249999999449, 24.814583333332749 ] ] } },
{ "type": "Feature", "properties": { "ARCID": 745395, "UP_CELLS": 294, "region_id": "sunamganj", "region_name": "Sunamganj" }, "geometry": { "type": "LineString", "coordinates": [ [ 91.614583333332774, 24.839583333332747 ], [ 91.614583333332774, 24.831249999999415 ], [ 91.610416666666111, 24.827083333332752 ], [ 91.610416666666111, 24.822916666666082 ], [ 91.606249999999449, 24.818749999999412 ], [ 91.606249999999449, 24.814583333332749 ] ] } },
{ "type": "Feature", "properties": { "ARCID": 745474, "UP_CELLS": 903, "region_id": "sylhet", "region_name": "Sylhet" }, "geometry": { "type": "LineString", "coordinates": [ [ 91.643749999999443, 24.810416666666079 ], [ 91.622916666666114, 24.810416666666079 ], [ 91.618749999999437, 24.814583333332749 ], [ 91.606249999999449, 24.814583333332749 ] ] } },
{ "type": "Feature", "properties": { "ARCID": 745474, "UP_CELLS": 903, "region_id": "sunamganj", "region_name": "Sunamganj" }, "geometry": { "type": "LineString", "coordinates": [ [ 91.643749999999443, 24.810416666666079 ], [ 91.622916666666114, 24.810416666666079 ], [ 91.618749999999437, 24.814583333332749 ], [ 91.606249999999449, 24.814583333332749 ] ] } },
{ "type": "Feature", "properties": { "ARCID": 745475, "UP_CELLS": 1031, "region_id": "sylhet", "region_name": "Sylhet" }, "geometry": { "type": "LineString", "coordinates": [ [ 92.218749999999432, 24.810416666666079 ], [ 92.214583333332769, 24.814583333332749 ], [ 92.206249999999443, 24.814583333332749 ], [ 92.202083333332766, 24.818749999999412 ], [ 92.202083333332766, 24.822916666666082 ], [ 92.177083333332774, 24.84791666666608 ], [ 92.172916666666111, 24.84791666666608 ], [ 92.168749999999434, 24.85208333333275 ], [ 92.164583333332772, 24.85208333333275 ], [ 92.160416666666094, 24.856249999999413 ], [ 92.156249999999432, 24.856249999999413 ] ] } },
{ "type": "Feature", "properties": { "ARCID": 745476, "UP_CELLS": 545, "region_id": "sylhet", "region_name": "Sylhet" }, "geometry": { "type": "LineString", "coordinates": [ [ 92.295833333332766, 24.856249999999413 ], [ 92.289583333332757, 24.856249999999413 ], [ 92.281249999999432, 24.84791666666608 ], [ 92.260416666666103, 24.84791666666608 ], [ 92.256249999999426, 24.843749999999417 ], [ 92.256249999999426, 24.839583333332747 ], [ 92.252083333332763, 24.835416666666084 ], [ 92.252083333332763, 24.831249999999415 ], [ 92.2479166666661, 24.827083333332752 ], [ 92.2479166666661, 24.822916666666082 ], [ 92.239583333332774, 24.814583333332749 ], [ 92.222916666666094, 24.814583333332749 ], [ 92.218749999999432, 24.810416666666079 ] ] } },
{ "type": "Feature", "properties": { "ARCID": 745539, "UP_CELLS": 707, "region_id": "sylhet", "region_name": "Sylhet" }, "geometry": { "type": "LineString", "coordinates": [ [ 91.672916666666111, 24.806249999999416 ], [ 91.668749999999449, 24.806249999999416 ], [ 91.664583333332786, 24.810416666666079 ], [ 91.643749999999443, 24.810416666666079 ] ] } },
{ "type": "Feature", "properties": { "ARCID": 745539, "UP_CELLS": 707, "region_id": "sunamganj", "region_name": "Sunamganj" }, "geometry": { "type": "LineString", "coordinates": [ [ 91.672916666666111, 24.806249999999416 ], [ 91.668749999999449, 24.806249999999416 ], [ 91.664583333332786, 24.810416666666079 ], [ 91.643749999999443, 24.810416666666079 ] ] } },
{ "type": "Feature", "properties": { "ARCID": 745540, "UP_CELLS": 170, "region_id": "sylhet", "region_name": "Sylhet" }, "geometry": { "type": "LineString", "coordinates": [ [ 91.6854166666661, 24.829166666666083 ], [ 91.6854166666661, 24.818749999999412 ], [ 91.672916666666111, 24.806249999999416 ] ] } },
{ "type": "Feature", "properties": { "ARCID": 745540, "UP_CELLS": 170, "region_id": "sunamganj", "region_name": "Sunamganj" }, "geometry": { "type": "LineString", "coordinates": [ [ 91.6854166666661, 24.829166666666083 ], [ 91.6854166666661, 24.818749999999412 ], [ 91.672916666666111, 24.806249999999416 ] ] } },
{ "type": "Feature", "properties": { "ARCID": 745688, "UP_CELLS": 492, "region_id": "sylhet", "region_name": "Sylhet" }, "geometry": { "type": "LineString", "coordinates": [ [ 91.799999999999443, 24.827083333332752 ], [ 91.789583333332786, 24.827083333332752 ], [ 91.785416666666109, 24.822916666666082 ], [ 91.781249999999432, 24.822916666666082 ], [ 91.772916666666106, 24.814583333332749 ], [ 91.768749999999443, 24.814583333332749 ], [ 91.76458333333278, 24.810416666666079 ], [ 91.739583333332774, 24.810416666666079 ], [ 91.731249999999449, 24.802083333332746 ], [ 91.727083333332786, 24.802083333332746 ], [ 91.722916666666109, 24.797916666666083 ], [ 91.689583333332777, 24.797916666666083 ], [ 91.6854166666661, 24.802083333332746 ], [ 91.677083333332774, 24.802083333332746 ], [ 91.672916666666111, 24.806249999999416 ] ] } },
{ "type": "Feature", "properties": { "ARCID": 745688, "UP_CELLS": 492, "region_id": "sunamganj", "region_name": "Sunamganj" }, "geometry": { "type": "LineString", "coordinates": [ [ 91.7, 24.797916666666083 ], [ 91.689583333332777, 24.797916666666083 ], [ 91.6854166666661, 24.802083333332746 ], [ 91.677083333332774, 24.802083333332746 ], [ 91.672916666666111, 24.806249999999416 ] ] } },
{ "type": "Feature", "properties": { "ARCID": 745739, "UP_CELLS": 193, "region_id": "sunamganj", "region_name": "Sunamganj" }, "geometry": { "type": "LineString", "coordinates": [ [ 91.033333333332791, 24.82083333333275 ], [ 91.047916666666111, 24.806249999999416 ], [ 91.056249999999451, 24.806249999999416 ], [ 91.060416666666129, 24.810416666666079 ], [ 91.07708333333278, 24.793749999999413 ] ] } },
{ "type": "Feature", "properties": { "ARCID": 745740, "UP_CELLS": 142, "region_id": "sunamganj", "region_name": "Sunamganj" }, "geometry": { "type": "LineString", "coordinates": [ [ 91.066666666666123, 24.833333333332746 ], [ 91.072916666666117, 24.827083333332752 ], [ 91.072916666666117, 24.822916666666082 ], [ 91.07708333333278, 24.818749999999412 ], [ 91.07708333333278, 24.810416666666079 ], [ 91.081249999999443, 24.806249999999416 ], [ 91.081249999999443, 24.797916666666083 ], [ 91.07708333333278, 24.793749999999413 ] ] } },
{ "type": "Feature", "properties": { "ARCID": 745741, "UP_CELLS": 688, "region_id": "sunamganj", "region_name": "Sunamganj" }, "geometry": { "type": "LineString", "coordinates": [ [ 91.485416666666111, 24.793749999999413 ], [ 91.485416666666111, 24.806249999999416 ], [ 91.489583333332774, 24.810416666666079 ], [ 91.489583333332774, 24.822916666666082 ], [ 91.497916666666114, 24.831249999999415 ], [ 91.497916666666114, 24.835416666666084 ], [ 91.502083333332777, 24.839583333332747 ], [ 91.506249999999454, 24.839583333332747 ] ] } },
{ "type": "Feature", "properties": { "ARCID": 745742, "UP_CELLS": 146219, "region_id": "sylhet", "region_name": "Sylhet" }, "geometry": { "type": "LineString", "coordinates": [ [ 92.156249999999432, 24.856249999999413 ], [ 92.135416666666103, 24.856249999999413 ], [ 92.127083333332763, 24.864583333332746 ], [ 92.118749999999437, 24.864583333332746 ], [ 92.114583333332774, 24.868749999999416 ], [ 92.110416666666111, 24.864583333332746 ], [ 92.097916666666094, 24.864583333332746 ], [ 92.093749999999432, 24.860416666666083 ], [ 92.093749999999432, 24.856249999999413 ], [ 92.085416666666106, 24.84791666666608 ], [ 92.085416666666106, 24.843749999999417 ], [ 92.07708333333278, 24.835416666666084 ], [ 92.07708333333278, 24.831249999999415 ], [ 92.06874999999944, 24.822916666666082 ], [ 92.06874999999944, 24.814583333332749 ], [ 92.072916666666103, 24.810416666666079 ], [ 92.072916666666103, 24.802083333332746 ], [ 92.064583333332763, 24.793749999999413 ] ] } },
{ "type": "Feature", "properties": { "ARCID": 745743, "UP_CELLS": 191, "region_id": "sylhet", "region_name": "Sylhet" }, "geometry": { "type": "LineString", "coordinates": [ [ 92.229166666666103, 24.791666666666082 ], [ 92.218749999999432, 24.802083333332746 ], [ 92.218749999999432, 24.810416666666079 ] ] } },
{ "type": "Feature", "properties": { "ARCID": 745796, "UP_CELLS": 368, "region_id": "jamalpur", "region_name": "Jamalpur" }, "geometry": { "type": "LineString", "coordinates": [ [ 89.912499999999469, 24.793749999999413 ], [ 89.906249999999474, 24.793749999999413 ], [ 89.902083333332797, 24.78958333333275 ], [ 89.893749999999471, 24.78958333333275 ], [ 89.893749999999471, 24.793749999999413 ], [ 89.885416666666146, 24.802083333332746 ], [ 89.868749999999466, 24.802083333332746 ], [ 89.864583333332803, 24.806249999999416 ], [ 89.856249999999477, 24.806249999999416 ], [ 89.852083333332814, 24.802083333332746 ], [ 89.843749999999474, 24.802083333332746 ], [ 89.839583333332797, 24.806249999999416 ], [ 89.839583333332797, 24.810416666666079 ], [ 89.822916666666146, 24.827083333332752 ], [ 89.814583333332806, 24.827083333332752 ] ] } },
{ "type": "Feature", "properties": { "ARCID": 745796, "UP_CELLS": 368, "region_id": "sirajganj", "region_name": "Sirajganj" }, "geometry": { "type": "LineString", "coordinates": [ [ 89.9, 24.78958333333275 ], [ 89.893749999999471, 24.78958333333275 ], [ 89.893749999999471, 24.793749999999413 ], [ 89.885416666666146, 24.802083333332746 ], [ 89.868749999999466, 24.802083333332746 ], [ 89.864583333332803, 24.806249999999416 ], [ 89.856249999999477, 24.806249999999416 ], [ 89.852083333332814, 24.802083333332746 ], [ 89.843749999999474, 24.802083333332746 ], [ 89.839583333332797, 24.806249999999416 ], [ 89.839583333332797, 24.810416666666079 ], [ 89.822916666666146, 24.827083333332752 ], [ 89.814583333332806, 24.827083333332752 ] ] } },
{ "type": "Feature", "properties": { "ARCID": 745798, "UP_CELLS": 116, "region_id": "sunamganj", "region_name": "Sunamganj" }, "geometry": { "type": "LineString", "coordinates": [ [ 91.462499999999437, 24.804166666666084 ], [ 91.472916666666123, 24.793749999999413 ], [ 91.477083333332786, 24.793749999999413 ], [ 91.481249999999449, 24.78958333333275 ] ] } },
{ "type": "Feature", "properties": { "ARCID": 745799, "UP_CELLS": 297, "region_id": "sunamganj", "region_name": "Sunamganj" }, "geometry": { "type": "LineString", "coordinates": [ [ 91.481249999999449, 24.78958333333275 ], [ 91.485416666666111, 24.793749999999413 ] ] } },
{ "type": "Feature", "properties": { "ARCID": 745800, "UP_CELLS": 137, "region_id": "sylhet", "region_name": "Sylhet" }, "geometry": { "type": "LineString", "coordinates": [ [ 91.641666666666111, 24.787499999999419 ], [ 91.647916666666106, 24.793749999999413 ], [ 91.643749999999443, 24.797916666666083 ], [ 91.643749999999443, 24.810416666666079 ] ] } },
{ "type": "Feature", "properties": { "ARCID": 745800, "UP_CELLS": 137, "region_id": "sunamganj", "region_name": "Sunamganj" }, "geometry": { "type": "LineString", "coordinates": [ [ 91.641666666666111, 24.787499999999419 ], [ 91.647916666666106, 24.793749999999413 ], [ 91.643749999999443, 24.797916666666083 ], [ 91.643749999999443, 24.810416666666079 ] ] } },
{ "type": "Feature", "properties": { "ARCID": 745871, "UP_CELLS": 125, "region_id": "sunamganj", "region_name": "Sunamganj" }, "geometry": { "type": "LineString", "coordinates": [ [ 91.227083333332786, 24.804166666666084 ], [ 91.227083333332786, 24.793749999999413 ], [ 91.235416666666111, 24.78541666666608 ] ] } },
{ "type": "Feature", "properties": { "ARCID": 745872, "UP_CELLS": 370, "region_id": "sunamganj", "region_name": "Sunamganj" }, "geometry": { "type": "LineString", "coordinates": [ [ 91.291666666666117, 24.837499999999416 ], [ 91.285416666666123, 24.831249999999415 ], [ 91.285416666666123, 24.822916666666082 ], [ 91.27291666666612, 24.810416666666079 ], [ 91.268749999999443, 24.810416666666079 ], [ 91.26458333333278, 24.806249999999416 ], [ 91.260416666666117, 24.806249999999416 ], [ 91.243749999999451, 24.78958333333275 ], [ 91.239583333332774, 24.78958333333275 ], [ 91.235416666666111, 24.78541666666608 ] ] } },
{ "type": "Feature", "properties": { "ARCID": 745873, "UP_CELLS": 6736, "region_id": "sylhet", "region_name": "Sylhet" }, "geometry": { "type": "LineString", "coordinates": [ [ 92.360416666666097, 24.78541666666608 ], [ 92.356249999999434, 24.78958333333275 ], [ 92.356249999999434, 24.822916666666082 ], [ 92.360416666666097, 24.827083333332752 ], [ 92.360416666666097, 24.831249999999415 ], [ 92.364583333332774, 24.835416666666084 ], [ 92.368749999999437, 24.835416666666084 ], [ 92.385416666666089, 24.85208333333275 ], [ 92.385416666666089, 24.856249999999413 ] ] } },
{ "type": "Feature", "properties": { "ARCID": 745938, "UP_CELLS": 958, "region_id": "sunamganj", "region_name": "Sunamganj" }, "geometry": { "type": "LineString", "coordinates": [ [ 91.372916666666114, 24.839583333332747 ], [ 91.372916666666114, 24.835416666666084 ], [ 91.377083333332791, 24.831249999999415 ], [ 91.372916666666114, 24.827083333332752 ], [ 91.372916666666114, 24.818749999999412 ], [ 91.368749999999451, 24.814583333332749 ], [ 91.368749999999451, 24.797916666666083 ], [ 91.364583333332774, 24.793749999999413 ], [ 91.364583333332774, 24.78958333333275 ], [ 91.368749999999451, 24.78541666666608 ], [ 91.368749999999451, 24.781249999999417 ] ] } },
{ "type": "Feature", "properties": { "ARCID": 746059, "UP_CELLS": 157, "region_id": "sylhet", "region_name": "Sylhet" }, "geometry": { "type": "LineString", "coordinates": [ [ 92.383333333332757, 24.770833333332746 ], [ 92.377083333332763, 24.777083333332747 ], [ 92.3729166666661, 24.777083333332747 ], [ 92.364583333332774, 24.78541666666608 ], [ 92.360416666666097, 24.78541666666608 ] ] } },
{ "type": "Feature", "properties": { "ARCID": 746154, "UP_CELLS": 2754337, "region_id": "sirajganj", "region_name": "Sirajganj" }, "geometry": { "type": "LineString", "coordinates": [ [ 89.647916666666134, 24.835416666666084 ], [ 89.652083333332811, 24.831249999999415 ], [ 89.652083333332811, 24.827083333332752 ], [ 89.656249999999474, 24.822916666666082 ], [ 89.656249999999474, 24.810416666666079 ], [ 89.677083333332803, 24.78958333333275 ], [ 89.677083333332803, 24.781249999999417 ], [ 89.685416666666143, 24.772916666666084 ], [ 89.689583333332806, 24.772916666666084 ], [ 89.693749999999483, 24.768749999999415 ] ] } },
{ "type": "Feature", "properties": { "ARCID": 746155, "UP_CELLS": 334, "region_id": "jamalpur", "region_name": "Jamalpur" }, "geometry": { "type": "LineString", "coordinates": [ [ 89.712499999999466, 24.829166666666083 ], [ 89.706249999999471, 24.822916666666082 ], [ 89.7, 24.822916666666082 ] ] } },
{ "type": "Feature", "properties": { "ARCID": 746155, "UP_CELLS": 334, "region_id": "sirajganj", "region_name": "Sirajganj" }, "geometry": { "type": "LineString", "coordinates": [ [ 89.712499999999466, 24.829166666666083 ], [ 89.706249999999471, 24.822916666666082 ], [ 89.693749999999483, 24.822916666666082 ], [ 89.689583333332806, 24.818749999999412 ], [ 89.685416666666143, 24.818749999999412 ], [ 89.685416666666143, 24.810416666666079 ], [ 89.689583333332806, 24.806249999999416 ], [ 89.689583333332806, 24.797916666666083 ], [ 89.693749999999483, 24.793749999999413 ], [ 89.693749999999483, 24.78958333333275 ], [ 89.697916666666146, 24.78541666666608 ], [ 89.697916666666146, 24.772916666666084 ], [ 89.693749999999483, 24.768749999999415 ] ] } },
{ "type": "Feature", "properties": { "ARCID": 746218, "UP_CELLS": 175, "region_id": "sunamganj", "region_name": "Sunamganj" }, "geometry": { "type": "LineString", "coordinates": [ [ 91.470833333332777, 24.762499999999413 ], [ 91.464583333332783, 24.768749999999415 ], [ 91.472916666666123, 24.777083333332747 ], [ 91.472916666666123, 24.781249999999417 ], [ 91.481249999999449, 24.78958333333275 ] ] } },
{ "type": "Feature", "properties": { "ARCID": 746219, "UP_CELLS": 144, "region_id": "sylhet", "region_name": "Sylhet" }, "geometry": { "type": "LineString", "coordinates": [ [ 92.312499999999432, 24.779166666666086 ], [ 92.318749999999426, 24.772916666666084 ], [ 92.327083333332766, 24.772916666666084 ], [ 92.331249999999443, 24.768749999999415 ], [ 92.335416666666106, 24.768749999999415 ], [ 92.339583333332769, 24.764583333332752 ], [ 92.347916666666094, 24.764583333332752 ] ] } },
{ "type": "Feature", "properties": { "ARCID": 746220, "UP_CELLS": 6203, "region_id": "sylhet", "region_name": "Sylhet" }, "geometry": { "type": "LineString", "coordinates": [ [ 92.347916666666094, 24.764583333332752 ], [ 92.347916666666094, 24.768749999999415 ], [ 92.356249999999434, 24.777083333332747 ], [ 92.356249999999434, 24.781249999999417 ], [ 92.360416666666097, 24.78541666666608 ] ] } },
{ "type": "Feature", "properties": { "ARCID": 746275, "UP_CELLS": 433, "region_id": "sunamganj", "region_name": "Sunamganj" }, "geometry": { "type": "LineString", "coordinates": [ [ 91.07708333333278, 24.793749999999413 ], [ 91.08541666666612, 24.78541666666608 ], [ 91.08541666666612, 24.777083333332747 ], [ 91.081249999999443, 24.777083333332747 ], [ 91.07708333333278, 24.772916666666084 ], [ 91.07708333333278, 24.768749999999415 ], [ 91.081249999999443, 24.764583333332752 ], [ 91.08541666666612, 24.764583333332752 ], [ 91.089583333332783, 24.760416666666082 ] ] } },
{ "type": "Feature", "properties": { "ARCID": 746276, "UP_CELLS": 63257, "region_id": "sunamganj", "region_name": "Sunamganj" }, "geometry": { "type": "LineString", "coordinates": [ [ 91.127083333332791, 24.822916666666082 ], [ 91.114583333332789, 24.810416666666079 ], [ 91.118749999999451, 24.806249999999416 ], [ 91.118749999999451, 24.797916666666083 ], [ 91.106249999999449, 24.78541666666608 ], [ 91.106249999999449, 24.781249999999417 ], [ 91.097916666666123, 24.772916666666084 ], [ 91.097916666666123, 24.768749999999415 ], [ 91.089583333332783, 24.760416666666082 ] ] } },
{ "type": "Feature", "properties": { "ARCID": 746277, "UP_CELLS": 154, "region_id": "sylhet", "region_name": "Sylhet" }, "geometry": { "type": "LineString", "coordinates": [ [ 91.933333333332769, 24.774999999999416 ], [ 91.939583333332763, 24.768749999999415 ], [ 91.947916666666103, 24.768749999999415 ], [ 91.956249999999443, 24.760416666666082 ] ] } },
{ "type": "Feature", "properties": { "ARCID": 746278, "UP_CELLS": 141, "region_id": "sylhet", "region_name": "Sylhet" }, "geometry": { "type": "LineString", "coordinates": [ [ 91.962499999999437, 24.770833333332746 ], [ 91.956249999999443, 24.764583333332752 ], [ 91.956249999999443, 24.760416666666082 ] ] } },
{ "type": "Feature", "properties": { "ARCID": 746279, "UP_CELLS": 463, "region_id": "sylhet", "region_name": "Sylhet" }, "geometry": { "type": "LineString", "coordinates": [ [ 92.174999999999443, 24.772916666666084 ], [ 92.164583333332772, 24.772916666666084 ], [ 92.160416666666094, 24.768749999999415 ], [ 92.152083333332769, 24.768749999999415 ], [ 92.147916666666106, 24.764583333332752 ], [ 92.13958333333278, 24.764583333332752 ], [ 92.135416666666103, 24.760416666666082 ], [ 92.102083333332772, 24.760416666666082 ], [ 92.093749999999432, 24.768749999999415 ], [ 92.093749999999432, 24.772916666666084 ], [ 92.089583333332769, 24.777083333332747 ], [ 92.089583333332769, 24.781249999999417 ], [ 92.081249999999443, 24.78958333333275 ], [ 92.07708333333278, 24.78958333333275 ], [ 92.072916666666103, 24.793749999999413 ], [ 92.064583333332763, 24.793749999999413 ] ] } },
{ "type": "Feature", "properties": { "ARCID": 746354, "UP_CELLS": 307, "region_id": "sunamganj", "region_name": "Sunamganj" }, "geometry": { "type": "LineString", "coordinates": [ [ 91.308333333332783, 24.75416666666608 ], [ 91.32708333333278, 24.772916666666084 ], [ 91.32708333333278, 24.777083333332747 ], [ 91.331249999999443, 24.777083333332747 ], [ 91.335416666666106, 24.781249999999417 ], [ 91.339583333332783, 24.777083333332747 ], [ 91.356249999999449, 24.777083333332747 ], [ 91.360416666666111, 24.781249999999417 ], [ 91.368749999999451, 24.781249999999417 ] ] } },
{ "type": "Feature", "properties": { "ARCID": 746424, "UP_CELLS": 63699, "region_id": "sunamganj", "region_name": "Sunamganj" }, "geometry": { "type": "LineString", "coordinates": [ [ 91.089583333332783, 24.760416666666082 ], [ 91.08541666666612, 24.756249999999419 ], [ 91.08541666666612, 24.752083333332749 ] ] } },
{ "type": "Feature", "properties": { "ARCID": 746500, "UP_CELLS": 432, "region_id": "jamalpur", "region_name": "Jamalpur" }, "geometry": { "type": "LineString", "coordinates": [ [ 89.95416666666614, 24.835416666666084 ], [ 89.960416666666134, 24.835416666666084 ], [ 89.964583333332797, 24.831249999999415 ], [ 89.964583333332797, 24.827083333332752 ], [ 89.968749999999474, 24.822916666666082 ], [ 89.968749999999474, 24.802083333332746 ], [ 89.981249999999477, 24.78958333333275 ], [ 89.981249999999477, 24.764583333332752 ], [ 89.98541666666614, 24.760416666666082 ], [ 89.98541666666614, 24.747916666666086 ] ] } },
{ "type": "Feature", "properties": { "ARCID": 746501, "UP_CELLS": 156, "region_id": "jamalpur", "region_name": "Jamalpur" }, "geometry": { "type": "LineString", "coordinates": [ [ 89.993749999999466, 24.75833333333275 ], [ 89.993749999999466, 24.752083333332749 ], [ 89.989583333332803, 24.747916666666086 ], [ 89.98541666666614, 24.747916666666086 ] ] } },
{ "type": "Feature", "properties": { "ARCID": 746502, "UP_CELLS": 4070, "region_id": "sylhet", "region_name": "Sylhet" }, "geometry": { "type": "LineString", "coordinates": [ [ 92.464583333332769, 24.747916666666086 ], [ 92.464583333332769, 24.756249999999419 ], [ 92.460416666666106, 24.760416666666082 ], [ 92.456249999999429, 24.760416666666082 ], [ 92.443749999999426, 24.772916666666084 ], [ 92.443749999999426, 24.802083333332746 ], [ 92.4354166666661, 24.810416666666079 ], [ 92.4354166666661, 24.822916666666082 ], [ 92.431249999999437, 24.827083333332752 ], [ 92.4354166666661, 24.831249999999415 ], [ 92.4354166666661, 24.839583333332747 ], [ 92.431249999999437, 24.843749999999417 ], [ 92.431249999999437, 24.856249999999413 ] ] } },
{ "type": "Feature", "properties": { "ARCID": 746503, "UP_CELLS": 111, "region_id": "sylhet", "region_name": "Sylhet" }, "geometry": { "type": "LineString", "coordinates": [ [ 92.474999999999426, 24.747916666666086 ], [ 92.464583333332769, 24.747916666666086 ] ] } },
{ "type": "Feature", "properties": { "ARCID": 746565, "UP_CELLS": 233, "region_id": "sylhet", "region_name": "Sylhet" }, "geometry": { "type": "LineString", "coordinates": [ [ 91.885416666666117, 24.770833333332746 ], [ 91.885416666666117, 24.752083333332749 ], [ 91.88958333333278, 24.747916666666086 ], [ 91.88958333333278, 24.743749999999416 ] ] } },
{ "type": "Feature", "properties": { "ARCID": 746650, "UP_CELLS": 152, "region_id": "sylhet", "region_name": "Sylhet" }, "geometry": { "type": "LineString", "coordinates": [ [ 92.304166666666106, 24.747916666666086 ], [ 92.3104166666661, 24.747916666666086 ], [ 92.314583333332763, 24.752083333332749 ], [ 92.318749999999426, 24.747916666666086 ], [ 92.322916666666103, 24.747916666666086 ], [ 92.327083333332766, 24.752083333332749 ], [ 92.331249999999443, 24.747916666666086 ], [ 92.335416666666106, 24.747916666666086 ], [ 92.339583333332769, 24.743749999999416 ], [ 92.339583333332769, 24.739583333332753 ] ] } },
{ "type": "Feature", "properties": { "ARCID": 746651, "UP_CELLS": 6003, "region_id": "sylhet", "region_name": "Sylhet" }, "geometry": { "type": "LineString", "coordinates": [ [ 92.339583333332769, 24.739583333332753 ], [ 92.347916666666094, 24.747916666666086 ], [ 92.347916666666094, 24.752083333332749 ], [ 92.343749999999432, 24.756249999999419 ], [ 92.347916666666094, 24.760416666666082 ], [ 92.347916666666094, 24.764583333332752 ] ] } },
{ "type": "Feature", "properties": { "ARCID": 746712, "UP_CELLS": 146, "region_id": "sirajganj", "region_name": "Sirajganj" }, "geometry": { "type": "LineString", "coordinates": [ [ 89.466666666666143, 24.75833333333275 ], [ 89.472916666666151, 24.752083333332749 ], [ 89.481249999999477, 24.752083333332749 ], [ 89.48541666666614, 24.747916666666086 ], [ 89.48541666666614, 24.739583333332753 ], [ 89.489583333332803, 24.735416666666083 ] ] } },
{ "type": "Feature", "properties": { "ARCID": 746713, "UP_CELLS": 595, "region_id": "sirajganj", "region_name": "Sirajganj" }, "geometry": { "type": "LineString", "coordinates": [ [ 89.47083333333282, 24.849999999999412 ], [ 89.477083333332814, 24.843749999999417 ], [ 89.477083333332814, 24.839583333332747 ], [ 89.48541666666614, 24.831249999999415 ], [ 89.49374999999948, 24.831249999999415 ], [ 89.497916666666143, 24.835416666666084 ], [ 89.506249999999483, 24.835416666666084 ], [ 89.514583333332808, 24.827083333332752 ], [ 89.514583333332808, 24.822916666666082 ], [ 89.518749999999471, 24.818749999999412 ], [ 89.522916666666148, 24.818749999999412 ], [ 89.535416666666151, 24.806249999999416 ], [ 89.535416666666151, 24.78958333333275 ], [ 89.531249999999488, 24.78541666666608 ], [ 89.531249999999488, 24.777083333332747 ], [ 89.527083333332811, 24.772916666666084 ], [ 89.527083333332811, 24.760416666666082 ], [ 89.522916666666148, 24.756249999999419 ], [ 89.514583333332808, 24.756249999999419 ], [ 89.506249999999483, 24.747916666666086 ], [ 89.50208333333282, 24.752083333332749 ], [ 89.49374999999948, 24.743749999999416 ], [ 89.49374999999948, 24.739583333332753 ], [ 89.489583333332803, 24.735416666666083 ] ] } },
{ "type": "Feature", "properties": { "ARCID": 746714, "UP_CELLS": 2754805, "region_id": "jamalpur", "region_name": "Jamalpur" }, "geometry": { "type": "LineString", "coordinates": [ [ 89.7, 24.762499999998887 ], [ 89.702083333332808, 24.760416666666082 ], [ 89.702083333332808, 24.756249999999419 ], [ 89.706249999999471, 24.752083333332749 ], [ 89.706249999999471, 24.747916666666086 ], [ 89.718749999999474, 24.735416666666083 ] ] } },
{ "type": "Feature", "properties": { "ARCID": 746714, "UP_CELLS": 2754805, "region_id": "sirajganj", "region_name": "Sirajganj" }, "geometry": { "type": "LineString", "coordinates": [ [ 89.693749999999483, 24.768749999999415 ], [ 89.702083333332808, 24.760416666666082 ], [ 89.702083333332808, 24.756249999999419 ], [ 89.706249999999471, 24.752083333332749 ], [ 89.706249999999471, 24.747916666666086 ], [ 89.718749999999474, 24.735416666666083 ] ] } },
{ "type": "Feature", "properties": { "ARCID": 746715, "UP_CELLS": 297, "region_id": "sunamganj", "region_name": "Sunamganj" }, "geometry": { "type": "LineString", "coordinates": [ [ 91.541666666666117, 24.743749999999416 ], [ 91.531249999999446, 24.743749999999416 ], [ 91.522916666666106, 24.735416666666083 ], [ 91.497916666666114, 24.735416666666083 ], [ 91.497916666666114, 24.747916666666086 ], [ 91.489583333332774, 24.756249999999419 ], [ 91.489583333332774, 24.78958333333275 ], [ 91.485416666666111, 24.793749999999413 ] ] } },
{ "type": "Feature", "properties": { "ARCID": 746716, "UP_CELLS": 129, "region_id": "sylhet", "region_name": "Sylhet" }, "geometry": { "type": "LineString", "coordinates": [ [ 91.879166666666109, 24.733333333332752 ], [ 91.88958333333278, 24.743749999999416 ] ] } },
{ "type": "Feature", "properties": { "ARCID": 746845, "UP_CELLS": 2755203, "region_id": "jamalpur", "region_name": "Jamalpur" }, "geometry": { "type": "LineString", "coordinates": [ [ 89.718749999999474, 24.735416666666083 ], [ 89.727083333332814, 24.72708333333275 ] ] } },
{ "type": "Feature", "properties": { "ARCID": 746845, "UP_CELLS": 2755203, "region_id": "sirajganj", "region_name": "Sirajganj" }, "geometry": { "type": "LineString", "coordinates": [ [ 89.718749999999474, 24.735416666666083 ], [ 89.727083333332814, 24.72708333333275 ] ] } },
{ "type": "Feature", "properties": { "ARCID": 746846, "UP_CELLS": 1930, "region_id": "jamalpur", "region_name": "Jamalpur" }, "geometry": { "type": "LineString", "coordinates": [ [ 89.814583333332806, 24.827083333332752 ], [ 89.810416666666143, 24.822916666666082 ], [ 89.806249999999466, 24.822916666666082 ], [ 89.79791666666614, 24.814583333332749 ], [ 89.793749999999477, 24.814583333332749 ], [ 89.785416666666151, 24.806249999999416 ], [ 89.785416666666151, 24.797916666666083 ], [ 89.781249999999474, 24.793749999999413 ], [ 89.781249999999474, 24.781249999999417 ], [ 89.772916666666134, 24.772916666666084 ], [ 89.760416666666146, 24.772916666666084 ], [ 89.747916666666143, 24.760416666666082 ], [ 89.743749999999466, 24.760416666666082 ], [ 89.739583333332803, 24.756249999999419 ], [ 89.739583333332803, 24.743749999999416 ], [ 89.73541666666614, 24.739583333332753 ], [ 89.73541666666614, 24.731249999999413 ], [ 89.731249999999477, 24.72708333333275 ], [ 89.727083333332814, 24.72708333333275 ] ] } },
{ "type": "Feature", "properties": { "ARCID": 746846, "UP_CELLS": 1930, "region_id": "sirajganj", "region_name": "Sirajganj" }, "geometry": { "type": "LineString", "coordinates": [ [ 89.814583333332806, 24.827083333332752 ], [ 89.810416666666143, 24.822916666666082 ], [ 89.806249999999466, 24.822916666666082 ], [ 89.79791666666614, 24.814583333332749 ], [ 89.793749999999477, 24.814583333332749 ], [ 89.785416666666151, 24.806249999999416 ], [ 89.785416666666151, 24.797916666666083 ], [ 89.781249999999474, 24.793749999999413 ], [ 89.781249999999474, 24.781249999999417 ], [ 89.772916666666134, 24.772916666666084 ], [ 89.760416666666146, 24.772916666666084 ], [ 89.747916666666143, 24.760416666666082 ], [ 89.743749999999466, 24.760416666666082 ], [ 89.739583333332803, 24.756249999999419 ], [ 89.739583333332803, 24.743749999999416 ], [ 89.73541666666614, 24.739583333332753 ], [ 89.73541666666614, 24.731249999999413 ], [ 89.731249999999477, 24.72708333333275 ], [ 89.727083333332814, 24.72708333333275 ] ] } },
{ "type": "Feature", "properties": { "ARCID": 746847, "UP_CELLS": 1495, "region_id": "sunamganj", "region_name": "Sunamganj" }, "geometry": { "type": "LineString", "coordinates": [ [ 91.368749999999451, 24.781249999999417 ], [ 91.38958333333278, 24.760416666666082 ], [ 91.38958333333278, 24.72708333333275 ] ] } },
{ "type": "Feature", "properties": { "ARCID": 746848, "UP_CELLS": 106, "region_id": "sunamganj", "region_name": "Sunamganj" }, "geometry": { "type": "LineString", "coordinates": [ [ 91.395833333332774, 24.72708333333275 ], [ 91.38958333333278, 24.72708333333275 ] ] } },
{ "type": "Feature", "properties": { "ARCID": 746903, "UP_CELLS": 239, "region_id": "sirajganj", "region_name": "Sirajganj" }, "geometry": { "type": "LineString", "coordinates": [ [ 89.645833333332803, 24.75833333333275 ], [ 89.681249999999466, 24.72291666666608 ], [ 89.693749999999483, 24.72291666666608 ] ] } },
{ "type": "Feature", "properties": { "ARCID": 746904, "UP_CELLS": 383, "region_id": "jamalpur", "region_name": "Jamalpur" }, "geometry": { "type": "LineString", "coordinates": [ [ 89.7, 24.725 ], [ 89.702083333332808, 24.72708333333275 ], [ 89.706249999999471, 24.72708333333275 ], [ 89.714583333332811, 24.735416666666083 ], [ 89.718749999999474, 24.735416666666083 ] ] } },
{ "type": "Feature", "properties": { "ARCID": 746904, "UP_CELLS": 383, "region_id": "sirajganj", "region_name": "Sirajganj" }, "geometry": { "type": "LineString", "coordinates": [ [ 89.693749999999483, 24.72291666666608 ], [ 89.697916666666146, 24.72291666666608 ], [ 89.702083333332808, 24.72708333333275 ], [ 89.706249999999471, 24.72708333333275 ], [ 89.714583333332811, 24.735416666666083 ], [ 89.718749999999474, 24.735416666666083 ] ] } },
{ "type": "Feature", "properties": { "ARCID": 746905, "UP_CELLS": 120, "region_id": "jamalpur", "region_name": "Jamalpur" }, "geometry": { "type": "LineString", "coordinates": [ [ 90.112499999999471, 24.72708333333275 ], [ 90.122916666666129, 24.72708333333275 ], [ 90.127083333332791, 24.72291666666608 ], [ 90.135416666666146, 24.72291666666608 ] ] } },
{ "type": "Feature", "properties": { "ARCID": 746906, "UP_CELLS": 484, "region_id": "jamalpur", "region_name": "Jamalpur" }, "geometry": { "type": "LineString", "coordinates": [ [ 90.074999999999477, 24.783333333332749 ], [ 90.09374999999946, 24.802083333332746 ], [ 90.1020833333328, 24.793749999999413 ], [ 90.1020833333328, 24.78958333333275 ], [ 90.106249999999477, 24.78541666666608 ], [ 90.11041666666614, 24.78541666666608 ], [ 90.114583333332803, 24.781249999999417 ], [ 90.118749999999466, 24.78541666666608 ], [ 90.127083333332791, 24.78541666666608 ], [ 90.135416666666146, 24.777083333332747 ], [ 90.135416666666146, 24.756249999999419 ], [ 90.139583333332808, 24.752083333332749 ], [ 90.131249999999469, 24.743749999999416 ], [ 90.131249999999469, 24.735416666666083 ], [ 90.135416666666146, 24.731249999999413 ], [ 90.135416666666146, 24.72291666666608 ] ] } },
{ "type": "Feature", "properties": { "ARCID": 746907, "UP_CELLS": 762, "region_id": "sunamganj", "region_name": "Sunamganj" }, "geometry": { "type": "LineString", "coordinates": [ [ 91.235416666666111, 24.78541666666608 ], [ 91.197916666666117, 24.747916666666086 ], [ 91.197916666666117, 24.735416666666083 ], [ 91.185416666666129, 24.72291666666608 ] ] } },
{ "type": "Feature", "properties": { "ARCID": 746908, "UP_CELLS": 5799, "region_id": "sylhet", "region_name": "Sylhet" }, "geometry": { "type": "LineString", "coordinates": [ [ 92.335416666666106, 24.72291666666608 ], [ 92.335416666666106, 24.731249999999413 ], [ 92.339583333332769, 24.735416666666083 ], [ 92.339583333332769, 24.739583333332753 ] ] } },
{ "type": "Feature", "properties": { "ARCID": 746968, "UP_CELLS": 263, "region_id": "sunamganj", "region_name": "Sunamganj" }, "geometry": { "type": "LineString", "coordinates": [ [ 91.229166666666117, 24.718749999999417 ], [ 91.193749999999454, 24.718749999999417 ], [ 91.189583333332791, 24.72291666666608 ], [ 91.185416666666129, 24.72291666666608 ] ] } },
{ "type": "Feature", "properties": { "ARCID": 746969, "UP_CELLS": 152, "region_id": "sunamganj", "region_name": "Sunamganj" }, "geometry": { "type": "LineString", "coordinates": [ [ 91.366666666666106, 24.729166666666082 ], [ 91.372916666666114, 24.72291666666608 ], [ 91.381249999999454, 24.72291666666608 ], [ 91.385416666666117, 24.718749999999417 ], [ 91.38958333333278, 24.718749999999417 ] ] } },
{ "type": "Feature", "properties": { "ARCID": 746970, "UP_CELLS": 1606, "region_id": "sunamganj", "region_name": "Sunamganj" }, "geometry": { "type": "LineString", "coordinates": [ [ 91.38958333333278, 24.72708333333275 ], [ 91.38958333333278, 24.718749999999417 ] ] } },
{ "type": "Feature", "properties": { "ARCID": 747026, "UP_CELLS": 1404, "region_id": "sunamganj", "region_name": "Sunamganj" }, "geometry": { "type": "LineString", "coordinates": [ [ 91.185416666666129, 24.72291666666608 ], [ 91.172916666666111, 24.72291666666608 ], [ 91.168749999999449, 24.718749999999417 ], [ 91.164583333332786, 24.718749999999417 ], [ 91.160416666666123, 24.714583333332747 ], [ 91.15624999999946, 24.714583333332747 ], [ 91.152083333332783, 24.718749999999417 ], [ 91.152083333332783, 24.72291666666608 ], [ 91.14791666666612, 24.72708333333275 ], [ 91.14791666666612, 24.731249999999413 ], [ 91.152083333332783, 24.735416666666083 ], [ 91.152083333332783, 24.743749999999416 ], [ 91.15624999999946, 24.747916666666086 ], [ 91.15624999999946, 24.760416666666082 ], [ 91.14791666666612, 24.768749999999415 ], [ 91.135416666666117, 24.768749999999415 ], [ 91.118749999999451, 24.752083333332749 ], [ 91.102083333332786, 24.752083333332749 ], [ 91.09374999999946, 24.743749999999416 ], [ 91.08541666666612, 24.752083333332749 ] ] } },
{ "type": "Feature", "properties": { "ARCID": 747027, "UP_CELLS": 123, "region_id": "sylhet", "region_name": "Sylhet" }, "geometry": { "type": "LineString", "coordinates": [ [ 92.354166666666103, 24.714583333332747 ], [ 92.339583333332769, 24.714583333332747 ], [ 92.339583333332769, 24.718749999999417 ], [ 92.335416666666106, 24.72291666666608 ] ] } },
{ "type": "Feature", "properties": { "ARCID": 747028, "UP_CELLS": 118, "region_id": "sylhet", "region_name": "Sylhet" }, "geometry": { "type": "LineString", "coordinates": [ [ 92.424999999999429, 24.72291666666608 ], [ 92.4354166666661, 24.72291666666608 ], [ 92.443749999999426, 24.714583333332747 ] ] } },
{ "type": "Feature", "properties": { "ARCID": 747029, "UP_CELLS": 3668, "region_id": "sylhet", "region_name": "Sylhet" }, "geometry": { "type": "LineString", "coordinates": [ [ 92.443749999999426, 24.714583333332747 ], [ 92.447916666666089, 24.718749999999417 ], [ 92.452083333332766, 24.718749999999417 ], [ 92.452083333332766, 24.72291666666608 ], [ 92.464583333332769, 24.735416666666083 ], [ 92.464583333332769, 24.747916666666086 ] ] } },
{ "type": "Feature", "properties": { "ARCID": 747100, "UP_CELLS": 116, "region_id": "sirajganj", "region_name": "Sirajganj" }, "geometry": { "type": "LineString", "coordinates": [ [ 89.695833333332814, 24.708333333332753 ], [ 89.689583333332806, 24.714583333332747 ], [ 89.693749999999483, 24.718749999999417 ], [ 89.693749999999483, 24.72291666666608 ] ] } },
{ "type": "Feature", "properties": { "ARCID": 747101, "UP_CELLS": 147169, "region_id": "sylhet", "region_name": "Sylhet" }, "geometry": { "type": "LineString", "coordinates": [ [ 92.064583333332763, 24.793749999999413 ], [ 92.056249999999437, 24.793749999999413 ], [ 92.052083333332774, 24.78958333333275 ], [ 92.052083333332774, 24.78541666666608 ], [ 92.047916666666111, 24.781249999999417 ], [ 92.047916666666111, 24.772916666666084 ], [ 92.056249999999437, 24.764583333332752 ], [ 92.052083333332774, 24.760416666666082 ], [ 92.047916666666111, 24.760416666666082 ], [ 92.043749999999434, 24.756249999999419 ], [ 92.043749999999434, 24.752083333332749 ], [ 92.047916666666111, 24.747916666666086 ], [ 92.047916666666111, 24.739583333332753 ], [ 92.035416666666094, 24.72708333333275 ], [ 92.027083333332769, 24.735416666666083 ], [ 92.022916666666106, 24.735416666666083 ], [ 92.018749999999443, 24.731249999999413 ], [ 92.01458333333278, 24.731249999999413 ], [ 92.002083333332763, 24.718749999999417 ], [ 91.9979166666661, 24.718749999999417 ], [ 91.993749999999437, 24.72291666666608 ], [ 91.981249999999449, 24.710416666666084 ] ] } },
{ "type": "Feature", "properties": { "ARCID": 747226, "UP_CELLS": 376, "region_id": "sylhet", "region_name": "Sylhet" }, "geometry": { "type": "LineString", "coordinates": [ [ 91.956249999999443, 24.760416666666082 ], [ 91.956249999999443, 24.752083333332749 ], [ 91.947916666666103, 24.743749999999416 ], [ 91.94374999999944, 24.743749999999416 ], [ 91.939583333332763, 24.739583333332753 ], [ 91.939583333332763, 24.735416666666083 ], [ 91.9354166666661, 24.731249999999413 ], [ 91.9354166666661, 24.702083333332752 ] ] } },
{ "type": "Feature", "properties": { "ARCID": 747227, "UP_CELLS": 154997, "region_id": "sylhet", "region_name": "Sylhet" }, "geometry": { "type": "LineString", "coordinates": [ [ 91.981249999999449, 24.710416666666084 ], [ 91.972916666666109, 24.710416666666084 ], [ 91.968749999999432, 24.706249999999415 ], [ 91.964583333332769, 24.710416666666084 ], [ 91.956249999999443, 24.710416666666084 ], [ 91.947916666666103, 24.702083333332752 ], [ 91.9354166666661, 24.702083333332752 ] ] } },
{ "type": "Feature", "properties": { "ARCID": 747228, "UP_CELLS": 7676, "region_id": "sylhet", "region_name": "Sylhet" }, "geometry": { "type": "LineString", "coordinates": [ [ 92.0604166666661, 24.702083333332752 ], [ 92.056249999999437, 24.706249999999415 ], [ 92.052083333332774, 24.706249999999415 ], [ 92.047916666666111, 24.710416666666084 ], [ 92.027083333332769, 24.710416666666084 ], [ 92.022916666666106, 24.706249999999415 ], [ 92.00624999999944, 24.706249999999415 ], [ 92.002083333332763, 24.702083333332752 ], [ 91.989583333332774, 24.702083333332752 ], [ 91.981249999999449, 24.710416666666084 ] ] } },
{ "type": "Feature", "properties": { "ARCID": 747229, "UP_CELLS": 106, "region_id": "sylhet", "region_name": "Sylhet" }, "geometry": { "type": "LineString", "coordinates": [ [ 92.066666666666094, 24.708333333332753 ], [ 92.0604166666661, 24.702083333332752 ] ] } },
{ "type": "Feature", "properties": { "ARCID": 747230, "UP_CELLS": 3356, "region_id": "sylhet", "region_name": "Sylhet" }, "geometry": { "type": "LineString", "coordinates": [ [ 92.4354166666661, 24.702083333332752 ], [ 92.439583333332763, 24.706249999999415 ], [ 92.439583333332763, 24.710416666666084 ], [ 92.443749999999426, 24.714583333332747 ] ] } },
{ "type": "Feature", "properties": { "ARCID": 747282, "UP_CELLS": 5650, "region_id": "sylhet", "region_name": "Sylhet" }, "geometry": { "type": "LineString", "coordinates": [ [ 92.331249999999443, 24.697916666666082 ], [ 92.331249999999443, 24.718749999999417 ], [ 92.335416666666106, 24.72291666666608 ] ] } },
{ "type": "Feature", "properties": { "ARCID": 747342, "UP_CELLS": 293, "region_id": "sirajganj", "region_name": "Sirajganj" }, "geometry": { "type": "LineString", "coordinates": [ [ 89.549999999999471, 24.737499999999415 ], [ 89.543749999999477, 24.731249999999413 ], [ 89.543749999999477, 24.72708333333275 ], [ 89.560416666666143, 24.710416666666084 ], [ 89.560416666666143, 24.706249999999415 ], [ 89.55624999999948, 24.702083333332752 ], [ 89.55624999999948, 24.693749999999419 ] ] } },
{ "type": "Feature", "properties": { "ARCID": 747343, "UP_CELLS": 172, "region_id": "sirajganj", "region_name": "Sirajganj" }, "geometry": { "type": "LineString", "coordinates": [ [ 89.583333333332803, 24.69583333333275 ], [ 89.577083333332808, 24.702083333332752 ], [ 89.568749999999483, 24.693749999999419 ], [ 89.56458333333282, 24.693749999999419 ], [ 89.560416666666143, 24.697916666666082 ], [ 89.55624999999948, 24.693749999999419 ] ] } },
{ "type": "Feature", "properties": { "ARCID": 747344, "UP_CELLS": 1791, "region_id": "sunamganj", "region_name": "Sunamganj" }, "geometry": { "type": "LineString", "coordinates": [ [ 91.38958333333278, 24.718749999999417 ], [ 91.38958333333278, 24.702083333332752 ], [ 91.391666666665529, 24.7 ] ] } },
{ "type": "Feature", "properties": { "ARCID": 747345, "UP_CELLS": 135, "region_id": "sylhet", "region_name": "Sylhet" }, "geometry": { "type": "LineString", "coordinates": [ [ 92.474999999999426, 24.691666666666087 ], [ 92.460416666666106, 24.706249999999415 ], [ 92.456249999999429, 24.706249999999415 ], [ 92.447916666666089, 24.714583333332747 ], [ 92.443749999999426, 24.714583333332747 ] ] } },
{ "type": "Feature", "properties": { "ARCID": 747438, "UP_CELLS": 721, "region_id": "sylhet", "region_name": "Sylhet" }, "geometry": { "type": "LineString", "coordinates": [ [ 91.745833333332769, 24.762499999999413 ], [ 91.727083333332786, 24.743749999999416 ], [ 91.722916666666109, 24.743749999999416 ], [ 91.718749999999446, 24.747916666666086 ], [ 91.714583333332769, 24.747916666666086 ], [ 91.710416666666106, 24.752083333332749 ], [ 91.706249999999443, 24.752083333332749 ], [ 91.69374999999944, 24.739583333332753 ], [ 91.689583333332777, 24.743749999999416 ], [ 91.6854166666661, 24.743749999999416 ], [ 91.681249999999437, 24.739583333332753 ], [ 91.660416666666109, 24.739583333332753 ], [ 91.652083333332769, 24.731249999999413 ], [ 91.647916666666106, 24.731249999999413 ], [ 91.631249999999454, 24.714583333332747 ], [ 91.627083333332777, 24.714583333332747 ], [ 91.622916666666114, 24.718749999999417 ], [ 91.614583333332774, 24.718749999999417 ], [ 91.602083333332786, 24.706249999999415 ], [ 91.602083333332786, 24.702083333332752 ], [ 91.6, 24.7 ] ] } },
{ "type": "Feature", "properties": { "ARCID": 747438, "UP_CELLS": 721, "region_id": "sunamganj", "region_name": "Sunamganj" }, "geometry": { "type": "LineString", "coordinates": [ [ 91.7, 24.745833333333312 ], [ 91.69374999999944, 24.739583333332753 ], [ 91.689583333332777, 24.743749999999416 ], [ 91.6854166666661, 24.743749999999416 ], [ 91.681249999999437, 24.739583333332753 ], [ 91.660416666666109, 24.739583333332753 ], [ 91.652083333332769, 24.731249999999413 ], [ 91.647916666666106, 24.731249999999413 ], [ 91.631249999999454, 24.714583333332747 ], [ 91.627083333332777, 24.714583333332747 ], [ 91.622916666666114, 24.718749999999417 ], [ 91.614583333332774, 24.718749999999417 ], [ 91.602083333332786, 24.706249999999415 ], [ 91.602083333332786, 24.702083333332752 ], [ 91.6, 24.7 ] ] } },
{ "type": "Feature", "properties": { "ARCID": 747439, "UP_CELLS": 486, "region_id": "sylhet", "region_name": "Sylhet" }, "geometry": { "type": "LineString", "coordinates": [ [ 91.88958333333278, 24.743749999999416 ], [ 91.893749999999443, 24.743749999999416 ], [ 91.914583333332772, 24.72291666666608 ], [ 91.918749999999449, 24.72291666666608 ], [ 91.922916666666111, 24.718749999999417 ], [ 91.922916666666111, 24.706249999999415 ], [ 91.918749999999449, 24.702083333332752 ], [ 91.918749999999449, 24.689583333332749 ] ] } },
{ "type": "Feature", "properties": { "ARCID": 747440, "UP_CELLS": 155403, "region_id": "sylhet", "region_name": "Sylhet" }, "geometry": { "type": "LineString", "coordinates": [ [ 91.9354166666661, 24.702083333332752 ], [ 91.927083333332774, 24.693749999999419 ], [ 91.922916666666111, 24.693749999999419 ], [ 91.918749999999449, 24.689583333332749 ] ] } },
{ "type": "Feature", "properties": { "ARCID": 747441, "UP_CELLS": 7382, "region_id": "sylhet", "region_name": "Sylhet" }, "geometry": { "type": "LineString", "coordinates": [ [ 92.072916666666103, 24.689583333332749 ], [ 92.072916666666103, 24.693749999999419 ], [ 92.06874999999944, 24.697916666666082 ], [ 92.064583333332763, 24.697916666666082 ], [ 92.0604166666661, 24.702083333332752 ] ] } },
{ "type": "Feature", "properties": { "ARCID": 747499, "UP_CELLS": 182365, "region_id": "sunamganj", "region_name": "Sunamganj" }, "geometry": { "type": "MultiLineString", "coordinates": [ [ [ 91.533333333332195, 24.7 ], [ 91.531249999999446, 24.702083333332752 ], [ 91.522916666666106, 24.702083333332752 ], [ 91.520833333333357, 24.7 ] ], [ [ 91.499999999998863, 24.7 ], [ 91.497916666666114, 24.702083333332752 ], [ 91.481249999999449, 24.702083333332752 ], [ 91.4791666666667, 24.7 ] ] ] } },
{ "type": "Feature", "properties": { "ARCID": 747637, "UP_CELLS": 186, "region_id": "jamalpur", "region_name": "Jamalpur" }, "geometry": { "type": "LineString", "coordinates": [ [ 89.887499999999477, 24.691666666666087 ], [ 89.893749999999471, 24.685416666666086 ], [ 89.893749999999471, 24.681249999999416 ], [ 89.897916666666134, 24.677083333332753 ], [ 89.918749999999477, 24.677083333332753 ] ] } },
{ "type": "Feature", "properties": { "ARCID": 747637, "UP_CELLS": 186, "region_id": "sirajganj", "region_name": "Sirajganj" }, "geometry": { "type": "LineString", "coordinates": [ [ 89.887499999999477, 24.691666666666087 ], [ 89.893749999999471, 24.685416666666086 ], [ 89.893749999999471, 24.681249999999416 ], [ 89.897916666666134, 24.677083333332753 ], [ 89.9, 24.677083333332753 ] ] } },
{ "type": "Feature", "properties": { "ARCID": 747638, "UP_CELLS": 223, "region_id": "jamalpur", "region_name": "Jamalpur" }, "geometry": { "type": "LineString", "coordinates": [ [ 89.92291666666614, 24.716666666666086 ], [ 89.92291666666614, 24.693749999999419 ], [ 89.914583333332814, 24.685416666666086 ], [ 89.914583333332814, 24.681249999999416 ], [ 89.918749999999477, 24.677083333332753 ] ] } },
{ "type": "Feature", "properties": { "ARCID": 747639, "UP_CELLS": 1073, "region_id": "sylhet", "region_name": "Sylhet" }, "geometry": { "type": "LineString", "coordinates": [ [ 92.097916666666094, 24.677083333332753 ], [ 92.085416666666106, 24.677083333332753 ], [ 92.081249999999443, 24.681249999999416 ], [ 92.081249999999443, 24.685416666666086 ], [ 92.07708333333278, 24.689583333332749 ], [ 92.072916666666103, 24.689583333332749 ] ] } },
{ "type": "Feature", "properties": { "ARCID": 747640, "UP_CELLS": 532, "region_id": "sylhet", "region_name": "Sylhet" }, "geometry": { "type": "LineString", "coordinates": [ [ 92.208333333332774, 24.691666666666087 ], [ 92.202083333332766, 24.697916666666082 ], [ 92.202083333332766, 24.702083333332752 ], [ 92.197916666666103, 24.706249999999415 ], [ 92.202083333332766, 24.710416666666084 ], [ 92.197916666666103, 24.714583333332747 ], [ 92.189583333332763, 24.714583333332747 ], [ 92.181249999999437, 24.72291666666608 ], [ 92.177083333332774, 24.72291666666608 ], [ 92.172916666666111, 24.72708333333275 ], [ 92.156249999999432, 24.710416666666084 ], [ 92.152083333332769, 24.714583333332747 ], [ 92.147916666666106, 24.714583333332747 ], [ 92.143749999999443, 24.710416666666084 ], [ 92.143749999999443, 24.706249999999415 ], [ 92.127083333332763, 24.689583333332749 ], [ 92.114583333332774, 24.689583333332749 ], [ 92.102083333332772, 24.677083333332753 ], [ 92.097916666666094, 24.677083333332753 ] ] } },
{ "type": "Feature", "properties": { "ARCID": 747699, "UP_CELLS": 156007, "region_id": "sylhet", "region_name": "Sylhet" }, "geometry": { "type": "LineString", "coordinates": [ [ 91.918749999999449, 24.689583333332749 ], [ 91.914583333332772, 24.685416666666086 ], [ 91.914583333332772, 24.677083333332753 ], [ 91.910416666666109, 24.672916666666083 ] ] } },
{ "type": "Feature", "properties": { "ARCID": 747700, "UP_CELLS": 165, "region_id": "sylhet", "region_name": "Sylhet" }, "geometry": { "type": "LineString", "coordinates": [ [ 92.374999999999432, 24.670833333332752 ], [ 92.368749999999437, 24.677083333332753 ], [ 92.368749999999437, 24.685416666666086 ], [ 92.364583333332774, 24.689583333332749 ], [ 92.343749999999432, 24.689583333332749 ], [ 92.335416666666106, 24.697916666666082 ], [ 92.331249999999443, 24.697916666666082 ] ] } },
{ "type": "Feature", "properties": { "ARCID": 747758, "UP_CELLS": 103, "region_id": "sylhet", "region_name": "Sylhet" }, "geometry": { "type": "LineString", "coordinates": [ [ 91.916666666666103, 24.666666666666082 ], [ 91.910416666666109, 24.672916666666083 ] ] } },
{ "type": "Feature", "properties": { "ARCID": 747759, "UP_CELLS": 509, "region_id": "sylhet", "region_name": "Sylhet" }, "geometry": { "type": "LineString", "coordinates": [ [ 92.097916666666094, 24.66874999999942 ], [ 92.097916666666094, 24.677083333332753 ] ] } },
{ "type": "Feature", "properties": { "ARCID": 747894, "UP_CELLS": 376, "region_id": "jamalpur", "region_name": "Jamalpur" }, "geometry": { "type": "MultiLineString", "coordinates": [ [ [ 90.18749999999946, 24.743749999999416 ], [ 90.193749999999469, 24.743749999999416 ], [ 90.2, 24.737499999998889 ] ], [ [ 90.2, 24.716666666666612 ], [ 90.193749999999469, 24.710416666666084 ], [ 90.193749999999469, 24.697916666666082 ], [ 90.197916666666131, 24.693749999999419 ], [ 90.2, 24.693749999999419 ] ] ] } },
{ "type": "Feature", "properties": { "ARCID": 747897, "UP_CELLS": 181332, "region_id": "sylhet", "region_name": "Sylhet" }, "geometry": { "type": "LineString", "coordinates": [ [ 91.631249999999454, 24.660416666666087 ], [ 91.627083333332777, 24.66458333333275 ], [ 91.622916666666114, 24.66458333333275 ], [ 91.618749999999437, 24.66874999999942 ], [ 91.618749999999437, 24.672916666666083 ], [ 91.614583333332774, 24.677083333332753 ], [ 91.606249999999449, 24.677083333332753 ], [ 91.602083333332786, 24.672916666666083 ], [ 91.6, 24.672916666666083 ] ] } },
{ "type": "Feature", "properties": { "ARCID": 747898, "UP_CELLS": 227, "region_id": "sylhet", "region_name": "Sylhet" }, "geometry": { "type": "LineString", "coordinates": [ [ 91.67083333333278, 24.677083333332753 ], [ 91.664583333332786, 24.677083333332753 ], [ 91.660416666666109, 24.681249999999416 ], [ 91.647916666666106, 24.66874999999942 ], [ 91.63958333333278, 24.66874999999942 ], [ 91.631249999999454, 24.660416666666087 ] ] } },
{ "type": "Feature", "properties": { "ARCID": 747965, "UP_CELLS": 268, "region_id": "sylhet", "region_name": "Sylhet" }, "geometry": { "type": "LineString", "coordinates": [ [ 92.191666666666094, 24.656249999999417 ], [ 92.181249999999437, 24.656249999999417 ], [ 92.177083333332774, 24.660416666666087 ], [ 92.172916666666111, 24.660416666666087 ], [ 92.168749999999434, 24.66458333333275 ], [ 92.164583333332772, 24.66458333333275 ], [ 92.156249999999432, 24.672916666666083 ], [ 92.152083333332769, 24.672916666666083 ], [ 92.147916666666106, 24.677083333332753 ], [ 92.143749999999443, 24.677083333332753 ], [ 92.135416666666103, 24.66874999999942 ], [ 92.135416666666103, 24.66458333333275 ], [ 92.131249999999426, 24.660416666666087 ], [ 92.118749999999437, 24.660416666666087 ], [ 92.110416666666111, 24.66874999999942 ], [ 92.097916666666094, 24.66874999999942 ] ] } },
{ "type": "Feature", "properties": { "ARCID": 748030, "UP_CELLS": 6289, "region_id": "sylhet", "region_name": "Sylhet" }, "geometry": { "type": "LineString", "coordinates": [ [ 92.06874999999944, 24.652083333332754 ], [ 92.06874999999944, 24.656249999999417 ], [ 92.064583333332763, 24.660416666666087 ], [ 92.064583333332763, 24.66874999999942 ], [ 92.06874999999944, 24.672916666666083 ], [ 92.06874999999944, 24.677083333332753 ], [ 92.072916666666103, 24.681249999999416 ], [ 92.072916666666103, 24.689583333332749 ] ] } },
{ "type": "Feature", "properties": { "ARCID": 748105, "UP_CELLS": 156429, "region_id": "sylhet", "region_name": "Sylhet" }, "geometry": { "type": "LineString", "coordinates": [ [ 91.897916666666106, 24.647916666666084 ], [ 91.893749999999443, 24.647916666666084 ], [ 91.88958333333278, 24.652083333332754 ], [ 91.88958333333278, 24.656249999999417 ], [ 91.885416666666117, 24.660416666666087 ], [ 91.88124999999944, 24.660416666666087 ], [ 91.877083333332777, 24.656249999999417 ], [ 91.8729166666661, 24.656249999999417 ], [ 91.868749999999437, 24.660416666666087 ], [ 91.856249999999449, 24.647916666666084 ] ] } },
{ "type": "Feature", "properties": { "ARCID": 748106, "UP_CELLS": 156150, "region_id": "sylhet", "region_name": "Sylhet" }, "geometry": { "type": "LineString", "coordinates": [ [ 91.910416666666109, 24.672916666666083 ], [ 91.906249999999432, 24.66874999999942 ], [ 91.906249999999432, 24.656249999999417 ], [ 91.897916666666106, 24.647916666666084 ] ] } },
{ "type": "Feature", "properties": { "ARCID": 748107, "UP_CELLS": 797, "region_id": "sylhet", "region_name": "Sylhet" }, "geometry": { "type": "LineString", "coordinates": [ [ 92.456249999999429, 24.647916666666084 ], [ 92.447916666666089, 24.656249999999417 ], [ 92.447916666666089, 24.660416666666087 ], [ 92.439583333332763, 24.66874999999942 ], [ 92.439583333332763, 24.697916666666082 ], [ 92.4354166666661, 24.702083333332752 ] ] } },
{ "type": "Feature", "properties": { "ARCID": 748108, "UP_CELLS": 101, "region_id": "sylhet", "region_name": "Sylhet" }, "geometry": { "type": "LineString", "coordinates": [ [ 92.462499999999437, 24.647916666666084 ], [ 92.456249999999429, 24.647916666666084 ] ] } },
{ "type": "Feature", "properties": { "ARCID": 748174, "UP_CELLS": 2757586, "region_id": "jamalpur", "region_name": "Jamalpur" }, "geometry": { "type": "LineString", "coordinates": [ [ 89.727083333332814, 24.72708333333275 ], [ 89.731249999999477, 24.72291666666608 ], [ 89.739583333332803, 24.72291666666608 ], [ 89.752083333332806, 24.710416666666084 ], [ 89.752083333332806, 24.697916666666082 ], [ 89.760416666666146, 24.689583333332749 ], [ 89.760416666666146, 24.677083333332753 ], [ 89.768749999999471, 24.66874999999942 ], [ 89.772916666666134, 24.66874999999942 ], [ 89.777083333332797, 24.66458333333275 ], [ 89.793749999999477, 24.66458333333275 ], [ 89.802083333332803, 24.656249999999417 ], [ 89.802083333332803, 24.647916666666084 ], [ 89.806249999999466, 24.643749999999415 ] ] } },
{ "type": "Feature", "properties": { "ARCID": 748174, "UP_CELLS": 2757586, "region_id": "sirajganj", "region_name": "Sirajganj" }, "geometry": { "type": "LineString", "coordinates": [ [ 89.727083333332814, 24.72708333333275 ], [ 89.731249999999477, 24.72291666666608 ], [ 89.739583333332803, 24.72291666666608 ], [ 89.752083333332806, 24.710416666666084 ], [ 89.752083333332806, 24.697916666666082 ], [ 89.760416666666146, 24.689583333332749 ], [ 89.760416666666146, 24.677083333332753 ], [ 89.768749999999471, 24.66874999999942 ], [ 89.772916666666134, 24.66874999999942 ], [ 89.777083333332797, 24.66458333333275 ], [ 89.793749999999477, 24.66458333333275 ], [ 89.802083333332803, 24.656249999999417 ], [ 89.802083333332803, 24.647916666666084 ], [ 89.806249999999466, 24.643749999999415 ] ] } },
{ "type": "Feature", "properties": { "ARCID": 748175, "UP_CELLS": 836, "region_id": "jamalpur", "region_name": "Jamalpur" }, "geometry": { "type": "LineString", "coordinates": [ [ 89.854166666666146, 24.766666666666083 ], [ 89.843749999999474, 24.777083333332747 ], [ 89.835416666666134, 24.777083333332747 ], [ 89.831249999999471, 24.772916666666084 ], [ 89.818749999999483, 24.772916666666084 ], [ 89.802083333332803, 24.756249999999419 ], [ 89.802083333332803, 24.752083333332749 ], [ 89.814583333332806, 24.739583333332753 ], [ 89.814583333332806, 24.72708333333275 ], [ 89.818749999999483, 24.72291666666608 ], [ 89.818749999999483, 24.718749999999417 ], [ 89.806249999999466, 24.706249999999415 ], [ 89.806249999999466, 24.702083333332752 ], [ 89.802083333332803, 24.697916666666082 ], [ 89.802083333332803, 24.685416666666086 ], [ 89.814583333332806, 24.672916666666083 ], [ 89.814583333332806, 24.66458333333275 ], [ 89.810416666666143, 24.660416666666087 ], [ 89.810416666666143, 24.652083333332754 ], [ 89.806249999999466, 24.647916666666084 ], [ 89.806249999999466, 24.643749999999415 ] ] } },
{ "type": "Feature", "properties": { "ARCID": 748175, "UP_CELLS": 836, "region_id": "sirajganj", "region_name": "Sirajganj" }, "geometry": { "type": "LineString", "coordinates": [ [ 89.854166666666146, 24.766666666666083 ], [ 89.843749999999474, 24.777083333332747 ], [ 89.835416666666134, 24.777083333332747 ], [ 89.831249999999471, 24.772916666666084 ], [ 89.818749999999483, 24.772916666666084 ], [ 89.802083333332803, 24.756249999999419 ], [ 89.802083333332803, 24.752083333332749 ], [ 89.814583333332806, 24.739583333332753 ], [ 89.814583333332806, 24.72708333333275 ], [ 89.818749999999483, 24.72291666666608 ], [ 89.818749999999483, 24.718749999999417 ], [ 89.806249999999466, 24.706249999999415 ], [ 89.806249999999466, 24.702083333332752 ], [ 89.802083333332803, 24.697916666666082 ], [ 89.802083333332803, 24.685416666666086 ], [ 89.814583333332806, 24.672916666666083 ], [ 89.814583333332806, 24.66458333333275 ], [ 89.810416666666143, 24.660416666666087 ], [ 89.810416666666143, 24.652083333332754 ], [ 89.806249999999466, 24.647916666666084 ], [ 89.806249999999466, 24.643749999999415 ] ] } },
{ "type": "Feature", "properties": { "ARCID": 748177, "UP_CELLS": 439, "region_id": "sylhet", "region_name": "Sylhet" }, "geometry": { "type": "LineString", "coordinates": [ [ 91.808333333332769, 24.766666666666083 ], [ 91.802083333332774, 24.760416666666082 ], [ 91.806249999999437, 24.756249999999419 ], [ 91.806249999999437, 24.747916666666086 ], [ 91.8104166666661, 24.743749999999416 ], [ 91.8104166666661, 24.731249999999413 ], [ 91.806249999999437, 24.72708333333275 ], [ 91.802083333332774, 24.72708333333275 ], [ 91.797916666666111, 24.731249999999413 ], [ 91.785416666666109, 24.718749999999417 ], [ 91.785416666666109, 24.677083333332753 ], [ 91.789583333332786, 24.672916666666083 ], [ 91.785416666666109, 24.66874999999942 ], [ 91.785416666666109, 24.656249999999417 ], [ 91.789583333332786, 24.652083333332754 ], [ 91.793749999999449, 24.652083333332754 ], [ 91.797916666666111, 24.647916666666084 ], [ 91.797916666666111, 24.643749999999415 ], [ 91.793749999999449, 24.643749999999415 ] ] } },
{ "type": "Feature", "properties": { "ARCID": 748233, "UP_CELLS": 156892, "region_id": "sylhet", "region_name": "Sylhet" }, "geometry": { "type": "LineString", "coordinates": [ [ 91.856249999999449, 24.647916666666084 ], [ 91.847916666666109, 24.647916666666084 ], [ 91.843749999999432, 24.652083333332754 ], [ 91.822916666666117, 24.652083333332754 ], [ 91.814583333332777, 24.643749999999415 ], [ 91.8104166666661, 24.643749999999415 ], [ 91.806249999999437, 24.639583333332752 ], [ 91.797916666666111, 24.639583333332752 ], [ 91.793749999999449, 24.643749999999415 ] ] } },
{ "type": "Feature", "properties": { "ARCID": 748234, "UP_CELLS": 1893, "region_id": "sylhet", "region_name": "Sylhet" }, "geometry": { "type": "LineString", "coordinates": [ [ 92.0604166666661, 24.639583333332752 ], [ 92.0604166666661, 24.643749999999415 ], [ 92.06874999999944, 24.652083333332754 ] ] } },
{ "type": "Feature", "properties": { "ARCID": 748235, "UP_CELLS": 5407, "region_id": "sylhet", "region_name": "Sylhet" }, "geometry": { "type": "LineString", "coordinates": [ [ 92.306249999999437, 24.639583333332752 ], [ 92.297916666666097, 24.647916666666084 ], [ 92.297916666666097, 24.656249999999417 ], [ 92.302083333332774, 24.660416666666087 ], [ 92.314583333332763, 24.660416666666087 ], [ 92.322916666666103, 24.66874999999942 ], [ 92.322916666666103, 24.672916666666083 ], [ 92.327083333332766, 24.677083333332753 ], [ 92.327083333332766, 24.689583333332749 ], [ 92.331249999999443, 24.693749999999419 ], [ 92.331249999999443, 24.697916666666082 ] ] } },
{ "type": "Feature", "properties": { "ARCID": 748297, "UP_CELLS": 180906, "region_id": "sylhet", "region_name": "Sylhet" }, "geometry": { "type": "LineString", "coordinates": [ [ 91.677083333332774, 24.635416666666082 ], [ 91.672916666666111, 24.639583333332752 ], [ 91.652083333332769, 24.639583333332752 ], [ 91.631249999999454, 24.660416666666087 ] ] } },
{ "type": "Feature", "properties": { "ARCID": 748298, "UP_CELLS": 113, "region_id": "sylhet", "region_name": "Sylhet" }, "geometry": { "type": "LineString", "coordinates": [ [ 91.902083333332769, 24.63333333333275 ], [ 91.902083333332769, 24.639583333332752 ], [ 91.897916666666106, 24.643749999999415 ], [ 91.897916666666106, 24.647916666666084 ] ] } },
{ "type": "Feature", "properties": { "ARCID": 748372, "UP_CELLS": 2758431, "region_id": "jamalpur", "region_name": "Jamalpur" }, "geometry": { "type": "LineString", "coordinates": [ [ 89.806249999999466, 24.643749999999415 ], [ 89.806249999999466, 24.631249999999419 ] ] } },
{ "type": "Feature", "properties": { "ARCID": 748372, "UP_CELLS": 2758431, "region_id": "sirajganj", "region_name": "Sirajganj" }, "geometry": { "type": "LineString", "coordinates": [ [ 89.806249999999466, 24.643749999999415 ], [ 89.806249999999466, 24.631249999999419 ] ] } },
{ "type": "Feature", "properties": { "ARCID": 748373, "UP_CELLS": 1191, "region_id": "jamalpur", "region_name": "Jamalpur" }, "geometry": { "type": "LineString", "coordinates": [ [ 89.98541666666614, 24.747916666666086 ], [ 89.98541666666614, 24.731249999999413 ], [ 89.989583333332803, 24.72708333333275 ], [ 89.989583333332803, 24.702083333332752 ], [ 89.98541666666614, 24.697916666666082 ], [ 89.98541666666614, 24.693749999999419 ], [ 89.981249999999477, 24.689583333332749 ], [ 89.981249999999477, 24.685416666666086 ], [ 89.977083333332814, 24.681249999999416 ], [ 89.977083333332814, 24.677083333332753 ], [ 89.98541666666614, 24.66874999999942 ], [ 89.989583333332803, 24.66874999999942 ], [ 89.993749999999466, 24.66458333333275 ], [ 89.997916666666129, 24.66458333333275 ], [ 90.002083333332806, 24.660416666666087 ], [ 90.006249999999469, 24.660416666666087 ], [ 90.022916666666134, 24.643749999999415 ], [ 90.03124999999946, 24.643749999999415 ], [ 90.035416666666137, 24.639583333332752 ], [ 90.0395833333328, 24.639583333332752 ], [ 90.043749999999477, 24.635416666666082 ], [ 90.043749999999477, 24.631249999999419 ] ] } },
{ "type": "Feature", "properties": { "ARCID": 748374, "UP_CELLS": 287, "region_id": "jamalpur", "region_name": "Jamalpur" }, "geometry": { "type": "LineString", "coordinates": [ [ 90.064583333332806, 24.712499999999416 ], [ 90.064583333332806, 24.702083333332752 ], [ 90.077083333332808, 24.689583333332749 ], [ 90.077083333332808, 24.677083333332753 ], [ 90.068749999999469, 24.66874999999942 ], [ 90.068749999999469, 24.647916666666084 ], [ 90.060416666666129, 24.639583333332752 ], [ 90.056249999999466, 24.639583333332752 ], [ 90.04791666666614, 24.631249999999419 ], [ 90.043749999999477, 24.631249999999419 ] ] } },
{ "type": "Feature", "properties": { "ARCID": 748375, "UP_CELLS": 4247, "region_id": "sylhet", "region_name": "Sylhet" }, "geometry": { "type": "LineString", "coordinates": [ [ 92.085416666666106, 24.631249999999419 ], [ 92.085416666666106, 24.635416666666082 ], [ 92.06874999999944, 24.652083333332754 ] ] } },
{ "type": "Feature", "properties": { "ARCID": 748436, "UP_CELLS": 65791, "region_id": "sunamganj", "region_name": "Sunamganj" }, "geometry": { "type": "LineString", "coordinates": [ [ 91.08541666666612, 24.752083333332749 ], [ 91.081249999999443, 24.747916666666086 ], [ 91.081249999999443, 24.735416666666083 ], [ 91.072916666666117, 24.72708333333275 ], [ 91.099999999998872, 24.7 ] ] } },
{ "type": "Feature", "properties": { "ARCID": 748438, "UP_CELLS": 237, "region_id": "sylhet", "region_name": "Sylhet" }, "geometry": { "type": "LineString", "coordinates": [ [ 92.158333333332763, 24.627083333332749 ], [ 92.147916666666106, 24.627083333332749 ], [ 92.143749999999443, 24.631249999999419 ], [ 92.143749999999443, 24.635416666666082 ], [ 92.135416666666103, 24.643749999999415 ], [ 92.1229166666661, 24.643749999999415 ], [ 92.114583333332774, 24.652083333332754 ], [ 92.102083333332772, 24.652083333332754 ], [ 92.093749999999432, 24.660416666666087 ], [ 92.093749999999432, 24.66458333333275 ], [ 92.097916666666094, 24.66874999999942 ] ] } },
{ "type": "Feature", "properties": { "ARCID": 748497, "UP_CELLS": 4921, "region_id": "sylhet", "region_name": "Sylhet" }, "geometry": { "type": "LineString", "coordinates": [ [ 92.3104166666661, 24.622916666666086 ], [ 92.3104166666661, 24.635416666666082 ], [ 92.306249999999437, 24.639583333332752 ] ] } },
{ "type": "Feature", "properties": { "ARCID": 748563, "UP_CELLS": 2758577, "region_id": "jamalpur", "region_name": "Jamalpur" }, "geometry": { "type": "LineString", "coordinates": [ [ 89.806249999999466, 24.631249999999419 ], [ 89.806249999999466, 24.622916666666086 ], [ 89.802083333332803, 24.618749999999416 ] ] } },
{ "type": "Feature", "properties": { "ARCID": 748563, "UP_CELLS": 2758577, "region_id": "sirajganj", "region_name": "Sirajganj" }, "geometry": { "type": "LineString", "coordinates": [ [ 89.806249999999466, 24.631249999999419 ], [ 89.806249999999466, 24.622916666666086 ], [ 89.802083333332803, 24.618749999999416 ] ] } },
{ "type": "Feature", "properties": { "ARCID": 748564, "UP_CELLS": 144, "region_id": "sylhet", "region_name": "Sylhet" }, "geometry": { "type": "LineString", "coordinates": [ [ 91.662499999999454, 24.618749999999416 ], [ 91.668749999999449, 24.618749999999416 ], [ 91.672916666666111, 24.622916666666086 ], [ 91.672916666666111, 24.627083333332749 ], [ 91.677083333332774, 24.631249999999419 ], [ 91.677083333332774, 24.635416666666082 ] ] } },
{ "type": "Feature", "properties": { "ARCID": 748629, "UP_CELLS": 745, "region_id": "sirajganj", "region_name": "Sirajganj" }, "geometry": { "type": "LineString", "coordinates": [ [ 89.55624999999948, 24.693749999999419 ], [ 89.55624999999948, 24.635416666666082 ], [ 89.568749999999483, 24.622916666666086 ], [ 89.572916666666146, 24.622916666666086 ], [ 89.581249999999471, 24.614583333332753 ] ] } },
{ "type": "Feature", "properties": { "ARCID": 748630, "UP_CELLS": 174, "region_id": "sirajganj", "region_name": "Sirajganj" }, "geometry": { "type": "LineString", "coordinates": [ [ 89.616666666666134, 24.627083333332749 ], [ 89.602083333332814, 24.627083333332749 ], [ 89.597916666666151, 24.622916666666086 ], [ 89.585416666666134, 24.622916666666086 ], [ 89.585416666666134, 24.618749999999416 ], [ 89.581249999999471, 24.614583333332753 ] ] } },
{ "type": "Feature", "properties": { "ARCID": 748631, "UP_CELLS": 162, "region_id": "jamalpur", "region_name": "Jamalpur" }, "geometry": { "type": "LineString", "coordinates": [ [ 89.772916666666134, 24.612499999999422 ], [ 89.772916666666134, 24.618749999999416 ], [ 89.789583333332814, 24.635416666666082 ], [ 89.802083333332803, 24.622916666666086 ], [ 89.802083333332803, 24.618749999999416 ] ] } },
{ "type": "Feature", "properties": { "ARCID": 748631, "UP_CELLS": 162, "region_id": "sirajganj", "region_name": "Sirajganj" }, "geometry": { "type": "LineString", "coordinates": [ [ 89.772916666666134, 24.612499999999422 ], [ 89.772916666666134, 24.618749999999416 ], [ 89.789583333332814, 24.635416666666082 ], [ 89.802083333332803, 24.622916666666086 ], [ 89.802083333332803, 24.618749999999416 ] ] } },
{ "type": "Feature", "properties": { "ARCID": 748632, "UP_CELLS": 157421, "region_id": "sylhet", "region_name": "Sylhet" }, "geometry": { "type": "LineString", "coordinates": [ [ 91.793749999999449, 24.643749999999415 ], [ 91.785416666666109, 24.643749999999415 ], [ 91.781249999999432, 24.639583333332752 ], [ 91.781249999999432, 24.631249999999419 ], [ 91.76458333333278, 24.614583333332753 ] ] } },
{ "type": "Feature", "properties": { "ARCID": 748633, "UP_CELLS": 135, "region_id": "sylhet", "region_name": "Sylhet" }, "geometry": { "type": "LineString", "coordinates": [ [ 92.2791666666661, 24.614583333332753 ], [ 92.285416666666094, 24.614583333332753 ], [ 92.289583333332757, 24.618749999999416 ], [ 92.293749999999434, 24.618749999999416 ], [ 92.302083333332774, 24.627083333332749 ], [ 92.302083333332774, 24.631249999999419 ], [ 92.306249999999437, 24.635416666666082 ], [ 92.306249999999437, 24.639583333332752 ] ] } },
{ "type": "Feature", "properties": { "ARCID": 748634, "UP_CELLS": 143, "region_id": "sylhet", "region_name": "Sylhet" }, "geometry": { "type": "LineString", "coordinates": [ [ 92.333333333332774, 24.612499999999422 ], [ 92.327083333332766, 24.618749999999416 ], [ 92.318749999999426, 24.618749999999416 ], [ 92.314583333332763, 24.622916666666086 ], [ 92.3104166666661, 24.622916666666086 ] ] } },
{ "type": "Feature", "properties": { "ARCID": 748711, "UP_CELLS": 138, "region_id": "jamalpur", "region_name": "Jamalpur" }, "geometry": { "type": "LineString", "coordinates": [ [ 89.814583333332806, 24.608333333332752 ], [ 89.814583333332806, 24.631249999999419 ], [ 89.806249999999466, 24.631249999999419 ] ] } },
{ "type": "Feature", "properties": { "ARCID": 748711, "UP_CELLS": 138, "region_id": "sirajganj", "region_name": "Sirajganj" }, "geometry": { "type": "LineString", "coordinates": [ [ 89.814583333332806, 24.608333333332752 ], [ 89.814583333332806, 24.631249999999419 ], [ 89.806249999999466, 24.631249999999419 ] ] } },
{ "type": "Feature", "properties": { "ARCID": 748714, "UP_CELLS": 169, "region_id": "sylhet", "region_name": "Sylhet" }, "geometry": { "type": "LineString", "coordinates": [ [ 92.120833333332769, 24.610416666666083 ], [ 92.106249999999434, 24.610416666666083 ], [ 92.093749999999432, 24.622916666666086 ], [ 92.093749999999432, 24.627083333332749 ], [ 92.089583333332769, 24.631249999999419 ], [ 92.085416666666106, 24.631249999999419 ] ] } },
{ "type": "Feature", "properties": { "ARCID": 748778, "UP_CELLS": 181, "region_id": "jamalpur", "region_name": "Jamalpur" }, "geometry": { "type": "LineString", "coordinates": [ [ 90.12499999999946, 24.629166666666087 ], [ 90.139583333332808, 24.614583333332753 ], [ 90.152083333332797, 24.614583333332753 ], [ 90.160416666666137, 24.60624999999942 ], [ 90.17291666666614, 24.60624999999942 ] ] } },
{ "type": "Feature", "properties": { "ARCID": 748779, "UP_CELLS": 1016, "region_id": "jamalpur", "region_name": "Jamalpur" }, "geometry": { "type": "LineString", "coordinates": [ [ 90.135416666666146, 24.72291666666608 ], [ 90.139583333332808, 24.718749999999417 ], [ 90.143749999999471, 24.718749999999417 ], [ 90.152083333332797, 24.710416666666084 ], [ 90.152083333332797, 24.706249999999415 ], [ 90.147916666666134, 24.702083333332752 ], [ 90.147916666666134, 24.693749999999419 ], [ 90.152083333332797, 24.689583333332749 ], [ 90.160416666666137, 24.689583333332749 ], [ 90.1645833333328, 24.685416666666086 ], [ 90.1645833333328, 24.672916666666083 ], [ 90.160416666666137, 24.66874999999942 ], [ 90.160416666666137, 24.660416666666087 ], [ 90.177083333332803, 24.643749999999415 ], [ 90.177083333332803, 24.631249999999419 ], [ 90.17291666666614, 24.627083333332749 ], [ 90.17291666666614, 24.622916666666086 ], [ 90.168749999999477, 24.618749999999416 ], [ 90.168749999999477, 24.614583333332753 ], [ 90.17291666666614, 24.610416666666083 ], [ 90.17291666666614, 24.60624999999942 ] ] } },
{ "type": "Feature", "properties": { "ARCID": 748780, "UP_CELLS": 281, "region_id": "sylhet", "region_name": "Sylhet" }, "geometry": { "type": "LineString", "coordinates": [ [ 91.88958333333278, 24.604166666666089 ], [ 91.88958333333278, 24.618749999999416 ], [ 91.885416666666117, 24.622916666666086 ], [ 91.885416666666117, 24.635416666666082 ], [ 91.88124999999944, 24.639583333332752 ], [ 91.860416666666111, 24.639583333332752 ], [ 91.856249999999449, 24.643749999999415 ], [ 91.856249999999449, 24.647916666666084 ] ] } },
{ "type": "Feature", "properties": { "ARCID": 748781, "UP_CELLS": 1480, "region_id": "sylhet", "region_name": "Sylhet" }, "geometry": { "type": "LineString", "coordinates": [ [ 92.010416666666103, 24.60624999999942 ], [ 92.022916666666106, 24.618749999999416 ], [ 92.022916666666106, 24.622916666666086 ], [ 92.031249999999432, 24.622916666666086 ], [ 92.035416666666094, 24.627083333332749 ], [ 92.047916666666111, 24.627083333332749 ], [ 92.0604166666661, 24.639583333332752 ] ] } },
{ "type": "Feature", "properties": { "ARCID": 748782, "UP_CELLS": 2545, "region_id": "sylhet", "region_name": "Sylhet" }, "geometry": { "type": "LineString", "coordinates": [ [ 92.418749999999434, 24.60624999999942 ], [ 92.418749999999434, 24.618749999999416 ], [ 92.431249999999437, 24.631249999999419 ], [ 92.427083333332774, 24.635416666666082 ], [ 92.427083333332774, 24.639583333332752 ], [ 92.431249999999437, 24.643749999999415 ], [ 92.427083333332774, 24.647916666666084 ], [ 92.431249999999437, 24.652083333332754 ], [ 92.431249999999437, 24.697916666666082 ], [ 92.4354166666661, 24.702083333332752 ] ] } },
{ "type": "Feature", "properties": { "ARCID": 748849, "UP_CELLS": 1200, "region_id": "jamalpur", "region_name": "Jamalpur" }, "geometry": { "type": "LineString", "coordinates": [ [ 90.17291666666614, 24.60624999999942 ], [ 90.177083333332803, 24.60208333333275 ] ] } },
{ "type": "Feature", "properties": { "ARCID": 748854, "UP_CELLS": 180637, "region_id": "sylhet", "region_name": "Sylhet" }, "geometry": { "type": "LineString", "coordinates": [ [ 91.70208333333278, 24.60208333333275 ], [ 91.6854166666661, 24.618749999999416 ], [ 91.6854166666661, 24.622916666666086 ], [ 91.681249999999437, 24.627083333332749 ], [ 91.681249999999437, 24.631249999999419 ], [ 91.677083333332774, 24.635416666666082 ] ] } },
{ "type": "Feature", "properties": { "ARCID": 748855, "UP_CELLS": 231, "region_id": "sylhet", "region_name": "Sylhet" }, "geometry": { "type": "LineString", "coordinates": [ [ 91.737499999999443, 24.683333333332747 ], [ 91.727083333332786, 24.672916666666083 ], [ 91.727083333332786, 24.660416666666087 ], [ 91.743749999999437, 24.643749999999415 ], [ 91.743749999999437, 24.639583333332752 ], [ 91.7479166666661, 24.635416666666082 ], [ 91.7479166666661, 24.614583333332753 ], [ 91.739583333332774, 24.60624999999942 ], [ 91.739583333332774, 24.60208333333275 ] ] } },
{ "type": "Feature", "properties": { "ARCID": 748856, "UP_CELLS": 727, "region_id": "sylhet", "region_name": "Sylhet" }, "geometry": { "type": "LineString", "coordinates": [ [ 91.772916666666106, 24.60208333333275 ], [ 91.76458333333278, 24.610416666666083 ], [ 91.76458333333278, 24.614583333332753 ] ] } },
{ "type": "Feature", "properties": { "ARCID": 748857, "UP_CELLS": 113, "region_id": "sylhet", "region_name": "Sylhet" }, "geometry": { "type": "LineString", "coordinates": [ [ 91.987499999999443, 24.608333333332752 ], [ 91.993749999999437, 24.60208333333275 ], [ 91.9979166666661, 24.60624999999942 ], [ 92.010416666666103, 24.60624999999942 ] ] } },
{ "type": "Feature", "properties": { "ARCID": 748920, "UP_CELLS": 142, "region_id": "jamalpur", "region_name": "Jamalpur" }, "geometry": { "type": "LineString", "coordinates": [ [ 90.195833333332217, 24.6 ], [ 90.193749999999469, 24.60208333333275 ], [ 90.189583333332791, 24.60208333333275 ], [ 90.185416666666129, 24.60624999999942 ], [ 90.181249999999466, 24.60624999999942 ], [ 90.177083333332803, 24.60208333333275 ] ] } },
{ "type": "Feature", "properties": { "ARCID": 748921, "UP_CELLS": 176608, "region_id": "sylhet", "region_name": "Sylhet" }, "geometry": { "type": "LineString", "coordinates": [ [ 91.731249999999449, 24.597916666666087 ], [ 91.706249999999443, 24.597916666666087 ], [ 91.70208333333278, 24.60208333333275 ] ] } },
{ "type": "Feature", "properties": { "ARCID": 748922, "UP_CELLS": 158442, "region_id": "sylhet", "region_name": "Sylhet" }, "geometry": { "type": "LineString", "coordinates": [ [ 91.739583333332774, 24.60208333333275 ], [ 91.735416666666111, 24.60208333333275 ], [ 91.731249999999449, 24.597916666666087 ] ] } },
{ "type": "Feature", "properties": { "ARCID": 748923, "UP_CELLS": 158201, "region_id": "sylhet", "region_name": "Sylhet" }, "geometry": { "type": "LineString", "coordinates": [ [ 91.76458333333278, 24.614583333332753 ], [ 91.760416666666117, 24.614583333332753 ], [ 91.752083333332777, 24.60624999999942 ], [ 91.752083333332777, 24.60208333333275 ], [ 91.7479166666661, 24.597916666666087 ], [ 91.743749999999437, 24.597916666666087 ], [ 91.739583333332774, 24.60208333333275 ] ] } },
{ "type": "Feature", "properties": { "ARCID": 749051, "UP_CELLS": 1097, "region_id": "sylhet", "region_name": "Sylhet" }, "geometry": { "type": "LineString", "coordinates": [ [ 92.00624999999944, 24.589583333332754 ], [ 92.00624999999944, 24.60208333333275 ], [ 92.010416666666103, 24.60624999999942 ] ] } },
{ "type": "Feature", "properties": { "ARCID": 749052, "UP_CELLS": 597, "region_id": "sylhet", "region_name": "Sylhet" }, "geometry": { "type": "LineString", "coordinates": [ [ 92.456249999999429, 24.589583333332754 ], [ 92.452083333332766, 24.593749999999417 ], [ 92.452083333332766, 24.60208333333275 ], [ 92.456249999999429, 24.60624999999942 ], [ 92.456249999999429, 24.614583333332753 ], [ 92.452083333332766, 24.618749999999416 ], [ 92.452083333332766, 24.643749999999415 ], [ 92.456249999999429, 24.647916666666084 ] ] } },
{ "type": "Feature", "properties": { "ARCID": 749104, "UP_CELLS": 2174, "region_id": "sirajganj", "region_name": "Sirajganj" }, "geometry": { "type": "LineString", "coordinates": [ [ 89.4, 24.808333333332222 ], [ 89.402083333332811, 24.806249999999416 ], [ 89.406249999999488, 24.806249999999416 ], [ 89.406249999999488, 24.756249999999419 ], [ 89.402083333332811, 24.752083333332749 ], [ 89.402083333332811, 24.72291666666608 ], [ 89.406249999999488, 24.718749999999417 ], [ 89.406249999999488, 24.706249999999415 ], [ 89.410416666666151, 24.702083333332752 ], [ 89.410416666666151, 24.697916666666082 ], [ 89.414583333332814, 24.693749999999419 ], [ 89.414583333332814, 24.685416666666086 ], [ 89.42291666666614, 24.677083333332753 ], [ 89.42291666666614, 24.66874999999942 ], [ 89.427083333332803, 24.66458333333275 ], [ 89.427083333332803, 24.660416666666087 ], [ 89.435416666666157, 24.652083333332754 ], [ 89.435416666666157, 24.639583333332752 ], [ 89.447916666666146, 24.627083333332749 ], [ 89.452083333332808, 24.627083333332749 ], [ 89.456249999999471, 24.631249999999419 ], [ 89.460416666666148, 24.631249999999419 ], [ 89.464583333332811, 24.627083333332749 ], [ 89.464583333332811, 24.614583333332753 ], [ 89.477083333332814, 24.60208333333275 ], [ 89.477083333332814, 24.589583333332754 ], [ 89.481249999999477, 24.585416666666084 ], [ 89.48541666666614, 24.585416666666084 ] ] } },
{ "type": "Feature", "properties": { "ARCID": 749105, "UP_CELLS": 1341, "region_id": "sirajganj", "region_name": "Sirajganj" }, "geometry": { "type": "LineString", "coordinates": [ [ 89.489583333332803, 24.735416666666083 ], [ 89.48541666666614, 24.731249999999413 ], [ 89.48541666666614, 24.714583333332747 ], [ 89.489583333332803, 24.710416666666084 ], [ 89.489583333332803, 24.706249999999415 ], [ 89.497916666666143, 24.697916666666082 ], [ 89.497916666666143, 24.693749999999419 ], [ 89.49374999999948, 24.689583333332749 ], [ 89.49374999999948, 24.681249999999416 ], [ 89.497916666666143, 24.677083333332753 ], [ 89.497916666666143, 24.631249999999419 ], [ 89.49374999999948, 24.627083333332749 ], [ 89.49374999999948, 24.622916666666086 ], [ 89.48541666666614, 24.614583333332753 ], [ 89.48541666666614, 24.585416666666084 ] ] } },
{ "type": "Feature", "properties": { "ARCID": 749106, "UP_CELLS": 108, "region_id": "sirajganj", "region_name": "Sirajganj" }, "geometry": { "type": "LineString", "coordinates": [ [ 89.89166666666614, 24.595833333332749 ], [ 89.897916666666134, 24.589583333332754 ], [ 89.897916666666134, 24.585416666666084 ] ] } },
{ "type": "Feature", "properties": { "ARCID": 749107, "UP_CELLS": 809, "region_id": "jamalpur", "region_name": "Jamalpur" }, "geometry": { "type": "LineString", "coordinates": [ [ 89.918749999999477, 24.677083333332753 ], [ 89.92291666666614, 24.672916666666083 ], [ 89.92291666666614, 24.66874999999942 ], [ 89.927083333332803, 24.66458333333275 ], [ 89.927083333332803, 24.643749999999415 ], [ 89.92291666666614, 24.639583333332752 ], [ 89.92291666666614, 24.618749999999416 ], [ 89.927083333332803, 24.614583333332753 ], [ 89.927083333332803, 24.60624999999942 ], [ 89.920833333333391, 24.6 ] ] } },
{ "type": "Feature", "properties": { "ARCID": 749107, "UP_CELLS": 809, "region_id": "sirajganj", "region_name": "Sirajganj" }, "geometry": { "type": "LineString", "coordinates": [ [ 89.9, 24.585416666666084 ], [ 89.897916666666134, 24.585416666666084 ] ] } },
{ "type": "Feature", "properties": { "ARCID": 749108, "UP_CELLS": 177, "region_id": "sylhet", "region_name": "Sylhet" }, "geometry": { "type": "LineString", "coordinates": [ [ 92.491666666666106, 24.583333333332753 ], [ 92.48124999999942, 24.593749999999417 ], [ 92.477083333332757, 24.593749999999417 ], [ 92.472916666666094, 24.597916666666087 ], [ 92.468749999999432, 24.597916666666087 ], [ 92.464583333332769, 24.593749999999417 ], [ 92.460416666666106, 24.593749999999417 ], [ 92.456249999999429, 24.589583333332754 ] ] } },
{ "type": "Feature", "properties": { "ARCID": 749159, "UP_CELLS": 42631, "region_id": "sunamganj", "region_name": "Sunamganj" }, "geometry": { "type": "LineString", "coordinates": [ [ 90.9, 24.783333333332195 ], [ 90.914583333332786, 24.768749999999415 ], [ 90.914583333332786, 24.752083333332749 ], [ 90.947916666666117, 24.718749999999417 ], [ 90.947916666666117, 24.714583333332747 ], [ 90.95208333333278, 24.710416666666084 ], [ 90.95208333333278, 24.7 ] ] } },
{ "type": "Feature", "properties": { "ARCID": 749160, "UP_CELLS": 1604, "region_id": "sunamganj", "region_name": "Sunamganj" }, "geometry": { "type": "LineString", "coordinates": [ [ 90.939583333332791, 24.835416666666084 ], [ 90.943749999999454, 24.831249999999415 ], [ 90.943749999999454, 24.827083333332752 ], [ 90.939583333332791, 24.822916666666082 ], [ 90.939583333332791, 24.802083333332746 ], [ 90.943749999999454, 24.797916666666083 ], [ 90.947916666666117, 24.802083333332746 ], [ 90.96874999999946, 24.802083333332746 ], [ 90.985416666666111, 24.78541666666608 ], [ 90.985416666666111, 24.772916666666084 ], [ 91.002083333332791, 24.756249999999419 ], [ 91.002083333332791, 24.710416666666084 ], [ 91.01249999999888, 24.7 ] ] } },
{ "type": "Feature", "properties": { "ARCID": 749227, "UP_CELLS": 195, "region_id": "sylhet", "region_name": "Sylhet" }, "geometry": { "type": "LineString", "coordinates": [ [ 92.395833333332774, 24.57499999999942 ], [ 92.406249999999432, 24.585416666666084 ], [ 92.406249999999432, 24.597916666666087 ], [ 92.414583333332757, 24.60624999999942 ], [ 92.418749999999434, 24.60624999999942 ] ] } },
{ "type": "Feature", "properties": { "ARCID": 749440, "UP_CELLS": 1491, "region_id": "jamalpur", "region_name": "Jamalpur" }, "geometry": { "type": "LineString", "coordinates": [ [ 90.177083333332803, 24.60208333333275 ], [ 90.177083333332803, 24.6 ] ] } },
{ "type": "Feature", "properties": { "ARCID": 749557, "UP_CELLS": 2758853, "region_id": "jamalpur", "region_name": "Jamalpur" }, "geometry": { "type": "LineString", "coordinates": [ [ 89.802083333332803, 24.618749999999416 ], [ 89.802083333332803, 24.6 ] ] } },
{ "type": "Feature", "properties": { "ARCID": 749557, "UP_CELLS": 2758853, "region_id": "sirajganj", "region_name": "Sirajganj" }, "geometry": { "type": "LineString", "coordinates": [ [ 89.802083333332803, 24.618749999999416 ], [ 89.802083333332803, 24.568749999999419 ], [ 89.806249999999466, 24.564583333332756 ], [ 89.806249999999466, 24.560416666666086 ], [ 89.810416666666143, 24.556249999999416 ], [ 89.810416666666143, 24.552083333332753 ] ] } },
{ "type": "Feature", "properties": { "ARCID": 749558, "UP_CELLS": 171, "region_id": "sylhet", "region_name": "Sylhet" }, "geometry": { "type": "LineString", "coordinates": [ [ 91.633333333332786, 24.566666666666087 ], [ 91.647916666666106, 24.552083333332753 ], [ 91.668749999999449, 24.552083333332753 ] ] } },
{ "type": "Feature", "properties": { "ARCID": 749559, "UP_CELLS": 3925, "region_id": "sylhet", "region_name": "Sylhet" }, "geometry": { "type": "LineString", "coordinates": [ [ 91.668749999999449, 24.552083333332753 ], [ 91.689583333332777, 24.572916666666089 ], [ 91.6854166666661, 24.577083333332752 ], [ 91.6854166666661, 24.581249999999422 ], [ 91.70208333333278, 24.597916666666087 ], [ 91.70208333333278, 24.60208333333275 ] ] } },
{ "type": "Feature", "properties": { "ARCID": 749560, "UP_CELLS": 222, "region_id": "sylhet", "region_name": "Sylhet" }, "geometry": { "type": "LineString", "coordinates": [ [ 91.791666666666117, 24.552083333332753 ], [ 91.781249999999432, 24.552083333332753 ], [ 91.768749999999443, 24.564583333332756 ], [ 91.768749999999443, 24.568749999999419 ], [ 91.772916666666106, 24.572916666666089 ], [ 91.772916666666106, 24.577083333332752 ], [ 91.777083333332769, 24.581249999999422 ], [ 91.772916666666106, 24.585416666666084 ], [ 91.772916666666106, 24.60208333333275 ] ] } },
{ "type": "Feature", "properties": { "ARCID": 749561, "UP_CELLS": 497, "region_id": "sylhet", "region_name": "Sylhet" }, "geometry": { "type": "LineString", "coordinates": [ [ 91.891666666666111, 24.549999999999422 ], [ 91.88124999999944, 24.560416666666086 ], [ 91.877083333332777, 24.560416666666086 ], [ 91.8729166666661, 24.564583333332756 ], [ 91.864583333332774, 24.564583333332756 ], [ 91.860416666666111, 24.568749999999419 ], [ 91.860416666666111, 24.572916666666089 ], [ 91.852083333332772, 24.581249999999422 ], [ 91.839583333332769, 24.581249999999422 ], [ 91.835416666666106, 24.585416666666084 ], [ 91.831249999999443, 24.585416666666084 ], [ 91.82708333333278, 24.581249999999422 ], [ 91.81874999999944, 24.581249999999422 ], [ 91.802083333332774, 24.597916666666087 ], [ 91.793749999999449, 24.597916666666087 ], [ 91.789583333332786, 24.60208333333275 ], [ 91.772916666666106, 24.60208333333275 ] ] } },
{ "type": "Feature", "properties": { "ARCID": 749562, "UP_CELLS": 4042, "region_id": "sylhet", "region_name": "Sylhet" }, "geometry": { "type": "LineString", "coordinates": [ [ 92.13958333333278, 24.552083333332753 ], [ 92.13958333333278, 24.556249999999416 ], [ 92.131249999999426, 24.564583333332756 ], [ 92.131249999999426, 24.572916666666089 ], [ 92.118749999999437, 24.585416666666084 ], [ 92.110416666666111, 24.585416666666084 ], [ 92.102083333332772, 24.593749999999417 ], [ 92.089583333332769, 24.593749999999417 ], [ 92.085416666666106, 24.597916666666087 ], [ 92.085416666666106, 24.60208333333275 ], [ 92.089583333332769, 24.60624999999942 ], [ 92.089583333332769, 24.610416666666083 ], [ 92.085416666666106, 24.614583333332753 ], [ 92.085416666666106, 24.631249999999419 ] ] } },
{ "type": "Feature", "properties": { "ARCID": 749691, "UP_CELLS": 1801, "region_id": "jamalpur", "region_name": "Jamalpur" }, "geometry": { "type": "LineString", "coordinates": [ [ 90.043749999999477, 24.631249999999419 ], [ 90.04791666666614, 24.627083333332749 ], [ 90.04791666666614, 24.618749999999416 ], [ 90.056249999999466, 24.610416666666083 ], [ 90.056249999999466, 24.60624999999942 ], [ 90.060416666666129, 24.60208333333275 ], [ 90.060416666666129, 24.6 ] ] } },
{ "type": "Feature", "properties": { "ARCID": 749781, "UP_CELLS": 146, "region_id": "sylhet", "region_name": "Sylhet" }, "geometry": { "type": "LineString", "coordinates": [ [ 92.124999999999432, 24.537499999999419 ], [ 92.13958333333278, 24.552083333332753 ] ] } },
{ "type": "Feature", "properties": { "ARCID": 749782, "UP_CELLS": 2150, "region_id": "sylhet", "region_name": "Sylhet" }, "geometry": { "type": "LineString", "coordinates": [ [ 92.414583333332757, 24.53958333333275 ], [ 92.414583333332757, 24.54374999999942 ], [ 92.418749999999434, 24.547916666666083 ], [ 92.418749999999434, 24.552083333332753 ], [ 92.422916666666097, 24.556249999999416 ], [ 92.422916666666097, 24.568749999999419 ], [ 92.431249999999437, 24.577083333332752 ], [ 92.431249999999437, 24.581249999999422 ], [ 92.427083333332774, 24.585416666666084 ], [ 92.427083333332774, 24.60208333333275 ], [ 92.422916666666097, 24.60624999999942 ], [ 92.418749999999434, 24.60624999999942 ] ] } },
{ "type": "Feature", "properties": { "ARCID": 749849, "UP_CELLS": 3649, "region_id": "sylhet", "region_name": "Sylhet" }, "geometry": { "type": "LineString", "coordinates": [ [ 92.152083333332769, 24.535416666666087 ], [ 92.152083333332769, 24.54374999999942 ], [ 92.147916666666106, 24.547916666666083 ], [ 92.143749999999443, 24.547916666666083 ], [ 92.13958333333278, 24.552083333332753 ] ] } },
{ "type": "Feature", "properties": { "ARCID": 749955, "UP_CELLS": 229, "region_id": "sylhet", "region_name": "Sylhet" }, "geometry": { "type": "LineString", "coordinates": [ [ 92.01458333333278, 24.524999999999423 ], [ 92.01458333333278, 24.531249999999417 ], [ 92.022916666666106, 24.53958333333275 ], [ 92.027083333332769, 24.53958333333275 ], [ 92.031249999999432, 24.54374999999942 ], [ 92.031249999999432, 24.547916666666083 ], [ 92.027083333332769, 24.552083333332753 ], [ 92.027083333332769, 24.560416666666086 ], [ 92.031249999999432, 24.564583333332756 ], [ 92.00624999999944, 24.589583333332754 ] ] } },
{ "type": "Feature", "properties": { "ARCID": 749956, "UP_CELLS": 179, "region_id": "sylhet", "region_name": "Sylhet" }, "geometry": { "type": "LineString", "coordinates": [ [ 92.399999999999437, 24.527083333332754 ], [ 92.410416666666094, 24.527083333332754 ], [ 92.410416666666094, 24.535416666666087 ], [ 92.414583333332757, 24.53958333333275 ] ] } },
{ "type": "Feature", "properties": { "ARCID": 750006, "UP_CELLS": 937, "region_id": "sylhet", "region_name": "Sylhet" }, "geometry": { "type": "LineString", "coordinates": [ [ 92.1854166666661, 24.522916666666084 ], [ 92.181249999999437, 24.522916666666084 ], [ 92.172916666666111, 24.531249999999417 ], [ 92.168749999999434, 24.531249999999417 ], [ 92.164583333332772, 24.527083333332754 ], [ 92.156249999999432, 24.535416666666087 ], [ 92.152083333332769, 24.535416666666087 ] ] } },
{ "type": "Feature", "properties": { "ARCID": 750007, "UP_CELLS": 188, "region_id": "sylhet", "region_name": "Sylhet" }, "geometry": { "type": "LineString", "coordinates": [ [ 92.191666666666094, 24.554166666666084 ], [ 92.1854166666661, 24.547916666666083 ], [ 92.1854166666661, 24.522916666666084 ] ] } },
{ "type": "Feature", "properties": { "ARCID": 750201, "UP_CELLS": 322, "region_id": "sylhet", "region_name": "Sylhet" }, "geometry": { "type": "LineString", "coordinates": [ [ 92.462499999999437, 24.50833333333275 ], [ 92.456249999999429, 24.514583333332752 ], [ 92.443749999999426, 24.514583333332752 ], [ 92.439583333332763, 24.518749999999422 ], [ 92.439583333332763, 24.535416666666087 ], [ 92.443749999999426, 24.53958333333275 ], [ 92.443749999999426, 24.547916666666083 ], [ 92.447916666666089, 24.552083333332753 ], [ 92.447916666666089, 24.568749999999419 ], [ 92.456249999999429, 24.577083333332752 ], [ 92.456249999999429, 24.589583333332754 ] ] } },
{ "type": "Feature", "properties": { "ARCID": 750359, "UP_CELLS": 750, "region_id": "sirajganj", "region_name": "Sirajganj" }, "geometry": { "type": "LineString", "coordinates": [ [ 89.649999999999466, 24.687499999999417 ], [ 89.668749999999477, 24.66874999999942 ], [ 89.668749999999477, 24.66458333333275 ], [ 89.67291666666614, 24.660416666666087 ], [ 89.67291666666614, 24.656249999999417 ], [ 89.677083333332803, 24.652083333332754 ], [ 89.677083333332803, 24.643749999999415 ], [ 89.681249999999466, 24.639583333332752 ], [ 89.681249999999466, 24.635416666666082 ], [ 89.685416666666143, 24.631249999999419 ], [ 89.685416666666143, 24.622916666666086 ], [ 89.697916666666146, 24.610416666666083 ], [ 89.697916666666146, 24.597916666666087 ], [ 89.702083333332808, 24.593749999999417 ], [ 89.702083333332808, 24.535416666666087 ], [ 89.73541666666614, 24.502083333332756 ] ] } },
{ "type": "Feature", "properties": { "ARCID": 750360, "UP_CELLS": 280, "region_id": "sirajganj", "region_name": "Sirajganj" }, "geometry": { "type": "LineString", "coordinates": [ [ 89.729166666666146, 24.591666666666086 ], [ 89.743749999999466, 24.577083333332752 ], [ 89.743749999999466, 24.572916666666089 ], [ 89.752083333332806, 24.564583333332756 ], [ 89.752083333332806, 24.552083333332753 ], [ 89.756249999999483, 24.547916666666083 ], [ 89.756249999999483, 24.54374999999942 ], [ 89.760416666666146, 24.53958333333275 ], [ 89.760416666666146, 24.527083333332754 ], [ 89.752083333332806, 24.518749999999422 ], [ 89.747916666666143, 24.518749999999422 ], [ 89.739583333332803, 24.510416666666089 ], [ 89.739583333332803, 24.506249999999419 ], [ 89.73541666666614, 24.502083333332756 ] ] } },
{ "type": "Feature", "properties": { "ARCID": 750364, "UP_CELLS": 855, "region_id": "sylhet", "region_name": "Sylhet" }, "geometry": { "type": "LineString", "coordinates": [ [ 91.993749999999437, 24.502083333332756 ], [ 91.989583333332774, 24.506249999999419 ], [ 91.985416666666111, 24.506249999999419 ], [ 91.981249999999449, 24.510416666666089 ], [ 91.981249999999449, 24.531249999999417 ], [ 91.989583333332774, 24.53958333333275 ], [ 91.993749999999437, 24.53958333333275 ], [ 91.9979166666661, 24.54374999999942 ], [ 91.9979166666661, 24.552083333332753 ], [ 92.002083333332763, 24.556249999999416 ], [ 92.002083333332763, 24.585416666666084 ], [ 92.00624999999944, 24.589583333332754 ] ] } },
{ "type": "Feature", "properties": { "ARCID": 750365, "UP_CELLS": 704, "region_id": "sylhet", "region_name": "Sylhet" }, "geometry": { "type": "LineString", "coordinates": [ [ 92.218749999999432, 24.502083333332756 ], [ 92.214583333332769, 24.502083333332756 ], [ 92.210416666666106, 24.506249999999419 ], [ 92.202083333332766, 24.506249999999419 ], [ 92.1854166666661, 24.522916666666084 ] ] } },
{ "type": "Feature", "properties": { "ARCID": 750366, "UP_CELLS": 287, "region_id": "sylhet", "region_name": "Sylhet" }, "geometry": { "type": "LineString", "coordinates": [ [ 92.241666666666106, 24.529166666666086 ], [ 92.235416666666111, 24.522916666666084 ], [ 92.235416666666111, 24.518749999999422 ], [ 92.239583333332774, 24.514583333332752 ], [ 92.235416666666111, 24.510416666666089 ], [ 92.231249999999434, 24.510416666666089 ], [ 92.227083333332772, 24.506249999999419 ], [ 92.222916666666094, 24.506249999999419 ], [ 92.218749999999432, 24.502083333332756 ] ] } },
{ "type": "Feature", "properties": { "ARCID": 750438, "UP_CELLS": 296, "region_id": "sylhet", "region_name": "Sylhet" }, "geometry": { "type": "LineString", "coordinates": [ [ 92.22083333333218, 24.5 ], [ 92.218749999999432, 24.502083333332756 ] ] } },
{ "type": "Feature", "properties": { "ARCID": 750502, "UP_CELLS": 400, "region_id": "sylhet", "region_name": "Sylhet" }, "geometry": { "type": "LineString", "coordinates": [ [ 92.047916666666111, 24.5 ], [ 92.047916666666111, 24.506249999999419 ], [ 92.039583333332772, 24.514583333332752 ], [ 92.039583333332772, 24.518749999999422 ], [ 92.06874999999944, 24.547916666666083 ], [ 92.06874999999944, 24.568749999999419 ], [ 92.07708333333278, 24.577083333332752 ], [ 92.07708333333278, 24.585416666666084 ], [ 92.081249999999443, 24.589583333332754 ], [ 92.06874999999944, 24.60208333333275 ], [ 92.06874999999944, 24.610416666666083 ], [ 92.064583333332763, 24.614583333332753 ], [ 92.064583333332763, 24.635416666666082 ], [ 92.0604166666661, 24.639583333332752 ] ] } },
{ "type": "Feature", "properties": { "ARCID": 750567, "UP_CELLS": 117, "region_id": "sylhet", "region_name": "Sylhet" }, "geometry": { "type": "LineString", "coordinates": [ [ 91.991666666666688, 24.5 ], [ 91.993749999999437, 24.502083333332756 ] ] } },
{ "type": "Feature", "properties": { "ARCID": 750630, "UP_CELLS": 155, "region_id": "sirajganj", "region_name": "Sirajganj" }, "geometry": { "type": "LineString", "coordinates": [ [ 89.512499999999477, 24.48541666666609 ], [ 89.527083333332811, 24.48541666666609 ] ] } },
{ "type": "Feature", "properties": { "ARCID": 750631, "UP_CELLS": 4025, "region_id": "sirajganj", "region_name": "Sirajganj" }, "geometry": { "type": "LineString", "coordinates": [ [ 89.48541666666614, 24.585416666666084 ], [ 89.48541666666614, 24.581249999999422 ], [ 89.49374999999948, 24.572916666666089 ], [ 89.49374999999948, 24.560416666666086 ], [ 89.497916666666143, 24.556249999999416 ], [ 89.514583333332808, 24.556249999999416 ], [ 89.522916666666148, 24.547916666666083 ], [ 89.522916666666148, 24.53958333333275 ], [ 89.531249999999488, 24.531249999999417 ], [ 89.531249999999488, 24.527083333332754 ], [ 89.527083333332811, 24.522916666666084 ], [ 89.527083333332811, 24.514583333332752 ], [ 89.522916666666148, 24.510416666666089 ], [ 89.522916666666148, 24.489583333332753 ], [ 89.527083333332811, 24.48541666666609 ] ] } },
{ "type": "Feature", "properties": { "ARCID": 750633, "UP_CELLS": 18102, "region_id": "sylhet", "region_name": "Sylhet" }, "geometry": { "type": "LineString", "coordinates": [ [ 91.741666666665523, 24.5 ], [ 91.731249999999449, 24.510416666666089 ], [ 91.731249999999449, 24.518749999999422 ], [ 91.735416666666111, 24.522916666666084 ], [ 91.735416666666111, 24.535416666666087 ], [ 91.739583333332774, 24.53958333333275 ], [ 91.739583333332774, 24.54374999999942 ], [ 91.731249999999449, 24.552083333332753 ], [ 91.731249999999449, 24.556249999999416 ], [ 91.735416666666111, 24.560416666666086 ], [ 91.722916666666109, 24.572916666666089 ], [ 91.727083333332786, 24.577083333332752 ], [ 91.727083333332786, 24.581249999999422 ], [ 91.735416666666111, 24.589583333332754 ], [ 91.735416666666111, 24.597916666666087 ], [ 91.731249999999449, 24.597916666666087 ] ] } },
{ "type": "Feature", "properties": { "ARCID": 750634, "UP_CELLS": 2658, "region_id": "sylhet", "region_name": "Sylhet" }, "geometry": { "type": "LineString", "coordinates": [ [ 92.143749999999443, 24.5 ], [ 92.143749999999443, 24.522916666666084 ], [ 92.152083333332769, 24.531249999999417 ], [ 92.152083333332769, 24.535416666666087 ] ] } },
{ "type": "Feature", "properties": { "ARCID": 750697, "UP_CELLS": 3656, "region_id": "sylhet", "region_name": "Sylhet" }, "geometry": { "type": "LineString", "coordinates": [ [ 91.652083333332769, 24.5 ], [ 91.652083333332769, 24.502083333332756 ], [ 91.647916666666106, 24.506249999999419 ], [ 91.647916666666106, 24.514583333332752 ], [ 91.652083333332769, 24.518749999999422 ], [ 91.652083333332769, 24.527083333332754 ], [ 91.668749999999449, 24.54374999999942 ], [ 91.668749999999449, 24.552083333332753 ] ] } },
{ "type": "Feature", "properties": { "ARCID": 750831, "UP_CELLS": 286, "region_id": "sirajganj", "region_name": "Sirajganj" }, "geometry": { "type": "LineString", "coordinates": [ [ 89.818749999999483, 24.470833333332756 ], [ 89.818749999999483, 24.48124999999942 ], [ 89.822916666666146, 24.48541666666609 ], [ 89.822916666666146, 24.531249999999417 ], [ 89.827083333332808, 24.535416666666087 ], [ 89.827083333332808, 24.547916666666083 ], [ 89.822916666666146, 24.552083333332753 ], [ 89.810416666666143, 24.552083333332753 ] ] } },
{ "type": "Feature", "properties": { "ARCID": 750891, "UP_CELLS": 1431, "region_id": "sirajganj", "region_name": "Sirajganj" }, "geometry": { "type": "LineString", "coordinates": [ [ 89.897916666666134, 24.585416666666084 ], [ 89.889583333332808, 24.577083333332752 ], [ 89.889583333332808, 24.564583333332756 ], [ 89.885416666666146, 24.560416666666086 ], [ 89.885416666666146, 24.556249999999416 ], [ 89.889583333332808, 24.552083333332753 ], [ 89.885416666666146, 24.547916666666083 ], [ 89.885416666666146, 24.510416666666089 ], [ 89.889583333332808, 24.506249999999419 ], [ 89.889583333332808, 24.493749999999423 ], [ 89.9, 24.483333333332226 ] ] } },
{ "type": "Feature", "properties": { "ARCID": 750944, "UP_CELLS": 434, "region_id": "sirajganj", "region_name": "Sirajganj" }, "geometry": { "type": "MultiLineString", "coordinates": [ [ [ 89.404166666666157, 24.566666666666087 ], [ 89.4, 24.5625 ] ], [ [ 89.4, 24.533333333332227 ], [ 89.402083333332811, 24.531249999999417 ], [ 89.402083333332811, 24.527083333332754 ], [ 89.418749999999477, 24.510416666666089 ], [ 89.418749999999477, 24.506249999999419 ], [ 89.42291666666614, 24.502083333332756 ], [ 89.42291666666614, 24.493749999999423 ], [ 89.418749999999477, 24.493749999999423 ], [ 89.414583333332814, 24.489583333332753 ], [ 89.414583333332814, 24.48541666666609 ], [ 89.406249999999488, 24.477083333332757 ], [ 89.406249999999488, 24.464583333332754 ] ] ] } },
{ "type": "Feature", "properties": { "ARCID": 750945, "UP_CELLS": 117, "region_id": "sirajganj", "region_name": "Sirajganj" }, "geometry": { "type": "LineString", "coordinates": [ [ 89.429166666666148, 24.479166666666089 ], [ 89.42291666666614, 24.472916666666087 ], [ 89.418749999999477, 24.472916666666087 ], [ 89.410416666666151, 24.464583333332754 ], [ 89.406249999999488, 24.464583333332754 ] ] } },
{ "type": "Feature", "properties": { "ARCID": 751012, "UP_CELLS": 1869, "region_id": "sylhet", "region_name": "Sylhet" }, "geometry": { "type": "LineString", "coordinates": [ [ 92.4354166666661, 24.5 ], [ 92.4354166666661, 24.506249999999419 ], [ 92.427083333332774, 24.514583333332752 ], [ 92.422916666666097, 24.514583333332752 ], [ 92.418749999999434, 24.518749999999422 ], [ 92.418749999999434, 24.535416666666087 ], [ 92.414583333332757, 24.53958333333275 ] ] } },
{ "type": "Feature", "properties": { "ARCID": 751080, "UP_CELLS": 4291, "region_id": "sirajganj", "region_name": "Sirajganj" }, "geometry": { "type": "LineString", "coordinates": [ [ 89.527083333332811, 24.48541666666609 ], [ 89.54791666666614, 24.464583333332754 ], [ 89.54791666666614, 24.456249999999422 ] ] } },
{ "type": "Feature", "properties": { "ARCID": 751081, "UP_CELLS": 290, "region_id": "sirajganj", "region_name": "Sirajganj" }, "geometry": { "type": "LineString", "coordinates": [ [ 89.679166666666134, 24.499999999999417 ], [ 89.685416666666143, 24.493749999999423 ], [ 89.685416666666143, 24.477083333332757 ], [ 89.677083333332803, 24.468749999999417 ], [ 89.677083333332803, 24.464583333332754 ], [ 89.67291666666614, 24.460416666666084 ], [ 89.660416666666151, 24.460416666666084 ], [ 89.656249999999474, 24.456249999999422 ], [ 89.652083333332811, 24.456249999999422 ] ] } },
{ "type": "Feature", "properties": { "ARCID": 751147, "UP_CELLS": 106, "region_id": "sirajganj", "region_name": "Sirajganj" }, "geometry": { "type": "LineString", "coordinates": [ [ 89.541666666666146, 24.44999999999942 ], [ 89.54791666666614, 24.456249999999422 ] ] } },
{ "type": "Feature", "properties": { "ARCID": 751148, "UP_CELLS": 1698, "region_id": "sirajganj", "region_name": "Sirajganj" }, "geometry": { "type": "LineString", "coordinates": [ [ 89.581249999999471, 24.614583333332753 ], [ 89.585416666666134, 24.610416666666083 ], [ 89.585416666666134, 24.60208333333275 ], [ 89.602083333332814, 24.585416666666084 ], [ 89.602083333332814, 24.572916666666089 ], [ 89.597916666666151, 24.568749999999419 ], [ 89.597916666666151, 24.53958333333275 ], [ 89.602083333332814, 24.535416666666087 ], [ 89.602083333332814, 24.522916666666084 ], [ 89.606249999999477, 24.518749999999422 ], [ 89.606249999999477, 24.514583333332752 ], [ 89.61041666666614, 24.510416666666089 ], [ 89.61041666666614, 24.502083333332756 ], [ 89.614583333332803, 24.497916666666086 ], [ 89.614583333332803, 24.452083333332752 ] ] } },
{ "type": "Feature", "properties": { "ARCID": 751149, "UP_CELLS": 505, "region_id": "sirajganj", "region_name": "Sirajganj" }, "geometry": { "type": "LineString", "coordinates": [ [ 89.652083333332811, 24.456249999999422 ], [ 89.631249999999483, 24.456249999999422 ], [ 89.62708333333282, 24.452083333332752 ], [ 89.614583333332803, 24.452083333332752 ] ] } },
{ "type": "Feature", "properties": { "ARCID": 751205, "UP_CELLS": 265, "region_id": "sirajganj", "region_name": "Sirajganj" }, "geometry": { "type": "LineString", "coordinates": [ [ 89.724999999999483, 24.466666666666086 ], [ 89.739583333332803, 24.452083333332752 ], [ 89.752083333332806, 24.452083333332752 ], [ 89.756249999999483, 24.447916666666089 ], [ 89.760416666666146, 24.447916666666089 ] ] } },
{ "type": "Feature", "properties": { "ARCID": 751206, "UP_CELLS": 1117, "region_id": "sirajganj", "region_name": "Sirajganj" }, "geometry": { "type": "LineString", "coordinates": [ [ 89.73541666666614, 24.502083333332756 ], [ 89.760416666666146, 24.477083333332757 ], [ 89.760416666666146, 24.447916666666089 ] ] } },
{ "type": "Feature", "properties": { "ARCID": 751425, "UP_CELLS": 140, "region_id": "sirajganj", "region_name": "Sirajganj" }, "geometry": { "type": "LineString", "coordinates": [ [ 89.670833333332808, 24.433333333332754 ], [ 89.656249999999474, 24.447916666666089 ], [ 89.656249999999474, 24.452083333332752 ], [ 89.652083333332811, 24.456249999999422 ] ] } },
{ "type": "Feature", "properties": { "ARCID": 751562, "UP_CELLS": 4543, "region_id": "sirajganj", "region_name": "Sirajganj" }, "geometry": { "type": "LineString", "coordinates": [ [ 89.54791666666614, 24.456249999999422 ], [ 89.552083333332803, 24.452083333332752 ], [ 89.560416666666143, 24.452083333332752 ], [ 89.56458333333282, 24.447916666666089 ], [ 89.568749999999483, 24.447916666666089 ], [ 89.577083333332808, 24.439583333332756 ], [ 89.581249999999471, 24.439583333332756 ], [ 89.589583333332811, 24.431249999999423 ], [ 89.589583333332811, 24.427083333332753 ] ] } },
{ "type": "Feature", "properties": { "ARCID": 751563, "UP_CELLS": 2308, "region_id": "sirajganj", "region_name": "Sirajganj" }, "geometry": { "type": "LineString", "coordinates": [ [ 89.614583333332803, 24.452083333332752 ], [ 89.597916666666151, 24.435416666666086 ], [ 89.597916666666151, 24.431249999999423 ], [ 89.593749999999474, 24.427083333332753 ], [ 89.589583333332811, 24.427083333332753 ] ] } },
{ "type": "Feature", "properties": { "ARCID": 751565, "UP_CELLS": 386, "region_id": "sylhet", "region_name": "Sylhet" }, "geometry": { "type": "LineString", "coordinates": [ [ 91.999999999998863, 24.5 ], [ 91.9979166666661, 24.502083333332756 ], [ 91.993749999999437, 24.502083333332756 ] ] } },
{ "type": "Feature", "properties": { "ARCID": 751567, "UP_CELLS": 4756, "region_id": "sylhet", "region_name": "Sylhet" }, "geometry": { "type": "LineString", "coordinates": [ [ 92.325, 24.5 ], [ 92.331249999999443, 24.506249999999419 ], [ 92.331249999999443, 24.535416666666087 ], [ 92.327083333332766, 24.53958333333275 ], [ 92.327083333332766, 24.560416666666086 ], [ 92.314583333332763, 24.572916666666089 ], [ 92.3104166666661, 24.572916666666089 ], [ 92.302083333332774, 24.581249999999422 ], [ 92.302083333332774, 24.585416666666084 ], [ 92.306249999999437, 24.589583333332754 ], [ 92.306249999999437, 24.593749999999417 ], [ 92.3104166666661, 24.597916666666087 ], [ 92.3104166666661, 24.622916666666086 ] ] } },
{ "type": "Feature", "properties": { "ARCID": 752023, "UP_CELLS": 762, "region_id": "sirajganj", "region_name": "Sirajganj" }, "geometry": { "type": "MultiLineString", "coordinates": [ [ [ 89.406249999999488, 24.464583333332754 ], [ 89.4, 24.458333333333275 ] ], [ [ 89.4, 24.445833333332228 ], [ 89.402083333332811, 24.443749999999419 ], [ 89.4, 24.441666666666613 ] ] ] } },
{ "type": "Feature", "properties": { "ARCID": 752085, "UP_CELLS": 157, "region_id": "sirajganj", "region_name": "Sirajganj" }, "geometry": { "type": "LineString", "coordinates": [ [ 89.558333333332811, 24.39166666666609 ], [ 89.56458333333282, 24.397916666666092 ], [ 89.568749999999483, 24.397916666666092 ], [ 89.572916666666146, 24.393749999999422 ], [ 89.589583333332811, 24.393749999999422 ] ] } },
{ "type": "Feature", "properties": { "ARCID": 752086, "UP_CELLS": 6915, "region_id": "sirajganj", "region_name": "Sirajganj" }, "geometry": { "type": "LineString", "coordinates": [ [ 89.589583333332811, 24.427083333332753 ], [ 89.589583333332811, 24.410416666666087 ], [ 89.585416666666134, 24.406249999999424 ], [ 89.589583333332811, 24.402083333332754 ], [ 89.589583333332811, 24.393749999999422 ] ] } },
{ "type": "Feature", "properties": { "ARCID": 752511, "UP_CELLS": 2759551, "region_id": "sirajganj", "region_name": "Sirajganj" }, "geometry": { "type": "LineString", "coordinates": [ [ 89.810416666666143, 24.552083333332753 ], [ 89.810416666666143, 24.531249999999417 ], [ 89.789583333332814, 24.510416666666089 ], [ 89.789583333332814, 24.506249999999419 ], [ 89.785416666666151, 24.502083333332756 ], [ 89.785416666666151, 24.493749999999423 ], [ 89.781249999999474, 24.489583333332753 ], [ 89.781249999999474, 24.447916666666089 ], [ 89.789583333332814, 24.439583333332756 ], [ 89.789583333332814, 24.435416666666086 ], [ 89.793749999999477, 24.431249999999423 ], [ 89.793749999999477, 24.368749999999423 ] ] } },
{ "type": "Feature", "properties": { "ARCID": 752512, "UP_CELLS": 341, "region_id": "sirajganj", "region_name": "Sirajganj" }, "geometry": { "type": "LineString", "coordinates": [ [ 89.868749999999466, 24.424999999999422 ], [ 89.868749999999466, 24.402083333332754 ], [ 89.86041666666614, 24.393749999999422 ], [ 89.86041666666614, 24.389583333332759 ], [ 89.852083333332814, 24.381249999999419 ], [ 89.847916666666137, 24.381249999999419 ], [ 89.843749999999474, 24.377083333332756 ], [ 89.827083333332808, 24.377083333332756 ], [ 89.818749999999483, 24.385416666666089 ], [ 89.802083333332803, 24.385416666666089 ], [ 89.802083333332803, 24.372916666666086 ], [ 89.79791666666614, 24.368749999999423 ], [ 89.793749999999477, 24.368749999999423 ] ] } },
{ "type": "Feature", "properties": { "ARCID": 752859, "UP_CELLS": 7319, "region_id": "sirajganj", "region_name": "Sirajganj" }, "geometry": { "type": "LineString", "coordinates": [ [ 89.589583333332811, 24.393749999999422 ], [ 89.593749999999474, 24.389583333332759 ], [ 89.593749999999474, 24.368749999999423 ], [ 89.581249999999471, 24.35624999999942 ], [ 89.585416666666134, 24.352083333332757 ], [ 89.585416666666134, 24.347916666666087 ] ] } },
{ "type": "Feature", "properties": { "ARCID": 753026, "UP_CELLS": 139, "region_id": "sirajganj", "region_name": "Sirajganj" }, "geometry": { "type": "LineString", "coordinates": [ [ 89.435416666666157, 24.362499999999422 ], [ 89.435416666666157, 24.35624999999942 ], [ 89.43958333333282, 24.352083333332757 ], [ 89.43958333333282, 24.347916666666087 ], [ 89.447916666666146, 24.339583333332754 ], [ 89.452083333332808, 24.339583333332754 ] ] } },
{ "type": "Feature", "properties": { "ARCID": 753027, "UP_CELLS": 391, "region_id": "sirajganj", "region_name": "Sirajganj" }, "geometry": { "type": "LineString", "coordinates": [ [ 89.466666666666143, 24.429166666666092 ], [ 89.472916666666151, 24.42291666666609 ], [ 89.477083333332814, 24.42291666666609 ], [ 89.481249999999477, 24.41874999999942 ], [ 89.481249999999477, 24.414583333332757 ], [ 89.48541666666614, 24.410416666666087 ], [ 89.48541666666614, 24.406249999999424 ], [ 89.49374999999948, 24.397916666666092 ], [ 89.49374999999948, 24.393749999999422 ], [ 89.506249999999483, 24.381249999999419 ], [ 89.506249999999483, 24.377083333332756 ], [ 89.50208333333282, 24.372916666666086 ], [ 89.50208333333282, 24.368749999999423 ], [ 89.497916666666143, 24.364583333332753 ], [ 89.481249999999477, 24.364583333332753 ], [ 89.464583333332811, 24.347916666666087 ], [ 89.460416666666148, 24.347916666666087 ], [ 89.452083333332808, 24.339583333332754 ] ] } },
{ "type": "Feature", "properties": { "ARCID": 753102, "UP_CELLS": 1685, "region_id": "sirajganj", "region_name": "Sirajganj" }, "geometry": { "type": "LineString", "coordinates": [ [ 89.760416666666146, 24.447916666666089 ], [ 89.760416666666146, 24.385416666666089 ], [ 89.772916666666134, 24.372916666666086 ], [ 89.772916666666134, 24.368749999999423 ], [ 89.777083333332797, 24.364583333332753 ], [ 89.777083333332797, 24.35624999999942 ], [ 89.781249999999474, 24.352083333332757 ], [ 89.781249999999474, 24.343749999999424 ], [ 89.785416666666151, 24.339583333332754 ], [ 89.785416666666151, 24.335416666666092 ] ] } },
{ "type": "Feature", "properties": { "ARCID": 753103, "UP_CELLS": 2759955, "region_id": "sirajganj", "region_name": "Sirajganj" }, "geometry": { "type": "LineString", "coordinates": [ [ 89.793749999999477, 24.368749999999423 ], [ 89.793749999999477, 24.36041666666609 ], [ 89.789583333332814, 24.35624999999942 ], [ 89.789583333332814, 24.339583333332754 ], [ 89.785416666666151, 24.335416666666092 ] ] } },
{ "type": "Feature", "properties": { "ARCID": 753224, "UP_CELLS": 338, "region_id": "sirajganj", "region_name": "Sirajganj" }, "geometry": { "type": "LineString", "coordinates": [ [ 89.695833333332814, 24.362499999999422 ], [ 89.689583333332806, 24.35624999999942 ], [ 89.685416666666143, 24.35624999999942 ], [ 89.677083333332803, 24.347916666666087 ], [ 89.677083333332803, 24.339583333332754 ], [ 89.67291666666614, 24.335416666666092 ], [ 89.668749999999477, 24.335416666666092 ], [ 89.660416666666151, 24.327083333332759 ], [ 89.639583333332808, 24.327083333332759 ], [ 89.635416666666146, 24.331249999999422 ], [ 89.61874999999948, 24.331249999999422 ], [ 89.614583333332803, 24.335416666666092 ], [ 89.606249999999477, 24.335416666666092 ], [ 89.602083333332814, 24.331249999999422 ], [ 89.597916666666151, 24.331249999999422 ], [ 89.593749999999474, 24.335416666666092 ], [ 89.597916666666151, 24.339583333332754 ], [ 89.597916666666151, 24.343749999999424 ], [ 89.593749999999474, 24.347916666666087 ], [ 89.585416666666134, 24.347916666666087 ] ] } },
{ "type": "Feature", "properties": { "ARCID": 753783, "UP_CELLS": 227, "region_id": "sirajganj", "region_name": "Sirajganj" }, "geometry": { "type": "LineString", "coordinates": [ [ 89.839583333332797, 24.32499999999942 ], [ 89.839583333332797, 24.314583333332756 ], [ 89.835416666666134, 24.310416666666093 ], [ 89.835416666666134, 24.306249999999423 ], [ 89.831249999999471, 24.30208333333276 ], [ 89.831249999999471, 24.29791666666609 ], [ 89.827083333332808, 24.29374999999942 ] ] } },
{ "type": "Feature", "properties": { "ARCID": 753853, "UP_CELLS": 102, "region_id": "sirajganj", "region_name": "Sirajganj" }, "geometry": { "type": "LineString", "coordinates": [ [ 89.837499999999466, 24.289583333332757 ], [ 89.831249999999471, 24.289583333332757 ], [ 89.827083333332808, 24.29374999999942 ] ] } },
{ "type": "Feature", "properties": { "ARCID": 754334, "UP_CELLS": 464, "region_id": "sirajganj", "region_name": "Sirajganj" }, "geometry": { "type": "LineString", "coordinates": [ [ 89.827083333332808, 24.29374999999942 ], [ 89.822916666666146, 24.289583333332757 ], [ 89.822916666666146, 24.285416666666087 ], [ 89.827083333332808, 24.281249999999424 ], [ 89.827083333332808, 24.268749999999422 ], [ 89.822916666666146, 24.264583333332759 ], [ 89.818749999999483, 24.264583333332759 ], [ 89.814583333332806, 24.268749999999422 ], [ 89.810416666666143, 24.268749999999422 ], [ 89.806249999999466, 24.264583333332759 ], [ 89.802083333332803, 24.264583333332759 ], [ 89.79791666666614, 24.268749999999422 ], [ 89.789583333332814, 24.268749999999422 ], [ 89.781249999999474, 24.260416666666089 ] ] } },
{ "type": "Feature", "properties": { "ARCID": 754470, "UP_CELLS": 112, "region_id": "sirajganj", "region_name": "Sirajganj" }, "geometry": { "type": "LineString", "coordinates": [ [ 89.795833333332808, 24.249999999999424 ], [ 89.785416666666151, 24.260416666666089 ], [ 89.781249999999474, 24.260416666666089 ] ] } },
{ "type": "Feature", "properties": { "ARCID": 754732, "UP_CELLS": 72532, "region_id": "sirajganj", "region_name": "Sirajganj" }, "geometry": { "type": "LineString", "coordinates": [ [ 89.4, 24.23541666666609 ], [ 89.410416666666151, 24.23541666666609 ] ] } },
{ "type": "Feature", "properties": { "ARCID": 754733, "UP_CELLS": 965, "region_id": "sirajganj", "region_name": "Sirajganj" }, "geometry": { "type": "LineString", "coordinates": [ [ 89.452083333332808, 24.339583333332754 ], [ 89.452083333332808, 24.318749999999426 ], [ 89.447916666666146, 24.314583333332756 ], [ 89.447916666666146, 24.306249999999423 ], [ 89.443749999999483, 24.30208333333276 ], [ 89.443749999999483, 24.29791666666609 ], [ 89.43958333333282, 24.29374999999942 ], [ 89.43958333333282, 24.289583333332757 ], [ 89.43124999999948, 24.281249999999424 ], [ 89.427083333332803, 24.281249999999424 ], [ 89.42291666666614, 24.277083333332754 ], [ 89.418749999999477, 24.277083333332754 ], [ 89.410416666666151, 24.268749999999422 ], [ 89.410416666666151, 24.256249999999426 ], [ 89.406249999999488, 24.252083333332756 ], [ 89.406249999999488, 24.243749999999423 ], [ 89.410416666666151, 24.23958333333276 ], [ 89.410416666666151, 24.23541666666609 ] ] } },
{ "type": "Feature", "properties": { "ARCID": 754734, "UP_CELLS": 2761823, "region_id": "sirajganj", "region_name": "Sirajganj" }, "geometry": { "type": "LineString", "coordinates": [ [ 89.785416666666151, 24.335416666666092 ], [ 89.764583333332808, 24.314583333332756 ], [ 89.764583333332808, 24.306249999999423 ], [ 89.760416666666146, 24.30208333333276 ], [ 89.760416666666146, 24.29791666666609 ], [ 89.756249999999483, 24.29374999999942 ], [ 89.756249999999483, 24.23541666666609 ] ] } },
{ "type": "Feature", "properties": { "ARCID": 754735, "UP_CELLS": 651, "region_id": "sirajganj", "region_name": "Sirajganj" }, "geometry": { "type": "LineString", "coordinates": [ [ 89.781249999999474, 24.260416666666089 ], [ 89.777083333332797, 24.256249999999426 ], [ 89.777083333332797, 24.252083333332756 ], [ 89.768749999999471, 24.243749999999423 ], [ 89.764583333332808, 24.243749999999423 ], [ 89.764583333332808, 24.23958333333276 ], [ 89.760416666666146, 24.23541666666609 ], [ 89.756249999999483, 24.23541666666609 ] ] } },
{ "type": "Feature", "properties": { "ARCID": 754810, "UP_CELLS": 289, "region_id": "sirajganj", "region_name": "Sirajganj" }, "geometry": { "type": "LineString", "coordinates": [ [ 89.51666666666614, 24.312499999999424 ], [ 89.506249999999483, 24.30208333333276 ], [ 89.506249999999483, 24.29374999999942 ], [ 89.49374999999948, 24.281249999999424 ], [ 89.49374999999948, 24.272916666666092 ], [ 89.48541666666614, 24.264583333332759 ], [ 89.48541666666614, 24.260416666666089 ], [ 89.481249999999477, 24.256249999999426 ], [ 89.481249999999477, 24.243749999999423 ], [ 89.477083333332814, 24.23958333333276 ], [ 89.481249999999477, 24.23541666666609 ], [ 89.481249999999477, 24.231249999999427 ] ] } },
{ "type": "Feature", "properties": { "ARCID": 754904, "UP_CELLS": 8379, "region_id": "sirajganj", "region_name": "Sirajganj" }, "geometry": { "type": "LineString", "coordinates": [ [ 89.585416666666134, 24.347916666666087 ], [ 89.581249999999471, 24.343749999999424 ], [ 89.581249999999471, 24.339583333332754 ], [ 89.577083333332808, 24.335416666666092 ], [ 89.577083333332808, 24.331249999999422 ], [ 89.585416666666134, 24.322916666666089 ], [ 89.585416666666134, 24.314583333332756 ], [ 89.589583333332811, 24.310416666666093 ], [ 89.589583333332811, 24.306249999999423 ], [ 89.593749999999474, 24.30208333333276 ], [ 89.593749999999474, 24.29374999999942 ], [ 89.581249999999471, 24.281249999999424 ], [ 89.585416666666134, 24.277083333332754 ], [ 89.585416666666134, 24.268749999999422 ], [ 89.581249999999471, 24.264583333332759 ], [ 89.581249999999471, 24.256249999999426 ], [ 89.577083333332808, 24.252083333332756 ], [ 89.577083333332808, 24.243749999999423 ], [ 89.581249999999471, 24.23958333333276 ], [ 89.585416666666134, 24.23958333333276 ], [ 89.589583333332811, 24.23541666666609 ], [ 89.589583333332811, 24.231249999999427 ], [ 89.593749999999474, 24.227083333332757 ], [ 89.597916666666151, 24.227083333332757 ], [ 89.602083333332814, 24.222916666666094 ] ] } },
{ "type": "Feature", "properties": { "ARCID": 754905, "UP_CELLS": 258, "region_id": "sirajganj", "region_name": "Sirajganj" }, "geometry": { "type": "LineString", "coordinates": [ [ 89.664583333332814, 24.291666666666089 ], [ 89.664583333332814, 24.285416666666087 ], [ 89.660416666666151, 24.281249999999424 ], [ 89.660416666666151, 24.272916666666092 ], [ 89.652083333332811, 24.264583333332759 ], [ 89.652083333332811, 24.260416666666089 ], [ 89.647916666666134, 24.256249999999426 ], [ 89.635416666666146, 24.256249999999426 ], [ 89.602083333332814, 24.222916666666094 ] ] } },
{ "type": "Feature", "properties": { "ARCID": 754906, "UP_CELLS": 567, "region_id": "sirajganj", "region_name": "Sirajganj" }, "geometry": { "type": "LineString", "coordinates": [ [ 89.714583333332811, 24.220833333332756 ], [ 89.714583333332811, 24.231249999999427 ], [ 89.702083333332808, 24.243749999999423 ], [ 89.702083333332808, 24.247916666666093 ], [ 89.706249999999471, 24.252083333332756 ], [ 89.706249999999471, 24.260416666666089 ], [ 89.710416666666134, 24.264583333332759 ], [ 89.710416666666134, 24.268749999999422 ], [ 89.714583333332811, 24.272916666666092 ], [ 89.714583333332811, 24.277083333332754 ], [ 89.727083333332814, 24.289583333332757 ], [ 89.727083333332814, 24.29374999999942 ], [ 89.73541666666614, 24.30208333333276 ], [ 89.739583333332803, 24.29791666666609 ], [ 89.739583333332803, 24.289583333332757 ], [ 89.743749999999466, 24.285416666666087 ], [ 89.743749999999466, 24.281249999999424 ], [ 89.747916666666143, 24.277083333332754 ], [ 89.747916666666143, 24.260416666666089 ], [ 89.743749999999466, 24.256249999999426 ], [ 89.743749999999466, 24.252083333332756 ], [ 89.739583333332803, 24.247916666666093 ], [ 89.739583333332803, 24.23541666666609 ], [ 89.747916666666143, 24.227083333332757 ], [ 89.747916666666143, 24.222916666666094 ] ] } },
{ "type": "Feature", "properties": { "ARCID": 754907, "UP_CELLS": 2762484, "region_id": "sirajganj", "region_name": "Sirajganj" }, "geometry": { "type": "LineString", "coordinates": [ [ 89.756249999999483, 24.23541666666609 ], [ 89.756249999999483, 24.231249999999427 ], [ 89.747916666666143, 24.222916666666094 ] ] } },
{ "type": "Feature", "properties": { "ARCID": 754974, "UP_CELLS": 2763057, "region_id": "sirajganj", "region_name": "Sirajganj" }, "geometry": { "type": "LineString", "coordinates": [ [ 89.747916666666143, 24.222916666666094 ], [ 89.743749999999466, 24.222916666666094 ], [ 89.743749999999466, 24.218749999999424 ] ] } },
{ "type": "Feature", "properties": { "ARCID": 755054, "UP_CELLS": 73669, "region_id": "sirajganj", "region_name": "Sirajganj" }, "geometry": { "type": "LineString", "coordinates": [ [ 89.410416666666151, 24.23541666666609 ], [ 89.414583333332814, 24.23541666666609 ], [ 89.435416666666157, 24.214583333332762 ], [ 89.443749999999483, 24.214583333332762 ] ] } },
{ "type": "Feature", "properties": { "ARCID": 755055, "UP_CELLS": 74186, "region_id": "sirajganj", "region_name": "Sirajganj" }, "geometry": { "type": "LineString", "coordinates": [ [ 89.443749999999483, 24.214583333332762 ], [ 89.452083333332808, 24.222916666666094 ], [ 89.452083333332808, 24.227083333332757 ], [ 89.456249999999471, 24.231249999999427 ], [ 89.460416666666148, 24.231249999999427 ], [ 89.464583333332811, 24.23541666666609 ], [ 89.468749999999488, 24.23541666666609 ], [ 89.472916666666151, 24.231249999999427 ], [ 89.481249999999477, 24.231249999999427 ] ] } },
{ "type": "Feature", "properties": { "ARCID": 755654, "UP_CELLS": 1139, "region_id": "sirajganj", "region_name": "Sirajganj" }, "geometry": { "type": "LineString", "coordinates": [ [ 89.781249999999474, 24.17708333333276 ], [ 89.752083333332806, 24.206249999999422 ], [ 89.752083333332806, 24.210416666666092 ], [ 89.743749999999466, 24.218749999999424 ] ] } },
{ "type": "Feature", "properties": { "ARCID": 755717, "UP_CELLS": 8778, "region_id": "sirajganj", "region_name": "Sirajganj" }, "geometry": { "type": "LineString", "coordinates": [ [ 89.602083333332814, 24.222916666666094 ], [ 89.602083333332814, 24.206249999999422 ], [ 89.606249999999477, 24.202083333332759 ], [ 89.606249999999477, 24.181249999999423 ], [ 89.61041666666614, 24.17708333333276 ], [ 89.61041666666614, 24.17291666666609 ] ] } },
{ "type": "Feature", "properties": { "ARCID": 755718, "UP_CELLS": 200, "region_id": "sirajganj", "region_name": "Sirajganj" }, "geometry": { "type": "LineString", "coordinates": [ [ 89.64166666666614, 24.193749999999426 ], [ 89.635416666666146, 24.193749999999426 ], [ 89.631249999999483, 24.189583333332756 ], [ 89.631249999999483, 24.185416666666093 ], [ 89.62708333333282, 24.181249999999423 ], [ 89.62708333333282, 24.17708333333276 ], [ 89.622916666666143, 24.17291666666609 ], [ 89.61041666666614, 24.17291666666609 ] ] } },
{ "type": "Feature", "properties": { "ARCID": 755719, "UP_CELLS": 345, "region_id": "sirajganj", "region_name": "Sirajganj" }, "geometry": { "type": "LineString", "coordinates": [ [ 89.858333333332808, 24.220833333332756 ], [ 89.839583333332797, 24.202083333332759 ], [ 89.839583333332797, 24.193749999999426 ], [ 89.835416666666134, 24.189583333332756 ], [ 89.814583333332806, 24.189583333332756 ], [ 89.810416666666143, 24.193749999999426 ], [ 89.789583333332814, 24.17291666666609 ], [ 89.785416666666151, 24.17291666666609 ], [ 89.781249999999474, 24.17708333333276 ] ] } },
{ "type": "Feature", "properties": { "ARCID": 755783, "UP_CELLS": 665, "region_id": "sirajganj", "region_name": "Sirajganj" }, "geometry": { "type": "LineString", "coordinates": [ [ 89.777083333332797, 24.168749999999427 ], [ 89.777083333332797, 24.17291666666609 ], [ 89.781249999999474, 24.17708333333276 ] ] } },
{ "type": "Feature", "properties": { "ARCID": 756014, "UP_CELLS": 9047, "region_id": "sirajganj", "region_name": "Sirajganj" }, "geometry": { "type": "LineString", "coordinates": [ [ 89.61041666666614, 24.17291666666609 ], [ 89.597916666666151, 24.160416666666094 ], [ 89.597916666666151, 24.156249999999424 ] ] } },
{ "type": "Feature", "properties": { "ARCID": 756093, "UP_CELLS": 413, "region_id": "sirajganj", "region_name": "Sirajganj" }, "geometry": { "type": "LineString", "coordinates": [ [ 89.4, 24.156249999999424 ], [ 89.406249999999488, 24.156249999999424 ], [ 89.410416666666151, 24.152083333332762 ], [ 89.427083333332803, 24.152083333332762 ], [ 89.43958333333282, 24.164583333332757 ], [ 89.43958333333282, 24.17708333333276 ], [ 89.443749999999483, 24.181249999999423 ], [ 89.447916666666146, 24.181249999999423 ], [ 89.452083333332808, 24.185416666666093 ], [ 89.452083333332808, 24.197916666666089 ], [ 89.447916666666146, 24.202083333332759 ], [ 89.447916666666146, 24.206249999999422 ], [ 89.443749999999483, 24.210416666666092 ], [ 89.443749999999483, 24.214583333332762 ] ] } },
{ "type": "Feature", "properties": { "ARCID": 756226, "UP_CELLS": 74914, "region_id": "sirajganj", "region_name": "Sirajganj" }, "geometry": { "type": "LineString", "coordinates": [ [ 89.481249999999477, 24.231249999999427 ], [ 89.48541666666614, 24.23541666666609 ], [ 89.489583333332803, 24.231249999999427 ], [ 89.489583333332803, 24.227083333332757 ], [ 89.48541666666614, 24.222916666666094 ], [ 89.49374999999948, 24.214583333332762 ], [ 89.49374999999948, 24.206249999999422 ], [ 89.506249999999483, 24.193749999999426 ], [ 89.510416666666146, 24.193749999999426 ], [ 89.514583333332808, 24.189583333332756 ], [ 89.514583333332808, 24.17708333333276 ], [ 89.518749999999471, 24.17291666666609 ], [ 89.527083333332811, 24.17291666666609 ], [ 89.535416666666151, 24.164583333332757 ], [ 89.535416666666151, 24.160416666666094 ], [ 89.54791666666614, 24.147916666666092 ], [ 89.560416666666143, 24.147916666666092 ], [ 89.56458333333282, 24.143749999999429 ] ] } },
{ "type": "Feature", "properties": { "ARCID": 756361, "UP_CELLS": 139, "region_id": "sirajganj", "region_name": "Sirajganj" }, "geometry": { "type": "LineString", "coordinates": [ [ 89.624999999999474, 24.135416666666096 ], [ 89.61874999999948, 24.135416666666096 ], [ 89.614583333332803, 24.139583333332759 ], [ 89.614583333332803, 24.147916666666092 ], [ 89.602083333332814, 24.160416666666094 ], [ 89.597916666666151, 24.156249999999424 ] ] } },
{ "type": "Feature", "properties": { "ARCID": 756498, "UP_CELLS": 494, "region_id": "sirajganj", "region_name": "Sirajganj" }, "geometry": { "type": "LineString", "coordinates": [ [ 89.424999999999471, 24.124999999999424 ], [ 89.43958333333282, 24.139583333332759 ], [ 89.443749999999483, 24.139583333332759 ], [ 89.452083333332808, 24.147916666666092 ], [ 89.452083333332808, 24.152083333332762 ], [ 89.456249999999471, 24.156249999999424 ], [ 89.460416666666148, 24.156249999999424 ], [ 89.464583333332811, 24.160416666666094 ], [ 89.468749999999488, 24.160416666666094 ], [ 89.472916666666151, 24.164583333332757 ], [ 89.481249999999477, 24.164583333332757 ], [ 89.49374999999948, 24.152083333332762 ], [ 89.49374999999948, 24.147916666666092 ], [ 89.50208333333282, 24.139583333332759 ], [ 89.510416666666146, 24.139583333332759 ], [ 89.514583333332808, 24.135416666666096 ], [ 89.518749999999471, 24.139583333332759 ], [ 89.527083333332811, 24.131249999999426 ], [ 89.535416666666151, 24.131249999999426 ], [ 89.539583333332814, 24.127083333332763 ], [ 89.54791666666614, 24.135416666666096 ], [ 89.552083333332803, 24.135416666666096 ], [ 89.560416666666143, 24.143749999999429 ], [ 89.56458333333282, 24.143749999999429 ] ] } },
{ "type": "Feature", "properties": { "ARCID": 756499, "UP_CELLS": 75480, "region_id": "sirajganj", "region_name": "Sirajganj" }, "geometry": { "type": "LineString", "coordinates": [ [ 89.56458333333282, 24.143749999999429 ], [ 89.568749999999483, 24.139583333332759 ], [ 89.572916666666146, 24.139583333332759 ], [ 89.577083333332808, 24.135416666666096 ], [ 89.581249999999471, 24.135416666666096 ], [ 89.589583333332811, 24.127083333332763 ] ] } },
{ "type": "Feature", "properties": { "ARCID": 756500, "UP_CELLS": 9224, "region_id": "sirajganj", "region_name": "Sirajganj" }, "geometry": { "type": "LineString", "coordinates": [ [ 89.597916666666151, 24.156249999999424 ], [ 89.593749999999474, 24.152083333332762 ], [ 89.593749999999474, 24.147916666666092 ], [ 89.602083333332814, 24.139583333332759 ], [ 89.602083333332814, 24.135416666666096 ], [ 89.593749999999474, 24.127083333332763 ], [ 89.589583333332811, 24.127083333332763 ] ] } },
{ "type": "Feature", "properties": { "ARCID": 756769, "UP_CELLS": 84738, "region_id": "sirajganj", "region_name": "Sirajganj" }, "geometry": { "type": "LineString", "coordinates": [ [ 89.589583333332811, 24.127083333332763 ], [ 89.593749999999474, 24.122916666666093 ], [ 89.593749999999474, 24.11458333333276 ], [ 89.597916666666151, 24.11041666666609 ] ] } },
{ "type": "Feature", "properties": { "ARCID": 757340, "UP_CELLS": 90485, "region_id": "sirajganj", "region_name": "Sirajganj" }, "geometry": { "type": "LineString", "coordinates": [ [ 89.597916666666151, 24.11041666666609 ], [ 89.60833333333224, 24.1 ] ] } },
{ "type": "Feature", "properties": { "ARCID": 757472, "UP_CELLS": 5604, "region_id": "sirajganj", "region_name": "Sirajganj" }, "geometry": { "type": "LineString", "coordinates": [ [ 89.591666666666711, 24.1 ], [ 89.593749999999474, 24.102083333332757 ], [ 89.593749999999474, 24.106249999999427 ], [ 89.597916666666151, 24.11041666666609 ] ] } },
{ "type": "Feature", "properties": { "ARCID": 757474, "UP_CELLS": 292, "region_id": "sirajganj", "region_name": "Sirajganj" }, "geometry": { "type": "LineString", "coordinates": [ [ 89.75, 24.1 ], [ 89.752083333332806, 24.102083333332757 ], [ 89.752083333332806, 24.106249999999427 ], [ 89.756249999999483, 24.11041666666609 ], [ 89.756249999999483, 24.143749999999429 ], [ 89.760416666666146, 24.147916666666092 ], [ 89.760416666666146, 24.156249999999424 ], [ 89.772916666666134, 24.168749999999427 ], [ 89.777083333332797, 24.168749999999427 ] ] } },
{ "type": "Feature", "properties": { "ARCID": 757475, "UP_CELLS": 394, "region_id": "sirajganj", "region_name": "Sirajganj" }, "geometry": { "type": "LineString", "coordinates": [ [ 89.883333333332814, 24.129166666666094 ], [ 89.9, 24.112499999998885 ] ] } },
{ "type": "Feature", "properties": { "ARCID": 757533, "UP_CELLS": 410, "region_id": "sirajganj", "region_name": "Sirajganj" }, "geometry": { "type": "LineString", "coordinates": [ [ 89.852083333332814, 24.149999999999423 ], [ 89.852083333332814, 24.143749999999429 ], [ 89.856249999999477, 24.139583333332759 ], [ 89.856249999999477, 24.135416666666096 ], [ 89.847916666666137, 24.127083333332763 ], [ 89.843749999999474, 24.127083333332763 ], [ 89.835416666666134, 24.118749999999423 ], [ 89.835416666666134, 24.106249999999427 ], [ 89.839583333332797, 24.102083333332757 ], [ 89.839583333332797, 24.1 ] ] } },
{ "type": "Feature", "properties": { "ARCID": 757792, "UP_CELLS": 368, "region_id": "sirajganj", "region_name": "Sirajganj" }, "geometry": { "type": "LineString", "coordinates": [ [ 89.768749999999471, 24.1 ], [ 89.768749999999471, 24.106249999999427 ], [ 89.772916666666134, 24.11041666666609 ], [ 89.772916666666134, 24.127083333332763 ], [ 89.777083333332797, 24.131249999999426 ], [ 89.777083333332797, 24.135416666666096 ], [ 89.781249999999474, 24.139583333332759 ], [ 89.781249999999474, 24.147916666666092 ], [ 89.777083333332797, 24.152083333332762 ], [ 89.777083333332797, 24.168749999999427 ] ] } },
{ "type": "Feature", "properties": { "ARCID": 759519, "UP_CELLS": 2764951, "region_id": "sirajganj", "region_name": "Sirajganj" }, "geometry": { "type": "LineString", "coordinates": [ [ 89.743749999999466, 24.218749999999424 ], [ 89.739583333332803, 24.214583333332762 ], [ 89.739583333332803, 24.206249999999422 ], [ 89.731249999999477, 24.197916666666089 ], [ 89.731249999999477, 24.156249999999424 ], [ 89.697916666666146, 24.122916666666093 ], [ 89.697916666666146, 24.11041666666609 ], [ 89.693749999999483, 24.106249999999427 ], [ 89.697916666666146, 24.102083333332757 ], [ 89.697916666666146, 24.1 ] ] } }
]
}
