path,row,col,flood_pct,bin
f:\MAPATHON\sylhet_flood_2024\data\processed\patches_overlap128_optimistic\patch_0000.npz,0,0,0.0,dry
f:\MAPATHON\sylhet_flood_2024\data\processed\patches_overlap128_optimistic\patch_0001.npz,0,128,0.0,dry
f:\MAPATHON\sylhet_flood_2024\data\processed\patches_overlap128_optimistic\patch_0002.npz,0,256,0.0,dry
f:\MAPATHON\sylhet_flood_2024\data\processed\patches_overlap128_optimistic\patch_0003.npz,0,384,0.0,dry
f:\MAPATHON\sylhet_flood_2024\data\processed\patches_overlap128_optimistic\patch_0004.npz,0,512,0.0,dry
f:\MAPATHON\sylhet_flood_2024\data\processed\patches_overlap128_optimistic\patch_0005.npz,0,640,0.0,dry
f:\MAPATHON\sylhet_flood_2024\data\processed\patches_overlap128_optimistic\patch_0006.npz,0,768,0.0,dry
f:\MAPATHON\sylhet_flood_2024\data\processed\patches_overlap128_optimistic\patch_0007.npz,0,896,0.0,dry
f:\MAPATHON\sylhet_flood_2024\data\processed\patches_overlap128_optimistic\patch_0008.npz,0,1024,0.0,dry
f:\MAPATHON\sylhet_flood_2024\data\processed\patches_overlap128_optimistic\patch_0009.npz,0,1152,0.0,dry
f:\MAPATHON\sylhet_flood_2024\data\processed\patches_overlap128_optimistic\patch_0010.npz,0,1280,0.0,dry
f:\MAPATHON\sylhet_flood_2024\data\processed\patches_overlap128_optimistic\patch_0011.npz,0,1408,0.0095977783203125,very_low
f:\MAPATHON\sylhet_flood_2024\data\processed\patches_overlap128_optimistic\patch_0012.npz,0,1536,0.0095977783203125,very_low
f:\MAPATHON\sylhet_flood_2024\data\processed\patches_overlap128_optimistic\patch_0013.npz,0,1664,0.0,dry
f:\MAPATHON\sylhet_flood_2024\data\processed\patches_overlap128_optimistic\patch_0014.npz,0,1792,0.0,dry
f:\MAPATHON\sylhet_flood_2024\data\processed\patches_overlap128_optimistic\patch_0015.npz,0,1920,0.0,dry
f:\MAPATHON\sylhet_flood_2024\data\processed\patches_overlap128_optimistic\patch_0016.npz,0,2048,0.0,dry
f:\MAPATHON\sylhet_flood_2024\data\processed\patches_overlap128_optimistic\patch_0017.npz,0,2176,0.0036773681640625,very_low
f:\MAPATHON\sylhet_flood_2024\data\processed\patches_overlap128_optimistic\patch_0018.npz,0,2304,0.014495849609375,low
f:\MAPATHON\sylhet_flood_2024\data\processed\patches_overlap128_optimistic\patch_0019.npz,0,2432,0.0108184814453125,low
f:\MAPATHON\sylhet_flood_2024\data\processed\patches_overlap128_optimistic\patch_0020.npz,0,2560,0.020965576171875,low
f:\MAPATHON\sylhet_flood_2024\data\processed\patches_overlap128_optimistic\patch_0021.npz,0,2688,0.0303955078125,low
f:\MAPATHON\sylhet_flood_2024\data\processed\patches_overlap128_optimistic\patch_0022.npz,0,2816,0.0344085693359375,low
f:\MAPATHON\sylhet_flood_2024\data\processed\patches_overlap128_optimistic\patch_0023.npz,0,2944,0.1193695068359375,medium
f:\MAPATHON\sylhet_flood_2024\data\processed\patches_overlap128_optimistic\patch_0024.npz,0,3072,0.212615966796875,high
f:\MAPATHON\sylhet_flood_2024\data\processed\patches_overlap128_optimistic\patch_0025.npz,0,3200,0.15447998046875,medium
f:\MAPATHON\sylhet_flood_2024\data\processed\patches_overlap128_optimistic\patch_0026.npz,0,3328,0.0510101318359375,medium
f:\MAPATHON\sylhet_flood_2024\data\processed\patches_overlap128_optimistic\patch_0027.npz,0,3456,0.0183868408203125,low
f:\MAPATHON\sylhet_flood_2024\data\processed\patches_overlap128_optimistic\patch_0028.npz,0,3584,0.0037384033203125,very_low
f:\MAPATHON\sylhet_flood_2024\data\processed\patches_overlap128_optimistic\patch_0029.npz,0,3712,0.0001068115234375,very_low
f:\MAPATHON\sylhet_flood_2024\data\processed\patches_overlap128_optimistic\patch_0030.npz,0,3840,0.0045318603515625,very_low
f:\MAPATHON\sylhet_flood_2024\data\processed\patches_overlap128_optimistic\patch_0031.npz,0,3968,0.041534423828125,low
f:\MAPATHON\sylhet_flood_2024\data\processed\patches_overlap128_optimistic\patch_0032.npz,0,4096,0.051788330078125,medium
f:\MAPATHON\sylhet_flood_2024\data\processed\patches_overlap128_optimistic\patch_0033.npz,0,4224,0.0147857666015625,low
f:\MAPATHON\sylhet_flood_2024\data\processed\patches_overlap128_optimistic\patch_0034.npz,0,4352,0.086883544921875,medium
f:\MAPATHON\sylhet_flood_2024\data\processed\patches_overlap128_optimistic\patch_0035.npz,0,4480,0.1641845703125,medium
f:\MAPATHON\sylhet_flood_2024\data\processed\patches_overlap128_optimistic\patch_0036.npz,0,4608,0.0833282470703125,medium
f:\MAPATHON\sylhet_flood_2024\data\processed\patches_overlap128_optimistic\patch_0037.npz,0,4736,0.0178985595703125,low
f:\MAPATHON\sylhet_flood_2024\data\processed\patches_overlap128_optimistic\patch_0038.npz,0,4864,0.02069091796875,low
f:\MAPATHON\sylhet_flood_2024\data\processed\patches_overlap128_optimistic\patch_0039.npz,0,4992,0.008819580078125,very_low
f:\MAPATHON\sylhet_flood_2024\data\processed\patches_overlap128_optimistic\patch_0040.npz,0,5120,0.0,dry
f:\MAPATHON\sylhet_flood_2024\data\processed\patches_overlap128_optimistic\patch_0041.npz,0,5248,0.0,dry
f:\MAPATHON\sylhet_flood_2024\data\processed\patches_overlap128_optimistic\patch_0042.npz,0,5376,0.0,dry
f:\MAPATHON\sylhet_flood_2024\data\processed\patches_overlap128_optimistic\patch_0043.npz,0,5504,0.0,dry
f:\MAPATHON\sylhet_flood_2024\data\processed\patches_overlap128_optimistic\patch_0044.npz,0,5632,0.0,dry
f:\MAPATHON\sylhet_flood_2024\data\processed\patches_overlap128_optimistic\patch_0045.npz,0,5760,0.0,dry
f:\MAPATHON\sylhet_flood_2024\data\processed\patches_overlap128_optimistic\patch_0046.npz,0,5888,0.0,dry
f:\MAPATHON\sylhet_flood_2024\data\processed\patches_overlap128_optimistic\patch_0047.npz,0,6016,0.0,dry
f:\MAPATHON\sylhet_flood_2024\data\processed\patches_overlap128_optimistic\patch_0048.npz,0,6144,0.0,dry
f:\MAPATHON\sylhet_flood_2024\data\processed\patches_overlap128_optimistic\patch_0049.npz,0,6272,0.0,dry
f:\MAPATHON\sylhet_flood_2024\data\processed\patches_overlap128_optimistic\patch_0050.npz,0,6400,0.0,dry
f:\MAPATHON\sylhet_flood_2024\data\processed\patches_overlap128_optimistic\patch_0051.npz,0,6528,0.0,dry
f:\MAPATHON\sylhet_flood_2024\data\processed\patches_overlap128_optimistic\patch_0052.npz,0,6656,0.0,dry
f:\MAPATHON\sylhet_flood_2024\data\processed\patches_overlap128_optimistic\patch_0053.npz,0,6784,0.0,dry
f:\MAPATHON\sylhet_flood_2024\data\processed\patches_overlap128_optimistic\patch_0054.npz,0,6912,0.0,dry
f:\MAPATHON\sylhet_flood_2024\data\processed\patches_overlap128_optimistic\patch_0055.npz,0,7040,0.0,dry
f:\MAPATHON\sylhet_flood_2024\data\processed\patches_overlap128_optimistic\patch_0056.npz,0,7168,0.0,dry
f:\MAPATHON\sylhet_flood_2024\data\processed\patches_overlap128_optimistic\patch_0057.npz,0,7296,0.0,dry
f:\MAPATHON\sylhet_flood_2024\data\processed\patches_overlap128_optimistic\patch_0058.npz,0,7424,0.0,dry
f:\MAPATHON\sylhet_flood_2024\data\processed\patches_overlap128_optimistic\patch_0059.npz,0,7552,0.0,dry
f:\MAPATHON\sylhet_flood_2024\data\processed\patches_overlap128_optimistic\patch_0060.npz,0,7680,0.0,dry
f:\MAPATHON\sylhet_flood_2024\data\processed\patches_overlap128_optimistic\patch_0061.npz,0,7808,0.0,dry
f:\MAPATHON\sylhet_flood_2024\data\processed\patches_overlap128_optimistic\patch_0062.npz,0,7936,0.0,dry
f:\MAPATHON\sylhet_flood_2024\data\processed\patches_overlap128_optimistic\patch_0063.npz,0,8064,0.0,dry
f:\MAPATHON\sylhet_flood_2024\data\processed\patches_overlap128_optimistic\patch_0064.npz,0,8192,0.0,dry
f:\MAPATHON\sylhet_flood_2024\data\processed\patches_overlap128_optimistic\patch_0065.npz,0,8320,0.0,dry
f:\MAPATHON\sylhet_flood_2024\data\processed\patches_overlap128_optimistic\patch_0066.npz,0,8448,0.0,dry
f:\MAPATHON\sylhet_flood_2024\data\processed\patches_overlap128_optimistic\patch_0067.npz,0,8576,0.0,dry
f:\MAPATHON\sylhet_flood_2024\data\processed\patches_overlap128_optimistic\patch_0068.npz,0,8704,0.0,dry
f:\MAPATHON\sylhet_flood_2024\data\processed\patches_overlap128_optimistic\patch_0069.npz,0,8832,0.0,dry
f:\MAPATHON\sylhet_flood_2024\data\processed\patches_overlap128_optimistic\patch_0070.npz,0,8892,0.0,dry
f:\MAPATHON\sylhet_flood_2024\data\processed\patches_overlap128_optimistic\patch_0071.npz,128,0,0.0,dry
f:\MAPATHON\sylhet_flood_2024\data\processed\patches_overlap128_optimistic\patch_0072.npz,128,128,0.0,dry
f:\MAPATHON\sylhet_flood_2024\data\processed\patches_overlap128_optimistic\patch_0073.npz,128,256,0.0,dry
f:\MAPATHON\sylhet_flood_2024\data\processed\patches_overlap128_optimistic\patch_0074.npz,128,384,0.0,dry
f:\MAPATHON\sylhet_flood_2024\data\processed\patches_overlap128_optimistic\patch_0075.npz,128,512,0.0,dry
f:\MAPATHON\sylhet_flood_2024\data\processed\patches_overlap128_optimistic\patch_0076.npz,128,640,0.0,dry
f:\MAPATHON\sylhet_flood_2024\data\processed\patches_overlap128_optimistic\patch_0077.npz,128,768,0.0,dry
f:\MAPATHON\sylhet_flood_2024\data\processed\patches_overlap128_optimistic\patch_0078.npz,128,896,0.0,dry
f:\MAPATHON\sylhet_flood_2024\data\processed\patches_overlap128_optimistic\patch_0079.npz,128,1024,0.0,dry
f:\MAPATHON\sylhet_flood_2024\data\processed\patches_overlap128_optimistic\patch_0080.npz,128,1152,0.0,dry
f:\MAPATHON\sylhet_flood_2024\data\processed\patches_overlap128_optimistic\patch_0081.npz,128,1280,0.0,dry
f:\MAPATHON\sylhet_flood_2024\data\processed\patches_overlap128_optimistic\patch_0082.npz,128,1408,0.036956787109375,low
f:\MAPATHON\sylhet_flood_2024\data\processed\patches_overlap128_optimistic\patch_0083.npz,128,1536,0.0533599853515625,medium
f:\MAPATHON\sylhet_flood_2024\data\processed\patches_overlap128_optimistic\patch_0084.npz,128,1664,0.058258056640625,medium
f:\MAPATHON\sylhet_flood_2024\data\processed\patches_overlap128_optimistic\patch_0085.npz,128,1792,0.1114501953125,medium
f:\MAPATHON\sylhet_flood_2024\data\processed\patches_overlap128_optimistic\patch_0086.npz,128,1920,0.1524200439453125,medium
f:\MAPATHON\sylhet_flood_2024\data\processed\patches_overlap128_optimistic\patch_0087.npz,128,2048,0.1496124267578125,medium
f:\MAPATHON\sylhet_flood_2024\data\processed\patches_overlap128_optimistic\patch_0088.npz,128,2176,0.154205322265625,medium
f:\MAPATHON\sylhet_flood_2024\data\processed\patches_overlap128_optimistic\patch_0089.npz,128,2304,0.2517852783203125,high
f:\MAPATHON\sylhet_flood_2024\data\processed\patches_overlap128_optimistic\patch_0090.npz,128,2432,0.227630615234375,high
f:\MAPATHON\sylhet_flood_2024\data\processed\patches_overlap128_optimistic\patch_0091.npz,128,2560,0.1523590087890625,medium
f:\MAPATHON\sylhet_flood_2024\data\processed\patches_overlap128_optimistic\patch_0092.npz,128,2688,0.142547607421875,medium
f:\MAPATHON\sylhet_flood_2024\data\processed\patches_overlap128_optimistic\patch_0093.npz,128,2816,0.137115478515625,medium
f:\MAPATHON\sylhet_flood_2024\data\processed\patches_overlap128_optimistic\patch_0094.npz,128,2944,0.3343658447265625,high
f:\MAPATHON\sylhet_flood_2024\data\processed\patches_overlap128_optimistic\patch_0095.npz,128,3072,0.4939117431640625,high
f:\MAPATHON\sylhet_flood_2024\data\processed\patches_overlap128_optimistic\patch_0096.npz,128,3200,0.3921661376953125,high
f:\MAPATHON\sylhet_flood_2024\data\processed\patches_overlap128_optimistic\patch_0097.npz,128,3328,0.2391357421875,high
f:\MAPATHON\sylhet_flood_2024\data\processed\patches_overlap128_optimistic\patch_0098.npz,128,3456,0.110107421875,medium
f:\MAPATHON\sylhet_flood_2024\data\processed\patches_overlap128_optimistic\patch_0099.npz,128,3584,0.0419769287109375,low
f:\MAPATHON\sylhet_flood_2024\data\processed\patches_overlap128_optimistic\patch_0100.npz,128,3712,0.0634307861328125,medium
f:\MAPATHON\sylhet_flood_2024\data\processed\patches_overlap128_optimistic\patch_0101.npz,128,3840,0.0543212890625,medium
f:\MAPATHON\sylhet_flood_2024\data\processed\patches_overlap128_optimistic\patch_0102.npz,128,3968,0.075897216796875,medium
f:\MAPATHON\sylhet_flood_2024\data\processed\patches_overlap128_optimistic\patch_0103.npz,128,4096,0.080047607421875,medium
f:\MAPATHON\sylhet_flood_2024\data\processed\patches_overlap128_optimistic\patch_0104.npz,128,4224,0.1037750244140625,medium
f:\MAPATHON\sylhet_flood_2024\data\processed\patches_overlap128_optimistic\patch_0105.npz,128,4352,0.1861419677734375,medium
f:\MAPATHON\sylhet_flood_2024\data\processed\patches_overlap128_optimistic\patch_0106.npz,128,4480,0.222442626953125,high
f:\MAPATHON\sylhet_flood_2024\data\processed\patches_overlap128_optimistic\patch_0107.npz,128,4608,0.166046142578125,medium
f:\MAPATHON\sylhet_flood_2024\data\processed\patches_overlap128_optimistic\patch_0108.npz,128,4736,0.091644287109375,medium
f:\MAPATHON\sylhet_flood_2024\data\processed\patches_overlap128_optimistic\patch_0109.npz,128,4864,0.0920257568359375,medium
f:\MAPATHON\sylhet_flood_2024\data\processed\patches_overlap128_optimistic\patch_0110.npz,128,4992,0.1066131591796875,medium
f:\MAPATHON\sylhet_flood_2024\data\processed\patches_overlap128_optimistic\patch_0111.npz,128,5120,0.0876617431640625,medium
f:\MAPATHON\sylhet_flood_2024\data\processed\patches_overlap128_optimistic\patch_0112.npz,128,5248,0.0244903564453125,low
f:\MAPATHON\sylhet_flood_2024\data\processed\patches_overlap128_optimistic\patch_0113.npz,128,5376,0.0,dry
f:\MAPATHON\sylhet_flood_2024\data\processed\patches_overlap128_optimistic\patch_0114.npz,128,5504,0.0,dry
f:\MAPATHON\sylhet_flood_2024\data\processed\patches_overlap128_optimistic\patch_0115.npz,128,5632,0.0,dry
f:\MAPATHON\sylhet_flood_2024\data\processed\patches_overlap128_optimistic\patch_0116.npz,128,5760,0.0,dry
f:\MAPATHON\sylhet_flood_2024\data\processed\patches_overlap128_optimistic\patch_0117.npz,128,5888,0.0,dry
f:\MAPATHON\sylhet_flood_2024\data\processed\patches_overlap128_optimistic\patch_0118.npz,128,6016,0.0,dry
f:\MAPATHON\sylhet_flood_2024\data\processed\patches_overlap128_optimistic\patch_0119.npz,128,6144,0.0,dry
f:\MAPATHON\sylhet_flood_2024\data\processed\patches_overlap128_optimistic\patch_0120.npz,128,6272,0.0,dry
f:\MAPATHON\sylhet_flood_2024\data\processed\patches_overlap128_optimistic\patch_0121.npz,128,6400,0.0,dry
f:\MAPATHON\sylhet_flood_2024\data\processed\patches_overlap128_optimistic\patch_0122.npz,128,6528,0.0,dry
f:\MAPATHON\sylhet_flood_2024\data\processed\patches_overlap128_optimistic\patch_0123.npz,128,6656,0.0,dry
f:\MAPATHON\sylhet_flood_2024\data\processed\patches_overlap128_optimistic\patch_0124.npz,128,6784,0.0,dry
f:\MAPATHON\sylhet_flood_2024\data\processed\patches_overlap128_optimistic\patch_0125.npz,128,6912,0.0,dry
f:\MAPATHON\sylhet_flood_2024\data\processed\patches_overlap128_optimistic\patch_0126.npz,128,7040,0.0,dry
f:\MAPATHON\sylhet_flood_2024\data\processed\patches_overlap128_optimistic\patch_0127.npz,128,7168,0.0,dry
f:\MAPATHON\sylhet_flood_2024\data\processed\patches_overlap128_optimistic\patch_0128.npz,128,7296,0.0,dry
f:\MAPATHON\sylhet_flood_2024\data\processed\patches_overlap128_optimistic\patch_0129.npz,128,7424,0.0,dry
f:\MAPATHON\sylhet_flood_2024\data\processed\patches_overlap128_optimistic\patch_0130.npz,128,7552,0.0,dry
f:\MAPATHON\sylhet_flood_2024\data\processed\patches_overlap128_optimistic\patch_0131.npz,128,7680,0.0,dry
f:\MAPATHON\sylhet_flood_2024\data\processed\patches_overlap128_optimistic\patch_0132.npz,128,7808,0.0,dry
f:\MAPATHON\sylhet_flood_2024\data\processed\patches_overlap128_optimistic\patch_0133.npz,128,7936,0.0,dry
f:\MAPATHON\sylhet_flood_2024\data\processed\patches_overlap128_optimistic\patch_0134.npz,128,8064,0.0,dry
f:\MAPATHON\sylhet_flood_2024\data\processed\patches_overlap128_optimistic\patch_0135.npz,128,8192,0.0,dry
f:\MAPATHON\sylhet_flood_2024\data\processed\patches_overlap128_optimistic\patch_0136.npz,128,8320,0.0,dry
f:\MAPATHON\sylhet_flood_2024\data\processed\patches_overlap128_optimistic\patch_0137.npz,128,8448,0.0,dry
f:\MAPATHON\sylhet_flood_2024\data\processed\patches_overlap128_optimistic\patch_0138.npz,128,8576,0.0,dry
f:\MAPATHON\sylhet_flood_2024\data\processed\patches_overlap128_optimistic\patch_0139.npz,128,8704,0.0,dry
f:\MAPATHON\sylhet_flood_2024\data\processed\patches_overlap128_optimistic\patch_0140.npz,128,8832,0.0,dry
f:\MAPATHON\sylhet_flood_2024\data\processed\patches_overlap128_optimistic\patch_0141.npz,128,8892,0.0,dry
f:\MAPATHON\sylhet_flood_2024\data\processed\patches_overlap128_optimistic\patch_0142.npz,256,0,0.0,dry
f:\MAPATHON\sylhet_flood_2024\data\processed\patches_overlap128_optimistic\patch_0143.npz,256,128,0.0,dry
f:\MAPATHON\sylhet_flood_2024\data\processed\patches_overlap128_optimistic\patch_0144.npz,256,256,0.0,dry
f:\MAPATHON\sylhet_flood_2024\data\processed\patches_overlap128_optimistic\patch_0145.npz,256,384,0.0,dry
f:\MAPATHON\sylhet_flood_2024\data\processed\patches_overlap128_optimistic\patch_0146.npz,256,512,0.0,dry
f:\MAPATHON\sylhet_flood_2024\data\processed\patches_overlap128_optimistic\patch_0147.npz,256,640,0.0,dry
f:\MAPATHON\sylhet_flood_2024\data\processed\patches_overlap128_optimistic\patch_0148.npz,256,768,0.0,dry
f:\MAPATHON\sylhet_flood_2024\data\processed\patches_overlap128_optimistic\patch_0149.npz,256,896,0.0,dry
f:\MAPATHON\sylhet_flood_2024\data\processed\patches_overlap128_optimistic\patch_0150.npz,256,1024,0.004669189453125,very_low
f:\MAPATHON\sylhet_flood_2024\data\processed\patches_overlap128_optimistic\patch_0151.npz,256,1152,0.0122222900390625,low
f:\MAPATHON\sylhet_flood_2024\data\processed\patches_overlap128_optimistic\patch_0152.npz,256,1280,0.0075531005859375,very_low
f:\MAPATHON\sylhet_flood_2024\data\processed\patches_overlap128_optimistic\patch_0153.npz,256,1408,0.0419921875,low
f:\MAPATHON\sylhet_flood_2024\data\processed\patches_overlap128_optimistic\patch_0154.npz,256,1536,0.08502197265625,medium
f:\MAPATHON\sylhet_flood_2024\data\processed\patches_overlap128_optimistic\patch_0155.npz,256,1664,0.13787841796875,medium
f:\MAPATHON\sylhet_flood_2024\data\processed\patches_overlap128_optimistic\patch_0156.npz,256,1792,0.3268890380859375,high
f:\MAPATHON\sylhet_flood_2024\data\processed\patches_overlap128_optimistic\patch_0157.npz,256,1920,0.43255615234375,high
f:\MAPATHON\sylhet_flood_2024\data\processed\patches_overlap128_optimistic\patch_0158.npz,256,2048,0.3638458251953125,high
f:\MAPATHON\sylhet_flood_2024\data\processed\patches_overlap128_optimistic\patch_0159.npz,256,2176,0.344696044921875,high
f:\MAPATHON\sylhet_flood_2024\data\processed\patches_overlap128_optimistic\patch_0160.npz,256,2304,0.373870849609375,high
f:\MAPATHON\sylhet_flood_2024\data\processed\patches_overlap128_optimistic\patch_0161.npz,256,2432,0.2960357666015625,high
f:\MAPATHON\sylhet_flood_2024\data\processed\patches_overlap128_optimistic\patch_0162.npz,256,2560,0.17852783203125,medium
f:\MAPATHON\sylhet_flood_2024\data\processed\patches_overlap128_optimistic\patch_0163.npz,256,2688,0.1935577392578125,medium
f:\MAPATHON\sylhet_flood_2024\data\processed\patches_overlap128_optimistic\patch_0164.npz,256,2816,0.3201141357421875,high
f:\MAPATHON\sylhet_flood_2024\data\processed\patches_overlap128_optimistic\patch_0165.npz,256,2944,0.48785400390625,high
f:\MAPATHON\sylhet_flood_2024\data\processed\patches_overlap128_optimistic\patch_0166.npz,256,3072,0.51922607421875,high
f:\MAPATHON\sylhet_flood_2024\data\processed\patches_overlap128_optimistic\patch_0167.npz,256,3200,0.4825439453125,high
f:\MAPATHON\sylhet_flood_2024\data\processed\patches_overlap128_optimistic\patch_0168.npz,256,3328,0.391571044921875,high
f:\MAPATHON\sylhet_flood_2024\data\processed\patches_overlap128_optimistic\patch_0169.npz,256,3456,0.16278076171875,medium
f:\MAPATHON\sylhet_flood_2024\data\processed\patches_overlap128_optimistic\patch_0170.npz,256,3584,0.0697479248046875,medium
f:\MAPATHON\sylhet_flood_2024\data\processed\patches_overlap128_optimistic\patch_0171.npz,256,3712,0.1193084716796875,medium
f:\MAPATHON\sylhet_flood_2024\data\processed\patches_overlap128_optimistic\patch_0172.npz,256,3840,0.095550537109375,medium
f:\MAPATHON\sylhet_flood_2024\data\processed\patches_overlap128_optimistic\patch_0173.npz,256,3968,0.0642242431640625,medium
f:\MAPATHON\sylhet_flood_2024\data\processed\patches_overlap128_optimistic\patch_0174.npz,256,4096,0.049957275390625,low
f:\MAPATHON\sylhet_flood_2024\data\processed\patches_overlap128_optimistic\patch_0175.npz,256,4224,0.1751251220703125,medium
f:\MAPATHON\sylhet_flood_2024\data\processed\patches_overlap128_optimistic\patch_0176.npz,256,4352,0.1822052001953125,medium
f:\MAPATHON\sylhet_flood_2024\data\processed\patches_overlap128_optimistic\patch_0177.npz,256,4480,0.064361572265625,medium
f:\MAPATHON\sylhet_flood_2024\data\processed\patches_overlap128_optimistic\patch_0178.npz,256,4608,0.0862884521484375,medium
f:\MAPATHON\sylhet_flood_2024\data\processed\patches_overlap128_optimistic\patch_0179.npz,256,4736,0.1562652587890625,medium
f:\MAPATHON\sylhet_flood_2024\data\processed\patches_overlap128_optimistic\patch_0180.npz,256,4864,0.2748870849609375,high
f:\MAPATHON\sylhet_flood_2024\data\processed\patches_overlap128_optimistic\patch_0181.npz,256,4992,0.341461181640625,high
f:\MAPATHON\sylhet_flood_2024\data\processed\patches_overlap128_optimistic\patch_0182.npz,256,5120,0.36419677734375,high
f:\MAPATHON\sylhet_flood_2024\data\processed\patches_overlap128_optimistic\patch_0183.npz,256,5248,0.226959228515625,high
f:\MAPATHON\sylhet_flood_2024\data\processed\patches_overlap128_optimistic\patch_0184.npz,256,5376,0.0457000732421875,low
f:\MAPATHON\sylhet_flood_2024\data\processed\patches_overlap128_optimistic\patch_0185.npz,256,5504,0.0,dry
f:\MAPATHON\sylhet_flood_2024\data\processed\patches_overlap128_optimistic\patch_0186.npz,256,5632,0.0,dry
f:\MAPATHON\sylhet_flood_2024\data\processed\patches_overlap128_optimistic\patch_0187.npz,256,5760,0.0,dry
f:\MAPATHON\sylhet_flood_2024\data\processed\patches_overlap128_optimistic\patch_0188.npz,256,5888,0.0,dry
f:\MAPATHON\sylhet_flood_2024\data\processed\patches_overlap128_optimistic\patch_0189.npz,256,6016,0.0,dry
f:\MAPATHON\sylhet_flood_2024\data\processed\patches_overlap128_optimistic\patch_0190.npz,256,6144,0.0,dry
f:\MAPATHON\sylhet_flood_2024\data\processed\patches_overlap128_optimistic\patch_0191.npz,256,6272,0.0,dry
f:\MAPATHON\sylhet_flood_2024\data\processed\patches_overlap128_optimistic\patch_0192.npz,256,6400,0.0,dry
f:\MAPATHON\sylhet_flood_2024\data\processed\patches_overlap128_optimistic\patch_0193.npz,256,6528,0.0,dry
f:\MAPATHON\sylhet_flood_2024\data\processed\patches_overlap128_optimistic\patch_0194.npz,256,6656,0.0,dry
f:\MAPATHON\sylhet_flood_2024\data\processed\patches_overlap128_optimistic\patch_0195.npz,256,6784,0.0,dry
f:\MAPATHON\sylhet_flood_2024\data\processed\patches_overlap128_optimistic\patch_0196.npz,256,6912,0.0,dry
f:\MAPATHON\sylhet_flood_2024\data\processed\patches_overlap128_optimistic\patch_0197.npz,256,7040,0.0,dry
f:\MAPATHON\sylhet_flood_2024\data\processed\patches_overlap128_optimistic\patch_0198.npz,256,7168,0.0,dry
f:\MAPATHON\sylhet_flood_2024\data\processed\patches_overlap128_optimistic\patch_0199.npz,256,7296,0.0,dry
f:\MAPATHON\sylhet_flood_2024\data\processed\patches_overlap128_optimistic\patch_0200.npz,256,7424,0.0,dry
f:\MAPATHON\sylhet_flood_2024\data\processed\patches_overlap128_optimistic\patch_0201.npz,256,7552,0.0,dry
f:\MAPATHON\sylhet_flood_2024\data\processed\patches_overlap128_optimistic\patch_0202.npz,256,7680,0.0,dry
f:\MAPATHON\sylhet_flood_2024\data\processed\patches_overlap128_optimistic\patch_0203.npz,256,7808,0.0,dry
f:\MAPATHON\sylhet_flood_2024\data\processed\patches_overlap128_optimistic\patch_0204.npz,256,7936,0.0,dry
f:\MAPATHON\sylhet_flood_2024\data\processed\patches_overlap128_optimistic\patch_0205.npz,256,8064,0.0,dry
f:\MAPATHON\sylhet_flood_2024\data\processed\patches_overlap128_optimistic\patch_0206.npz,256,8192,0.0,dry
f:\MAPATHON\sylhet_flood_2024\data\processed\patches_overlap128_optimistic\patch_0207.npz,256,8320,0.0,dry
f:\MAPATHON\sylhet_flood_2024\data\processed\patches_overlap128_optimistic\patch_0208.npz,256,8448,0.0,dry
f:\MAPATHON\sylhet_flood_2024\data\processed\patches_overlap128_optimistic\patch_0209.npz,256,8576,0.0,dry
f:\MAPATHON\sylhet_flood_2024\data\processed\patches_overlap128_optimistic\patch_0210.npz,256,8704,0.0,dry
f:\MAPATHON\sylhet_flood_2024\data\processed\patches_overlap128_optimistic\patch_0211.npz,256,8832,0.0,dry
f:\MAPATHON\sylhet_flood_2024\data\processed\patches_overlap128_optimistic\patch_0212.npz,256,8892,0.0,dry
f:\MAPATHON\sylhet_flood_2024\data\processed\patches_overlap128_optimistic\patch_0213.npz,384,0,0.058807373046875,medium
f:\MAPATHON\sylhet_flood_2024\data\processed\patches_overlap128_optimistic\patch_0214.npz,384,128,0.0030364990234375,very_low
f:\MAPATHON\sylhet_flood_2024\data\processed\patches_overlap128_optimistic\patch_0215.npz,384,256,0.0030364990234375,very_low
f:\MAPATHON\sylhet_flood_2024\data\processed\patches_overlap128_optimistic\patch_0216.npz,384,384,0.0,dry
f:\MAPATHON\sylhet_flood_2024\data\processed\patches_overlap128_optimistic\patch_0217.npz,384,512,0.0,dry
f:\MAPATHON\sylhet_flood_2024\data\processed\patches_overlap128_optimistic\patch_0218.npz,384,640,0.0,dry
f:\MAPATHON\sylhet_flood_2024\data\processed\patches_overlap128_optimistic\patch_0219.npz,384,768,0.008697509765625,very_low
f:\MAPATHON\sylhet_flood_2024\data\processed\patches_overlap128_optimistic\patch_0220.npz,384,896,0.1071319580078125,medium
f:\MAPATHON\sylhet_flood_2024\data\processed\patches_overlap128_optimistic\patch_0221.npz,384,1024,0.1792755126953125,medium
f:\MAPATHON\sylhet_flood_2024\data\processed\patches_overlap128_optimistic\patch_0222.npz,384,1152,0.1137847900390625,medium
f:\MAPATHON\sylhet_flood_2024\data\processed\patches_overlap128_optimistic\patch_0223.npz,384,1280,0.0429840087890625,low
f:\MAPATHON\sylhet_flood_2024\data\processed\patches_overlap128_optimistic\patch_0224.npz,384,1408,0.0360107421875,low
f:\MAPATHON\sylhet_flood_2024\data\processed\patches_overlap128_optimistic\patch_0225.npz,384,1536,0.0841522216796875,medium
f:\MAPATHON\sylhet_flood_2024\data\processed\patches_overlap128_optimistic\patch_0226.npz,384,1664,0.2535858154296875,high
f:\MAPATHON\sylhet_flood_2024\data\processed\patches_overlap128_optimistic\patch_0227.npz,384,1792,0.4246978759765625,high
f:\MAPATHON\sylhet_flood_2024\data\processed\patches_overlap128_optimistic\patch_0228.npz,384,1920,0.4247283935546875,high
f:\MAPATHON\sylhet_flood_2024\data\processed\patches_overlap128_optimistic\patch_0229.npz,384,2048,0.344940185546875,high
f:\MAPATHON\sylhet_flood_2024\data\processed\patches_overlap128_optimistic\patch_0230.npz,384,2176,0.3235321044921875,high
f:\MAPATHON\sylhet_flood_2024\data\processed\patches_overlap128_optimistic\patch_0231.npz,384,2304,0.253326416015625,high
f:\MAPATHON\sylhet_flood_2024\data\processed\patches_overlap128_optimistic\patch_0232.npz,384,2432,0.166778564453125,medium
f:\MAPATHON\sylhet_flood_2024\data\processed\patches_overlap128_optimistic\patch_0233.npz,384,2560,0.1418609619140625,medium
f:\MAPATHON\sylhet_flood_2024\data\processed\patches_overlap128_optimistic\patch_0234.npz,384,2688,0.1690826416015625,medium
f:\MAPATHON\sylhet_flood_2024\data\processed\patches_overlap128_optimistic\patch_0235.npz,384,2816,0.378997802734375,high
f:\MAPATHON\sylhet_flood_2024\data\processed\patches_overlap128_optimistic\patch_0236.npz,384,2944,0.506072998046875,high
f:\MAPATHON\sylhet_flood_2024\data\processed\patches_overlap128_optimistic\patch_0237.npz,384,3072,0.445281982421875,high
f:\MAPATHON\sylhet_flood_2024\data\processed\patches_overlap128_optimistic\patch_0238.npz,384,3200,0.49102783203125,high
f:\MAPATHON\sylhet_flood_2024\data\processed\patches_overlap128_optimistic\patch_0239.npz,384,3328,0.4337921142578125,high
f:\MAPATHON\sylhet_flood_2024\data\processed\patches_overlap128_optimistic\patch_0240.npz,384,3456,0.1955718994140625,medium
f:\MAPATHON\sylhet_flood_2024\data\processed\patches_overlap128_optimistic\patch_0241.npz,384,3584,0.134521484375,medium
f:\MAPATHON\sylhet_flood_2024\data\processed\patches_overlap128_optimistic\patch_0242.npz,384,3712,0.2053680419921875,high
f:\MAPATHON\sylhet_flood_2024\data\processed\patches_overlap128_optimistic\patch_0243.npz,384,3840,0.1641998291015625,medium
f:\MAPATHON\sylhet_flood_2024\data\processed\patches_overlap128_optimistic\patch_0244.npz,384,3968,0.0667266845703125,medium
f:\MAPATHON\sylhet_flood_2024\data\processed\patches_overlap128_optimistic\patch_0245.npz,384,4096,0.0603485107421875,medium
f:\MAPATHON\sylhet_flood_2024\data\processed\patches_overlap128_optimistic\patch_0246.npz,384,4224,0.2352294921875,high
f:\MAPATHON\sylhet_flood_2024\data\processed\patches_overlap128_optimistic\patch_0247.npz,384,4352,0.26171875,high
f:\MAPATHON\sylhet_flood_2024\data\processed\patches_overlap128_optimistic\patch_0248.npz,384,4480,0.0804901123046875,medium
f:\MAPATHON\sylhet_flood_2024\data\processed\patches_overlap128_optimistic\patch_0249.npz,384,4608,0.0550079345703125,medium
f:\MAPATHON\sylhet_flood_2024\data\processed\patches_overlap128_optimistic\patch_0250.npz,384,4736,0.2199554443359375,high
f:\MAPATHON\sylhet_flood_2024\data\processed\patches_overlap128_optimistic\patch_0251.npz,384,4864,0.43072509765625,high
f:\MAPATHON\sylhet_flood_2024\data\processed\patches_overlap128_optimistic\patch_0252.npz,384,4992,0.4632415771484375,high
f:\MAPATHON\sylhet_flood_2024\data\processed\patches_overlap128_optimistic\patch_0253.npz,384,5120,0.4613494873046875,high
f:\MAPATHON\sylhet_flood_2024\data\processed\patches_overlap128_optimistic\patch_0254.npz,384,5248,0.3503570556640625,high
f:\MAPATHON\sylhet_flood_2024\data\processed\patches_overlap128_optimistic\patch_0255.npz,384,5376,0.1027984619140625,medium
f:\MAPATHON\sylhet_flood_2024\data\processed\patches_overlap128_optimistic\patch_0256.npz,384,5504,0.0,dry
f:\MAPATHON\sylhet_flood_2024\data\processed\patches_overlap128_optimistic\patch_0257.npz,384,5632,0.0,dry
f:\MAPATHON\sylhet_flood_2024\data\processed\patches_overlap128_optimistic\patch_0258.npz,384,5760,0.0,dry
f:\MAPATHON\sylhet_flood_2024\data\processed\patches_overlap128_optimistic\patch_0259.npz,384,5888,0.0,dry
f:\MAPATHON\sylhet_flood_2024\data\processed\patches_overlap128_optimistic\patch_0260.npz,384,6016,0.0,dry
f:\MAPATHON\sylhet_flood_2024\data\processed\patches_overlap128_optimistic\patch_0261.npz,384,6144,0.0,dry
f:\MAPATHON\sylhet_flood_2024\data\processed\patches_overlap128_optimistic\patch_0262.npz,384,6272,0.0,dry
f:\MAPATHON\sylhet_flood_2024\data\processed\patches_overlap128_optimistic\patch_0263.npz,384,6400,0.0,dry
f:\MAPATHON\sylhet_flood_2024\data\processed\patches_overlap128_optimistic\patch_0264.npz,384,6528,0.0,dry
f:\MAPATHON\sylhet_flood_2024\data\processed\patches_overlap128_optimistic\patch_0265.npz,384,6656,0.0,dry
f:\MAPATHON\sylhet_flood_2024\data\processed\patches_overlap128_optimistic\patch_0266.npz,384,6784,0.0,dry
f:\MAPATHON\sylhet_flood_2024\data\processed\patches_overlap128_optimistic\patch_0267.npz,384,6912,0.0,dry
f:\MAPATHON\sylhet_flood_2024\data\processed\patches_overlap128_optimistic\patch_0268.npz,384,7040,0.0,dry
f:\MAPATHON\sylhet_flood_2024\data\processed\patches_overlap128_optimistic\patch_0269.npz,384,7168,0.0,dry
f:\MAPATHON\sylhet_flood_2024\data\processed\patches_overlap128_optimistic\patch_0270.npz,384,7296,0.0,dry
f:\MAPATHON\sylhet_flood_2024\data\processed\patches_overlap128_optimistic\patch_0271.npz,384,7424,0.0,dry
f:\MAPATHON\sylhet_flood_2024\data\processed\patches_overlap128_optimistic\patch_0272.npz,384,7552,0.0,dry
f:\MAPATHON\sylhet_flood_2024\data\processed\patches_overlap128_optimistic\patch_0273.npz,384,7680,0.0,dry
f:\MAPATHON\sylhet_flood_2024\data\processed\patches_overlap128_optimistic\patch_0274.npz,384,7808,0.0,dry
f:\MAPATHON\sylhet_flood_2024\data\processed\patches_overlap128_optimistic\patch_0275.npz,384,7936,0.0,dry
f:\MAPATHON\sylhet_flood_2024\data\processed\patches_overlap128_optimistic\patch_0276.npz,384,8064,0.0,dry
f:\MAPATHON\sylhet_flood_2024\data\processed\patches_overlap128_optimistic\patch_0277.npz,384,8192,0.0,dry
f:\MAPATHON\sylhet_flood_2024\data\processed\patches_overlap128_optimistic\patch_0278.npz,384,8320,0.0,dry
f:\MAPATHON\sylhet_flood_2024\data\processed\patches_overlap128_optimistic\patch_0279.npz,384,8448,0.0,dry
f:\MAPATHON\sylhet_flood_2024\data\processed\patches_overlap128_optimistic\patch_0280.npz,384,8576,0.0,dry
f:\MAPATHON\sylhet_flood_2024\data\processed\patches_overlap128_optimistic\patch_0281.npz,384,8704,0.0,dry
f:\MAPATHON\sylhet_flood_2024\data\processed\patches_overlap128_optimistic\patch_0282.npz,384,8832,0.0,dry
f:\MAPATHON\sylhet_flood_2024\data\processed\patches_overlap128_optimistic\patch_0283.npz,384,8892,0.0,dry
f:\MAPATHON\sylhet_flood_2024\data\processed\patches_overlap128_optimistic\patch_0284.npz,512,0,0.2071380615234375,high
f:\MAPATHON\sylhet_flood_2024\data\processed\patches_overlap128_optimistic\patch_0285.npz,512,128,0.0044403076171875,very_low
f:\MAPATHON\sylhet_flood_2024\data\processed\patches_overlap128_optimistic\patch_0286.npz,512,256,0.0044403076171875,very_low
f:\MAPATHON\sylhet_flood_2024\data\processed\patches_overlap128_optimistic\patch_0287.npz,512,384,0.0023040771484375,very_low
f:\MAPATHON\sylhet_flood_2024\data\processed\patches_overlap128_optimistic\patch_0288.npz,512,512,0.0226898193359375,low
f:\MAPATHON\sylhet_flood_2024\data\processed\patches_overlap128_optimistic\patch_0289.npz,512,640,0.0362701416015625,low
f:\MAPATHON\sylhet_flood_2024\data\processed\patches_overlap128_optimistic\patch_0290.npz,512,768,0.114166259765625,medium
f:\MAPATHON\sylhet_flood_2024\data\processed\patches_overlap128_optimistic\patch_0291.npz,512,896,0.3669281005859375,high
f:\MAPATHON\sylhet_flood_2024\data\processed\patches_overlap128_optimistic\patch_0292.npz,512,1024,0.4367523193359375,high
f:\MAPATHON\sylhet_flood_2024\data\processed\patches_overlap128_optimistic\patch_0293.npz,512,1152,0.3166351318359375,high
f:\MAPATHON\sylhet_flood_2024\data\processed\patches_overlap128_optimistic\patch_0294.npz,512,1280,0.28070068359375,high
f:\MAPATHON\sylhet_flood_2024\data\processed\patches_overlap128_optimistic\patch_0295.npz,512,1408,0.161468505859375,medium
f:\MAPATHON\sylhet_flood_2024\data\processed\patches_overlap128_optimistic\patch_0296.npz,512,1536,0.15704345703125,medium
f:\MAPATHON\sylhet_flood_2024\data\processed\patches_overlap128_optimistic\patch_0297.npz,512,1664,0.4078369140625,high
f:\MAPATHON\sylhet_flood_2024\data\processed\patches_overlap128_optimistic\patch_0298.npz,512,1792,0.3590850830078125,high
f:\MAPATHON\sylhet_flood_2024\data\processed\patches_overlap128_optimistic\patch_0299.npz,512,1920,0.17230224609375,medium
f:\MAPATHON\sylhet_flood_2024\data\processed\patches_overlap128_optimistic\patch_0300.npz,512,2048,0.2298126220703125,high
f:\MAPATHON\sylhet_flood_2024\data\processed\patches_overlap128_optimistic\patch_0301.npz,512,2176,0.263336181640625,high
f:\MAPATHON\sylhet_flood_2024\data\processed\patches_overlap128_optimistic\patch_0302.npz,512,2304,0.1959686279296875,medium
f:\MAPATHON\sylhet_flood_2024\data\processed\patches_overlap128_optimistic\patch_0303.npz,512,2432,0.1512908935546875,medium
f:\MAPATHON\sylhet_flood_2024\data\processed\patches_overlap128_optimistic\patch_0304.npz,512,2560,0.198516845703125,medium
f:\MAPATHON\sylhet_flood_2024\data\processed\patches_overlap128_optimistic\patch_0305.npz,512,2688,0.2354583740234375,high
f:\MAPATHON\sylhet_flood_2024\data\processed\patches_overlap128_optimistic\patch_0306.npz,512,2816,0.345367431640625,high
f:\MAPATHON\sylhet_flood_2024\data\processed\patches_overlap128_optimistic\patch_0307.npz,512,2944,0.408233642578125,high
f:\MAPATHON\sylhet_flood_2024\data\processed\patches_overlap128_optimistic\patch_0308.npz,512,3072,0.3049468994140625,high
f:\MAPATHON\sylhet_flood_2024\data\processed\patches_overlap128_optimistic\patch_0309.npz,512,3200,0.36151123046875,high
f:\MAPATHON\sylhet_flood_2024\data\processed\patches_overlap128_optimistic\patch_0310.npz,512,3328,0.438629150390625,high
f:\MAPATHON\sylhet_flood_2024\data\processed\patches_overlap128_optimistic\patch_0311.npz,512,3456,0.3892822265625,high
f:\MAPATHON\sylhet_flood_2024\data\processed\patches_overlap128_optimistic\patch_0312.npz,512,3584,0.4366455078125,high
f:\MAPATHON\sylhet_flood_2024\data\processed\patches_overlap128_optimistic\patch_0313.npz,512,3712,0.5256805419921875,high
f:\MAPATHON\sylhet_flood_2024\data\processed\patches_overlap128_optimistic\patch_0314.npz,512,3840,0.4294281005859375,high
f:\MAPATHON\sylhet_flood_2024\data\processed\patches_overlap128_optimistic\patch_0315.npz,512,3968,0.292877197265625,high
f:\MAPATHON\sylhet_flood_2024\data\processed\patches_overlap128_optimistic\patch_0316.npz,512,4096,0.2742156982421875,high
f:\MAPATHON\sylhet_flood_2024\data\processed\patches_overlap128_optimistic\patch_0317.npz,512,4224,0.2962493896484375,high
f:\MAPATHON\sylhet_flood_2024\data\processed\patches_overlap128_optimistic\patch_0318.npz,512,4352,0.25830078125,high
f:\MAPATHON\sylhet_flood_2024\data\processed\patches_overlap128_optimistic\patch_0319.npz,512,4480,0.137969970703125,medium
f:\MAPATHON\sylhet_flood_2024\data\processed\patches_overlap128_optimistic\patch_0320.npz,512,4608,0.17486572265625,medium
f:\MAPATHON\sylhet_flood_2024\data\processed\patches_overlap128_optimistic\patch_0321.npz,512,4736,0.240081787109375,high
f:\MAPATHON\sylhet_flood_2024\data\processed\patches_overlap128_optimistic\patch_0322.npz,512,4864,0.3488922119140625,high
f:\MAPATHON\sylhet_flood_2024\data\processed\patches_overlap128_optimistic\patch_0323.npz,512,4992,0.42901611328125,high
f:\MAPATHON\sylhet_flood_2024\data\processed\patches_overlap128_optimistic\patch_0324.npz,512,5120,0.320831298828125,high
f:\MAPATHON\sylhet_flood_2024\data\processed\patches_overlap128_optimistic\patch_0325.npz,512,5248,0.2378997802734375,high
f:\MAPATHON\sylhet_flood_2024\data\processed\patches_overlap128_optimistic\patch_0326.npz,512,5376,0.135345458984375,medium
f:\MAPATHON\sylhet_flood_2024\data\processed\patches_overlap128_optimistic\patch_0327.npz,512,5504,0.029571533203125,low
f:\MAPATHON\sylhet_flood_2024\data\processed\patches_overlap128_optimistic\patch_0328.npz,512,5632,0.0,dry
f:\MAPATHON\sylhet_flood_2024\data\processed\patches_overlap128_optimistic\patch_0329.npz,512,5760,0.0004119873046875,very_low
f:\MAPATHON\sylhet_flood_2024\data\processed\patches_overlap128_optimistic\patch_0330.npz,512,5888,0.002349853515625,very_low
f:\MAPATHON\sylhet_flood_2024\data\processed\patches_overlap128_optimistic\patch_0331.npz,512,6016,0.0019378662109375,very_low
f:\MAPATHON\sylhet_flood_2024\data\processed\patches_overlap128_optimistic\patch_0332.npz,512,6144,0.0,dry
f:\MAPATHON\sylhet_flood_2024\data\processed\patches_overlap128_optimistic\patch_0333.npz,512,6272,0.0,dry
f:\MAPATHON\sylhet_flood_2024\data\processed\patches_overlap128_optimistic\patch_0334.npz,512,6400,0.0,dry
f:\MAPATHON\sylhet_flood_2024\data\processed\patches_overlap128_optimistic\patch_0335.npz,512,6528,0.0,dry
f:\MAPATHON\sylhet_flood_2024\data\processed\patches_overlap128_optimistic\patch_0336.npz,512,6656,0.0,dry
f:\MAPATHON\sylhet_flood_2024\data\processed\patches_overlap128_optimistic\patch_0337.npz,512,6784,0.0,dry
f:\MAPATHON\sylhet_flood_2024\data\processed\patches_overlap128_optimistic\patch_0338.npz,512,6912,0.0,dry
f:\MAPATHON\sylhet_flood_2024\data\processed\patches_overlap128_optimistic\patch_0339.npz,512,7040,0.0,dry
f:\MAPATHON\sylhet_flood_2024\data\processed\patches_overlap128_optimistic\patch_0340.npz,512,7168,0.0,dry
f:\MAPATHON\sylhet_flood_2024\data\processed\patches_overlap128_optimistic\patch_0341.npz,512,7296,0.0,dry
f:\MAPATHON\sylhet_flood_2024\data\processed\patches_overlap128_optimistic\patch_0342.npz,512,7424,0.0,dry
f:\MAPATHON\sylhet_flood_2024\data\processed\patches_overlap128_optimistic\patch_0343.npz,512,7552,0.0,dry
f:\MAPATHON\sylhet_flood_2024\data\processed\patches_overlap128_optimistic\patch_0344.npz,512,7680,0.0,dry
f:\MAPATHON\sylhet_flood_2024\data\processed\patches_overlap128_optimistic\patch_0345.npz,512,7808,0.0,dry
f:\MAPATHON\sylhet_flood_2024\data\processed\patches_overlap128_optimistic\patch_0346.npz,512,7936,0.0,dry
f:\MAPATHON\sylhet_flood_2024\data\processed\patches_overlap128_optimistic\patch_0347.npz,512,8064,0.0,dry
f:\MAPATHON\sylhet_flood_2024\data\processed\patches_overlap128_optimistic\patch_0348.npz,512,8192,0.0,dry
f:\MAPATHON\sylhet_flood_2024\data\processed\patches_overlap128_optimistic\patch_0349.npz,512,8320,0.0,dry
f:\MAPATHON\sylhet_flood_2024\data\processed\patches_overlap128_optimistic\patch_0350.npz,512,8448,0.0,dry
f:\MAPATHON\sylhet_flood_2024\data\processed\patches_overlap128_optimistic\patch_0351.npz,512,8576,0.0,dry
f:\MAPATHON\sylhet_flood_2024\data\processed\patches_overlap128_optimistic\patch_0352.npz,512,8704,0.0,dry
f:\MAPATHON\sylhet_flood_2024\data\processed\patches_overlap128_optimistic\patch_0353.npz,512,8832,0.0,dry
f:\MAPATHON\sylhet_flood_2024\data\processed\patches_overlap128_optimistic\patch_0354.npz,512,8892,0.0,dry
f:\MAPATHON\sylhet_flood_2024\data\processed\patches_overlap128_optimistic\patch_0355.npz,640,0,0.1671295166015625,medium
f:\MAPATHON\sylhet_flood_2024\data\processed\patches_overlap128_optimistic\patch_0356.npz,640,128,0.0015869140625,very_low
f:\MAPATHON\sylhet_flood_2024\data\processed\patches_overlap128_optimistic\patch_0357.npz,640,256,0.0015869140625,very_low
f:\MAPATHON\sylhet_flood_2024\data\processed\patches_overlap128_optimistic\patch_0358.npz,640,384,0.005523681640625,very_low
f:\MAPATHON\sylhet_flood_2024\data\processed\patches_overlap128_optimistic\patch_0359.npz,640,512,0.0516357421875,medium
f:\MAPATHON\sylhet_flood_2024\data\processed\patches_overlap128_optimistic\patch_0360.npz,640,640,0.122711181640625,medium
f:\MAPATHON\sylhet_flood_2024\data\processed\patches_overlap128_optimistic\patch_0361.npz,640,768,0.2864227294921875,high
f:\MAPATHON\sylhet_flood_2024\data\processed\patches_overlap128_optimistic\patch_0362.npz,640,896,0.47723388671875,high
f:\MAPATHON\sylhet_flood_2024\data\processed\patches_overlap128_optimistic\patch_0363.npz,640,1024,0.3860626220703125,high
f:\MAPATHON\sylhet_flood_2024\data\processed\patches_overlap128_optimistic\patch_0364.npz,640,1152,0.2814483642578125,high
f:\MAPATHON\sylhet_flood_2024\data\processed\patches_overlap128_optimistic\patch_0365.npz,640,1280,0.4541778564453125,high
f:\MAPATHON\sylhet_flood_2024\data\processed\patches_overlap128_optimistic\patch_0366.npz,640,1408,0.375762939453125,high
f:\MAPATHON\sylhet_flood_2024\data\processed\patches_overlap128_optimistic\patch_0367.npz,640,1536,0.2147064208984375,high
f:\MAPATHON\sylhet_flood_2024\data\processed\patches_overlap128_optimistic\patch_0368.npz,640,1664,0.3451690673828125,high
f:\MAPATHON\sylhet_flood_2024\data\processed\patches_overlap128_optimistic\patch_0369.npz,640,1792,0.2390594482421875,high
f:\MAPATHON\sylhet_flood_2024\data\processed\patches_overlap128_optimistic\patch_0370.npz,640,1920,0.058380126953125,medium
f:\MAPATHON\sylhet_flood_2024\data\processed\patches_overlap128_optimistic\patch_0371.npz,640,2048,0.151153564453125,medium
f:\MAPATHON\sylhet_flood_2024\data\processed\patches_overlap128_optimistic\patch_0372.npz,640,2176,0.19097900390625,medium
f:\MAPATHON\sylhet_flood_2024\data\processed\patches_overlap128_optimistic\patch_0373.npz,640,2304,0.1214599609375,medium
f:\MAPATHON\sylhet_flood_2024\data\processed\patches_overlap128_optimistic\patch_0374.npz,640,2432,0.091552734375,medium
f:\MAPATHON\sylhet_flood_2024\data\processed\patches_overlap128_optimistic\patch_0375.npz,640,2560,0.1281280517578125,medium
f:\MAPATHON\sylhet_flood_2024\data\processed\patches_overlap128_optimistic\patch_0376.npz,640,2688,0.2174072265625,high
f:\MAPATHON\sylhet_flood_2024\data\processed\patches_overlap128_optimistic\patch_0377.npz,640,2816,0.2756195068359375,high
f:\MAPATHON\sylhet_flood_2024\data\processed\patches_overlap128_optimistic\patch_0378.npz,640,2944,0.2944488525390625,high
f:\MAPATHON\sylhet_flood_2024\data\processed\patches_overlap128_optimistic\patch_0379.npz,640,3072,0.2093353271484375,high
f:\MAPATHON\sylhet_flood_2024\data\processed\patches_overlap128_optimistic\patch_0380.npz,640,3200,0.1728363037109375,medium
f:\MAPATHON\sylhet_flood_2024\data\processed\patches_overlap128_optimistic\patch_0381.npz,640,3328,0.3432159423828125,high
f:\MAPATHON\sylhet_flood_2024\data\processed\patches_overlap128_optimistic\patch_0382.npz,640,3456,0.4998626708984375,high
f:\MAPATHON\sylhet_flood_2024\data\processed\patches_overlap128_optimistic\patch_0383.npz,640,3584,0.596832275390625,high
f:\MAPATHON\sylhet_flood_2024\data\processed\patches_overlap128_optimistic\patch_0384.npz,640,3712,0.647613525390625,high
f:\MAPATHON\sylhet_flood_2024\data\processed\patches_overlap128_optimistic\patch_0385.npz,640,3840,0.5826416015625,high
f:\MAPATHON\sylhet_flood_2024\data\processed\patches_overlap128_optimistic\patch_0386.npz,640,3968,0.4492340087890625,high
f:\MAPATHON\sylhet_flood_2024\data\processed\patches_overlap128_optimistic\patch_0387.npz,640,4096,0.422027587890625,high
f:\MAPATHON\sylhet_flood_2024\data\processed\patches_overlap128_optimistic\patch_0388.npz,640,4224,0.364898681640625,high
f:\MAPATHON\sylhet_flood_2024\data\processed\patches_overlap128_optimistic\patch_0389.npz,640,4352,0.2268218994140625,high
f:\MAPATHON\sylhet_flood_2024\data\processed\patches_overlap128_optimistic\patch_0390.npz,640,4480,0.17279052734375,medium
f:\MAPATHON\sylhet_flood_2024\data\processed\patches_overlap128_optimistic\patch_0391.npz,640,4608,0.2575531005859375,high
f:\MAPATHON\sylhet_flood_2024\data\processed\patches_overlap128_optimistic\patch_0392.npz,640,4736,0.259368896484375,high
f:\MAPATHON\sylhet_flood_2024\data\processed\patches_overlap128_optimistic\patch_0393.npz,640,4864,0.315948486328125,high
f:\MAPATHON\sylhet_flood_2024\data\processed\patches_overlap128_optimistic\patch_0394.npz,640,4992,0.517364501953125,high
f:\MAPATHON\sylhet_flood_2024\data\processed\patches_overlap128_optimistic\patch_0395.npz,640,5120,0.4335479736328125,high
f:\MAPATHON\sylhet_flood_2024\data\processed\patches_overlap128_optimistic\patch_0396.npz,640,5248,0.2959442138671875,high
f:\MAPATHON\sylhet_flood_2024\data\processed\patches_overlap128_optimistic\patch_0397.npz,640,5376,0.213623046875,high
f:\MAPATHON\sylhet_flood_2024\data\processed\patches_overlap128_optimistic\patch_0398.npz,640,5504,0.0992889404296875,medium
f:\MAPATHON\sylhet_flood_2024\data\processed\patches_overlap128_optimistic\patch_0399.npz,640,5632,0.04620361328125,low
f:\MAPATHON\sylhet_flood_2024\data\processed\patches_overlap128_optimistic\patch_0400.npz,640,5760,0.020782470703125,low
f:\MAPATHON\sylhet_flood_2024\data\processed\patches_overlap128_optimistic\patch_0401.npz,640,5888,0.0065155029296875,very_low
f:\MAPATHON\sylhet_flood_2024\data\processed\patches_overlap128_optimistic\patch_0402.npz,640,6016,0.0020904541015625,very_low
f:\MAPATHON\sylhet_flood_2024\data\processed\patches_overlap128_optimistic\patch_0403.npz,640,6144,0.0,dry
f:\MAPATHON\sylhet_flood_2024\data\processed\patches_overlap128_optimistic\patch_0404.npz,640,6272,0.0,dry
f:\MAPATHON\sylhet_flood_2024\data\processed\patches_overlap128_optimistic\patch_0405.npz,640,6400,0.0,dry
f:\MAPATHON\sylhet_flood_2024\data\processed\patches_overlap128_optimistic\patch_0406.npz,640,6528,0.0,dry
f:\MAPATHON\sylhet_flood_2024\data\processed\patches_overlap128_optimistic\patch_0407.npz,640,6656,0.0,dry
f:\MAPATHON\sylhet_flood_2024\data\processed\patches_overlap128_optimistic\patch_0408.npz,640,6784,0.0,dry
f:\MAPATHON\sylhet_flood_2024\data\processed\patches_overlap128_optimistic\patch_0409.npz,640,6912,0.0,dry
f:\MAPATHON\sylhet_flood_2024\data\processed\patches_overlap128_optimistic\patch_0410.npz,640,7040,0.0,dry
f:\MAPATHON\sylhet_flood_2024\data\processed\patches_overlap128_optimistic\patch_0411.npz,640,7168,0.0,dry
f:\MAPATHON\sylhet_flood_2024\data\processed\patches_overlap128_optimistic\patch_0412.npz,640,7296,0.0,dry
f:\MAPATHON\sylhet_flood_2024\data\processed\patches_overlap128_optimistic\patch_0413.npz,640,7424,0.0,dry
f:\MAPATHON\sylhet_flood_2024\data\processed\patches_overlap128_optimistic\patch_0414.npz,640,7552,0.0,dry
f:\MAPATHON\sylhet_flood_2024\data\processed\patches_overlap128_optimistic\patch_0415.npz,640,7680,0.0,dry
f:\MAPATHON\sylhet_flood_2024\data\processed\patches_overlap128_optimistic\patch_0416.npz,640,7808,0.0,dry
f:\MAPATHON\sylhet_flood_2024\data\processed\patches_overlap128_optimistic\patch_0417.npz,640,7936,0.0,dry
f:\MAPATHON\sylhet_flood_2024\data\processed\patches_overlap128_optimistic\patch_0418.npz,640,8064,0.0,dry
f:\MAPATHON\sylhet_flood_2024\data\processed\patches_overlap128_optimistic\patch_0419.npz,640,8192,0.0,dry
f:\MAPATHON\sylhet_flood_2024\data\processed\patches_overlap128_optimistic\patch_0420.npz,640,8320,0.0,dry
f:\MAPATHON\sylhet_flood_2024\data\processed\patches_overlap128_optimistic\patch_0421.npz,640,8448,0.0,dry
f:\MAPATHON\sylhet_flood_2024\data\processed\patches_overlap128_optimistic\patch_0422.npz,640,8576,0.0,dry
f:\MAPATHON\sylhet_flood_2024\data\processed\patches_overlap128_optimistic\patch_0423.npz,640,8704,0.0,dry
f:\MAPATHON\sylhet_flood_2024\data\processed\patches_overlap128_optimistic\patch_0424.npz,640,8832,0.0,dry
f:\MAPATHON\sylhet_flood_2024\data\processed\patches_overlap128_optimistic\patch_0425.npz,640,8892,0.0,dry
f:\MAPATHON\sylhet_flood_2024\data\processed\patches_overlap128_optimistic\patch_0426.npz,768,0,0.0676116943359375,medium
f:\MAPATHON\sylhet_flood_2024\data\processed\patches_overlap128_optimistic\patch_0427.npz,768,128,0.00018310546875,very_low
f:\MAPATHON\sylhet_flood_2024\data\processed\patches_overlap128_optimistic\patch_0428.npz,768,256,0.0325927734375,low
f:\MAPATHON\sylhet_flood_2024\data\processed\patches_overlap128_optimistic\patch_0429.npz,768,384,0.074127197265625,medium
f:\MAPATHON\sylhet_flood_2024\data\processed\patches_overlap128_optimistic\patch_0430.npz,768,512,0.256744384765625,high
f:\MAPATHON\sylhet_flood_2024\data\processed\patches_overlap128_optimistic\patch_0431.npz,768,640,0.380218505859375,high
f:\MAPATHON\sylhet_flood_2024\data\processed\patches_overlap128_optimistic\patch_0432.npz,768,768,0.4326324462890625,high
f:\MAPATHON\sylhet_flood_2024\data\processed\patches_overlap128_optimistic\patch_0433.npz,768,896,0.4165496826171875,high
f:\MAPATHON\sylhet_flood_2024\data\processed\patches_overlap128_optimistic\patch_0434.npz,768,1024,0.1780853271484375,medium
f:\MAPATHON\sylhet_flood_2024\data\processed\patches_overlap128_optimistic\patch_0435.npz,768,1152,0.0800628662109375,medium
f:\MAPATHON\sylhet_flood_2024\data\processed\patches_overlap128_optimistic\patch_0436.npz,768,1280,0.280181884765625,high
f:\MAPATHON\sylhet_flood_2024\data\processed\patches_overlap128_optimistic\patch_0437.npz,768,1408,0.372650146484375,high
f:\MAPATHON\sylhet_flood_2024\data\processed\patches_overlap128_optimistic\patch_0438.npz,768,1536,0.2855682373046875,high
f:\MAPATHON\sylhet_flood_2024\data\processed\patches_overlap128_optimistic\patch_0439.npz,768,1664,0.310272216796875,high
f:\MAPATHON\sylhet_flood_2024\data\processed\patches_overlap128_optimistic\patch_0440.npz,768,1792,0.1827392578125,medium
f:\MAPATHON\sylhet_flood_2024\data\processed\patches_overlap128_optimistic\patch_0441.npz,768,1920,0.0462188720703125,low
f:\MAPATHON\sylhet_flood_2024\data\processed\patches_overlap128_optimistic\patch_0442.npz,768,2048,0.080291748046875,medium
f:\MAPATHON\sylhet_flood_2024\data\processed\patches_overlap128_optimistic\patch_0443.npz,768,2176,0.084869384765625,medium
f:\MAPATHON\sylhet_flood_2024\data\processed\patches_overlap128_optimistic\patch_0444.npz,768,2304,0.0625457763671875,medium
f:\MAPATHON\sylhet_flood_2024\data\processed\patches_overlap128_optimistic\patch_0445.npz,768,2432,0.047149658203125,low
f:\MAPATHON\sylhet_flood_2024\data\processed\patches_overlap128_optimistic\patch_0446.npz,768,2560,0.0478515625,low
f:\MAPATHON\sylhet_flood_2024\data\processed\patches_overlap128_optimistic\patch_0447.npz,768,2688,0.11431884765625,medium
f:\MAPATHON\sylhet_flood_2024\data\processed\patches_overlap128_optimistic\patch_0448.npz,768,2816,0.2490386962890625,high
f:\MAPATHON\sylhet_flood_2024\data\processed\patches_overlap128_optimistic\patch_0449.npz,768,2944,0.3509979248046875,high
f:\MAPATHON\sylhet_flood_2024\data\processed\patches_overlap128_optimistic\patch_0450.npz,768,3072,0.3227081298828125,high
f:\MAPATHON\sylhet_flood_2024\data\processed\patches_overlap128_optimistic\patch_0451.npz,768,3200,0.2724456787109375,high
f:\MAPATHON\sylhet_flood_2024\data\processed\patches_overlap128_optimistic\patch_0452.npz,768,3328,0.3296356201171875,high
f:\MAPATHON\sylhet_flood_2024\data\processed\patches_overlap128_optimistic\patch_0453.npz,768,3456,0.4385528564453125,high
f:\MAPATHON\sylhet_flood_2024\data\processed\patches_overlap128_optimistic\patch_0454.npz,768,3584,0.533843994140625,high
f:\MAPATHON\sylhet_flood_2024\data\processed\patches_overlap128_optimistic\patch_0455.npz,768,3712,0.5143890380859375,high
f:\MAPATHON\sylhet_flood_2024\data\processed\patches_overlap128_optimistic\patch_0456.npz,768,3840,0.42083740234375,high
f:\MAPATHON\sylhet_flood_2024\data\processed\patches_overlap128_optimistic\patch_0457.npz,768,3968,0.2927703857421875,high
f:\MAPATHON\sylhet_flood_2024\data\processed\patches_overlap128_optimistic\patch_0458.npz,768,4096,0.2794036865234375,high
f:\MAPATHON\sylhet_flood_2024\data\processed\patches_overlap128_optimistic\patch_0459.npz,768,4224,0.3614959716796875,high
f:\MAPATHON\sylhet_flood_2024\data\processed\patches_overlap128_optimistic\patch_0460.npz,768,4352,0.2445220947265625,high
f:\MAPATHON\sylhet_flood_2024\data\processed\patches_overlap128_optimistic\patch_0461.npz,768,4480,0.16876220703125,medium
f:\MAPATHON\sylhet_flood_2024\data\processed\patches_overlap128_optimistic\patch_0462.npz,768,4608,0.320648193359375,high
f:\MAPATHON\sylhet_flood_2024\data\processed\patches_overlap128_optimistic\patch_0463.npz,768,4736,0.402008056640625,high
f:\MAPATHON\sylhet_flood_2024\data\processed\patches_overlap128_optimistic\patch_0464.npz,768,4864,0.4848785400390625,high
f:\MAPATHON\sylhet_flood_2024\data\processed\patches_overlap128_optimistic\patch_0465.npz,768,4992,0.6424560546875,high
f:\MAPATHON\sylhet_flood_2024\data\processed\patches_overlap128_optimistic\patch_0466.npz,768,5120,0.6116485595703125,high
f:\MAPATHON\sylhet_flood_2024\data\processed\patches_overlap128_optimistic\patch_0467.npz,768,5248,0.505401611328125,high
f:\MAPATHON\sylhet_flood_2024\data\processed\patches_overlap128_optimistic\patch_0468.npz,768,5376,0.3735809326171875,high
f:\MAPATHON\sylhet_flood_2024\data\processed\patches_overlap128_optimistic\patch_0469.npz,768,5504,0.1750946044921875,medium
f:\MAPATHON\sylhet_flood_2024\data\processed\patches_overlap128_optimistic\patch_0470.npz,768,5632,0.0584259033203125,medium
f:\MAPATHON\sylhet_flood_2024\data\processed\patches_overlap128_optimistic\patch_0471.npz,768,5760,0.0243682861328125,low
f:\MAPATHON\sylhet_flood_2024\data\processed\patches_overlap128_optimistic\patch_0472.npz,768,5888,0.007110595703125,very_low
f:\MAPATHON\sylhet_flood_2024\data\processed\patches_overlap128_optimistic\patch_0473.npz,768,6016,0.000152587890625,very_low
f:\MAPATHON\sylhet_flood_2024\data\processed\patches_overlap128_optimistic\patch_0474.npz,768,6144,0.0,dry
f:\MAPATHON\sylhet_flood_2024\data\processed\patches_overlap128_optimistic\patch_0475.npz,768,6272,0.0,dry
f:\MAPATHON\sylhet_flood_2024\data\processed\patches_overlap128_optimistic\patch_0476.npz,768,6400,0.0,dry
f:\MAPATHON\sylhet_flood_2024\data\processed\patches_overlap128_optimistic\patch_0477.npz,768,6528,0.0,dry
f:\MAPATHON\sylhet_flood_2024\data\processed\patches_overlap128_optimistic\patch_0478.npz,768,6656,0.0,dry
f:\MAPATHON\sylhet_flood_2024\data\processed\patches_overlap128_optimistic\patch_0479.npz,768,6784,0.0,dry
f:\MAPATHON\sylhet_flood_2024\data\processed\patches_overlap128_optimistic\patch_0480.npz,768,6912,0.0,dry
f:\MAPATHON\sylhet_flood_2024\data\processed\patches_overlap128_optimistic\patch_0481.npz,768,7040,0.0,dry
f:\MAPATHON\sylhet_flood_2024\data\processed\patches_overlap128_optimistic\patch_0482.npz,768,7168,0.0,dry
f:\MAPATHON\sylhet_flood_2024\data\processed\patches_overlap128_optimistic\patch_0483.npz,768,7296,0.0,dry
f:\MAPATHON\sylhet_flood_2024\data\processed\patches_overlap128_optimistic\patch_0484.npz,768,7424,0.0,dry
f:\MAPATHON\sylhet_flood_2024\data\processed\patches_overlap128_optimistic\patch_0485.npz,768,7552,0.0,dry
f:\MAPATHON\sylhet_flood_2024\data\processed\patches_overlap128_optimistic\patch_0486.npz,768,7680,0.0,dry
f:\MAPATHON\sylhet_flood_2024\data\processed\patches_overlap128_optimistic\patch_0487.npz,768,7808,0.0,dry
f:\MAPATHON\sylhet_flood_2024\data\processed\patches_overlap128_optimistic\patch_0488.npz,768,7936,0.0,dry
f:\MAPATHON\sylhet_flood_2024\data\processed\patches_overlap128_optimistic\patch_0489.npz,768,8064,0.0,dry
f:\MAPATHON\sylhet_flood_2024\data\processed\patches_overlap128_optimistic\patch_0490.npz,768,8192,0.0,dry
f:\MAPATHON\sylhet_flood_2024\data\processed\patches_overlap128_optimistic\patch_0491.npz,768,8320,0.0,dry
f:\MAPATHON\sylhet_flood_2024\data\processed\patches_overlap128_optimistic\patch_0492.npz,768,8448,0.0,dry
f:\MAPATHON\sylhet_flood_2024\data\processed\patches_overlap128_optimistic\patch_0493.npz,768,8576,0.0,dry
f:\MAPATHON\sylhet_flood_2024\data\processed\patches_overlap128_optimistic\patch_0494.npz,768,8704,0.0,dry
f:\MAPATHON\sylhet_flood_2024\data\processed\patches_overlap128_optimistic\patch_0495.npz,768,8832,0.0,dry
f:\MAPATHON\sylhet_flood_2024\data\processed\patches_overlap128_optimistic\patch_0496.npz,768,8892,0.0,dry
f:\MAPATHON\sylhet_flood_2024\data\processed\patches_overlap128_optimistic\patch_0497.npz,896,0,0.15625,medium
f:\MAPATHON\sylhet_flood_2024\data\processed\patches_overlap128_optimistic\patch_0498.npz,896,128,0.081207275390625,medium
f:\MAPATHON\sylhet_flood_2024\data\processed\patches_overlap128_optimistic\patch_0499.npz,896,256,0.1609039306640625,medium
f:\MAPATHON\sylhet_flood_2024\data\processed\patches_overlap128_optimistic\patch_0500.npz,896,384,0.2695159912109375,high
f:\MAPATHON\sylhet_flood_2024\data\processed\patches_overlap128_optimistic\patch_0501.npz,896,512,0.484039306640625,high
f:\MAPATHON\sylhet_flood_2024\data\processed\patches_overlap128_optimistic\patch_0502.npz,896,640,0.5318145751953125,high
f:\MAPATHON\sylhet_flood_2024\data\processed\patches_overlap128_optimistic\patch_0503.npz,896,768,0.3904266357421875,high
f:\MAPATHON\sylhet_flood_2024\data\processed\patches_overlap128_optimistic\patch_0504.npz,896,896,0.2462921142578125,high
f:\MAPATHON\sylhet_flood_2024\data\processed\patches_overlap128_optimistic\patch_0505.npz,896,1024,0.0556488037109375,medium
f:\MAPATHON\sylhet_flood_2024\data\processed\patches_overlap128_optimistic\patch_0506.npz,896,1152,0.015228271484375,low
f:\MAPATHON\sylhet_flood_2024\data\processed\patches_overlap128_optimistic\patch_0507.npz,896,1280,0.0785980224609375,medium
f:\MAPATHON\sylhet_flood_2024\data\processed\patches_overlap128_optimistic\patch_0508.npz,896,1408,0.2161102294921875,high
f:\MAPATHON\sylhet_flood_2024\data\processed\patches_overlap128_optimistic\patch_0509.npz,896,1536,0.339080810546875,high
f:\MAPATHON\sylhet_flood_2024\data\processed\patches_overlap128_optimistic\patch_0510.npz,896,1664,0.2910003662109375,high
f:\MAPATHON\sylhet_flood_2024\data\processed\patches_overlap128_optimistic\patch_0511.npz,896,1792,0.108123779296875,medium
f:\MAPATHON\sylhet_flood_2024\data\processed\patches_overlap128_optimistic\patch_0512.npz,896,1920,0.0251617431640625,low
f:\MAPATHON\sylhet_flood_2024\data\processed\patches_overlap128_optimistic\patch_0513.npz,896,2048,0.0478668212890625,low
f:\MAPATHON\sylhet_flood_2024\data\processed\patches_overlap128_optimistic\patch_0514.npz,896,2176,0.0473480224609375,low
f:\MAPATHON\sylhet_flood_2024\data\processed\patches_overlap128_optimistic\patch_0515.npz,896,2304,0.030181884765625,low
f:\MAPATHON\sylhet_flood_2024\data\processed\patches_overlap128_optimistic\patch_0516.npz,896,2432,0.0293121337890625,low
f:\MAPATHON\sylhet_flood_2024\data\processed\patches_overlap128_optimistic\patch_0517.npz,896,2560,0.0340728759765625,low
f:\MAPATHON\sylhet_flood_2024\data\processed\patches_overlap128_optimistic\patch_0518.npz,896,2688,0.0545806884765625,medium
f:\MAPATHON\sylhet_flood_2024\data\processed\patches_overlap128_optimistic\patch_0519.npz,896,2816,0.2527008056640625,high
f:\MAPATHON\sylhet_flood_2024\data\processed\patches_overlap128_optimistic\patch_0520.npz,896,2944,0.3655242919921875,high
f:\MAPATHON\sylhet_flood_2024\data\processed\patches_overlap128_optimistic\patch_0521.npz,896,3072,0.3037261962890625,high
f:\MAPATHON\sylhet_flood_2024\data\processed\patches_overlap128_optimistic\patch_0522.npz,896,3200,0.3721771240234375,high
f:\MAPATHON\sylhet_flood_2024\data\processed\patches_overlap128_optimistic\patch_0523.npz,896,3328,0.38037109375,high
f:\MAPATHON\sylhet_flood_2024\data\processed\patches_overlap128_optimistic\patch_0524.npz,896,3456,0.3759002685546875,high
f:\MAPATHON\sylhet_flood_2024\data\processed\patches_overlap128_optimistic\patch_0525.npz,896,3584,0.545867919921875,high
f:\MAPATHON\sylhet_flood_2024\data\processed\patches_overlap128_optimistic\patch_0526.npz,896,3712,0.478515625,high
f:\MAPATHON\sylhet_flood_2024\data\processed\patches_overlap128_optimistic\patch_0527.npz,896,3840,0.2703704833984375,high
f:\MAPATHON\sylhet_flood_2024\data\processed\patches_overlap128_optimistic\patch_0528.npz,896,3968,0.2349090576171875,high
f:\MAPATHON\sylhet_flood_2024\data\processed\patches_overlap128_optimistic\patch_0529.npz,896,4096,0.2034149169921875,high
f:\MAPATHON\sylhet_flood_2024\data\processed\patches_overlap128_optimistic\patch_0530.npz,896,4224,0.217498779296875,high
f:\MAPATHON\sylhet_flood_2024\data\processed\patches_overlap128_optimistic\patch_0531.npz,896,4352,0.177947998046875,medium
f:\MAPATHON\sylhet_flood_2024\data\processed\patches_overlap128_optimistic\patch_0532.npz,896,4480,0.193145751953125,medium
f:\MAPATHON\sylhet_flood_2024\data\processed\patches_overlap128_optimistic\patch_0533.npz,896,4608,0.4210205078125,high
f:\MAPATHON\sylhet_flood_2024\data\processed\patches_overlap128_optimistic\patch_0534.npz,896,4736,0.52447509765625,high
f:\MAPATHON\sylhet_flood_2024\data\processed\patches_overlap128_optimistic\patch_0535.npz,896,4864,0.576416015625,high
f:\MAPATHON\sylhet_flood_2024\data\processed\patches_overlap128_optimistic\patch_0536.npz,896,4992,0.6231689453125,high
f:\MAPATHON\sylhet_flood_2024\data\processed\patches_overlap128_optimistic\patch_0537.npz,896,5120,0.5334930419921875,high
f:\MAPATHON\sylhet_flood_2024\data\processed\patches_overlap128_optimistic\patch_0538.npz,896,5248,0.4392242431640625,high
f:\MAPATHON\sylhet_flood_2024\data\processed\patches_overlap128_optimistic\patch_0539.npz,896,5376,0.2952423095703125,high
f:\MAPATHON\sylhet_flood_2024\data\processed\patches_overlap128_optimistic\patch_0540.npz,896,5504,0.108642578125,medium
f:\MAPATHON\sylhet_flood_2024\data\processed\patches_overlap128_optimistic\patch_0541.npz,896,5632,0.01416015625,low
f:\MAPATHON\sylhet_flood_2024\data\processed\patches_overlap128_optimistic\patch_0542.npz,896,5760,0.006134033203125,very_low
f:\MAPATHON\sylhet_flood_2024\data\processed\patches_overlap128_optimistic\patch_0543.npz,896,5888,0.003143310546875,very_low
f:\MAPATHON\sylhet_flood_2024\data\processed\patches_overlap128_optimistic\patch_0544.npz,896,6016,0.0,dry
f:\MAPATHON\sylhet_flood_2024\data\processed\patches_overlap128_optimistic\patch_0545.npz,896,6144,0.0,dry
f:\MAPATHON\sylhet_flood_2024\data\processed\patches_overlap128_optimistic\patch_0546.npz,896,6272,0.0,dry
f:\MAPATHON\sylhet_flood_2024\data\processed\patches_overlap128_optimistic\patch_0547.npz,896,6400,0.0,dry
f:\MAPATHON\sylhet_flood_2024\data\processed\patches_overlap128_optimistic\patch_0548.npz,896,6528,0.0,dry
f:\MAPATHON\sylhet_flood_2024\data\processed\patches_overlap128_optimistic\patch_0549.npz,896,6656,0.0,dry
f:\MAPATHON\sylhet_flood_2024\data\processed\patches_overlap128_optimistic\patch_0550.npz,896,6784,0.0,dry
f:\MAPATHON\sylhet_flood_2024\data\processed\patches_overlap128_optimistic\patch_0551.npz,896,6912,0.0,dry
f:\MAPATHON\sylhet_flood_2024\data\processed\patches_overlap128_optimistic\patch_0552.npz,896,7040,0.0,dry
f:\MAPATHON\sylhet_flood_2024\data\processed\patches_overlap128_optimistic\patch_0553.npz,896,7168,0.0,dry
f:\MAPATHON\sylhet_flood_2024\data\processed\patches_overlap128_optimistic\patch_0554.npz,896,7296,0.0,dry
f:\MAPATHON\sylhet_flood_2024\data\processed\patches_overlap128_optimistic\patch_0555.npz,896,7424,0.0,dry
f:\MAPATHON\sylhet_flood_2024\data\processed\patches_overlap128_optimistic\patch_0556.npz,896,7552,0.0,dry
f:\MAPATHON\sylhet_flood_2024\data\processed\patches_overlap128_optimistic\patch_0557.npz,896,7680,0.0,dry
f:\MAPATHON\sylhet_flood_2024\data\processed\patches_overlap128_optimistic\patch_0558.npz,896,7808,0.0,dry
f:\MAPATHON\sylhet_flood_2024\data\processed\patches_overlap128_optimistic\patch_0559.npz,896,7936,0.0,dry
f:\MAPATHON\sylhet_flood_2024\data\processed\patches_overlap128_optimistic\patch_0560.npz,896,8064,0.0,dry
f:\MAPATHON\sylhet_flood_2024\data\processed\patches_overlap128_optimistic\patch_0561.npz,896,8192,0.0,dry
f:\MAPATHON\sylhet_flood_2024\data\processed\patches_overlap128_optimistic\patch_0562.npz,896,8320,0.0,dry
f:\MAPATHON\sylhet_flood_2024\data\processed\patches_overlap128_optimistic\patch_0563.npz,896,8448,0.0,dry
f:\MAPATHON\sylhet_flood_2024\data\processed\patches_overlap128_optimistic\patch_0564.npz,896,8576,0.0,dry
f:\MAPATHON\sylhet_flood_2024\data\processed\patches_overlap128_optimistic\patch_0565.npz,896,8704,0.0,dry
f:\MAPATHON\sylhet_flood_2024\data\processed\patches_overlap128_optimistic\patch_0566.npz,896,8832,0.0,dry
f:\MAPATHON\sylhet_flood_2024\data\processed\patches_overlap128_optimistic\patch_0567.npz,896,8892,0.0,dry
f:\MAPATHON\sylhet_flood_2024\data\processed\patches_overlap128_optimistic\patch_0568.npz,1024,0,0.355072021484375,high
f:\MAPATHON\sylhet_flood_2024\data\processed\patches_overlap128_optimistic\patch_0569.npz,1024,128,0.318023681640625,high
f:\MAPATHON\sylhet_flood_2024\data\processed\patches_overlap128_optimistic\patch_0570.npz,1024,256,0.412567138671875,high
f:\MAPATHON\sylhet_flood_2024\data\processed\patches_overlap128_optimistic\patch_0571.npz,1024,384,0.5005340576171875,high
f:\MAPATHON\sylhet_flood_2024\data\processed\patches_overlap128_optimistic\patch_0572.npz,1024,512,0.5143280029296875,high
f:\MAPATHON\sylhet_flood_2024\data\processed\patches_overlap128_optimistic\patch_0573.npz,1024,640,0.38592529296875,high
f:\MAPATHON\sylhet_flood_2024\data\processed\patches_overlap128_optimistic\patch_0574.npz,1024,768,0.1791229248046875,medium
f:\MAPATHON\sylhet_flood_2024\data\processed\patches_overlap128_optimistic\patch_0575.npz,1024,896,0.050933837890625,medium
f:\MAPATHON\sylhet_flood_2024\data\processed\patches_overlap128_optimistic\patch_0576.npz,1024,1024,0.004913330078125,very_low
f:\MAPATHON\sylhet_flood_2024\data\processed\patches_overlap128_optimistic\patch_0577.npz,1024,1152,0.00213623046875,very_low
f:\MAPATHON\sylhet_flood_2024\data\processed\patches_overlap128_optimistic\patch_0578.npz,1024,1280,0.0112457275390625,low
f:\MAPATHON\sylhet_flood_2024\data\processed\patches_overlap128_optimistic\patch_0579.npz,1024,1408,0.1043701171875,medium
f:\MAPATHON\sylhet_flood_2024\data\processed\patches_overlap128_optimistic\patch_0580.npz,1024,1536,0.185577392578125,medium
f:\MAPATHON\sylhet_flood_2024\data\processed\patches_overlap128_optimistic\patch_0581.npz,1024,1664,0.105133056640625,medium
f:\MAPATHON\sylhet_flood_2024\data\processed\patches_overlap128_optimistic\patch_0582.npz,1024,1792,0.0230255126953125,low
f:\MAPATHON\sylhet_flood_2024\data\processed\patches_overlap128_optimistic\patch_0583.npz,1024,1920,0.0156097412109375,low
f:\MAPATHON\sylhet_flood_2024\data\processed\patches_overlap128_optimistic\patch_0584.npz,1024,2048,0.0313262939453125,low
f:\MAPATHON\sylhet_flood_2024\data\processed\patches_overlap128_optimistic\patch_0585.npz,1024,2176,0.1128692626953125,medium
f:\MAPATHON\sylhet_flood_2024\data\processed\patches_overlap128_optimistic\patch_0586.npz,1024,2304,0.1046295166015625,medium
f:\MAPATHON\sylhet_flood_2024\data\processed\patches_overlap128_optimistic\patch_0587.npz,1024,2432,0.0349884033203125,low
f:\MAPATHON\sylhet_flood_2024\data\processed\patches_overlap128_optimistic\patch_0588.npz,1024,2560,0.0547637939453125,medium
f:\MAPATHON\sylhet_flood_2024\data\processed\patches_overlap128_optimistic\patch_0589.npz,1024,2688,0.118438720703125,medium
f:\MAPATHON\sylhet_flood_2024\data\processed\patches_overlap128_optimistic\patch_0590.npz,1024,2816,0.216522216796875,high
f:\MAPATHON\sylhet_flood_2024\data\processed\patches_overlap128_optimistic\patch_0591.npz,1024,2944,0.18548583984375,medium
f:\MAPATHON\sylhet_flood_2024\data\processed\patches_overlap128_optimistic\patch_0592.npz,1024,3072,0.11602783203125,medium
f:\MAPATHON\sylhet_flood_2024\data\processed\patches_overlap128_optimistic\patch_0593.npz,1024,3200,0.1846160888671875,medium
f:\MAPATHON\sylhet_flood_2024\data\processed\patches_overlap128_optimistic\patch_0594.npz,1024,3328,0.24609375,high
f:\MAPATHON\sylhet_flood_2024\data\processed\patches_overlap128_optimistic\patch_0595.npz,1024,3456,0.2552642822265625,high
f:\MAPATHON\sylhet_flood_2024\data\processed\patches_overlap128_optimistic\patch_0596.npz,1024,3584,0.377685546875,high
f:\MAPATHON\sylhet_flood_2024\data\processed\patches_overlap128_optimistic\patch_0597.npz,1024,3712,0.4139556884765625,high
f:\MAPATHON\sylhet_flood_2024\data\processed\patches_overlap128_optimistic\patch_0598.npz,1024,3840,0.3857879638671875,high
f:\MAPATHON\sylhet_flood_2024\data\processed\patches_overlap128_optimistic\patch_0599.npz,1024,3968,0.4157257080078125,high
f:\MAPATHON\sylhet_flood_2024\data\processed\patches_overlap128_optimistic\patch_0600.npz,1024,4096,0.3869171142578125,high
f:\MAPATHON\sylhet_flood_2024\data\processed\patches_overlap128_optimistic\patch_0601.npz,1024,4224,0.3766326904296875,high
f:\MAPATHON\sylhet_flood_2024\data\processed\patches_overlap128_optimistic\patch_0602.npz,1024,4352,0.378265380859375,high
f:\MAPATHON\sylhet_flood_2024\data\processed\patches_overlap128_optimistic\patch_0603.npz,1024,4480,0.41644287109375,high
f:\MAPATHON\sylhet_flood_2024\data\processed\patches_overlap128_optimistic\patch_0604.npz,1024,4608,0.5398406982421875,high
f:\MAPATHON\sylhet_flood_2024\data\processed\patches_overlap128_optimistic\patch_0605.npz,1024,4736,0.560455322265625,high
f:\MAPATHON\sylhet_flood_2024\data\processed\patches_overlap128_optimistic\patch_0606.npz,1024,4864,0.4663238525390625,high
f:\MAPATHON\sylhet_flood_2024\data\processed\patches_overlap128_optimistic\patch_0607.npz,1024,4992,0.4666595458984375,high
f:\MAPATHON\sylhet_flood_2024\data\processed\patches_overlap128_optimistic\patch_0608.npz,1024,5120,0.3900604248046875,high
f:\MAPATHON\sylhet_flood_2024\data\processed\patches_overlap128_optimistic\patch_0609.npz,1024,5248,0.28961181640625,high
f:\MAPATHON\sylhet_flood_2024\data\processed\patches_overlap128_optimistic\patch_0610.npz,1024,5376,0.154510498046875,medium
f:\MAPATHON\sylhet_flood_2024\data\processed\patches_overlap128_optimistic\patch_0611.npz,1024,5504,0.0110321044921875,low
f:\MAPATHON\sylhet_flood_2024\data\processed\patches_overlap128_optimistic\patch_0612.npz,1024,5632,0.00225830078125,very_low
f:\MAPATHON\sylhet_flood_2024\data\processed\patches_overlap128_optimistic\patch_0613.npz,1024,5760,0.0021820068359375,very_low
f:\MAPATHON\sylhet_flood_2024\data\processed\patches_overlap128_optimistic\patch_0614.npz,1024,5888,0.0001983642578125,very_low
f:\MAPATHON\sylhet_flood_2024\data\processed\patches_overlap128_optimistic\patch_0615.npz,1024,6016,0.0,dry
f:\MAPATHON\sylhet_flood_2024\data\processed\patches_overlap128_optimistic\patch_0616.npz,1024,6144,0.0,dry
f:\MAPATHON\sylhet_flood_2024\data\processed\patches_overlap128_optimistic\patch_0617.npz,1024,6272,0.0,dry
f:\MAPATHON\sylhet_flood_2024\data\processed\patches_overlap128_optimistic\patch_0618.npz,1024,6400,0.0,dry
f:\MAPATHON\sylhet_flood_2024\data\processed\patches_overlap128_optimistic\patch_0619.npz,1024,6528,0.0,dry
f:\MAPATHON\sylhet_flood_2024\data\processed\patches_overlap128_optimistic\patch_0620.npz,1024,6656,0.0,dry
f:\MAPATHON\sylhet_flood_2024\data\processed\patches_overlap128_optimistic\patch_0621.npz,1024,6784,0.0,dry
f:\MAPATHON\sylhet_flood_2024\data\processed\patches_overlap128_optimistic\patch_0622.npz,1024,6912,0.0,dry
f:\MAPATHON\sylhet_flood_2024\data\processed\patches_overlap128_optimistic\patch_0623.npz,1024,7040,0.0,dry
f:\MAPATHON\sylhet_flood_2024\data\processed\patches_overlap128_optimistic\patch_0624.npz,1024,7168,0.0,dry
f:\MAPATHON\sylhet_flood_2024\data\processed\patches_overlap128_optimistic\patch_0625.npz,1024,7296,0.0,dry
f:\MAPATHON\sylhet_flood_2024\data\processed\patches_overlap128_optimistic\patch_0626.npz,1024,7424,0.0,dry
f:\MAPATHON\sylhet_flood_2024\data\processed\patches_overlap128_optimistic\patch_0627.npz,1024,7552,0.0,dry
f:\MAPATHON\sylhet_flood_2024\data\processed\patches_overlap128_optimistic\patch_0628.npz,1024,7680,0.0,dry
f:\MAPATHON\sylhet_flood_2024\data\processed\patches_overlap128_optimistic\patch_0629.npz,1024,7808,0.0,dry
f:\MAPATHON\sylhet_flood_2024\data\processed\patches_overlap128_optimistic\patch_0630.npz,1024,7936,0.0,dry
f:\MAPATHON\sylhet_flood_2024\data\processed\patches_overlap128_optimistic\patch_0631.npz,1024,8064,0.0,dry
f:\MAPATHON\sylhet_flood_2024\data\processed\patches_overlap128_optimistic\patch_0632.npz,1024,8192,0.0,dry
f:\MAPATHON\sylhet_flood_2024\data\processed\patches_overlap128_optimistic\patch_0633.npz,1024,8320,0.0,dry
f:\MAPATHON\sylhet_flood_2024\data\processed\patches_overlap128_optimistic\patch_0634.npz,1024,8448,0.0,dry
f:\MAPATHON\sylhet_flood_2024\data\processed\patches_overlap128_optimistic\patch_0635.npz,1024,8576,0.0,dry
f:\MAPATHON\sylhet_flood_2024\data\processed\patches_overlap128_optimistic\patch_0636.npz,1024,8704,0.0,dry
f:\MAPATHON\sylhet_flood_2024\data\processed\patches_overlap128_optimistic\patch_0637.npz,1024,8832,0.0,dry
f:\MAPATHON\sylhet_flood_2024\data\processed\patches_overlap128_optimistic\patch_0638.npz,1024,8892,0.0,dry
f:\MAPATHON\sylhet_flood_2024\data\processed\patches_overlap128_optimistic\patch_0639.npz,1152,0,0.3974151611328125,high
f:\MAPATHON\sylhet_flood_2024\data\processed\patches_overlap128_optimistic\patch_0640.npz,1152,128,0.3885650634765625,high
f:\MAPATHON\sylhet_flood_2024\data\processed\patches_overlap128_optimistic\patch_0641.npz,1152,256,0.4426116943359375,high
f:\MAPATHON\sylhet_flood_2024\data\processed\patches_overlap128_optimistic\patch_0642.npz,1152,384,0.465118408203125,high
f:\MAPATHON\sylhet_flood_2024\data\processed\patches_overlap128_optimistic\patch_0643.npz,1152,512,0.3675384521484375,high
f:\MAPATHON\sylhet_flood_2024\data\processed\patches_overlap128_optimistic\patch_0644.npz,1152,640,0.2144775390625,high
f:\MAPATHON\sylhet_flood_2024\data\processed\patches_overlap128_optimistic\patch_0645.npz,1152,768,0.0724334716796875,medium
f:\MAPATHON\sylhet_flood_2024\data\processed\patches_overlap128_optimistic\patch_0646.npz,1152,896,0.007781982421875,very_low
f:\MAPATHON\sylhet_flood_2024\data\processed\patches_overlap128_optimistic\patch_0647.npz,1152,1024,0.0062103271484375,very_low
f:\MAPATHON\sylhet_flood_2024\data\processed\patches_overlap128_optimistic\patch_0648.npz,1152,1152,0.003387451171875,very_low
f:\MAPATHON\sylhet_flood_2024\data\processed\patches_overlap128_optimistic\patch_0649.npz,1152,1280,0.0144500732421875,low
f:\MAPATHON\sylhet_flood_2024\data\processed\patches_overlap128_optimistic\patch_0650.npz,1152,1408,0.0408172607421875,low
f:\MAPATHON\sylhet_flood_2024\data\processed\patches_overlap128_optimistic\patch_0651.npz,1152,1536,0.0518341064453125,medium
f:\MAPATHON\sylhet_flood_2024\data\processed\patches_overlap128_optimistic\patch_0652.npz,1152,1664,0.0353851318359375,low
f:\MAPATHON\sylhet_flood_2024\data\processed\patches_overlap128_optimistic\patch_0653.npz,1152,1792,0.0207366943359375,low
f:\MAPATHON\sylhet_flood_2024\data\processed\patches_overlap128_optimistic\patch_0654.npz,1152,1920,0.0178070068359375,low
f:\MAPATHON\sylhet_flood_2024\data\processed\patches_overlap128_optimistic\patch_0655.npz,1152,2048,0.0510406494140625,medium
f:\MAPATHON\sylhet_flood_2024\data\processed\patches_overlap128_optimistic\patch_0656.npz,1152,2176,0.1719970703125,medium
f:\MAPATHON\sylhet_flood_2024\data\processed\patches_overlap128_optimistic\patch_0657.npz,1152,2304,0.1631011962890625,medium
f:\MAPATHON\sylhet_flood_2024\data\processed\patches_overlap128_optimistic\patch_0658.npz,1152,2432,0.113494873046875,medium
f:\MAPATHON\sylhet_flood_2024\data\processed\patches_overlap128_optimistic\patch_0659.npz,1152,2560,0.1874847412109375,medium
f:\MAPATHON\sylhet_flood_2024\data\processed\patches_overlap128_optimistic\patch_0660.npz,1152,2688,0.20745849609375,high
f:\MAPATHON\sylhet_flood_2024\data\processed\patches_overlap128_optimistic\patch_0661.npz,1152,2816,0.1550445556640625,medium
f:\MAPATHON\sylhet_flood_2024\data\processed\patches_overlap128_optimistic\patch_0662.npz,1152,2944,0.07403564453125,medium
f:\MAPATHON\sylhet_flood_2024\data\processed\patches_overlap128_optimistic\patch_0663.npz,1152,3072,0.037750244140625,low
f:\MAPATHON\sylhet_flood_2024\data\processed\patches_overlap128_optimistic\patch_0664.npz,1152,3200,0.03533935546875,low
f:\MAPATHON\sylhet_flood_2024\data\processed\patches_overlap128_optimistic\patch_0665.npz,1152,3328,0.06719970703125,medium
f:\MAPATHON\sylhet_flood_2024\data\processed\patches_overlap128_optimistic\patch_0666.npz,1152,3456,0.0883331298828125,medium
f:\MAPATHON\sylhet_flood_2024\data\processed\patches_overlap128_optimistic\patch_0667.npz,1152,3584,0.115997314453125,medium
f:\MAPATHON\sylhet_flood_2024\data\processed\patches_overlap128_optimistic\patch_0668.npz,1152,3712,0.2454376220703125,high
f:\MAPATHON\sylhet_flood_2024\data\processed\patches_overlap128_optimistic\patch_0669.npz,1152,3840,0.3535919189453125,high
f:\MAPATHON\sylhet_flood_2024\data\processed\patches_overlap128_optimistic\patch_0670.npz,1152,3968,0.4039306640625,high
f:\MAPATHON\sylhet_flood_2024\data\processed\patches_overlap128_optimistic\patch_0671.npz,1152,4096,0.5930938720703125,high
f:\MAPATHON\sylhet_flood_2024\data\processed\patches_overlap128_optimistic\patch_0672.npz,1152,4224,0.6730499267578125,high
f:\MAPATHON\sylhet_flood_2024\data\processed\patches_overlap128_optimistic\patch_0673.npz,1152,4352,0.6011810302734375,high
f:\MAPATHON\sylhet_flood_2024\data\processed\patches_overlap128_optimistic\patch_0674.npz,1152,4480,0.571441650390625,high
f:\MAPATHON\sylhet_flood_2024\data\processed\patches_overlap128_optimistic\patch_0675.npz,1152,4608,0.63470458984375,high
f:\MAPATHON\sylhet_flood_2024\data\processed\patches_overlap128_optimistic\patch_0676.npz,1152,4736,0.692108154296875,high
f:\MAPATHON\sylhet_flood_2024\data\processed\patches_overlap128_optimistic\patch_0677.npz,1152,4864,0.624298095703125,high
f:\MAPATHON\sylhet_flood_2024\data\processed\patches_overlap128_optimistic\patch_0678.npz,1152,4992,0.51007080078125,high
f:\MAPATHON\sylhet_flood_2024\data\processed\patches_overlap128_optimistic\patch_0679.npz,1152,5120,0.32666015625,high
f:\MAPATHON\sylhet_flood_2024\data\processed\patches_overlap128_optimistic\patch_0680.npz,1152,5248,0.3567352294921875,high
f:\MAPATHON\sylhet_flood_2024\data\processed\patches_overlap128_optimistic\patch_0681.npz,1152,5376,0.4327239990234375,high
f:\MAPATHON\sylhet_flood_2024\data\processed\patches_overlap128_optimistic\patch_0682.npz,1152,5504,0.3132171630859375,high
f:\MAPATHON\sylhet_flood_2024\data\processed\patches_overlap128_optimistic\patch_0683.npz,1152,5632,0.15716552734375,medium
f:\MAPATHON\sylhet_flood_2024\data\processed\patches_overlap128_optimistic\patch_0684.npz,1152,5760,0.035003662109375,low
f:\MAPATHON\sylhet_flood_2024\data\processed\patches_overlap128_optimistic\patch_0685.npz,1152,5888,0.02191162109375,low
f:\MAPATHON\sylhet_flood_2024\data\processed\patches_overlap128_optimistic\patch_0686.npz,1152,6016,0.0413818359375,low
f:\MAPATHON\sylhet_flood_2024\data\processed\patches_overlap128_optimistic\patch_0687.npz,1152,6144,0.0217437744140625,low
f:\MAPATHON\sylhet_flood_2024\data\processed\patches_overlap128_optimistic\patch_0688.npz,1152,6272,0.00457763671875,very_low
f:\MAPATHON\sylhet_flood_2024\data\processed\patches_overlap128_optimistic\patch_0689.npz,1152,6400,0.0175323486328125,low
f:\MAPATHON\sylhet_flood_2024\data\processed\patches_overlap128_optimistic\patch_0690.npz,1152,6528,0.017242431640625,low
f:\MAPATHON\sylhet_flood_2024\data\processed\patches_overlap128_optimistic\patch_0691.npz,1152,6656,0.0028076171875,very_low
f:\MAPATHON\sylhet_flood_2024\data\processed\patches_overlap128_optimistic\patch_0692.npz,1152,6784,0.0006256103515625,very_low
f:\MAPATHON\sylhet_flood_2024\data\processed\patches_overlap128_optimistic\patch_0693.npz,1152,6912,9.1552734375e-05,very_low
f:\MAPATHON\sylhet_flood_2024\data\processed\patches_overlap128_optimistic\patch_0694.npz,1152,7040,9.1552734375e-05,very_low
f:\MAPATHON\sylhet_flood_2024\data\processed\patches_overlap128_optimistic\patch_0695.npz,1152,7168,0.0,dry
f:\MAPATHON\sylhet_flood_2024\data\processed\patches_overlap128_optimistic\patch_0696.npz,1152,7296,0.0,dry
f:\MAPATHON\sylhet_flood_2024\data\processed\patches_overlap128_optimistic\patch_0697.npz,1152,7424,0.0001373291015625,very_low
f:\MAPATHON\sylhet_flood_2024\data\processed\patches_overlap128_optimistic\patch_0698.npz,1152,7552,0.0001373291015625,very_low
f:\MAPATHON\sylhet_flood_2024\data\processed\patches_overlap128_optimistic\patch_0699.npz,1152,7680,0.0,dry
f:\MAPATHON\sylhet_flood_2024\data\processed\patches_overlap128_optimistic\patch_0700.npz,1152,7808,0.0,dry
f:\MAPATHON\sylhet_flood_2024\data\processed\patches_overlap128_optimistic\patch_0701.npz,1152,7936,0.0,dry
f:\MAPATHON\sylhet_flood_2024\data\processed\patches_overlap128_optimistic\patch_0702.npz,1152,8064,0.0,dry
f:\MAPATHON\sylhet_flood_2024\data\processed\patches_overlap128_optimistic\patch_0703.npz,1152,8192,0.0,dry
f:\MAPATHON\sylhet_flood_2024\data\processed\patches_overlap128_optimistic\patch_0704.npz,1152,8320,0.0,dry
f:\MAPATHON\sylhet_flood_2024\data\processed\patches_overlap128_optimistic\patch_0705.npz,1152,8448,0.0,dry
f:\MAPATHON\sylhet_flood_2024\data\processed\patches_overlap128_optimistic\patch_0706.npz,1152,8576,0.0,dry
f:\MAPATHON\sylhet_flood_2024\data\processed\patches_overlap128_optimistic\patch_0707.npz,1152,8704,0.0,dry
f:\MAPATHON\sylhet_flood_2024\data\processed\patches_overlap128_optimistic\patch_0708.npz,1152,8832,0.0,dry
f:\MAPATHON\sylhet_flood_2024\data\processed\patches_overlap128_optimistic\patch_0709.npz,1152,8892,0.0,dry
f:\MAPATHON\sylhet_flood_2024\data\processed\patches_overlap128_optimistic\patch_0710.npz,1280,0,0.28155517578125,high
f:\MAPATHON\sylhet_flood_2024\data\processed\patches_overlap128_optimistic\patch_0711.npz,1280,128,0.243743896484375,high
f:\MAPATHON\sylhet_flood_2024\data\processed\patches_overlap128_optimistic\patch_0712.npz,1280,256,0.25958251953125,high
f:\MAPATHON\sylhet_flood_2024\data\processed\patches_overlap128_optimistic\patch_0713.npz,1280,384,0.2845611572265625,high
f:\MAPATHON\sylhet_flood_2024\data\processed\patches_overlap128_optimistic\patch_0714.npz,1280,512,0.2017669677734375,high
f:\MAPATHON\sylhet_flood_2024\data\processed\patches_overlap128_optimistic\patch_0715.npz,1280,640,0.1366729736328125,medium
f:\MAPATHON\sylhet_flood_2024\data\processed\patches_overlap128_optimistic\patch_0716.npz,1280,768,0.07879638671875,medium
f:\MAPATHON\sylhet_flood_2024\data\processed\patches_overlap128_optimistic\patch_0717.npz,1280,896,0.0329742431640625,low
f:\MAPATHON\sylhet_flood_2024\data\processed\patches_overlap128_optimistic\patch_0718.npz,1280,1024,0.0160369873046875,low
f:\MAPATHON\sylhet_flood_2024\data\processed\patches_overlap128_optimistic\patch_0719.npz,1280,1152,0.00982666015625,very_low
f:\MAPATHON\sylhet_flood_2024\data\processed\patches_overlap128_optimistic\patch_0720.npz,1280,1280,0.013031005859375,low
f:\MAPATHON\sylhet_flood_2024\data\processed\patches_overlap128_optimistic\patch_0721.npz,1280,1408,0.016998291015625,low
f:\MAPATHON\sylhet_flood_2024\data\processed\patches_overlap128_optimistic\patch_0722.npz,1280,1536,0.0282745361328125,low
f:\MAPATHON\sylhet_flood_2024\data\processed\patches_overlap128_optimistic\patch_0723.npz,1280,1664,0.0329132080078125,low
f:\MAPATHON\sylhet_flood_2024\data\processed\patches_overlap128_optimistic\patch_0724.npz,1280,1792,0.024383544921875,low
f:\MAPATHON\sylhet_flood_2024\data\processed\patches_overlap128_optimistic\patch_0725.npz,1280,1920,0.0205078125,low
f:\MAPATHON\sylhet_flood_2024\data\processed\patches_overlap128_optimistic\patch_0726.npz,1280,2048,0.0810546875,medium
f:\MAPATHON\sylhet_flood_2024\data\processed\patches_overlap128_optimistic\patch_0727.npz,1280,2176,0.128692626953125,medium
f:\MAPATHON\sylhet_flood_2024\data\processed\patches_overlap128_optimistic\patch_0728.npz,1280,2304,0.1348114013671875,medium
f:\MAPATHON\sylhet_flood_2024\data\processed\patches_overlap128_optimistic\patch_0729.npz,1280,2432,0.2849578857421875,high
f:\MAPATHON\sylhet_flood_2024\data\processed\patches_overlap128_optimistic\patch_0730.npz,1280,2560,0.35247802734375,high
f:\MAPATHON\sylhet_flood_2024\data\processed\patches_overlap128_optimistic\patch_0731.npz,1280,2688,0.1966094970703125,medium
f:\MAPATHON\sylhet_flood_2024\data\processed\patches_overlap128_optimistic\patch_0732.npz,1280,2816,0.1032257080078125,medium
f:\MAPATHON\sylhet_flood_2024\data\processed\patches_overlap128_optimistic\patch_0733.npz,1280,2944,0.0784912109375,medium
f:\MAPATHON\sylhet_flood_2024\data\processed\patches_overlap128_optimistic\patch_0734.npz,1280,3072,0.0325164794921875,low
f:\MAPATHON\sylhet_flood_2024\data\processed\patches_overlap128_optimistic\patch_0735.npz,1280,3200,0.0159454345703125,low
f:\MAPATHON\sylhet_flood_2024\data\processed\patches_overlap128_optimistic\patch_0736.npz,1280,3328,0.018585205078125,low
f:\MAPATHON\sylhet_flood_2024\data\processed\patches_overlap128_optimistic\patch_0737.npz,1280,3456,0.037567138671875,low
f:\MAPATHON\sylhet_flood_2024\data\processed\patches_overlap128_optimistic\patch_0738.npz,1280,3584,0.054046630859375,medium
f:\MAPATHON\sylhet_flood_2024\data\processed\patches_overlap128_optimistic\patch_0739.npz,1280,3712,0.14031982421875,medium
f:\MAPATHON\sylhet_flood_2024\data\processed\patches_overlap128_optimistic\patch_0740.npz,1280,3840,0.150482177734375,medium
f:\MAPATHON\sylhet_flood_2024\data\processed\patches_overlap128_optimistic\patch_0741.npz,1280,3968,0.191436767578125,medium
f:\MAPATHON\sylhet_flood_2024\data\processed\patches_overlap128_optimistic\patch_0742.npz,1280,4096,0.5009918212890625,high
f:\MAPATHON\sylhet_flood_2024\data\processed\patches_overlap128_optimistic\patch_0743.npz,1280,4224,0.637664794921875,high
f:\MAPATHON\sylhet_flood_2024\data\processed\patches_overlap128_optimistic\patch_0744.npz,1280,4352,0.6397857666015625,high
f:\MAPATHON\sylhet_flood_2024\data\processed\patches_overlap128_optimistic\patch_0745.npz,1280,4480,0.630706787109375,high
f:\MAPATHON\sylhet_flood_2024\data\processed\patches_overlap128_optimistic\patch_0746.npz,1280,4608,0.6650543212890625,high
f:\MAPATHON\sylhet_flood_2024\data\processed\patches_overlap128_optimistic\patch_0747.npz,1280,4736,0.710113525390625,high
f:\MAPATHON\sylhet_flood_2024\data\processed\patches_overlap128_optimistic\patch_0748.npz,1280,4864,0.7377471923828125,high
f:\MAPATHON\sylhet_flood_2024\data\processed\patches_overlap128_optimistic\patch_0749.npz,1280,4992,0.5805206298828125,high
f:\MAPATHON\sylhet_flood_2024\data\processed\patches_overlap128_optimistic\patch_0750.npz,1280,5120,0.2505950927734375,high
f:\MAPATHON\sylhet_flood_2024\data\processed\patches_overlap128_optimistic\patch_0751.npz,1280,5248,0.2665557861328125,high
f:\MAPATHON\sylhet_flood_2024\data\processed\patches_overlap128_optimistic\patch_0752.npz,1280,5376,0.4371185302734375,high
f:\MAPATHON\sylhet_flood_2024\data\processed\patches_overlap128_optimistic\patch_0753.npz,1280,5504,0.4179229736328125,high
f:\MAPATHON\sylhet_flood_2024\data\processed\patches_overlap128_optimistic\patch_0754.npz,1280,5632,0.3190765380859375,high
f:\MAPATHON\sylhet_flood_2024\data\processed\patches_overlap128_optimistic\patch_0755.npz,1280,5760,0.2542572021484375,high
f:\MAPATHON\sylhet_flood_2024\data\processed\patches_overlap128_optimistic\patch_0756.npz,1280,5888,0.2104034423828125,high
f:\MAPATHON\sylhet_flood_2024\data\processed\patches_overlap128_optimistic\patch_0757.npz,1280,6016,0.2925567626953125,high
f:\MAPATHON\sylhet_flood_2024\data\processed\patches_overlap128_optimistic\patch_0758.npz,1280,6144,0.34527587890625,high
f:\MAPATHON\sylhet_flood_2024\data\processed\patches_overlap128_optimistic\patch_0759.npz,1280,6272,0.2730255126953125,high
f:\MAPATHON\sylhet_flood_2024\data\processed\patches_overlap128_optimistic\patch_0760.npz,1280,6400,0.2298126220703125,high
f:\MAPATHON\sylhet_flood_2024\data\processed\patches_overlap128_optimistic\patch_0761.npz,1280,6528,0.1441192626953125,medium
f:\MAPATHON\sylhet_flood_2024\data\processed\patches_overlap128_optimistic\patch_0762.npz,1280,6656,0.0821990966796875,medium
f:\MAPATHON\sylhet_flood_2024\data\processed\patches_overlap128_optimistic\patch_0763.npz,1280,6784,0.08648681640625,medium
f:\MAPATHON\sylhet_flood_2024\data\processed\patches_overlap128_optimistic\patch_0764.npz,1280,6912,0.05267333984375,medium
f:\MAPATHON\sylhet_flood_2024\data\processed\patches_overlap128_optimistic\patch_0765.npz,1280,7040,0.0203857421875,low
f:\MAPATHON\sylhet_flood_2024\data\processed\patches_overlap128_optimistic\patch_0766.npz,1280,7168,0.0766754150390625,medium
f:\MAPATHON\sylhet_flood_2024\data\processed\patches_overlap128_optimistic\patch_0767.npz,1280,7296,0.0766754150390625,medium
f:\MAPATHON\sylhet_flood_2024\data\processed\patches_overlap128_optimistic\patch_0768.npz,1280,7424,0.00469970703125,very_low
f:\MAPATHON\sylhet_flood_2024\data\processed\patches_overlap128_optimistic\patch_0769.npz,1280,7552,0.00469970703125,very_low
f:\MAPATHON\sylhet_flood_2024\data\processed\patches_overlap128_optimistic\patch_0770.npz,1280,7680,0.0,dry
f:\MAPATHON\sylhet_flood_2024\data\processed\patches_overlap128_optimistic\patch_0771.npz,1280,7808,0.0,dry
f:\MAPATHON\sylhet_flood_2024\data\processed\patches_overlap128_optimistic\patch_0772.npz,1280,7936,0.0,dry
f:\MAPATHON\sylhet_flood_2024\data\processed\patches_overlap128_optimistic\patch_0773.npz,1280,8064,0.0,dry
f:\MAPATHON\sylhet_flood_2024\data\processed\patches_overlap128_optimistic\patch_0774.npz,1280,8192,0.0,dry
f:\MAPATHON\sylhet_flood_2024\data\processed\patches_overlap128_optimistic\patch_0775.npz,1280,8320,0.0,dry
f:\MAPATHON\sylhet_flood_2024\data\processed\patches_overlap128_optimistic\patch_0776.npz,1280,8448,0.0,dry
f:\MAPATHON\sylhet_flood_2024\data\processed\patches_overlap128_optimistic\patch_0777.npz,1280,8576,0.0,dry
f:\MAPATHON\sylhet_flood_2024\data\processed\patches_overlap128_optimistic\patch_0778.npz,1280,8704,0.0,dry
f:\MAPATHON\sylhet_flood_2024\data\processed\patches_overlap128_optimistic\patch_0779.npz,1280,8832,0.0,dry
f:\MAPATHON\sylhet_flood_2024\data\processed\patches_overlap128_optimistic\patch_0780.npz,1280,8892,0.0,dry
f:\MAPATHON\sylhet_flood_2024\data\processed\patches_overlap128_optimistic\patch_0781.npz,1408,0,0.1843719482421875,medium
f:\MAPATHON\sylhet_flood_2024\data\processed\patches_overlap128_optimistic\patch_0782.npz,1408,128,0.1429901123046875,medium
f:\MAPATHON\sylhet_flood_2024\data\processed\patches_overlap128_optimistic\patch_0783.npz,1408,256,0.165069580078125,medium
f:\MAPATHON\sylhet_flood_2024\data\processed\patches_overlap128_optimistic\patch_0784.npz,1408,384,0.191864013671875,medium
f:\MAPATHON\sylhet_flood_2024\data\processed\patches_overlap128_optimistic\patch_0785.npz,1408,512,0.1555938720703125,medium
f:\MAPATHON\sylhet_flood_2024\data\processed\patches_overlap128_optimistic\patch_0786.npz,1408,640,0.1104888916015625,medium
f:\MAPATHON\sylhet_flood_2024\data\processed\patches_overlap128_optimistic\patch_0787.npz,1408,768,0.0857696533203125,medium
f:\MAPATHON\sylhet_flood_2024\data\processed\patches_overlap128_optimistic\patch_0788.npz,1408,896,0.0650177001953125,medium
f:\MAPATHON\sylhet_flood_2024\data\processed\patches_overlap128_optimistic\patch_0789.npz,1408,1024,0.0267333984375,low
f:\MAPATHON\sylhet_flood_2024\data\processed\patches_overlap128_optimistic\patch_0790.npz,1408,1152,0.0111083984375,low
f:\MAPATHON\sylhet_flood_2024\data\processed\patches_overlap128_optimistic\patch_0791.npz,1408,1280,0.0032958984375,very_low
f:\MAPATHON\sylhet_flood_2024\data\processed\patches_overlap128_optimistic\patch_0792.npz,1408,1408,0.0014190673828125,very_low
f:\MAPATHON\sylhet_flood_2024\data\processed\patches_overlap128_optimistic\patch_0793.npz,1408,1536,0.00921630859375,very_low
f:\MAPATHON\sylhet_flood_2024\data\processed\patches_overlap128_optimistic\patch_0794.npz,1408,1664,0.018798828125,low
f:\MAPATHON\sylhet_flood_2024\data\processed\patches_overlap128_optimistic\patch_0795.npz,1408,1792,0.03460693359375,low
f:\MAPATHON\sylhet_flood_2024\data\processed\patches_overlap128_optimistic\patch_0796.npz,1408,1920,0.0374755859375,low
f:\MAPATHON\sylhet_flood_2024\data\processed\patches_overlap128_optimistic\patch_0797.npz,1408,2048,0.089752197265625,medium
f:\MAPATHON\sylhet_flood_2024\data\processed\patches_overlap128_optimistic\patch_0798.npz,1408,2176,0.1511688232421875,medium
f:\MAPATHON\sylhet_flood_2024\data\processed\patches_overlap128_optimistic\patch_0799.npz,1408,2304,0.182647705078125,medium
f:\MAPATHON\sylhet_flood_2024\data\processed\patches_overlap128_optimistic\patch_0800.npz,1408,2432,0.348419189453125,high
f:\MAPATHON\sylhet_flood_2024\data\processed\patches_overlap128_optimistic\patch_0801.npz,1408,2560,0.3498992919921875,high
f:\MAPATHON\sylhet_flood_2024\data\processed\patches_overlap128_optimistic\patch_0802.npz,1408,2688,0.1543731689453125,medium
f:\MAPATHON\sylhet_flood_2024\data\processed\patches_overlap128_optimistic\patch_0803.npz,1408,2816,0.09320068359375,medium
f:\MAPATHON\sylhet_flood_2024\data\processed\patches_overlap128_optimistic\patch_0804.npz,1408,2944,0.0821075439453125,medium
f:\MAPATHON\sylhet_flood_2024\data\processed\patches_overlap128_optimistic\patch_0805.npz,1408,3072,0.0491485595703125,low
f:\MAPATHON\sylhet_flood_2024\data\processed\patches_overlap128_optimistic\patch_0806.npz,1408,3200,0.0257110595703125,low
f:\MAPATHON\sylhet_flood_2024\data\processed\patches_overlap128_optimistic\patch_0807.npz,1408,3328,0.0294036865234375,low
f:\MAPATHON\sylhet_flood_2024\data\processed\patches_overlap128_optimistic\patch_0808.npz,1408,3456,0.0966644287109375,medium
f:\MAPATHON\sylhet_flood_2024\data\processed\patches_overlap128_optimistic\patch_0809.npz,1408,3584,0.1403656005859375,medium
f:\MAPATHON\sylhet_flood_2024\data\processed\patches_overlap128_optimistic\patch_0810.npz,1408,3712,0.1785125732421875,medium
f:\MAPATHON\sylhet_flood_2024\data\processed\patches_overlap128_optimistic\patch_0811.npz,1408,3840,0.178314208984375,medium
f:\MAPATHON\sylhet_flood_2024\data\processed\patches_overlap128_optimistic\patch_0812.npz,1408,3968,0.2376556396484375,high
f:\MAPATHON\sylhet_flood_2024\data\processed\patches_overlap128_optimistic\patch_0813.npz,1408,4096,0.35638427734375,high
f:\MAPATHON\sylhet_flood_2024\data\processed\patches_overlap128_optimistic\patch_0814.npz,1408,4224,0.3997344970703125,high
f:\MAPATHON\sylhet_flood_2024\data\processed\patches_overlap128_optimistic\patch_0815.npz,1408,4352,0.4552764892578125,high
f:\MAPATHON\sylhet_flood_2024\data\processed\patches_overlap128_optimistic\patch_0816.npz,1408,4480,0.4202728271484375,high
f:\MAPATHON\sylhet_flood_2024\data\processed\patches_overlap128_optimistic\patch_0817.npz,1408,4608,0.4503936767578125,high
f:\MAPATHON\sylhet_flood_2024\data\processed\patches_overlap128_optimistic\patch_0818.npz,1408,4736,0.4659576416015625,high
f:\MAPATHON\sylhet_flood_2024\data\processed\patches_overlap128_optimistic\patch_0819.npz,1408,4864,0.477508544921875,high
f:\MAPATHON\sylhet_flood_2024\data\processed\patches_overlap128_optimistic\patch_0820.npz,1408,4992,0.434478759765625,high
f:\MAPATHON\sylhet_flood_2024\data\processed\patches_overlap128_optimistic\patch_0821.npz,1408,5120,0.2602691650390625,high
f:\MAPATHON\sylhet_flood_2024\data\processed\patches_overlap128_optimistic\patch_0822.npz,1408,5248,0.236358642578125,high
f:\MAPATHON\sylhet_flood_2024\data\processed\patches_overlap128_optimistic\patch_0823.npz,1408,5376,0.307525634765625,high
f:\MAPATHON\sylhet_flood_2024\data\processed\patches_overlap128_optimistic\patch_0824.npz,1408,5504,0.39984130859375,high
f:\MAPATHON\sylhet_flood_2024\data\processed\patches_overlap128_optimistic\patch_0825.npz,1408,5632,0.405120849609375,high
f:\MAPATHON\sylhet_flood_2024\data\processed\patches_overlap128_optimistic\patch_0826.npz,1408,5760,0.365264892578125,high
f:\MAPATHON\sylhet_flood_2024\data\processed\patches_overlap128_optimistic\patch_0827.npz,1408,5888,0.3392791748046875,high
f:\MAPATHON\sylhet_flood_2024\data\processed\patches_overlap128_optimistic\patch_0828.npz,1408,6016,0.474151611328125,high
f:\MAPATHON\sylhet_flood_2024\data\processed\patches_overlap128_optimistic\patch_0829.npz,1408,6144,0.6483612060546875,high
f:\MAPATHON\sylhet_flood_2024\data\processed\patches_overlap128_optimistic\patch_0830.npz,1408,6272,0.599884033203125,high
f:\MAPATHON\sylhet_flood_2024\data\processed\patches_overlap128_optimistic\patch_0831.npz,1408,6400,0.500518798828125,high
f:\MAPATHON\sylhet_flood_2024\data\processed\patches_overlap128_optimistic\patch_0832.npz,1408,6528,0.40283203125,high
f:\MAPATHON\sylhet_flood_2024\data\processed\patches_overlap128_optimistic\patch_0833.npz,1408,6656,0.371246337890625,high
f:\MAPATHON\sylhet_flood_2024\data\processed\patches_overlap128_optimistic\patch_0834.npz,1408,6784,0.3792724609375,high
f:\MAPATHON\sylhet_flood_2024\data\processed\patches_overlap128_optimistic\patch_0835.npz,1408,6912,0.3130645751953125,high
f:\MAPATHON\sylhet_flood_2024\data\processed\patches_overlap128_optimistic\patch_0836.npz,1408,7040,0.1703033447265625,medium
f:\MAPATHON\sylhet_flood_2024\data\processed\patches_overlap128_optimistic\patch_0837.npz,1408,7168,0.2264862060546875,high
f:\MAPATHON\sylhet_flood_2024\data\processed\patches_overlap128_optimistic\patch_0838.npz,1408,7296,0.200775146484375,high
f:\MAPATHON\sylhet_flood_2024\data\processed\patches_overlap128_optimistic\patch_0839.npz,1408,7424,0.019378662109375,low
f:\MAPATHON\sylhet_flood_2024\data\processed\patches_overlap128_optimistic\patch_0840.npz,1408,7552,0.00653076171875,very_low
f:\MAPATHON\sylhet_flood_2024\data\processed\patches_overlap128_optimistic\patch_0841.npz,1408,7680,0.0004425048828125,very_low
f:\MAPATHON\sylhet_flood_2024\data\processed\patches_overlap128_optimistic\patch_0842.npz,1408,7808,0.0,dry
f:\MAPATHON\sylhet_flood_2024\data\processed\patches_overlap128_optimistic\patch_0843.npz,1408,7936,0.0,dry
f:\MAPATHON\sylhet_flood_2024\data\processed\patches_overlap128_optimistic\patch_0844.npz,1408,8064,0.0,dry
f:\MAPATHON\sylhet_flood_2024\data\processed\patches_overlap128_optimistic\patch_0845.npz,1408,8192,0.0,dry
f:\MAPATHON\sylhet_flood_2024\data\processed\patches_overlap128_optimistic\patch_0846.npz,1408,8320,0.0,dry
f:\MAPATHON\sylhet_flood_2024\data\processed\patches_overlap128_optimistic\patch_0847.npz,1408,8448,0.0,dry
f:\MAPATHON\sylhet_flood_2024\data\processed\patches_overlap128_optimistic\patch_0848.npz,1408,8576,0.0,dry
f:\MAPATHON\sylhet_flood_2024\data\processed\patches_overlap128_optimistic\patch_0849.npz,1408,8704,0.0,dry
f:\MAPATHON\sylhet_flood_2024\data\processed\patches_overlap128_optimistic\patch_0850.npz,1408,8832,0.0,dry
f:\MAPATHON\sylhet_flood_2024\data\processed\patches_overlap128_optimistic\patch_0851.npz,1408,8892,0.0,dry
f:\MAPATHON\sylhet_flood_2024\data\processed\patches_overlap128_optimistic\patch_0852.npz,1536,0,0.057220458984375,medium
f:\MAPATHON\sylhet_flood_2024\data\processed\patches_overlap128_optimistic\patch_0853.npz,1536,128,0.05108642578125,medium
f:\MAPATHON\sylhet_flood_2024\data\processed\patches_overlap128_optimistic\patch_0854.npz,1536,256,0.071563720703125,medium
f:\MAPATHON\sylhet_flood_2024\data\processed\patches_overlap128_optimistic\patch_0855.npz,1536,384,0.08380126953125,medium
f:\MAPATHON\sylhet_flood_2024\data\processed\patches_overlap128_optimistic\patch_0856.npz,1536,512,0.0820159912109375,medium
f:\MAPATHON\sylhet_flood_2024\data\processed\patches_overlap128_optimistic\patch_0857.npz,1536,640,0.08544921875,medium
f:\MAPATHON\sylhet_flood_2024\data\processed\patches_overlap128_optimistic\patch_0858.npz,1536,768,0.0879058837890625,medium
f:\MAPATHON\sylhet_flood_2024\data\processed\patches_overlap128_optimistic\patch_0859.npz,1536,896,0.053466796875,medium
f:\MAPATHON\sylhet_flood_2024\data\processed\patches_overlap128_optimistic\patch_0860.npz,1536,1024,0.01416015625,low
f:\MAPATHON\sylhet_flood_2024\data\processed\patches_overlap128_optimistic\patch_0861.npz,1536,1152,0.0040740966796875,very_low
f:\MAPATHON\sylhet_flood_2024\data\processed\patches_overlap128_optimistic\patch_0862.npz,1536,1280,0.00079345703125,very_low
f:\MAPATHON\sylhet_flood_2024\data\processed\patches_overlap128_optimistic\patch_0863.npz,1536,1408,0.0,dry
f:\MAPATHON\sylhet_flood_2024\data\processed\patches_overlap128_optimistic\patch_0864.npz,1536,1536,0.001953125,very_low
f:\MAPATHON\sylhet_flood_2024\data\processed\patches_overlap128_optimistic\patch_0865.npz,1536,1664,0.0167388916015625,low
f:\MAPATHON\sylhet_flood_2024\data\processed\patches_overlap128_optimistic\patch_0866.npz,1536,1792,0.0412139892578125,low
f:\MAPATHON\sylhet_flood_2024\data\processed\patches_overlap128_optimistic\patch_0867.npz,1536,1920,0.1095123291015625,medium
f:\MAPATHON\sylhet_flood_2024\data\processed\patches_overlap128_optimistic\patch_0868.npz,1536,2048,0.204376220703125,high
f:\MAPATHON\sylhet_flood_2024\data\processed\patches_overlap128_optimistic\patch_0869.npz,1536,2176,0.2926177978515625,high
f:\MAPATHON\sylhet_flood_2024\data\processed\patches_overlap128_optimistic\patch_0870.npz,1536,2304,0.308868408203125,high
f:\MAPATHON\sylhet_flood_2024\data\processed\patches_overlap128_optimistic\patch_0871.npz,1536,2432,0.3730010986328125,high
f:\MAPATHON\sylhet_flood_2024\data\processed\patches_overlap128_optimistic\patch_0872.npz,1536,2560,0.33258056640625,high
f:\MAPATHON\sylhet_flood_2024\data\processed\patches_overlap128_optimistic\patch_0873.npz,1536,2688,0.1593475341796875,medium
f:\MAPATHON\sylhet_flood_2024\data\processed\patches_overlap128_optimistic\patch_0874.npz,1536,2816,0.0825653076171875,medium
f:\MAPATHON\sylhet_flood_2024\data\processed\patches_overlap128_optimistic\patch_0875.npz,1536,2944,0.05255126953125,medium
f:\MAPATHON\sylhet_flood_2024\data\processed\patches_overlap128_optimistic\patch_0876.npz,1536,3072,0.0516357421875,medium
f:\MAPATHON\sylhet_flood_2024\data\processed\patches_overlap128_optimistic\patch_0877.npz,1536,3200,0.0372467041015625,low
f:\MAPATHON\sylhet_flood_2024\data\processed\patches_overlap128_optimistic\patch_0878.npz,1536,3328,0.042572021484375,low
f:\MAPATHON\sylhet_flood_2024\data\processed\patches_overlap128_optimistic\patch_0879.npz,1536,3456,0.0897674560546875,medium
f:\MAPATHON\sylhet_flood_2024\data\processed\patches_overlap128_optimistic\patch_0880.npz,1536,3584,0.155670166015625,medium
f:\MAPATHON\sylhet_flood_2024\data\processed\patches_overlap128_optimistic\patch_0881.npz,1536,3712,0.21533203125,high
f:\MAPATHON\sylhet_flood_2024\data\processed\patches_overlap128_optimistic\patch_0882.npz,1536,3840,0.3011474609375,high
f:\MAPATHON\sylhet_flood_2024\data\processed\patches_overlap128_optimistic\patch_0883.npz,1536,3968,0.391571044921875,high
f:\MAPATHON\sylhet_flood_2024\data\processed\patches_overlap128_optimistic\patch_0884.npz,1536,4096,0.3804168701171875,high
f:\MAPATHON\sylhet_flood_2024\data\processed\patches_overlap128_optimistic\patch_0885.npz,1536,4224,0.242279052734375,high
f:\MAPATHON\sylhet_flood_2024\data\processed\patches_overlap128_optimistic\patch_0886.npz,1536,4352,0.1248321533203125,medium
f:\MAPATHON\sylhet_flood_2024\data\processed\patches_overlap128_optimistic\patch_0887.npz,1536,4480,0.1014556884765625,medium
f:\MAPATHON\sylhet_flood_2024\data\processed\patches_overlap128_optimistic\patch_0888.npz,1536,4608,0.1747283935546875,medium
f:\MAPATHON\sylhet_flood_2024\data\processed\patches_overlap128_optimistic\patch_0889.npz,1536,4736,0.2602996826171875,high
f:\MAPATHON\sylhet_flood_2024\data\processed\patches_overlap128_optimistic\patch_0890.npz,1536,4864,0.3944091796875,high
f:\MAPATHON\sylhet_flood_2024\data\processed\patches_overlap128_optimistic\patch_0891.npz,1536,4992,0.529205322265625,high
f:\MAPATHON\sylhet_flood_2024\data\processed\patches_overlap128_optimistic\patch_0892.npz,1536,5120,0.5035552978515625,high
f:\MAPATHON\sylhet_flood_2024\data\processed\patches_overlap128_optimistic\patch_0893.npz,1536,5248,0.5103912353515625,high
f:\MAPATHON\sylhet_flood_2024\data\processed\patches_overlap128_optimistic\patch_0894.npz,1536,5376,0.5549163818359375,high
f:\MAPATHON\sylhet_flood_2024\data\processed\patches_overlap128_optimistic\patch_0895.npz,1536,5504,0.6646881103515625,high
f:\MAPATHON\sylhet_flood_2024\data\processed\patches_overlap128_optimistic\patch_0896.npz,1536,5632,0.5650634765625,high
f:\MAPATHON\sylhet_flood_2024\data\processed\patches_overlap128_optimistic\patch_0897.npz,1536,5760,0.4075775146484375,high
f:\MAPATHON\sylhet_flood_2024\data\processed\patches_overlap128_optimistic\patch_0898.npz,1536,5888,0.398406982421875,high
f:\MAPATHON\sylhet_flood_2024\data\processed\patches_overlap128_optimistic\patch_0899.npz,1536,6016,0.4237213134765625,high
f:\MAPATHON\sylhet_flood_2024\data\processed\patches_overlap128_optimistic\patch_0900.npz,1536,6144,0.54400634765625,high
f:\MAPATHON\sylhet_flood_2024\data\processed\patches_overlap128_optimistic\patch_0901.npz,1536,6272,0.5467529296875,high
f:\MAPATHON\sylhet_flood_2024\data\processed\patches_overlap128_optimistic\patch_0902.npz,1536,6400,0.5194244384765625,high
f:\MAPATHON\sylhet_flood_2024\data\processed\patches_overlap128_optimistic\patch_0903.npz,1536,6528,0.5325775146484375,high
f:\MAPATHON\sylhet_flood_2024\data\processed\patches_overlap128_optimistic\patch_0904.npz,1536,6656,0.5986785888671875,high
f:\MAPATHON\sylhet_flood_2024\data\processed\patches_overlap128_optimistic\patch_0905.npz,1536,6784,0.6414947509765625,high
f:\MAPATHON\sylhet_flood_2024\data\processed\patches_overlap128_optimistic\patch_0906.npz,1536,6912,0.545196533203125,high
f:\MAPATHON\sylhet_flood_2024\data\processed\patches_overlap128_optimistic\patch_0907.npz,1536,7040,0.4658355712890625,high
f:\MAPATHON\sylhet_flood_2024\data\processed\patches_overlap128_optimistic\patch_0908.npz,1536,7168,0.4570770263671875,high
f:\MAPATHON\sylhet_flood_2024\data\processed\patches_overlap128_optimistic\patch_0909.npz,1536,7296,0.25103759765625,high
f:\MAPATHON\sylhet_flood_2024\data\processed\patches_overlap128_optimistic\patch_0910.npz,1536,7424,0.1804962158203125,medium
f:\MAPATHON\sylhet_flood_2024\data\processed\patches_overlap128_optimistic\patch_0911.npz,1536,7552,0.25360107421875,high
f:\MAPATHON\sylhet_flood_2024\data\processed\patches_overlap128_optimistic\patch_0912.npz,1536,7680,0.1167144775390625,medium
f:\MAPATHON\sylhet_flood_2024\data\processed\patches_overlap128_optimistic\patch_0913.npz,1536,7808,0.01190185546875,low
f:\MAPATHON\sylhet_flood_2024\data\processed\patches_overlap128_optimistic\patch_0914.npz,1536,7936,0.0,dry
f:\MAPATHON\sylhet_flood_2024\data\processed\patches_overlap128_optimistic\patch_0915.npz,1536,8064,0.0,dry
f:\MAPATHON\sylhet_flood_2024\data\processed\patches_overlap128_optimistic\patch_0916.npz,1536,8192,0.0,dry
f:\MAPATHON\sylhet_flood_2024\data\processed\patches_overlap128_optimistic\patch_0917.npz,1536,8320,0.0,dry
f:\MAPATHON\sylhet_flood_2024\data\processed\patches_overlap128_optimistic\patch_0918.npz,1536,8448,0.0,dry
f:\MAPATHON\sylhet_flood_2024\data\processed\patches_overlap128_optimistic\patch_0919.npz,1536,8576,0.0,dry
f:\MAPATHON\sylhet_flood_2024\data\processed\patches_overlap128_optimistic\patch_0920.npz,1536,8704,0.0,dry
f:\MAPATHON\sylhet_flood_2024\data\processed\patches_overlap128_optimistic\patch_0921.npz,1536,8832,0.0,dry
f:\MAPATHON\sylhet_flood_2024\data\processed\patches_overlap128_optimistic\patch_0922.npz,1536,8892,0.0,dry
f:\MAPATHON\sylhet_flood_2024\data\processed\patches_overlap128_optimistic\patch_0923.npz,1664,0,0.085693359375,medium
f:\MAPATHON\sylhet_flood_2024\data\processed\patches_overlap128_optimistic\patch_0924.npz,1664,128,0.0328216552734375,low
f:\MAPATHON\sylhet_flood_2024\data\processed\patches_overlap128_optimistic\patch_0925.npz,1664,256,0.076568603515625,medium
f:\MAPATHON\sylhet_flood_2024\data\processed\patches_overlap128_optimistic\patch_0926.npz,1664,384,0.08648681640625,medium
f:\MAPATHON\sylhet_flood_2024\data\processed\patches_overlap128_optimistic\patch_0927.npz,1664,512,0.04852294921875,low
f:\MAPATHON\sylhet_flood_2024\data\processed\patches_overlap128_optimistic\patch_0928.npz,1664,640,0.093109130859375,medium
f:\MAPATHON\sylhet_flood_2024\data\processed\patches_overlap128_optimistic\patch_0929.npz,1664,768,0.0812530517578125,medium
f:\MAPATHON\sylhet_flood_2024\data\processed\patches_overlap128_optimistic\patch_0930.npz,1664,896,0.0189971923828125,low
f:\MAPATHON\sylhet_flood_2024\data\processed\patches_overlap128_optimistic\patch_0931.npz,1664,1024,0.0011138916015625,very_low
f:\MAPATHON\sylhet_flood_2024\data\processed\patches_overlap128_optimistic\patch_0932.npz,1664,1152,0.001953125,very_low
f:\MAPATHON\sylhet_flood_2024\data\processed\patches_overlap128_optimistic\patch_0933.npz,1664,1280,0.0022735595703125,very_low
f:\MAPATHON\sylhet_flood_2024\data\processed\patches_overlap128_optimistic\patch_0934.npz,1664,1408,0.005584716796875,very_low
f:\MAPATHON\sylhet_flood_2024\data\processed\patches_overlap128_optimistic\patch_0935.npz,1664,1536,0.011688232421875,low
f:\MAPATHON\sylhet_flood_2024\data\processed\patches_overlap128_optimistic\patch_0936.npz,1664,1664,0.018402099609375,low
f:\MAPATHON\sylhet_flood_2024\data\processed\patches_overlap128_optimistic\patch_0937.npz,1664,1792,0.030670166015625,low
f:\MAPATHON\sylhet_flood_2024\data\processed\patches_overlap128_optimistic\patch_0938.npz,1664,1920,0.1379547119140625,medium
f:\MAPATHON\sylhet_flood_2024\data\processed\patches_overlap128_optimistic\patch_0939.npz,1664,2048,0.3231353759765625,high
f:\MAPATHON\sylhet_flood_2024\data\processed\patches_overlap128_optimistic\patch_0940.npz,1664,2176,0.3989410400390625,high
f:\MAPATHON\sylhet_flood_2024\data\processed\patches_overlap128_optimistic\patch_0941.npz,1664,2304,0.3528900146484375,high
f:\MAPATHON\sylhet_flood_2024\data\processed\patches_overlap128_optimistic\patch_0942.npz,1664,2432,0.3509674072265625,high
f:\MAPATHON\sylhet_flood_2024\data\processed\patches_overlap128_optimistic\patch_0943.npz,1664,2560,0.31292724609375,high
f:\MAPATHON\sylhet_flood_2024\data\processed\patches_overlap128_optimistic\patch_0944.npz,1664,2688,0.1685333251953125,medium
f:\MAPATHON\sylhet_flood_2024\data\processed\patches_overlap128_optimistic\patch_0945.npz,1664,2816,0.0659637451171875,medium
f:\MAPATHON\sylhet_flood_2024\data\processed\patches_overlap128_optimistic\patch_0946.npz,1664,2944,0.0393524169921875,low
f:\MAPATHON\sylhet_flood_2024\data\processed\patches_overlap128_optimistic\patch_0947.npz,1664,3072,0.0301971435546875,low
f:\MAPATHON\sylhet_flood_2024\data\processed\patches_overlap128_optimistic\patch_0948.npz,1664,3200,0.0223541259765625,low
f:\MAPATHON\sylhet_flood_2024\data\processed\patches_overlap128_optimistic\patch_0949.npz,1664,3328,0.03857421875,low
f:\MAPATHON\sylhet_flood_2024\data\processed\patches_overlap128_optimistic\patch_0950.npz,1664,3456,0.0384979248046875,low
f:\MAPATHON\sylhet_flood_2024\data\processed\patches_overlap128_optimistic\patch_0951.npz,1664,3584,0.0698089599609375,medium
f:\MAPATHON\sylhet_flood_2024\data\processed\patches_overlap128_optimistic\patch_0952.npz,1664,3712,0.1786346435546875,medium
f:\MAPATHON\sylhet_flood_2024\data\processed\patches_overlap128_optimistic\patch_0953.npz,1664,3840,0.388671875,high
f:\MAPATHON\sylhet_flood_2024\data\processed\patches_overlap128_optimistic\patch_0954.npz,1664,3968,0.4609527587890625,high
f:\MAPATHON\sylhet_flood_2024\data\processed\patches_overlap128_optimistic\patch_0955.npz,1664,4096,0.3544158935546875,high
f:\MAPATHON\sylhet_flood_2024\data\processed\patches_overlap128_optimistic\patch_0956.npz,1664,4224,0.1719970703125,medium
f:\MAPATHON\sylhet_flood_2024\data\processed\patches_overlap128_optimistic\patch_0957.npz,1664,4352,0.0313262939453125,low
f:\MAPATHON\sylhet_flood_2024\data\processed\patches_overlap128_optimistic\patch_0958.npz,1664,4480,0.1183013916015625,medium
f:\MAPATHON\sylhet_flood_2024\data\processed\patches_overlap128_optimistic\patch_0959.npz,1664,4608,0.19189453125,medium
f:\MAPATHON\sylhet_flood_2024\data\processed\patches_overlap128_optimistic\patch_0960.npz,1664,4736,0.1788787841796875,medium
f:\MAPATHON\sylhet_flood_2024\data\processed\patches_overlap128_optimistic\patch_0961.npz,1664,4864,0.307647705078125,high
f:\MAPATHON\sylhet_flood_2024\data\processed\patches_overlap128_optimistic\patch_0962.npz,1664,4992,0.4955902099609375,high
f:\MAPATHON\sylhet_flood_2024\data\processed\patches_overlap128_optimistic\patch_0963.npz,1664,5120,0.5547637939453125,high
f:\MAPATHON\sylhet_flood_2024\data\processed\patches_overlap128_optimistic\patch_0964.npz,1664,5248,0.548187255859375,high
f:\MAPATHON\sylhet_flood_2024\data\processed\patches_overlap128_optimistic\patch_0965.npz,1664,5376,0.5554046630859375,high
f:\MAPATHON\sylhet_flood_2024\data\processed\patches_overlap128_optimistic\patch_0966.npz,1664,5504,0.630340576171875,high
f:\MAPATHON\sylhet_flood_2024\data\processed\patches_overlap128_optimistic\patch_0967.npz,1664,5632,0.61859130859375,high
f:\MAPATHON\sylhet_flood_2024\data\processed\patches_overlap128_optimistic\patch_0968.npz,1664,5760,0.585906982421875,high
f:\MAPATHON\sylhet_flood_2024\data\processed\patches_overlap128_optimistic\patch_0969.npz,1664,5888,0.54742431640625,high
f:\MAPATHON\sylhet_flood_2024\data\processed\patches_overlap128_optimistic\patch_0970.npz,1664,6016,0.5222320556640625,high
f:\MAPATHON\sylhet_flood_2024\data\processed\patches_overlap128_optimistic\patch_0971.npz,1664,6144,0.57391357421875,high
f:\MAPATHON\sylhet_flood_2024\data\processed\patches_overlap128_optimistic\patch_0972.npz,1664,6272,0.53399658203125,high
f:\MAPATHON\sylhet_flood_2024\data\processed\patches_overlap128_optimistic\patch_0973.npz,1664,6400,0.6079559326171875,high
f:\MAPATHON\sylhet_flood_2024\data\processed\patches_overlap128_optimistic\patch_0974.npz,1664,6528,0.6140899658203125,high
f:\MAPATHON\sylhet_flood_2024\data\processed\patches_overlap128_optimistic\patch_0975.npz,1664,6656,0.545257568359375,high
f:\MAPATHON\sylhet_flood_2024\data\processed\patches_overlap128_optimistic\patch_0976.npz,1664,6784,0.5768280029296875,high
f:\MAPATHON\sylhet_flood_2024\data\processed\patches_overlap128_optimistic\patch_0977.npz,1664,6912,0.5193328857421875,high
f:\MAPATHON\sylhet_flood_2024\data\processed\patches_overlap128_optimistic\patch_0978.npz,1664,7040,0.5670623779296875,high
f:\MAPATHON\sylhet_flood_2024\data\processed\patches_overlap128_optimistic\patch_0979.npz,1664,7168,0.4737701416015625,high
f:\MAPATHON\sylhet_flood_2024\data\processed\patches_overlap128_optimistic\patch_0980.npz,1664,7296,0.198883056640625,medium
f:\MAPATHON\sylhet_flood_2024\data\processed\patches_overlap128_optimistic\patch_0981.npz,1664,7424,0.262420654296875,high
f:\MAPATHON\sylhet_flood_2024\data\processed\patches_overlap128_optimistic\patch_0982.npz,1664,7552,0.3253021240234375,high
f:\MAPATHON\sylhet_flood_2024\data\processed\patches_overlap128_optimistic\patch_0983.npz,1664,7680,0.1924591064453125,medium
f:\MAPATHON\sylhet_flood_2024\data\processed\patches_overlap128_optimistic\patch_0984.npz,1664,7808,0.0865631103515625,medium
f:\MAPATHON\sylhet_flood_2024\data\processed\patches_overlap128_optimistic\patch_0985.npz,1664,7936,0.0174560546875,low
f:\MAPATHON\sylhet_flood_2024\data\processed\patches_overlap128_optimistic\patch_0986.npz,1664,8064,0.004974365234375,very_low
f:\MAPATHON\sylhet_flood_2024\data\processed\patches_overlap128_optimistic\patch_0987.npz,1664,8192,0.0,dry
f:\MAPATHON\sylhet_flood_2024\data\processed\patches_overlap128_optimistic\patch_0988.npz,1664,8320,0.0,dry
f:\MAPATHON\sylhet_flood_2024\data\processed\patches_overlap128_optimistic\patch_0989.npz,1664,8448,0.0,dry
f:\MAPATHON\sylhet_flood_2024\data\processed\patches_overlap128_optimistic\patch_0990.npz,1664,8576,0.0,dry
f:\MAPATHON\sylhet_flood_2024\data\processed\patches_overlap128_optimistic\patch_0991.npz,1664,8704,0.0,dry
f:\MAPATHON\sylhet_flood_2024\data\processed\patches_overlap128_optimistic\patch_0992.npz,1664,8832,0.0,dry
f:\MAPATHON\sylhet_flood_2024\data\processed\patches_overlap128_optimistic\patch_0993.npz,1664,8892,0.0,dry
f:\MAPATHON\sylhet_flood_2024\data\processed\patches_overlap128_optimistic\patch_0994.npz,1792,0,0.23480224609375,high
f:\MAPATHON\sylhet_flood_2024\data\processed\patches_overlap128_optimistic\patch_0995.npz,1792,128,0.1734771728515625,medium
f:\MAPATHON\sylhet_flood_2024\data\processed\patches_overlap128_optimistic\patch_0996.npz,1792,256,0.1926422119140625,medium
f:\MAPATHON\sylhet_flood_2024\data\processed\patches_overlap128_optimistic\patch_0997.npz,1792,384,0.1701202392578125,medium
f:\MAPATHON\sylhet_flood_2024\data\processed\patches_overlap128_optimistic\patch_0998.npz,1792,512,0.1187591552734375,medium
f:\MAPATHON\sylhet_flood_2024\data\processed\patches_overlap128_optimistic\patch_0999.npz,1792,640,0.100830078125,medium
f:\MAPATHON\sylhet_flood_2024\data\processed\patches_overlap128_optimistic\patch_1000.npz,1792,768,0.0540924072265625,medium
f:\MAPATHON\sylhet_flood_2024\data\processed\patches_overlap128_optimistic\patch_1001.npz,1792,896,0.013336181640625,low
f:\MAPATHON\sylhet_flood_2024\data\processed\patches_overlap128_optimistic\patch_1002.npz,1792,1024,0.0022125244140625,very_low
f:\MAPATHON\sylhet_flood_2024\data\processed\patches_overlap128_optimistic\patch_1003.npz,1792,1152,0.004425048828125,very_low
f:\MAPATHON\sylhet_flood_2024\data\processed\patches_overlap128_optimistic\patch_1004.npz,1792,1280,0.0120697021484375,low
f:\MAPATHON\sylhet_flood_2024\data\processed\patches_overlap128_optimistic\patch_1005.npz,1792,1408,0.01605224609375,low
f:\MAPATHON\sylhet_flood_2024\data\processed\patches_overlap128_optimistic\patch_1006.npz,1792,1536,0.0147552490234375,low
f:\MAPATHON\sylhet_flood_2024\data\processed\patches_overlap128_optimistic\patch_1007.npz,1792,1664,0.046905517578125,low
f:\MAPATHON\sylhet_flood_2024\data\processed\patches_overlap128_optimistic\patch_1008.npz,1792,1792,0.090789794921875,medium
f:\MAPATHON\sylhet_flood_2024\data\processed\patches_overlap128_optimistic\patch_1009.npz,1792,1920,0.1985626220703125,medium
f:\MAPATHON\sylhet_flood_2024\data\processed\patches_overlap128_optimistic\patch_1010.npz,1792,2048,0.35272216796875,high
f:\MAPATHON\sylhet_flood_2024\data\processed\patches_overlap128_optimistic\patch_1011.npz,1792,2176,0.43572998046875,high
f:\MAPATHON\sylhet_flood_2024\data\processed\patches_overlap128_optimistic\patch_1012.npz,1792,2304,0.43133544921875,high
f:\MAPATHON\sylhet_flood_2024\data\processed\patches_overlap128_optimistic\patch_1013.npz,1792,2432,0.3566436767578125,high
f:\MAPATHON\sylhet_flood_2024\data\processed\patches_overlap128_optimistic\patch_1014.npz,1792,2560,0.2769927978515625,high
f:\MAPATHON\sylhet_flood_2024\data\processed\patches_overlap128_optimistic\patch_1015.npz,1792,2688,0.1321258544921875,medium
f:\MAPATHON\sylhet_flood_2024\data\processed\patches_overlap128_optimistic\patch_1016.npz,1792,2816,0.02935791015625,low
f:\MAPATHON\sylhet_flood_2024\data\processed\patches_overlap128_optimistic\patch_1017.npz,1792,2944,0.0306854248046875,low
f:\MAPATHON\sylhet_flood_2024\data\processed\patches_overlap128_optimistic\patch_1018.npz,1792,3072,0.0224761962890625,low
f:\MAPATHON\sylhet_flood_2024\data\processed\patches_overlap128_optimistic\patch_1019.npz,1792,3200,0.0389862060546875,low
f:\MAPATHON\sylhet_flood_2024\data\processed\patches_overlap128_optimistic\patch_1020.npz,1792,3328,0.061065673828125,medium
f:\MAPATHON\sylhet_flood_2024\data\processed\patches_overlap128_optimistic\patch_1021.npz,1792,3456,0.08197021484375,medium
f:\MAPATHON\sylhet_flood_2024\data\processed\patches_overlap128_optimistic\patch_1022.npz,1792,3584,0.12396240234375,medium
f:\MAPATHON\sylhet_flood_2024\data\processed\patches_overlap128_optimistic\patch_1023.npz,1792,3712,0.2529296875,high
f:\MAPATHON\sylhet_flood_2024\data\processed\patches_overlap128_optimistic\patch_1024.npz,1792,3840,0.4358978271484375,high
f:\MAPATHON\sylhet_flood_2024\data\processed\patches_overlap128_optimistic\patch_1025.npz,1792,3968,0.430755615234375,high
f:\MAPATHON\sylhet_flood_2024\data\processed\patches_overlap128_optimistic\patch_1026.npz,1792,4096,0.2710418701171875,high
f:\MAPATHON\sylhet_flood_2024\data\processed\patches_overlap128_optimistic\patch_1027.npz,1792,4224,0.1254119873046875,medium
f:\MAPATHON\sylhet_flood_2024\data\processed\patches_overlap128_optimistic\patch_1028.npz,1792,4352,0.0533447265625,medium
f:\MAPATHON\sylhet_flood_2024\data\processed\patches_overlap128_optimistic\patch_1029.npz,1792,4480,0.146148681640625,medium
f:\MAPATHON\sylhet_flood_2024\data\processed\patches_overlap128_optimistic\patch_1030.npz,1792,4608,0.204864501953125,high
f:\MAPATHON\sylhet_flood_2024\data\processed\patches_overlap128_optimistic\patch_1031.npz,1792,4736,0.12408447265625,medium
f:\MAPATHON\sylhet_flood_2024\data\processed\patches_overlap128_optimistic\patch_1032.npz,1792,4864,0.119232177734375,medium
f:\MAPATHON\sylhet_flood_2024\data\processed\patches_overlap128_optimistic\patch_1033.npz,1792,4992,0.1695098876953125,medium
f:\MAPATHON\sylhet_flood_2024\data\processed\patches_overlap128_optimistic\patch_1034.npz,1792,5120,0.2398223876953125,high
f:\MAPATHON\sylhet_flood_2024\data\processed\patches_overlap128_optimistic\patch_1035.npz,1792,5248,0.3619842529296875,high
f:\MAPATHON\sylhet_flood_2024\data\processed\patches_overlap128_optimistic\patch_1036.npz,1792,5376,0.4401397705078125,high
f:\MAPATHON\sylhet_flood_2024\data\processed\patches_overlap128_optimistic\patch_1037.npz,1792,5504,0.52294921875,high
f:\MAPATHON\sylhet_flood_2024\data\processed\patches_overlap128_optimistic\patch_1038.npz,1792,5632,0.6025238037109375,high
f:\MAPATHON\sylhet_flood_2024\data\processed\patches_overlap128_optimistic\patch_1039.npz,1792,5760,0.6576080322265625,high
f:\MAPATHON\sylhet_flood_2024\data\processed\patches_overlap128_optimistic\patch_1040.npz,1792,5888,0.616302490234375,high
f:\MAPATHON\sylhet_flood_2024\data\processed\patches_overlap128_optimistic\patch_1041.npz,1792,6016,0.5711822509765625,high
f:\MAPATHON\sylhet_flood_2024\data\processed\patches_overlap128_optimistic\patch_1042.npz,1792,6144,0.64324951171875,high
f:\MAPATHON\sylhet_flood_2024\data\processed\patches_overlap128_optimistic\patch_1043.npz,1792,6272,0.66265869140625,high
f:\MAPATHON\sylhet_flood_2024\data\processed\patches_overlap128_optimistic\patch_1044.npz,1792,6400,0.7344970703125,high
f:\MAPATHON\sylhet_flood_2024\data\processed\patches_overlap128_optimistic\patch_1045.npz,1792,6528,0.5967864990234375,high
f:\MAPATHON\sylhet_flood_2024\data\processed\patches_overlap128_optimistic\patch_1046.npz,1792,6656,0.430450439453125,high
f:\MAPATHON\sylhet_flood_2024\data\processed\patches_overlap128_optimistic\patch_1047.npz,1792,6784,0.4855499267578125,high
f:\MAPATHON\sylhet_flood_2024\data\processed\patches_overlap128_optimistic\patch_1048.npz,1792,6912,0.5631866455078125,high
f:\MAPATHON\sylhet_flood_2024\data\processed\patches_overlap128_optimistic\patch_1049.npz,1792,7040,0.576141357421875,high
f:\MAPATHON\sylhet_flood_2024\data\processed\patches_overlap128_optimistic\patch_1050.npz,1792,7168,0.388336181640625,high
f:\MAPATHON\sylhet_flood_2024\data\processed\patches_overlap128_optimistic\patch_1051.npz,1792,7296,0.208648681640625,high
f:\MAPATHON\sylhet_flood_2024\data\processed\patches_overlap128_optimistic\patch_1052.npz,1792,7424,0.2012481689453125,high
f:\MAPATHON\sylhet_flood_2024\data\processed\patches_overlap128_optimistic\patch_1053.npz,1792,7552,0.175689697265625,medium
f:\MAPATHON\sylhet_flood_2024\data\processed\patches_overlap128_optimistic\patch_1054.npz,1792,7680,0.1813507080078125,medium
f:\MAPATHON\sylhet_flood_2024\data\processed\patches_overlap128_optimistic\patch_1055.npz,1792,7808,0.18798828125,medium
f:\MAPATHON\sylhet_flood_2024\data\processed\patches_overlap128_optimistic\patch_1056.npz,1792,7936,0.17852783203125,medium
f:\MAPATHON\sylhet_flood_2024\data\processed\patches_overlap128_optimistic\patch_1057.npz,1792,8064,0.1938018798828125,medium
f:\MAPATHON\sylhet_flood_2024\data\processed\patches_overlap128_optimistic\patch_1058.npz,1792,8192,0.076324462890625,medium
f:\MAPATHON\sylhet_flood_2024\data\processed\patches_overlap128_optimistic\patch_1059.npz,1792,8320,0.0046234130859375,very_low
f:\MAPATHON\sylhet_flood_2024\data\processed\patches_overlap128_optimistic\patch_1060.npz,1792,8448,0.0,dry
f:\MAPATHON\sylhet_flood_2024\data\processed\patches_overlap128_optimistic\patch_1061.npz,1792,8576,0.0,dry
f:\MAPATHON\sylhet_flood_2024\data\processed\patches_overlap128_optimistic\patch_1062.npz,1792,8704,0.0,dry
f:\MAPATHON\sylhet_flood_2024\data\processed\patches_overlap128_optimistic\patch_1063.npz,1792,8832,0.0,dry
f:\MAPATHON\sylhet_flood_2024\data\processed\patches_overlap128_optimistic\patch_1064.npz,1792,8892,0.0,dry
f:\MAPATHON\sylhet_flood_2024\data\processed\patches_overlap128_optimistic\patch_1065.npz,1920,0,0.347930908203125,high
f:\MAPATHON\sylhet_flood_2024\data\processed\patches_overlap128_optimistic\patch_1066.npz,1920,128,0.3056182861328125,high
f:\MAPATHON\sylhet_flood_2024\data\processed\patches_overlap128_optimistic\patch_1067.npz,1920,256,0.28692626953125,high
f:\MAPATHON\sylhet_flood_2024\data\processed\patches_overlap128_optimistic\patch_1068.npz,1920,384,0.256439208984375,high
f:\MAPATHON\sylhet_flood_2024\data\processed\patches_overlap128_optimistic\patch_1069.npz,1920,512,0.21795654296875,high
f:\MAPATHON\sylhet_flood_2024\data\processed\patches_overlap128_optimistic\patch_1070.npz,1920,640,0.187408447265625,medium
f:\MAPATHON\sylhet_flood_2024\data\processed\patches_overlap128_optimistic\patch_1071.npz,1920,768,0.1454620361328125,medium
f:\MAPATHON\sylhet_flood_2024\data\processed\patches_overlap128_optimistic\patch_1072.npz,1920,896,0.0614776611328125,medium
f:\MAPATHON\sylhet_flood_2024\data\processed\patches_overlap128_optimistic\patch_1073.npz,1920,1024,0.0050811767578125,very_low
f:\MAPATHON\sylhet_flood_2024\data\processed\patches_overlap128_optimistic\patch_1074.npz,1920,1152,0.0194244384765625,low
f:\MAPATHON\sylhet_flood_2024\data\processed\patches_overlap128_optimistic\patch_1075.npz,1920,1280,0.026214599609375,low
f:\MAPATHON\sylhet_flood_2024\data\processed\patches_overlap128_optimistic\patch_1076.npz,1920,1408,0.0173492431640625,low
f:\MAPATHON\sylhet_flood_2024\data\processed\patches_overlap128_optimistic\patch_1077.npz,1920,1536,0.0267181396484375,low
f:\MAPATHON\sylhet_flood_2024\data\processed\patches_overlap128_optimistic\patch_1078.npz,1920,1664,0.080322265625,medium
f:\MAPATHON\sylhet_flood_2024\data\processed\patches_overlap128_optimistic\patch_1079.npz,1920,1792,0.1214752197265625,medium
f:\MAPATHON\sylhet_flood_2024\data\processed\patches_overlap128_optimistic\patch_1080.npz,1920,1920,0.210540771484375,high
f:\MAPATHON\sylhet_flood_2024\data\processed\patches_overlap128_optimistic\patch_1081.npz,1920,2048,0.350616455078125,high
f:\MAPATHON\sylhet_flood_2024\data\processed\patches_overlap128_optimistic\patch_1082.npz,1920,2176,0.4837799072265625,high
f:\MAPATHON\sylhet_flood_2024\data\processed\patches_overlap128_optimistic\patch_1083.npz,1920,2304,0.5399627685546875,high
f:\MAPATHON\sylhet_flood_2024\data\processed\patches_overlap128_optimistic\patch_1084.npz,1920,2432,0.45294189453125,high
f:\MAPATHON\sylhet_flood_2024\data\processed\patches_overlap128_optimistic\patch_1085.npz,1920,2560,0.361236572265625,high
f:\MAPATHON\sylhet_flood_2024\data\processed\patches_overlap128_optimistic\patch_1086.npz,1920,2688,0.195281982421875,medium
f:\MAPATHON\sylhet_flood_2024\data\processed\patches_overlap128_optimistic\patch_1087.npz,1920,2816,0.063751220703125,medium
f:\MAPATHON\sylhet_flood_2024\data\processed\patches_overlap128_optimistic\patch_1088.npz,1920,2944,0.0418243408203125,low
f:\MAPATHON\sylhet_flood_2024\data\processed\patches_overlap128_optimistic\patch_1089.npz,1920,3072,0.0563507080078125,medium
f:\MAPATHON\sylhet_flood_2024\data\processed\patches_overlap128_optimistic\patch_1090.npz,1920,3200,0.163116455078125,medium
f:\MAPATHON\sylhet_flood_2024\data\processed\patches_overlap128_optimistic\patch_1091.npz,1920,3328,0.2647857666015625,high
f:\MAPATHON\sylhet_flood_2024\data\processed\patches_overlap128_optimistic\patch_1092.npz,1920,3456,0.2855987548828125,high
f:\MAPATHON\sylhet_flood_2024\data\processed\patches_overlap128_optimistic\patch_1093.npz,1920,3584,0.2980194091796875,high
f:\MAPATHON\sylhet_flood_2024\data\processed\patches_overlap128_optimistic\patch_1094.npz,1920,3712,0.38739013671875,high
f:\MAPATHON\sylhet_flood_2024\data\processed\patches_overlap128_optimistic\patch_1095.npz,1920,3840,0.460723876953125,high
f:\MAPATHON\sylhet_flood_2024\data\processed\patches_overlap128_optimistic\patch_1096.npz,1920,3968,0.4410552978515625,high
f:\MAPATHON\sylhet_flood_2024\data\processed\patches_overlap128_optimistic\patch_1097.npz,1920,4096,0.33221435546875,high
f:\MAPATHON\sylhet_flood_2024\data\processed\patches_overlap128_optimistic\patch_1098.npz,1920,4224,0.20257568359375,high
f:\MAPATHON\sylhet_flood_2024\data\processed\patches_overlap128_optimistic\patch_1099.npz,1920,4352,0.0963592529296875,medium
f:\MAPATHON\sylhet_flood_2024\data\processed\patches_overlap128_optimistic\patch_1100.npz,1920,4480,0.076202392578125,medium
f:\MAPATHON\sylhet_flood_2024\data\processed\patches_overlap128_optimistic\patch_1101.npz,1920,4608,0.1028900146484375,medium
f:\MAPATHON\sylhet_flood_2024\data\processed\patches_overlap128_optimistic\patch_1102.npz,1920,4736,0.064239501953125,medium
f:\MAPATHON\sylhet_flood_2024\data\processed\patches_overlap128_optimistic\patch_1103.npz,1920,4864,0.0472869873046875,low
f:\MAPATHON\sylhet_flood_2024\data\processed\patches_overlap128_optimistic\patch_1104.npz,1920,4992,0.0667266845703125,medium
f:\MAPATHON\sylhet_flood_2024\data\processed\patches_overlap128_optimistic\patch_1105.npz,1920,5120,0.1387481689453125,medium
f:\MAPATHON\sylhet_flood_2024\data\processed\patches_overlap128_optimistic\patch_1106.npz,1920,5248,0.3146514892578125,high
f:\MAPATHON\sylhet_flood_2024\data\processed\patches_overlap128_optimistic\patch_1107.npz,1920,5376,0.4093780517578125,high
f:\MAPATHON\sylhet_flood_2024\data\processed\patches_overlap128_optimistic\patch_1108.npz,1920,5504,0.523101806640625,high
f:\MAPATHON\sylhet_flood_2024\data\processed\patches_overlap128_optimistic\patch_1109.npz,1920,5632,0.654052734375,high
f:\MAPATHON\sylhet_flood_2024\data\processed\patches_overlap128_optimistic\patch_1110.npz,1920,5760,0.6842193603515625,high
f:\MAPATHON\sylhet_flood_2024\data\processed\patches_overlap128_optimistic\patch_1111.npz,1920,5888,0.6009521484375,high
f:\MAPATHON\sylhet_flood_2024\data\processed\patches_overlap128_optimistic\patch_1112.npz,1920,6016,0.470550537109375,high
f:\MAPATHON\sylhet_flood_2024\data\processed\patches_overlap128_optimistic\patch_1113.npz,1920,6144,0.5224761962890625,high
f:\MAPATHON\sylhet_flood_2024\data\processed\patches_overlap128_optimistic\patch_1114.npz,1920,6272,0.5489654541015625,high
f:\MAPATHON\sylhet_flood_2024\data\processed\patches_overlap128_optimistic\patch_1115.npz,1920,6400,0.558319091796875,high
f:\MAPATHON\sylhet_flood_2024\data\processed\patches_overlap128_optimistic\patch_1116.npz,1920,6528,0.4258575439453125,high
f:\MAPATHON\sylhet_flood_2024\data\processed\patches_overlap128_optimistic\patch_1117.npz,1920,6656,0.3607025146484375,high
f:\MAPATHON\sylhet_flood_2024\data\processed\patches_overlap128_optimistic\patch_1118.npz,1920,6784,0.538604736328125,high
f:\MAPATHON\sylhet_flood_2024\data\processed\patches_overlap128_optimistic\patch_1119.npz,1920,6912,0.596343994140625,high
f:\MAPATHON\sylhet_flood_2024\data\processed\patches_overlap128_optimistic\patch_1120.npz,1920,7040,0.5458526611328125,high
f:\MAPATHON\sylhet_flood_2024\data\processed\patches_overlap128_optimistic\patch_1121.npz,1920,7168,0.415863037109375,high
f:\MAPATHON\sylhet_flood_2024\data\processed\patches_overlap128_optimistic\patch_1122.npz,1920,7296,0.3184661865234375,high
f:\MAPATHON\sylhet_flood_2024\data\processed\patches_overlap128_optimistic\patch_1123.npz,1920,7424,0.3113861083984375,high
f:\MAPATHON\sylhet_flood_2024\data\processed\patches_overlap128_optimistic\patch_1124.npz,1920,7552,0.2874908447265625,high
f:\MAPATHON\sylhet_flood_2024\data\processed\patches_overlap128_optimistic\patch_1125.npz,1920,7680,0.2979278564453125,high
f:\MAPATHON\sylhet_flood_2024\data\processed\patches_overlap128_optimistic\patch_1126.npz,1920,7808,0.3957977294921875,high
f:\MAPATHON\sylhet_flood_2024\data\processed\patches_overlap128_optimistic\patch_1127.npz,1920,7936,0.4198760986328125,high
f:\MAPATHON\sylhet_flood_2024\data\processed\patches_overlap128_optimistic\patch_1128.npz,1920,8064,0.294677734375,high
f:\MAPATHON\sylhet_flood_2024\data\processed\patches_overlap128_optimistic\patch_1129.npz,1920,8192,0.12335205078125,medium
f:\MAPATHON\sylhet_flood_2024\data\processed\patches_overlap128_optimistic\patch_1130.npz,1920,8320,0.024139404296875,low
f:\MAPATHON\sylhet_flood_2024\data\processed\patches_overlap128_optimistic\patch_1131.npz,1920,8448,0.0,dry
f:\MAPATHON\sylhet_flood_2024\data\processed\patches_overlap128_optimistic\patch_1132.npz,1920,8576,0.0,dry
f:\MAPATHON\sylhet_flood_2024\data\processed\patches_overlap128_optimistic\patch_1133.npz,1920,8704,0.0,dry
f:\MAPATHON\sylhet_flood_2024\data\processed\patches_overlap128_optimistic\patch_1134.npz,1920,8832,0.0,dry
f:\MAPATHON\sylhet_flood_2024\data\processed\patches_overlap128_optimistic\patch_1135.npz,1920,8892,0.0,dry
f:\MAPATHON\sylhet_flood_2024\data\processed\patches_overlap128_optimistic\patch_1136.npz,2048,0,0.2535400390625,high
f:\MAPATHON\sylhet_flood_2024\data\processed\patches_overlap128_optimistic\patch_1137.npz,2048,128,0.257781982421875,high
f:\MAPATHON\sylhet_flood_2024\data\processed\patches_overlap128_optimistic\patch_1138.npz,2048,256,0.2592315673828125,high
f:\MAPATHON\sylhet_flood_2024\data\processed\patches_overlap128_optimistic\patch_1139.npz,2048,384,0.24560546875,high
f:\MAPATHON\sylhet_flood_2024\data\processed\patches_overlap128_optimistic\patch_1140.npz,2048,512,0.2143707275390625,high
f:\MAPATHON\sylhet_flood_2024\data\processed\patches_overlap128_optimistic\patch_1141.npz,2048,640,0.2177886962890625,high
f:\MAPATHON\sylhet_flood_2024\data\processed\patches_overlap128_optimistic\patch_1142.npz,2048,768,0.1828460693359375,medium
f:\MAPATHON\sylhet_flood_2024\data\processed\patches_overlap128_optimistic\patch_1143.npz,2048,896,0.0846099853515625,medium
f:\MAPATHON\sylhet_flood_2024\data\processed\patches_overlap128_optimistic\patch_1144.npz,2048,1024,0.0143585205078125,low
f:\MAPATHON\sylhet_flood_2024\data\processed\patches_overlap128_optimistic\patch_1145.npz,2048,1152,0.0239105224609375,low
f:\MAPATHON\sylhet_flood_2024\data\processed\patches_overlap128_optimistic\patch_1146.npz,2048,1280,0.0261688232421875,low
f:\MAPATHON\sylhet_flood_2024\data\processed\patches_overlap128_optimistic\patch_1147.npz,2048,1408,0.0175628662109375,low
f:\MAPATHON\sylhet_flood_2024\data\processed\patches_overlap128_optimistic\patch_1148.npz,2048,1536,0.057769775390625,medium
f:\MAPATHON\sylhet_flood_2024\data\processed\patches_overlap128_optimistic\patch_1149.npz,2048,1664,0.1745758056640625,medium
f:\MAPATHON\sylhet_flood_2024\data\processed\patches_overlap128_optimistic\patch_1150.npz,2048,1792,0.27587890625,high
f:\MAPATHON\sylhet_flood_2024\data\processed\patches_overlap128_optimistic\patch_1151.npz,2048,1920,0.291229248046875,high
f:\MAPATHON\sylhet_flood_2024\data\processed\patches_overlap128_optimistic\patch_1152.npz,2048,2048,0.405364990234375,high
f:\MAPATHON\sylhet_flood_2024\data\processed\patches_overlap128_optimistic\patch_1153.npz,2048,2176,0.5236358642578125,high
f:\MAPATHON\sylhet_flood_2024\data\processed\patches_overlap128_optimistic\patch_1154.npz,2048,2304,0.438812255859375,high
f:\MAPATHON\sylhet_flood_2024\data\processed\patches_overlap128_optimistic\patch_1155.npz,2048,2432,0.323577880859375,high
f:\MAPATHON\sylhet_flood_2024\data\processed\patches_overlap128_optimistic\patch_1156.npz,2048,2560,0.3000335693359375,high
f:\MAPATHON\sylhet_flood_2024\data\processed\patches_overlap128_optimistic\patch_1157.npz,2048,2688,0.2292022705078125,high
f:\MAPATHON\sylhet_flood_2024\data\processed\patches_overlap128_optimistic\patch_1158.npz,2048,2816,0.1432952880859375,medium
f:\MAPATHON\sylhet_flood_2024\data\processed\patches_overlap128_optimistic\patch_1159.npz,2048,2944,0.150970458984375,medium
f:\MAPATHON\sylhet_flood_2024\data\processed\patches_overlap128_optimistic\patch_1160.npz,2048,3072,0.1879425048828125,medium
f:\MAPATHON\sylhet_flood_2024\data\processed\patches_overlap128_optimistic\patch_1161.npz,2048,3200,0.1927642822265625,medium
f:\MAPATHON\sylhet_flood_2024\data\processed\patches_overlap128_optimistic\patch_1162.npz,2048,3328,0.2176666259765625,high
f:\MAPATHON\sylhet_flood_2024\data\processed\patches_overlap128_optimistic\patch_1163.npz,2048,3456,0.2169647216796875,high
f:\MAPATHON\sylhet_flood_2024\data\processed\patches_overlap128_optimistic\patch_1164.npz,2048,3584,0.18804931640625,medium
f:\MAPATHON\sylhet_flood_2024\data\processed\patches_overlap128_optimistic\patch_1165.npz,2048,3712,0.202880859375,high
f:\MAPATHON\sylhet_flood_2024\data\processed\patches_overlap128_optimistic\patch_1166.npz,2048,3840,0.2337646484375,high
f:\MAPATHON\sylhet_flood_2024\data\processed\patches_overlap128_optimistic\patch_1167.npz,2048,3968,0.2972412109375,high
f:\MAPATHON\sylhet_flood_2024\data\processed\patches_overlap128_optimistic\patch_1168.npz,2048,4096,0.28985595703125,high
f:\MAPATHON\sylhet_flood_2024\data\processed\patches_overlap128_optimistic\patch_1169.npz,2048,4224,0.223236083984375,high
f:\MAPATHON\sylhet_flood_2024\data\processed\patches_overlap128_optimistic\patch_1170.npz,2048,4352,0.135101318359375,medium
f:\MAPATHON\sylhet_flood_2024\data\processed\patches_overlap128_optimistic\patch_1171.npz,2048,4480,0.0491180419921875,low
f:\MAPATHON\sylhet_flood_2024\data\processed\patches_overlap128_optimistic\patch_1172.npz,2048,4608,0.051971435546875,medium
f:\MAPATHON\sylhet_flood_2024\data\processed\patches_overlap128_optimistic\patch_1173.npz,2048,4736,0.0472869873046875,low
f:\MAPATHON\sylhet_flood_2024\data\processed\patches_overlap128_optimistic\patch_1174.npz,2048,4864,0.065948486328125,medium
f:\MAPATHON\sylhet_flood_2024\data\processed\patches_overlap128_optimistic\patch_1175.npz,2048,4992,0.2760009765625,high
f:\MAPATHON\sylhet_flood_2024\data\processed\patches_overlap128_optimistic\patch_1176.npz,2048,5120,0.5092620849609375,high
f:\MAPATHON\sylhet_flood_2024\data\processed\patches_overlap128_optimistic\patch_1177.npz,2048,5248,0.4853363037109375,high
f:\MAPATHON\sylhet_flood_2024\data\processed\patches_overlap128_optimistic\patch_1178.npz,2048,5376,0.365631103515625,high
f:\MAPATHON\sylhet_flood_2024\data\processed\patches_overlap128_optimistic\patch_1179.npz,2048,5504,0.4095306396484375,high
f:\MAPATHON\sylhet_flood_2024\data\processed\patches_overlap128_optimistic\patch_1180.npz,2048,5632,0.544158935546875,high
f:\MAPATHON\sylhet_flood_2024\data\processed\patches_overlap128_optimistic\patch_1181.npz,2048,5760,0.57861328125,high
f:\MAPATHON\sylhet_flood_2024\data\processed\patches_overlap128_optimistic\patch_1182.npz,2048,5888,0.4659881591796875,high
f:\MAPATHON\sylhet_flood_2024\data\processed\patches_overlap128_optimistic\patch_1183.npz,2048,6016,0.4587554931640625,high
f:\MAPATHON\sylhet_flood_2024\data\processed\patches_overlap128_optimistic\patch_1184.npz,2048,6144,0.624725341796875,high
f:\MAPATHON\sylhet_flood_2024\data\processed\patches_overlap128_optimistic\patch_1185.npz,2048,6272,0.5863037109375,high
f:\MAPATHON\sylhet_flood_2024\data\processed\patches_overlap128_optimistic\patch_1186.npz,2048,6400,0.50909423828125,high
f:\MAPATHON\sylhet_flood_2024\data\processed\patches_overlap128_optimistic\patch_1187.npz,2048,6528,0.40850830078125,high
f:\MAPATHON\sylhet_flood_2024\data\processed\patches_overlap128_optimistic\patch_1188.npz,2048,6656,0.365997314453125,high
f:\MAPATHON\sylhet_flood_2024\data\processed\patches_overlap128_optimistic\patch_1189.npz,2048,6784,0.61346435546875,high
f:\MAPATHON\sylhet_flood_2024\data\processed\patches_overlap128_optimistic\patch_1190.npz,2048,6912,0.54656982421875,high
f:\MAPATHON\sylhet_flood_2024\data\processed\patches_overlap128_optimistic\patch_1191.npz,2048,7040,0.382598876953125,high
f:\MAPATHON\sylhet_flood_2024\data\processed\patches_overlap128_optimistic\patch_1192.npz,2048,7168,0.454071044921875,high
f:\MAPATHON\sylhet_flood_2024\data\processed\patches_overlap128_optimistic\patch_1193.npz,2048,7296,0.4261016845703125,high
f:\MAPATHON\sylhet_flood_2024\data\processed\patches_overlap128_optimistic\patch_1194.npz,2048,7424,0.3980560302734375,high
f:\MAPATHON\sylhet_flood_2024\data\processed\patches_overlap128_optimistic\patch_1195.npz,2048,7552,0.474578857421875,high
f:\MAPATHON\sylhet_flood_2024\data\processed\patches_overlap128_optimistic\patch_1196.npz,2048,7680,0.458831787109375,high
f:\MAPATHON\sylhet_flood_2024\data\processed\patches_overlap128_optimistic\patch_1197.npz,2048,7808,0.460845947265625,high
f:\MAPATHON\sylhet_flood_2024\data\processed\patches_overlap128_optimistic\patch_1198.npz,2048,7936,0.487152099609375,high
f:\MAPATHON\sylhet_flood_2024\data\processed\patches_overlap128_optimistic\patch_1199.npz,2048,8064,0.3317718505859375,high
f:\MAPATHON\sylhet_flood_2024\data\processed\patches_overlap128_optimistic\patch_1200.npz,2048,8192,0.129608154296875,medium
f:\MAPATHON\sylhet_flood_2024\data\processed\patches_overlap128_optimistic\patch_1201.npz,2048,8320,0.0227813720703125,low
f:\MAPATHON\sylhet_flood_2024\data\processed\patches_overlap128_optimistic\patch_1202.npz,2048,8448,0.0,dry
f:\MAPATHON\sylhet_flood_2024\data\processed\patches_overlap128_optimistic\patch_1203.npz,2048,8576,0.0,dry
f:\MAPATHON\sylhet_flood_2024\data\processed\patches_overlap128_optimistic\patch_1204.npz,2048,8704,0.0,dry
f:\MAPATHON\sylhet_flood_2024\data\processed\patches_overlap128_optimistic\patch_1205.npz,2048,8832,0.0,dry
f:\MAPATHON\sylhet_flood_2024\data\processed\patches_overlap128_optimistic\patch_1206.npz,2048,8892,0.0,dry
f:\MAPATHON\sylhet_flood_2024\data\processed\patches_overlap128_optimistic\patch_1207.npz,2176,0,0.1296539306640625,medium
f:\MAPATHON\sylhet_flood_2024\data\processed\patches_overlap128_optimistic\patch_1208.npz,2176,128,0.173675537109375,medium
f:\MAPATHON\sylhet_flood_2024\data\processed\patches_overlap128_optimistic\patch_1209.npz,2176,256,0.175933837890625,medium
f:\MAPATHON\sylhet_flood_2024\data\processed\patches_overlap128_optimistic\patch_1210.npz,2176,384,0.2374725341796875,high
f:\MAPATHON\sylhet_flood_2024\data\processed\patches_overlap128_optimistic\patch_1211.npz,2176,512,0.2885589599609375,high
f:\MAPATHON\sylhet_flood_2024\data\processed\patches_overlap128_optimistic\patch_1212.npz,2176,640,0.249176025390625,high
f:\MAPATHON\sylhet_flood_2024\data\processed\patches_overlap128_optimistic\patch_1213.npz,2176,768,0.2105865478515625,high
f:\MAPATHON\sylhet_flood_2024\data\processed\patches_overlap128_optimistic\patch_1214.npz,2176,896,0.150421142578125,medium
f:\MAPATHON\sylhet_flood_2024\data\processed\patches_overlap128_optimistic\patch_1215.npz,2176,1024,0.07763671875,medium
f:\MAPATHON\sylhet_flood_2024\data\processed\patches_overlap128_optimistic\patch_1216.npz,2176,1152,0.0362091064453125,low
f:\MAPATHON\sylhet_flood_2024\data\processed\patches_overlap128_optimistic\patch_1217.npz,2176,1280,0.0379180908203125,low
f:\MAPATHON\sylhet_flood_2024\data\processed\patches_overlap128_optimistic\patch_1218.npz,2176,1408,0.053863525390625,medium
f:\MAPATHON\sylhet_flood_2024\data\processed\patches_overlap128_optimistic\patch_1219.npz,2176,1536,0.11431884765625,medium
f:\MAPATHON\sylhet_flood_2024\data\processed\patches_overlap128_optimistic\patch_1220.npz,2176,1664,0.3252716064453125,high
f:\MAPATHON\sylhet_flood_2024\data\processed\patches_overlap128_optimistic\patch_1221.npz,2176,1792,0.4962921142578125,high
f:\MAPATHON\sylhet_flood_2024\data\processed\patches_overlap128_optimistic\patch_1222.npz,2176,1920,0.451568603515625,high
f:\MAPATHON\sylhet_flood_2024\data\processed\patches_overlap128_optimistic\patch_1223.npz,2176,2048,0.4184417724609375,high
f:\MAPATHON\sylhet_flood_2024\data\processed\patches_overlap128_optimistic\patch_1224.npz,2176,2176,0.3607177734375,high
f:\MAPATHON\sylhet_flood_2024\data\processed\patches_overlap128_optimistic\patch_1225.npz,2176,2304,0.2144775390625,high
f:\MAPATHON\sylhet_flood_2024\data\processed\patches_overlap128_optimistic\patch_1226.npz,2176,2432,0.16851806640625,medium
f:\MAPATHON\sylhet_flood_2024\data\processed\patches_overlap128_optimistic\patch_1227.npz,2176,2560,0.2090301513671875,high
f:\MAPATHON\sylhet_flood_2024\data\processed\patches_overlap128_optimistic\patch_1228.npz,2176,2688,0.281402587890625,high
f:\MAPATHON\sylhet_flood_2024\data\processed\patches_overlap128_optimistic\patch_1229.npz,2176,2816,0.27606201171875,high
f:\MAPATHON\sylhet_flood_2024\data\processed\patches_overlap128_optimistic\patch_1230.npz,2176,2944,0.218017578125,high
f:\MAPATHON\sylhet_flood_2024\data\processed\patches_overlap128_optimistic\patch_1231.npz,2176,3072,0.172607421875,medium
f:\MAPATHON\sylhet_flood_2024\data\processed\patches_overlap128_optimistic\patch_1232.npz,2176,3200,0.0670928955078125,medium
f:\MAPATHON\sylhet_flood_2024\data\processed\patches_overlap128_optimistic\patch_1233.npz,2176,3328,0.00079345703125,very_low
f:\MAPATHON\sylhet_flood_2024\data\processed\patches_overlap128_optimistic\patch_1234.npz,2176,3456,0.0004425048828125,very_low
f:\MAPATHON\sylhet_flood_2024\data\processed\patches_overlap128_optimistic\patch_1235.npz,2176,3584,0.0,dry
f:\MAPATHON\sylhet_flood_2024\data\processed\patches_overlap128_optimistic\patch_1236.npz,2176,3712,0.0,dry
f:\MAPATHON\sylhet_flood_2024\data\processed\patches_overlap128_optimistic\patch_1237.npz,2176,3840,0.0045928955078125,very_low
f:\MAPATHON\sylhet_flood_2024\data\processed\patches_overlap128_optimistic\patch_1238.npz,2176,3968,0.0476531982421875,low
f:\MAPATHON\sylhet_flood_2024\data\processed\patches_overlap128_optimistic\patch_1239.npz,2176,4096,0.0807342529296875,medium
f:\MAPATHON\sylhet_flood_2024\data\processed\patches_overlap128_optimistic\patch_1240.npz,2176,4224,0.0902862548828125,medium
f:\MAPATHON\sylhet_flood_2024\data\processed\patches_overlap128_optimistic\patch_1241.npz,2176,4352,0.1502227783203125,medium
f:\MAPATHON\sylhet_flood_2024\data\processed\patches_overlap128_optimistic\patch_1242.npz,2176,4480,0.146148681640625,medium
f:\MAPATHON\sylhet_flood_2024\data\processed\patches_overlap128_optimistic\patch_1243.npz,2176,4608,0.1207122802734375,medium
f:\MAPATHON\sylhet_flood_2024\data\processed\patches_overlap128_optimistic\patch_1244.npz,2176,4736,0.1316070556640625,medium
f:\MAPATHON\sylhet_flood_2024\data\processed\patches_overlap128_optimistic\patch_1245.npz,2176,4864,0.1577911376953125,medium
f:\MAPATHON\sylhet_flood_2024\data\processed\patches_overlap128_optimistic\patch_1246.npz,2176,4992,0.3556976318359375,high
f:\MAPATHON\sylhet_flood_2024\data\processed\patches_overlap128_optimistic\patch_1247.npz,2176,5120,0.57672119140625,high
f:\MAPATHON\sylhet_flood_2024\data\processed\patches_overlap128_optimistic\patch_1248.npz,2176,5248,0.50537109375,high
f:\MAPATHON\sylhet_flood_2024\data\processed\patches_overlap128_optimistic\patch_1249.npz,2176,5376,0.369598388671875,high
f:\MAPATHON\sylhet_flood_2024\data\processed\patches_overlap128_optimistic\patch_1250.npz,2176,5504,0.386077880859375,high
f:\MAPATHON\sylhet_flood_2024\data\processed\patches_overlap128_optimistic\patch_1251.npz,2176,5632,0.35675048828125,high
f:\MAPATHON\sylhet_flood_2024\data\processed\patches_overlap128_optimistic\patch_1252.npz,2176,5760,0.3631439208984375,high
f:\MAPATHON\sylhet_flood_2024\data\processed\patches_overlap128_optimistic\patch_1253.npz,2176,5888,0.4236602783203125,high
f:\MAPATHON\sylhet_flood_2024\data\processed\patches_overlap128_optimistic\patch_1254.npz,2176,6016,0.587646484375,high
f:\MAPATHON\sylhet_flood_2024\data\processed\patches_overlap128_optimistic\patch_1255.npz,2176,6144,0.7828369140625,high
f:\MAPATHON\sylhet_flood_2024\data\processed\patches_overlap128_optimistic\patch_1256.npz,2176,6272,0.6463470458984375,high
f:\MAPATHON\sylhet_flood_2024\data\processed\patches_overlap128_optimistic\patch_1257.npz,2176,6400,0.5068359375,high
f:\MAPATHON\sylhet_flood_2024\data\processed\patches_overlap128_optimistic\patch_1258.npz,2176,6528,0.437225341796875,high
f:\MAPATHON\sylhet_flood_2024\data\processed\patches_overlap128_optimistic\patch_1259.npz,2176,6656,0.4279937744140625,high
f:\MAPATHON\sylhet_flood_2024\data\processed\patches_overlap128_optimistic\patch_1260.npz,2176,6784,0.6617431640625,high
f:\MAPATHON\sylhet_flood_2024\data\processed\patches_overlap128_optimistic\patch_1261.npz,2176,6912,0.618255615234375,high
f:\MAPATHON\sylhet_flood_2024\data\processed\patches_overlap128_optimistic\patch_1262.npz,2176,7040,0.5139312744140625,high
f:\MAPATHON\sylhet_flood_2024\data\processed\patches_overlap128_optimistic\patch_1263.npz,2176,7168,0.664154052734375,high
f:\MAPATHON\sylhet_flood_2024\data\processed\patches_overlap128_optimistic\patch_1264.npz,2176,7296,0.6232452392578125,high
f:\MAPATHON\sylhet_flood_2024\data\processed\patches_overlap128_optimistic\patch_1265.npz,2176,7424,0.522369384765625,high
f:\MAPATHON\sylhet_flood_2024\data\processed\patches_overlap128_optimistic\patch_1266.npz,2176,7552,0.6508331298828125,high
f:\MAPATHON\sylhet_flood_2024\data\processed\patches_overlap128_optimistic\patch_1267.npz,2176,7680,0.6733245849609375,high
f:\MAPATHON\sylhet_flood_2024\data\processed\patches_overlap128_optimistic\patch_1268.npz,2176,7808,0.4413299560546875,high
f:\MAPATHON\sylhet_flood_2024\data\processed\patches_overlap128_optimistic\patch_1269.npz,2176,7936,0.341461181640625,high
f:\MAPATHON\sylhet_flood_2024\data\processed\patches_overlap128_optimistic\patch_1270.npz,2176,8064,0.3011322021484375,high
f:\MAPATHON\sylhet_flood_2024\data\processed\patches_overlap128_optimistic\patch_1271.npz,2176,8192,0.1221466064453125,medium
f:\MAPATHON\sylhet_flood_2024\data\processed\patches_overlap128_optimistic\patch_1272.npz,2176,8320,0.0107421875,low
f:\MAPATHON\sylhet_flood_2024\data\processed\patches_overlap128_optimistic\patch_1273.npz,2176,8448,0.0,dry
f:\MAPATHON\sylhet_flood_2024\data\processed\patches_overlap128_optimistic\patch_1274.npz,2176,8576,0.0,dry
f:\MAPATHON\sylhet_flood_2024\data\processed\patches_overlap128_optimistic\patch_1275.npz,2176,8704,0.0,dry
f:\MAPATHON\sylhet_flood_2024\data\processed\patches_overlap128_optimistic\patch_1276.npz,2176,8832,0.0,dry
f:\MAPATHON\sylhet_flood_2024\data\processed\patches_overlap128_optimistic\patch_1277.npz,2176,8892,0.0,dry
f:\MAPATHON\sylhet_flood_2024\data\processed\patches_overlap128_optimistic\patch_1278.npz,2304,0,0.1340179443359375,medium
f:\MAPATHON\sylhet_flood_2024\data\processed\patches_overlap128_optimistic\patch_1279.npz,2304,128,0.1733245849609375,medium
f:\MAPATHON\sylhet_flood_2024\data\processed\patches_overlap128_optimistic\patch_1280.npz,2304,256,0.1761474609375,medium
f:\MAPATHON\sylhet_flood_2024\data\processed\patches_overlap128_optimistic\patch_1281.npz,2304,384,0.276336669921875,high
f:\MAPATHON\sylhet_flood_2024\data\processed\patches_overlap128_optimistic\patch_1282.npz,2304,512,0.3398284912109375,high
f:\MAPATHON\sylhet_flood_2024\data\processed\patches_overlap128_optimistic\patch_1283.npz,2304,640,0.267852783203125,high
f:\MAPATHON\sylhet_flood_2024\data\processed\patches_overlap128_optimistic\patch_1284.npz,2304,768,0.218170166015625,high
f:\MAPATHON\sylhet_flood_2024\data\processed\patches_overlap128_optimistic\patch_1285.npz,2304,896,0.2196044921875,high
f:\MAPATHON\sylhet_flood_2024\data\processed\patches_overlap128_optimistic\patch_1286.npz,2304,1024,0.1551361083984375,medium
f:\MAPATHON\sylhet_flood_2024\data\processed\patches_overlap128_optimistic\patch_1287.npz,2304,1152,0.0665740966796875,medium
f:\MAPATHON\sylhet_flood_2024\data\processed\patches_overlap128_optimistic\patch_1288.npz,2304,1280,0.039031982421875,low
f:\MAPATHON\sylhet_flood_2024\data\processed\patches_overlap128_optimistic\patch_1289.npz,2304,1408,0.0608062744140625,medium
f:\MAPATHON\sylhet_flood_2024\data\processed\patches_overlap128_optimistic\patch_1290.npz,2304,1536,0.1625823974609375,medium
f:\MAPATHON\sylhet_flood_2024\data\processed\patches_overlap128_optimistic\patch_1291.npz,2304,1664,0.3492584228515625,high
f:\MAPATHON\sylhet_flood_2024\data\processed\patches_overlap128_optimistic\patch_1292.npz,2304,1792,0.433135986328125,high
f:\MAPATHON\sylhet_flood_2024\data\processed\patches_overlap128_optimistic\patch_1293.npz,2304,1920,0.412200927734375,high
f:\MAPATHON\sylhet_flood_2024\data\processed\patches_overlap128_optimistic\patch_1294.npz,2304,2048,0.296112060546875,high
f:\MAPATHON\sylhet_flood_2024\data\processed\patches_overlap128_optimistic\patch_1295.npz,2304,2176,0.1263427734375,medium
f:\MAPATHON\sylhet_flood_2024\data\processed\patches_overlap128_optimistic\patch_1296.npz,2304,2304,0.0757293701171875,medium
f:\MAPATHON\sylhet_flood_2024\data\processed\patches_overlap128_optimistic\patch_1297.npz,2304,2432,0.1395416259765625,medium
f:\MAPATHON\sylhet_flood_2024\data\processed\patches_overlap128_optimistic\patch_1298.npz,2304,2560,0.2270050048828125,high
f:\MAPATHON\sylhet_flood_2024\data\processed\patches_overlap128_optimistic\patch_1299.npz,2304,2688,0.2642364501953125,high
f:\MAPATHON\sylhet_flood_2024\data\processed\patches_overlap128_optimistic\patch_1300.npz,2304,2816,0.1998443603515625,medium
f:\MAPATHON\sylhet_flood_2024\data\processed\patches_overlap128_optimistic\patch_1301.npz,2304,2944,0.0911102294921875,medium
f:\MAPATHON\sylhet_flood_2024\data\processed\patches_overlap128_optimistic\patch_1302.npz,2304,3072,0.0282135009765625,low
f:\MAPATHON\sylhet_flood_2024\data\processed\patches_overlap128_optimistic\patch_1303.npz,2304,3200,0.00128173828125,very_low
f:\MAPATHON\sylhet_flood_2024\data\processed\patches_overlap128_optimistic\patch_1304.npz,2304,3328,0.000732421875,very_low
f:\MAPATHON\sylhet_flood_2024\data\processed\patches_overlap128_optimistic\patch_1305.npz,2304,3456,0.000732421875,very_low
f:\MAPATHON\sylhet_flood_2024\data\processed\patches_overlap128_optimistic\patch_1306.npz,2304,3584,0.0,dry
f:\MAPATHON\sylhet_flood_2024\data\processed\patches_overlap128_optimistic\patch_1307.npz,2304,3712,0.0,dry
f:\MAPATHON\sylhet_flood_2024\data\processed\patches_overlap128_optimistic\patch_1308.npz,2304,3840,0.0,dry
f:\MAPATHON\sylhet_flood_2024\data\processed\patches_overlap128_optimistic\patch_1309.npz,2304,3968,0.0,dry
f:\MAPATHON\sylhet_flood_2024\data\processed\patches_overlap128_optimistic\patch_1310.npz,2304,4096,0.0,dry
f:\MAPATHON\sylhet_flood_2024\data\processed\patches_overlap128_optimistic\patch_1311.npz,2304,4224,0.029876708984375,low
f:\MAPATHON\sylhet_flood_2024\data\processed\patches_overlap128_optimistic\patch_1312.npz,2304,4352,0.1452484130859375,medium
f:\MAPATHON\sylhet_flood_2024\data\processed\patches_overlap128_optimistic\patch_1313.npz,2304,4480,0.1687774658203125,medium
f:\MAPATHON\sylhet_flood_2024\data\processed\patches_overlap128_optimistic\patch_1314.npz,2304,4608,0.1259307861328125,medium
f:\MAPATHON\sylhet_flood_2024\data\processed\patches_overlap128_optimistic\patch_1315.npz,2304,4736,0.188140869140625,medium
f:\MAPATHON\sylhet_flood_2024\data\processed\patches_overlap128_optimistic\patch_1316.npz,2304,4864,0.2205963134765625,high
f:\MAPATHON\sylhet_flood_2024\data\processed\patches_overlap128_optimistic\patch_1317.npz,2304,4992,0.2036895751953125,high
f:\MAPATHON\sylhet_flood_2024\data\processed\patches_overlap128_optimistic\patch_1318.npz,2304,5120,0.2848968505859375,high
f:\MAPATHON\sylhet_flood_2024\data\processed\patches_overlap128_optimistic\patch_1319.npz,2304,5248,0.3398895263671875,high
f:\MAPATHON\sylhet_flood_2024\data\processed\patches_overlap128_optimistic\patch_1320.npz,2304,5376,0.3115692138671875,high
f:\MAPATHON\sylhet_flood_2024\data\processed\patches_overlap128_optimistic\patch_1321.npz,2304,5504,0.396392822265625,high
f:\MAPATHON\sylhet_flood_2024\data\processed\patches_overlap128_optimistic\patch_1322.npz,2304,5632,0.4639739990234375,high
f:\MAPATHON\sylhet_flood_2024\data\processed\patches_overlap128_optimistic\patch_1323.npz,2304,5760,0.524078369140625,high
f:\MAPATHON\sylhet_flood_2024\data\processed\patches_overlap128_optimistic\patch_1324.npz,2304,5888,0.6104736328125,high
f:\MAPATHON\sylhet_flood_2024\data\processed\patches_overlap128_optimistic\patch_1325.npz,2304,6016,0.61456298828125,high
f:\MAPATHON\sylhet_flood_2024\data\processed\patches_overlap128_optimistic\patch_1326.npz,2304,6144,0.607666015625,high
f:\MAPATHON\sylhet_flood_2024\data\processed\patches_overlap128_optimistic\patch_1327.npz,2304,6272,0.4311676025390625,high
f:\MAPATHON\sylhet_flood_2024\data\processed\patches_overlap128_optimistic\patch_1328.npz,2304,6400,0.3227386474609375,high
f:\MAPATHON\sylhet_flood_2024\data\processed\patches_overlap128_optimistic\patch_1329.npz,2304,6528,0.3822784423828125,high
f:\MAPATHON\sylhet_flood_2024\data\processed\patches_overlap128_optimistic\patch_1330.npz,2304,6656,0.4424896240234375,high
f:\MAPATHON\sylhet_flood_2024\data\processed\patches_overlap128_optimistic\patch_1331.npz,2304,6784,0.631683349609375,high
f:\MAPATHON\sylhet_flood_2024\data\processed\patches_overlap128_optimistic\patch_1332.npz,2304,6912,0.6338043212890625,high
f:\MAPATHON\sylhet_flood_2024\data\processed\patches_overlap128_optimistic\patch_1333.npz,2304,7040,0.5863189697265625,high
f:\MAPATHON\sylhet_flood_2024\data\processed\patches_overlap128_optimistic\patch_1334.npz,2304,7168,0.66796875,high
f:\MAPATHON\sylhet_flood_2024\data\processed\patches_overlap128_optimistic\patch_1335.npz,2304,7296,0.6433258056640625,high
f:\MAPATHON\sylhet_flood_2024\data\processed\patches_overlap128_optimistic\patch_1336.npz,2304,7424,0.5975494384765625,high
f:\MAPATHON\sylhet_flood_2024\data\processed\patches_overlap128_optimistic\patch_1337.npz,2304,7552,0.678619384765625,high
f:\MAPATHON\sylhet_flood_2024\data\processed\patches_overlap128_optimistic\patch_1338.npz,2304,7680,0.7418365478515625,high
f:\MAPATHON\sylhet_flood_2024\data\processed\patches_overlap128_optimistic\patch_1339.npz,2304,7808,0.56243896484375,high
f:\MAPATHON\sylhet_flood_2024\data\processed\patches_overlap128_optimistic\patch_1340.npz,2304,7936,0.3571624755859375,high
f:\MAPATHON\sylhet_flood_2024\data\processed\patches_overlap128_optimistic\patch_1341.npz,2304,8064,0.27081298828125,high
f:\MAPATHON\sylhet_flood_2024\data\processed\patches_overlap128_optimistic\patch_1342.npz,2304,8192,0.1263885498046875,medium
f:\MAPATHON\sylhet_flood_2024\data\processed\patches_overlap128_optimistic\patch_1343.npz,2304,8320,0.00823974609375,very_low
f:\MAPATHON\sylhet_flood_2024\data\processed\patches_overlap128_optimistic\patch_1344.npz,2304,8448,0.0013275146484375,very_low
f:\MAPATHON\sylhet_flood_2024\data\processed\patches_overlap128_optimistic\patch_1345.npz,2304,8576,0.0020904541015625,very_low
f:\MAPATHON\sylhet_flood_2024\data\processed\patches_overlap128_optimistic\patch_1346.npz,2304,8704,0.000762939453125,very_low
f:\MAPATHON\sylhet_flood_2024\data\processed\patches_overlap128_optimistic\patch_1347.npz,2304,8832,0.0,dry
f:\MAPATHON\sylhet_flood_2024\data\processed\patches_overlap128_optimistic\patch_1348.npz,2304,8892,0.0,dry
f:\MAPATHON\sylhet_flood_2024\data\processed\patches_overlap128_optimistic\patch_1349.npz,2432,0,0.16705322265625,medium
f:\MAPATHON\sylhet_flood_2024\data\processed\patches_overlap128_optimistic\patch_1350.npz,2432,128,0.2402191162109375,high
f:\MAPATHON\sylhet_flood_2024\data\processed\patches_overlap128_optimistic\patch_1351.npz,2432,256,0.2328338623046875,high
f:\MAPATHON\sylhet_flood_2024\data\processed\patches_overlap128_optimistic\patch_1352.npz,2432,384,0.2570037841796875,high
f:\MAPATHON\sylhet_flood_2024\data\processed\patches_overlap128_optimistic\patch_1353.npz,2432,512,0.274383544921875,high
f:\MAPATHON\sylhet_flood_2024\data\processed\patches_overlap128_optimistic\patch_1354.npz,2432,640,0.2181396484375,high
f:\MAPATHON\sylhet_flood_2024\data\processed\patches_overlap128_optimistic\patch_1355.npz,2432,768,0.144683837890625,medium
f:\MAPATHON\sylhet_flood_2024\data\processed\patches_overlap128_optimistic\patch_1356.npz,2432,896,0.1857452392578125,medium
f:\MAPATHON\sylhet_flood_2024\data\processed\patches_overlap128_optimistic\patch_1357.npz,2432,1024,0.1535797119140625,medium
f:\MAPATHON\sylhet_flood_2024\data\processed\patches_overlap128_optimistic\patch_1358.npz,2432,1152,0.06512451171875,medium
f:\MAPATHON\sylhet_flood_2024\data\processed\patches_overlap128_optimistic\patch_1359.npz,2432,1280,0.039825439453125,low
f:\MAPATHON\sylhet_flood_2024\data\processed\patches_overlap128_optimistic\patch_1360.npz,2432,1408,0.0357818603515625,low
f:\MAPATHON\sylhet_flood_2024\data\processed\patches_overlap128_optimistic\patch_1361.npz,2432,1536,0.190338134765625,medium
f:\MAPATHON\sylhet_flood_2024\data\processed\patches_overlap128_optimistic\patch_1362.npz,2432,1664,0.404144287109375,high
f:\MAPATHON\sylhet_flood_2024\data\processed\patches_overlap128_optimistic\patch_1363.npz,2432,1792,0.4319000244140625,high
f:\MAPATHON\sylhet_flood_2024\data\processed\patches_overlap128_optimistic\patch_1364.npz,2432,1920,0.3611907958984375,high
f:\MAPATHON\sylhet_flood_2024\data\processed\patches_overlap128_optimistic\patch_1365.npz,2432,2048,0.2201995849609375,high
f:\MAPATHON\sylhet_flood_2024\data\processed\patches_overlap128_optimistic\patch_1366.npz,2432,2176,0.0768585205078125,medium
f:\MAPATHON\sylhet_flood_2024\data\processed\patches_overlap128_optimistic\patch_1367.npz,2432,2304,0.067718505859375,medium
f:\MAPATHON\sylhet_flood_2024\data\processed\patches_overlap128_optimistic\patch_1368.npz,2432,2432,0.1334686279296875,medium
f:\MAPATHON\sylhet_flood_2024\data\processed\patches_overlap128_optimistic\patch_1369.npz,2432,2560,0.1588287353515625,medium
f:\MAPATHON\sylhet_flood_2024\data\processed\patches_overlap128_optimistic\patch_1370.npz,2432,2688,0.0964813232421875,medium
f:\MAPATHON\sylhet_flood_2024\data\processed\patches_overlap128_optimistic\patch_1371.npz,2432,2816,0.0302581787109375,low
f:\MAPATHON\sylhet_flood_2024\data\processed\patches_overlap128_optimistic\patch_1372.npz,2432,2944,0.0,dry
f:\MAPATHON\sylhet_flood_2024\data\processed\patches_overlap128_optimistic\patch_1373.npz,2432,3072,0.0,dry
f:\MAPATHON\sylhet_flood_2024\data\processed\patches_overlap128_optimistic\patch_1374.npz,2432,3200,0.0,dry
f:\MAPATHON\sylhet_flood_2024\data\processed\patches_overlap128_optimistic\patch_1375.npz,2432,3328,0.0002899169921875,very_low
f:\MAPATHON\sylhet_flood_2024\data\processed\patches_overlap128_optimistic\patch_1376.npz,2432,3456,0.0002899169921875,very_low
f:\MAPATHON\sylhet_flood_2024\data\processed\patches_overlap128_optimistic\patch_1377.npz,2432,3584,0.0,dry
f:\MAPATHON\sylhet_flood_2024\data\processed\patches_overlap128_optimistic\patch_1378.npz,2432,3712,0.0,dry
f:\MAPATHON\sylhet_flood_2024\data\processed\patches_overlap128_optimistic\patch_1379.npz,2432,3840,0.0,dry
f:\MAPATHON\sylhet_flood_2024\data\processed\patches_overlap128_optimistic\patch_1380.npz,2432,3968,0.0,dry
f:\MAPATHON\sylhet_flood_2024\data\processed\patches_overlap128_optimistic\patch_1381.npz,2432,4096,0.0264129638671875,low
f:\MAPATHON\sylhet_flood_2024\data\processed\patches_overlap128_optimistic\patch_1382.npz,2432,4224,0.1533966064453125,medium
f:\MAPATHON\sylhet_flood_2024\data\processed\patches_overlap128_optimistic\patch_1383.npz,2432,4352,0.168212890625,medium
f:\MAPATHON\sylhet_flood_2024\data\processed\patches_overlap128_optimistic\patch_1384.npz,2432,4480,0.0507354736328125,medium
f:\MAPATHON\sylhet_flood_2024\data\processed\patches_overlap128_optimistic\patch_1385.npz,2432,4608,0.03009033203125,low
f:\MAPATHON\sylhet_flood_2024\data\processed\patches_overlap128_optimistic\patch_1386.npz,2432,4736,0.1130523681640625,medium
f:\MAPATHON\sylhet_flood_2024\data\processed\patches_overlap128_optimistic\patch_1387.npz,2432,4864,0.179351806640625,medium
f:\MAPATHON\sylhet_flood_2024\data\processed\patches_overlap128_optimistic\patch_1388.npz,2432,4992,0.12322998046875,medium
f:\MAPATHON\sylhet_flood_2024\data\processed\patches_overlap128_optimistic\patch_1389.npz,2432,5120,0.123504638671875,medium
f:\MAPATHON\sylhet_flood_2024\data\processed\patches_overlap128_optimistic\patch_1390.npz,2432,5248,0.2371826171875,high
f:\MAPATHON\sylhet_flood_2024\data\processed\patches_overlap128_optimistic\patch_1391.npz,2432,5376,0.2710418701171875,high
f:\MAPATHON\sylhet_flood_2024\data\processed\patches_overlap128_optimistic\patch_1392.npz,2432,5504,0.341888427734375,high
f:\MAPATHON\sylhet_flood_2024\data\processed\patches_overlap128_optimistic\patch_1393.npz,2432,5632,0.5495758056640625,high
f:\MAPATHON\sylhet_flood_2024\data\processed\patches_overlap128_optimistic\patch_1394.npz,2432,5760,0.6868896484375,high
f:\MAPATHON\sylhet_flood_2024\data\processed\patches_overlap128_optimistic\patch_1395.npz,2432,5888,0.668731689453125,high
f:\MAPATHON\sylhet_flood_2024\data\processed\patches_overlap128_optimistic\patch_1396.npz,2432,6016,0.496429443359375,high
f:\MAPATHON\sylhet_flood_2024\data\processed\patches_overlap128_optimistic\patch_1397.npz,2432,6144,0.3905792236328125,high
f:\MAPATHON\sylhet_flood_2024\data\processed\patches_overlap128_optimistic\patch_1398.npz,2432,6272,0.306182861328125,high
f:\MAPATHON\sylhet_flood_2024\data\processed\patches_overlap128_optimistic\patch_1399.npz,2432,6400,0.2936248779296875,high
f:\MAPATHON\sylhet_flood_2024\data\processed\patches_overlap128_optimistic\patch_1400.npz,2432,6528,0.4545745849609375,high
f:\MAPATHON\sylhet_flood_2024\data\processed\patches_overlap128_optimistic\patch_1401.npz,2432,6656,0.61590576171875,high
f:\MAPATHON\sylhet_flood_2024\data\processed\patches_overlap128_optimistic\patch_1402.npz,2432,6784,0.7501068115234375,high
f:\MAPATHON\sylhet_flood_2024\data\processed\patches_overlap128_optimistic\patch_1403.npz,2432,6912,0.6194915771484375,high
f:\MAPATHON\sylhet_flood_2024\data\processed\patches_overlap128_optimistic\patch_1404.npz,2432,7040,0.4269866943359375,high
f:\MAPATHON\sylhet_flood_2024\data\processed\patches_overlap128_optimistic\patch_1405.npz,2432,7168,0.417449951171875,high
f:\MAPATHON\sylhet_flood_2024\data\processed\patches_overlap128_optimistic\patch_1406.npz,2432,7296,0.485076904296875,high
f:\MAPATHON\sylhet_flood_2024\data\processed\patches_overlap128_optimistic\patch_1407.npz,2432,7424,0.5273590087890625,high
f:\MAPATHON\sylhet_flood_2024\data\processed\patches_overlap128_optimistic\patch_1408.npz,2432,7552,0.4854736328125,high
f:\MAPATHON\sylhet_flood_2024\data\processed\patches_overlap128_optimistic\patch_1409.npz,2432,7680,0.45086669921875,high
f:\MAPATHON\sylhet_flood_2024\data\processed\patches_overlap128_optimistic\patch_1410.npz,2432,7808,0.4191436767578125,high
f:\MAPATHON\sylhet_flood_2024\data\processed\patches_overlap128_optimistic\patch_1411.npz,2432,7936,0.4024505615234375,high
f:\MAPATHON\sylhet_flood_2024\data\processed\patches_overlap128_optimistic\patch_1412.npz,2432,8064,0.401519775390625,high
f:\MAPATHON\sylhet_flood_2024\data\processed\patches_overlap128_optimistic\patch_1413.npz,2432,8192,0.2267913818359375,high
f:\MAPATHON\sylhet_flood_2024\data\processed\patches_overlap128_optimistic\patch_1414.npz,2432,8320,0.06451416015625,medium
f:\MAPATHON\sylhet_flood_2024\data\processed\patches_overlap128_optimistic\patch_1415.npz,2432,8448,0.140838623046875,medium
f:\MAPATHON\sylhet_flood_2024\data\processed\patches_overlap128_optimistic\patch_1416.npz,2432,8576,0.160400390625,medium
f:\MAPATHON\sylhet_flood_2024\data\processed\patches_overlap128_optimistic\patch_1417.npz,2432,8704,0.05450439453125,medium
f:\MAPATHON\sylhet_flood_2024\data\processed\patches_overlap128_optimistic\patch_1418.npz,2432,8832,0.0,dry
f:\MAPATHON\sylhet_flood_2024\data\processed\patches_overlap128_optimistic\patch_1419.npz,2432,8892,0.0,dry
f:\MAPATHON\sylhet_flood_2024\data\processed\patches_overlap128_optimistic\patch_1420.npz,2560,0,0.199981689453125,medium
f:\MAPATHON\sylhet_flood_2024\data\processed\patches_overlap128_optimistic\patch_1421.npz,2560,128,0.2770538330078125,high
f:\MAPATHON\sylhet_flood_2024\data\processed\patches_overlap128_optimistic\patch_1422.npz,2560,256,0.248687744140625,high
f:\MAPATHON\sylhet_flood_2024\data\processed\patches_overlap128_optimistic\patch_1423.npz,2560,384,0.23974609375,high
f:\MAPATHON\sylhet_flood_2024\data\processed\patches_overlap128_optimistic\patch_1424.npz,2560,512,0.2783660888671875,high
f:\MAPATHON\sylhet_flood_2024\data\processed\patches_overlap128_optimistic\patch_1425.npz,2560,640,0.277252197265625,high
f:\MAPATHON\sylhet_flood_2024\data\processed\patches_overlap128_optimistic\patch_1426.npz,2560,768,0.2887115478515625,high
f:\MAPATHON\sylhet_flood_2024\data\processed\patches_overlap128_optimistic\patch_1427.npz,2560,896,0.3035125732421875,high
f:\MAPATHON\sylhet_flood_2024\data\processed\patches_overlap128_optimistic\patch_1428.npz,2560,1024,0.2087249755859375,high
f:\MAPATHON\sylhet_flood_2024\data\processed\patches_overlap128_optimistic\patch_1429.npz,2560,1152,0.0786895751953125,medium
f:\MAPATHON\sylhet_flood_2024\data\processed\patches_overlap128_optimistic\patch_1430.npz,2560,1280,0.0380706787109375,low
f:\MAPATHON\sylhet_flood_2024\data\processed\patches_overlap128_optimistic\patch_1431.npz,2560,1408,0.0354766845703125,low
f:\MAPATHON\sylhet_flood_2024\data\processed\patches_overlap128_optimistic\patch_1432.npz,2560,1536,0.2015380859375,high
f:\MAPATHON\sylhet_flood_2024\data\processed\patches_overlap128_optimistic\patch_1433.npz,2560,1664,0.42584228515625,high
f:\MAPATHON\sylhet_flood_2024\data\processed\patches_overlap128_optimistic\patch_1434.npz,2560,1792,0.486053466796875,high
f:\MAPATHON\sylhet_flood_2024\data\processed\patches_overlap128_optimistic\patch_1435.npz,2560,1920,0.370819091796875,high
f:\MAPATHON\sylhet_flood_2024\data\processed\patches_overlap128_optimistic\patch_1436.npz,2560,2048,0.25103759765625,high
f:\MAPATHON\sylhet_flood_2024\data\processed\patches_overlap128_optimistic\patch_1437.npz,2560,2176,0.18707275390625,medium
f:\MAPATHON\sylhet_flood_2024\data\processed\patches_overlap128_optimistic\patch_1438.npz,2560,2304,0.136749267578125,medium
f:\MAPATHON\sylhet_flood_2024\data\processed\patches_overlap128_optimistic\patch_1439.npz,2560,2432,0.1079559326171875,medium
f:\MAPATHON\sylhet_flood_2024\data\processed\patches_overlap128_optimistic\patch_1440.npz,2560,2560,0.047271728515625,low
f:\MAPATHON\sylhet_flood_2024\data\processed\patches_overlap128_optimistic\patch_1441.npz,2560,2688,0.013458251953125,low
f:\MAPATHON\sylhet_flood_2024\data\processed\patches_overlap128_optimistic\patch_1442.npz,2560,2816,0.004974365234375,very_low
f:\MAPATHON\sylhet_flood_2024\data\processed\patches_overlap128_optimistic\patch_1443.npz,2560,2944,0.0,dry
f:\MAPATHON\sylhet_flood_2024\data\processed\patches_overlap128_optimistic\patch_1444.npz,2560,3072,0.0,dry
f:\MAPATHON\sylhet_flood_2024\data\processed\patches_overlap128_optimistic\patch_1445.npz,2560,3200,0.0,dry
f:\MAPATHON\sylhet_flood_2024\data\processed\patches_overlap128_optimistic\patch_1446.npz,2560,3328,0.0,dry
f:\MAPATHON\sylhet_flood_2024\data\processed\patches_overlap128_optimistic\patch_1447.npz,2560,3456,0.0,dry
f:\MAPATHON\sylhet_flood_2024\data\processed\patches_overlap128_optimistic\patch_1448.npz,2560,3584,1.52587890625e-05,very_low
f:\MAPATHON\sylhet_flood_2024\data\processed\patches_overlap128_optimistic\patch_1449.npz,2560,3712,1.52587890625e-05,very_low
f:\MAPATHON\sylhet_flood_2024\data\processed\patches_overlap128_optimistic\patch_1450.npz,2560,3840,0.0,dry
f:\MAPATHON\sylhet_flood_2024\data\processed\patches_overlap128_optimistic\patch_1451.npz,2560,3968,0.031036376953125,low
f:\MAPATHON\sylhet_flood_2024\data\processed\patches_overlap128_optimistic\patch_1452.npz,2560,4096,0.148406982421875,medium
f:\MAPATHON\sylhet_flood_2024\data\processed\patches_overlap128_optimistic\patch_1453.npz,2560,4224,0.2410125732421875,high
f:\MAPATHON\sylhet_flood_2024\data\processed\patches_overlap128_optimistic\patch_1454.npz,2560,4352,0.1258697509765625,medium
f:\MAPATHON\sylhet_flood_2024\data\processed\patches_overlap128_optimistic\patch_1455.npz,2560,4480,0.0131072998046875,low
f:\MAPATHON\sylhet_flood_2024\data\processed\patches_overlap128_optimistic\patch_1456.npz,2560,4608,0.017547607421875,low
f:\MAPATHON\sylhet_flood_2024\data\processed\patches_overlap128_optimistic\patch_1457.npz,2560,4736,0.0456390380859375,low
f:\MAPATHON\sylhet_flood_2024\data\processed\patches_overlap128_optimistic\patch_1458.npz,2560,4864,0.1089935302734375,medium
f:\MAPATHON\sylhet_flood_2024\data\processed\patches_overlap128_optimistic\patch_1459.npz,2560,4992,0.0926971435546875,medium
f:\MAPATHON\sylhet_flood_2024\data\processed\patches_overlap128_optimistic\patch_1460.npz,2560,5120,0.0472564697265625,low
f:\MAPATHON\sylhet_flood_2024\data\processed\patches_overlap128_optimistic\patch_1461.npz,2560,5248,0.2127838134765625,high
f:\MAPATHON\sylhet_flood_2024\data\processed\patches_overlap128_optimistic\patch_1462.npz,2560,5376,0.39190673828125,high
f:\MAPATHON\sylhet_flood_2024\data\processed\patches_overlap128_optimistic\patch_1463.npz,2560,5504,0.3885498046875,high
f:\MAPATHON\sylhet_flood_2024\data\processed\patches_overlap128_optimistic\patch_1464.npz,2560,5632,0.4259185791015625,high
f:\MAPATHON\sylhet_flood_2024\data\processed\patches_overlap128_optimistic\patch_1465.npz,2560,5760,0.5480499267578125,high
f:\MAPATHON\sylhet_flood_2024\data\processed\patches_overlap128_optimistic\patch_1466.npz,2560,5888,0.6281585693359375,high
f:\MAPATHON\sylhet_flood_2024\data\processed\patches_overlap128_optimistic\patch_1467.npz,2560,6016,0.5252838134765625,high
f:\MAPATHON\sylhet_flood_2024\data\processed\patches_overlap128_optimistic\patch_1468.npz,2560,6144,0.3641815185546875,high
f:\MAPATHON\sylhet_flood_2024\data\processed\patches_overlap128_optimistic\patch_1469.npz,2560,6272,0.3163604736328125,high
f:\MAPATHON\sylhet_flood_2024\data\processed\patches_overlap128_optimistic\patch_1470.npz,2560,6400,0.3483123779296875,high
f:\MAPATHON\sylhet_flood_2024\data\processed\patches_overlap128_optimistic\patch_1471.npz,2560,6528,0.4844512939453125,high
f:\MAPATHON\sylhet_flood_2024\data\processed\patches_overlap128_optimistic\patch_1472.npz,2560,6656,0.6927947998046875,high
f:\MAPATHON\sylhet_flood_2024\data\processed\patches_overlap128_optimistic\patch_1473.npz,2560,6784,0.8316192626953125,high
f:\MAPATHON\sylhet_flood_2024\data\processed\patches_overlap128_optimistic\patch_1474.npz,2560,6912,0.6833038330078125,high
f:\MAPATHON\sylhet_flood_2024\data\processed\patches_overlap128_optimistic\patch_1475.npz,2560,7040,0.4666595458984375,high
f:\MAPATHON\sylhet_flood_2024\data\processed\patches_overlap128_optimistic\patch_1476.npz,2560,7168,0.432708740234375,high
f:\MAPATHON\sylhet_flood_2024\data\processed\patches_overlap128_optimistic\patch_1477.npz,2560,7296,0.4728851318359375,high
f:\MAPATHON\sylhet_flood_2024\data\processed\patches_overlap128_optimistic\patch_1478.npz,2560,7424,0.4996795654296875,high
f:\MAPATHON\sylhet_flood_2024\data\processed\patches_overlap128_optimistic\patch_1479.npz,2560,7552,0.365081787109375,high
f:\MAPATHON\sylhet_flood_2024\data\processed\patches_overlap128_optimistic\patch_1480.npz,2560,7680,0.2489166259765625,high
f:\MAPATHON\sylhet_flood_2024\data\processed\patches_overlap128_optimistic\patch_1481.npz,2560,7808,0.2344512939453125,high
f:\MAPATHON\sylhet_flood_2024\data\processed\patches_overlap128_optimistic\patch_1482.npz,2560,7936,0.2867889404296875,high
f:\MAPATHON\sylhet_flood_2024\data\processed\patches_overlap128_optimistic\patch_1483.npz,2560,8064,0.4381866455078125,high
f:\MAPATHON\sylhet_flood_2024\data\processed\patches_overlap128_optimistic\patch_1484.npz,2560,8192,0.38018798828125,high
f:\MAPATHON\sylhet_flood_2024\data\processed\patches_overlap128_optimistic\patch_1485.npz,2560,8320,0.239013671875,high
f:\MAPATHON\sylhet_flood_2024\data\processed\patches_overlap128_optimistic\patch_1486.npz,2560,8448,0.235198974609375,high
f:\MAPATHON\sylhet_flood_2024\data\processed\patches_overlap128_optimistic\patch_1487.npz,2560,8576,0.17425537109375,medium
f:\MAPATHON\sylhet_flood_2024\data\processed\patches_overlap128_optimistic\patch_1488.npz,2560,8704,0.055206298828125,medium
f:\MAPATHON\sylhet_flood_2024\data\processed\patches_overlap128_optimistic\patch_1489.npz,2560,8832,0.0093841552734375,very_low
f:\MAPATHON\sylhet_flood_2024\data\processed\patches_overlap128_optimistic\patch_1490.npz,2560,8892,0.0093841552734375,very_low
f:\MAPATHON\sylhet_flood_2024\data\processed\patches_overlap128_optimistic\patch_1491.npz,2688,0,0.203216552734375,high
f:\MAPATHON\sylhet_flood_2024\data\processed\patches_overlap128_optimistic\patch_1492.npz,2688,128,0.2674560546875,high
f:\MAPATHON\sylhet_flood_2024\data\processed\patches_overlap128_optimistic\patch_1493.npz,2688,256,0.2711334228515625,high
f:\MAPATHON\sylhet_flood_2024\data\processed\patches_overlap128_optimistic\patch_1494.npz,2688,384,0.27337646484375,high
f:\MAPATHON\sylhet_flood_2024\data\processed\patches_overlap128_optimistic\patch_1495.npz,2688,512,0.310760498046875,high
f:\MAPATHON\sylhet_flood_2024\data\processed\patches_overlap128_optimistic\patch_1496.npz,2688,640,0.352294921875,high
f:\MAPATHON\sylhet_flood_2024\data\processed\patches_overlap128_optimistic\patch_1497.npz,2688,768,0.3943328857421875,high
f:\MAPATHON\sylhet_flood_2024\data\processed\patches_overlap128_optimistic\patch_1498.npz,2688,896,0.3833770751953125,high
f:\MAPATHON\sylhet_flood_2024\data\processed\patches_overlap128_optimistic\patch_1499.npz,2688,1024,0.2825927734375,high
f:\MAPATHON\sylhet_flood_2024\data\processed\patches_overlap128_optimistic\patch_1500.npz,2688,1152,0.1114349365234375,medium
f:\MAPATHON\sylhet_flood_2024\data\processed\patches_overlap128_optimistic\patch_1501.npz,2688,1280,0.016204833984375,low
f:\MAPATHON\sylhet_flood_2024\data\processed\patches_overlap128_optimistic\patch_1502.npz,2688,1408,0.04718017578125,low
f:\MAPATHON\sylhet_flood_2024\data\processed\patches_overlap128_optimistic\patch_1503.npz,2688,1536,0.2269744873046875,high
f:\MAPATHON\sylhet_flood_2024\data\processed\patches_overlap128_optimistic\patch_1504.npz,2688,1664,0.435760498046875,high
f:\MAPATHON\sylhet_flood_2024\data\processed\patches_overlap128_optimistic\patch_1505.npz,2688,1792,0.5418243408203125,high
f:\MAPATHON\sylhet_flood_2024\data\processed\patches_overlap128_optimistic\patch_1506.npz,2688,1920,0.479400634765625,high
f:\MAPATHON\sylhet_flood_2024\data\processed\patches_overlap128_optimistic\patch_1507.npz,2688,2048,0.4000244140625,high
f:\MAPATHON\sylhet_flood_2024\data\processed\patches_overlap128_optimistic\patch_1508.npz,2688,2176,0.3319091796875,high
f:\MAPATHON\sylhet_flood_2024\data\processed\patches_overlap128_optimistic\patch_1509.npz,2688,2304,0.1582489013671875,medium
f:\MAPATHON\sylhet_flood_2024\data\processed\patches_overlap128_optimistic\patch_1510.npz,2688,2432,0.04302978515625,low
f:\MAPATHON\sylhet_flood_2024\data\processed\patches_overlap128_optimistic\patch_1511.npz,2688,2560,0.00115966796875,very_low
f:\MAPATHON\sylhet_flood_2024\data\processed\patches_overlap128_optimistic\patch_1512.npz,2688,2688,0.0,dry
f:\MAPATHON\sylhet_flood_2024\data\processed\patches_overlap128_optimistic\patch_1513.npz,2688,2816,0.0,dry
f:\MAPATHON\sylhet_flood_2024\data\processed\patches_overlap128_optimistic\patch_1514.npz,2688,2944,0.0,dry
f:\MAPATHON\sylhet_flood_2024\data\processed\patches_overlap128_optimistic\patch_1515.npz,2688,3072,0.0,dry
f:\MAPATHON\sylhet_flood_2024\data\processed\patches_overlap128_optimistic\patch_1516.npz,2688,3200,0.0,dry
f:\MAPATHON\sylhet_flood_2024\data\processed\patches_overlap128_optimistic\patch_1517.npz,2688,3328,0.0,dry
f:\MAPATHON\sylhet_flood_2024\data\processed\patches_overlap128_optimistic\patch_1518.npz,2688,3456,0.0,dry
f:\MAPATHON\sylhet_flood_2024\data\processed\patches_overlap128_optimistic\patch_1519.npz,2688,3584,1.52587890625e-05,very_low
f:\MAPATHON\sylhet_flood_2024\data\processed\patches_overlap128_optimistic\patch_1520.npz,2688,3712,0.0003509521484375,very_low
f:\MAPATHON\sylhet_flood_2024\data\processed\patches_overlap128_optimistic\patch_1521.npz,2688,3840,0.0543212890625,medium
f:\MAPATHON\sylhet_flood_2024\data\processed\patches_overlap128_optimistic\patch_1522.npz,2688,3968,0.1557159423828125,medium
f:\MAPATHON\sylhet_flood_2024\data\processed\patches_overlap128_optimistic\patch_1523.npz,2688,4096,0.221343994140625,high
f:\MAPATHON\sylhet_flood_2024\data\processed\patches_overlap128_optimistic\patch_1524.npz,2688,4224,0.1430816650390625,medium
f:\MAPATHON\sylhet_flood_2024\data\processed\patches_overlap128_optimistic\patch_1525.npz,2688,4352,0.02545166015625,low
f:\MAPATHON\sylhet_flood_2024\data\processed\patches_overlap128_optimistic\patch_1526.npz,2688,4480,0.0137481689453125,low
f:\MAPATHON\sylhet_flood_2024\data\processed\patches_overlap128_optimistic\patch_1527.npz,2688,4608,0.0325469970703125,low
f:\MAPATHON\sylhet_flood_2024\data\processed\patches_overlap128_optimistic\patch_1528.npz,2688,4736,0.115081787109375,medium
f:\MAPATHON\sylhet_flood_2024\data\processed\patches_overlap128_optimistic\patch_1529.npz,2688,4864,0.2144622802734375,high
f:\MAPATHON\sylhet_flood_2024\data\processed\patches_overlap128_optimistic\patch_1530.npz,2688,4992,0.1993408203125,medium
f:\MAPATHON\sylhet_flood_2024\data\processed\patches_overlap128_optimistic\patch_1531.npz,2688,5120,0.2096405029296875,high
f:\MAPATHON\sylhet_flood_2024\data\processed\patches_overlap128_optimistic\patch_1532.npz,2688,5248,0.363006591796875,high
f:\MAPATHON\sylhet_flood_2024\data\processed\patches_overlap128_optimistic\patch_1533.npz,2688,5376,0.503753662109375,high
f:\MAPATHON\sylhet_flood_2024\data\processed\patches_overlap128_optimistic\patch_1534.npz,2688,5504,0.4556427001953125,high
f:\MAPATHON\sylhet_flood_2024\data\processed\patches_overlap128_optimistic\patch_1535.npz,2688,5632,0.350494384765625,high
f:\MAPATHON\sylhet_flood_2024\data\processed\patches_overlap128_optimistic\patch_1536.npz,2688,5760,0.4104461669921875,high
f:\MAPATHON\sylhet_flood_2024\data\processed\patches_overlap128_optimistic\patch_1537.npz,2688,5888,0.4940185546875,high
f:\MAPATHON\sylhet_flood_2024\data\processed\patches_overlap128_optimistic\patch_1538.npz,2688,6016,0.5008697509765625,high
f:\MAPATHON\sylhet_flood_2024\data\processed\patches_overlap128_optimistic\patch_1539.npz,2688,6144,0.384490966796875,high
f:\MAPATHON\sylhet_flood_2024\data\processed\patches_overlap128_optimistic\patch_1540.npz,2688,6272,0.3028717041015625,high
f:\MAPATHON\sylhet_flood_2024\data\processed\patches_overlap128_optimistic\patch_1541.npz,2688,6400,0.3776092529296875,high
f:\MAPATHON\sylhet_flood_2024\data\processed\patches_overlap128_optimistic\patch_1542.npz,2688,6528,0.45880126953125,high
f:\MAPATHON\sylhet_flood_2024\data\processed\patches_overlap128_optimistic\patch_1543.npz,2688,6656,0.5406341552734375,high
f:\MAPATHON\sylhet_flood_2024\data\processed\patches_overlap128_optimistic\patch_1544.npz,2688,6784,0.6778106689453125,high
f:\MAPATHON\sylhet_flood_2024\data\processed\patches_overlap128_optimistic\patch_1545.npz,2688,6912,0.7057342529296875,high
f:\MAPATHON\sylhet_flood_2024\data\processed\patches_overlap128_optimistic\patch_1546.npz,2688,7040,0.5727386474609375,high
f:\MAPATHON\sylhet_flood_2024\data\processed\patches_overlap128_optimistic\patch_1547.npz,2688,7168,0.5218048095703125,high
f:\MAPATHON\sylhet_flood_2024\data\processed\patches_overlap128_optimistic\patch_1548.npz,2688,7296,0.485687255859375,high
f:\MAPATHON\sylhet_flood_2024\data\processed\patches_overlap128_optimistic\patch_1549.npz,2688,7424,0.51702880859375,high
f:\MAPATHON\sylhet_flood_2024\data\processed\patches_overlap128_optimistic\patch_1550.npz,2688,7552,0.448272705078125,high
f:\MAPATHON\sylhet_flood_2024\data\processed\patches_overlap128_optimistic\patch_1551.npz,2688,7680,0.301605224609375,high
f:\MAPATHON\sylhet_flood_2024\data\processed\patches_overlap128_optimistic\patch_1552.npz,2688,7808,0.2390899658203125,high
f:\MAPATHON\sylhet_flood_2024\data\processed\patches_overlap128_optimistic\patch_1553.npz,2688,7936,0.31536865234375,high
f:\MAPATHON\sylhet_flood_2024\data\processed\patches_overlap128_optimistic\patch_1554.npz,2688,8064,0.481658935546875,high
f:\MAPATHON\sylhet_flood_2024\data\processed\patches_overlap128_optimistic\patch_1555.npz,2688,8192,0.4440765380859375,high
f:\MAPATHON\sylhet_flood_2024\data\processed\patches_overlap128_optimistic\patch_1556.npz,2688,8320,0.31488037109375,high
f:\MAPATHON\sylhet_flood_2024\data\processed\patches_overlap128_optimistic\patch_1557.npz,2688,8448,0.16241455078125,medium
f:\MAPATHON\sylhet_flood_2024\data\processed\patches_overlap128_optimistic\patch_1558.npz,2688,8576,0.0591888427734375,medium
f:\MAPATHON\sylhet_flood_2024\data\processed\patches_overlap128_optimistic\patch_1559.npz,2688,8704,0.079833984375,medium
f:\MAPATHON\sylhet_flood_2024\data\processed\patches_overlap128_optimistic\patch_1560.npz,2688,8832,0.0683441162109375,medium
f:\MAPATHON\sylhet_flood_2024\data\processed\patches_overlap128_optimistic\patch_1561.npz,2688,8892,0.035125732421875,low
f:\MAPATHON\sylhet_flood_2024\data\processed\patches_overlap128_optimistic\patch_1562.npz,2816,0,0.2862701416015625,high
f:\MAPATHON\sylhet_flood_2024\data\processed\patches_overlap128_optimistic\patch_1563.npz,2816,128,0.3619842529296875,high
f:\MAPATHON\sylhet_flood_2024\data\processed\patches_overlap128_optimistic\patch_1564.npz,2816,256,0.3221282958984375,high
f:\MAPATHON\sylhet_flood_2024\data\processed\patches_overlap128_optimistic\patch_1565.npz,2816,384,0.2733306884765625,high
f:\MAPATHON\sylhet_flood_2024\data\processed\patches_overlap128_optimistic\patch_1566.npz,2816,512,0.3566436767578125,high
f:\MAPATHON\sylhet_flood_2024\data\processed\patches_overlap128_optimistic\patch_1567.npz,2816,640,0.402008056640625,high
f:\MAPATHON\sylhet_flood_2024\data\processed\patches_overlap128_optimistic\patch_1568.npz,2816,768,0.3556671142578125,high
f:\MAPATHON\sylhet_flood_2024\data\processed\patches_overlap128_optimistic\patch_1569.npz,2816,896,0.3511962890625,high
f:\MAPATHON\sylhet_flood_2024\data\processed\patches_overlap128_optimistic\patch_1570.npz,2816,1024,0.329803466796875,high
f:\MAPATHON\sylhet_flood_2024\data\processed\patches_overlap128_optimistic\patch_1571.npz,2816,1152,0.1878509521484375,medium
f:\MAPATHON\sylhet_flood_2024\data\processed\patches_overlap128_optimistic\patch_1572.npz,2816,1280,0.0860595703125,medium
f:\MAPATHON\sylhet_flood_2024\data\processed\patches_overlap128_optimistic\patch_1573.npz,2816,1408,0.154449462890625,medium
f:\MAPATHON\sylhet_flood_2024\data\processed\patches_overlap128_optimistic\patch_1574.npz,2816,1536,0.277557373046875,high
f:\MAPATHON\sylhet_flood_2024\data\processed\patches_overlap128_optimistic\patch_1575.npz,2816,1664,0.4847259521484375,high
f:\MAPATHON\sylhet_flood_2024\data\processed\patches_overlap128_optimistic\patch_1576.npz,2816,1792,0.676116943359375,high
f:\MAPATHON\sylhet_flood_2024\data\processed\patches_overlap128_optimistic\patch_1577.npz,2816,1920,0.5618133544921875,high
f:\MAPATHON\sylhet_flood_2024\data\processed\patches_overlap128_optimistic\patch_1578.npz,2816,2048,0.380279541015625,high
f:\MAPATHON\sylhet_flood_2024\data\processed\patches_overlap128_optimistic\patch_1579.npz,2816,2176,0.2568817138671875,high
f:\MAPATHON\sylhet_flood_2024\data\processed\patches_overlap128_optimistic\patch_1580.npz,2816,2304,0.0855255126953125,medium
f:\MAPATHON\sylhet_flood_2024\data\processed\patches_overlap128_optimistic\patch_1581.npz,2816,2432,0.000152587890625,very_low
f:\MAPATHON\sylhet_flood_2024\data\processed\patches_overlap128_optimistic\patch_1582.npz,2816,2560,0.0,dry
f:\MAPATHON\sylhet_flood_2024\data\processed\patches_overlap128_optimistic\patch_1583.npz,2816,2688,0.0,dry
f:\MAPATHON\sylhet_flood_2024\data\processed\patches_overlap128_optimistic\patch_1584.npz,2816,2816,0.0,dry
f:\MAPATHON\sylhet_flood_2024\data\processed\patches_overlap128_optimistic\patch_1585.npz,2816,2944,0.0,dry
f:\MAPATHON\sylhet_flood_2024\data\processed\patches_overlap128_optimistic\patch_1586.npz,2816,3072,0.0,dry
f:\MAPATHON\sylhet_flood_2024\data\processed\patches_overlap128_optimistic\patch_1587.npz,2816,3200,0.0,dry
f:\MAPATHON\sylhet_flood_2024\data\processed\patches_overlap128_optimistic\patch_1588.npz,2816,3328,0.0,dry
f:\MAPATHON\sylhet_flood_2024\data\processed\patches_overlap128_optimistic\patch_1589.npz,2816,3456,0.0,dry
f:\MAPATHON\sylhet_flood_2024\data\processed\patches_overlap128_optimistic\patch_1590.npz,2816,3584,0.020477294921875,low
f:\MAPATHON\sylhet_flood_2024\data\processed\patches_overlap128_optimistic\patch_1591.npz,2816,3712,0.0982513427734375,medium
f:\MAPATHON\sylhet_flood_2024\data\processed\patches_overlap128_optimistic\patch_1592.npz,2816,3840,0.164947509765625,medium
f:\MAPATHON\sylhet_flood_2024\data\processed\patches_overlap128_optimistic\patch_1593.npz,2816,3968,0.1759796142578125,medium
f:\MAPATHON\sylhet_flood_2024\data\processed\patches_overlap128_optimistic\patch_1594.npz,2816,4096,0.1393280029296875,medium
f:\MAPATHON\sylhet_flood_2024\data\processed\patches_overlap128_optimistic\patch_1595.npz,2816,4224,0.0718841552734375,medium
f:\MAPATHON\sylhet_flood_2024\data\processed\patches_overlap128_optimistic\patch_1596.npz,2816,4352,0.0284271240234375,low
f:\MAPATHON\sylhet_flood_2024\data\processed\patches_overlap128_optimistic\patch_1597.npz,2816,4480,0.0522308349609375,medium
f:\MAPATHON\sylhet_flood_2024\data\processed\patches_overlap128_optimistic\patch_1598.npz,2816,4608,0.0775604248046875,medium
f:\MAPATHON\sylhet_flood_2024\data\processed\patches_overlap128_optimistic\patch_1599.npz,2816,4736,0.139190673828125,medium
f:\MAPATHON\sylhet_flood_2024\data\processed\patches_overlap128_optimistic\patch_1600.npz,2816,4864,0.3548431396484375,high
f:\MAPATHON\sylhet_flood_2024\data\processed\patches_overlap128_optimistic\patch_1601.npz,2816,4992,0.446746826171875,high
f:\MAPATHON\sylhet_flood_2024\data\processed\patches_overlap128_optimistic\patch_1602.npz,2816,5120,0.438995361328125,high
f:\MAPATHON\sylhet_flood_2024\data\processed\patches_overlap128_optimistic\patch_1603.npz,2816,5248,0.535552978515625,high
f:\MAPATHON\sylhet_flood_2024\data\processed\patches_overlap128_optimistic\patch_1604.npz,2816,5376,0.508941650390625,high
f:\MAPATHON\sylhet_flood_2024\data\processed\patches_overlap128_optimistic\patch_1605.npz,2816,5504,0.4581756591796875,high
f:\MAPATHON\sylhet_flood_2024\data\processed\patches_overlap128_optimistic\patch_1606.npz,2816,5632,0.44903564453125,high
f:\MAPATHON\sylhet_flood_2024\data\processed\patches_overlap128_optimistic\patch_1607.npz,2816,5760,0.3758392333984375,high
f:\MAPATHON\sylhet_flood_2024\data\processed\patches_overlap128_optimistic\patch_1608.npz,2816,5888,0.345367431640625,high
f:\MAPATHON\sylhet_flood_2024\data\processed\patches_overlap128_optimistic\patch_1609.npz,2816,6016,0.4606475830078125,high
f:\MAPATHON\sylhet_flood_2024\data\processed\patches_overlap128_optimistic\patch_1610.npz,2816,6144,0.4702606201171875,high
f:\MAPATHON\sylhet_flood_2024\data\processed\patches_overlap128_optimistic\patch_1611.npz,2816,6272,0.3350677490234375,high
f:\MAPATHON\sylhet_flood_2024\data\processed\patches_overlap128_optimistic\patch_1612.npz,2816,6400,0.416015625,high
f:\MAPATHON\sylhet_flood_2024\data\processed\patches_overlap128_optimistic\patch_1613.npz,2816,6528,0.6193695068359375,high
f:\MAPATHON\sylhet_flood_2024\data\processed\patches_overlap128_optimistic\patch_1614.npz,2816,6656,0.60699462890625,high
f:\MAPATHON\sylhet_flood_2024\data\processed\patches_overlap128_optimistic\patch_1615.npz,2816,6784,0.608184814453125,high
f:\MAPATHON\sylhet_flood_2024\data\processed\patches_overlap128_optimistic\patch_1616.npz,2816,6912,0.74017333984375,high
f:\MAPATHON\sylhet_flood_2024\data\processed\patches_overlap128_optimistic\patch_1617.npz,2816,7040,0.6145782470703125,high
f:\MAPATHON\sylhet_flood_2024\data\processed\patches_overlap128_optimistic\patch_1618.npz,2816,7168,0.459716796875,high
f:\MAPATHON\sylhet_flood_2024\data\processed\patches_overlap128_optimistic\patch_1619.npz,2816,7296,0.488739013671875,high
f:\MAPATHON\sylhet_flood_2024\data\processed\patches_overlap128_optimistic\patch_1620.npz,2816,7424,0.5225830078125,high
f:\MAPATHON\sylhet_flood_2024\data\processed\patches_overlap128_optimistic\patch_1621.npz,2816,7552,0.4119873046875,high
f:\MAPATHON\sylhet_flood_2024\data\processed\patches_overlap128_optimistic\patch_1622.npz,2816,7680,0.312835693359375,high
f:\MAPATHON\sylhet_flood_2024\data\processed\patches_overlap128_optimistic\patch_1623.npz,2816,7808,0.2714691162109375,high
f:\MAPATHON\sylhet_flood_2024\data\processed\patches_overlap128_optimistic\patch_1624.npz,2816,7936,0.312744140625,high
f:\MAPATHON\sylhet_flood_2024\data\processed\patches_overlap128_optimistic\patch_1625.npz,2816,8064,0.3629302978515625,high
f:\MAPATHON\sylhet_flood_2024\data\processed\patches_overlap128_optimistic\patch_1626.npz,2816,8192,0.3201751708984375,high
f:\MAPATHON\sylhet_flood_2024\data\processed\patches_overlap128_optimistic\patch_1627.npz,2816,8320,0.27191162109375,high
f:\MAPATHON\sylhet_flood_2024\data\processed\patches_overlap128_optimistic\patch_1628.npz,2816,8448,0.1604461669921875,medium
f:\MAPATHON\sylhet_flood_2024\data\processed\patches_overlap128_optimistic\patch_1629.npz,2816,8576,0.2575836181640625,high
f:\MAPATHON\sylhet_flood_2024\data\processed\patches_overlap128_optimistic\patch_1630.npz,2816,8704,0.3402862548828125,high
f:\MAPATHON\sylhet_flood_2024\data\processed\patches_overlap128_optimistic\patch_1631.npz,2816,8832,0.1353607177734375,medium
f:\MAPATHON\sylhet_flood_2024\data\processed\patches_overlap128_optimistic\patch_1632.npz,2816,8892,0.0342559814453125,low
f:\MAPATHON\sylhet_flood_2024\data\processed\patches_overlap128_optimistic\patch_1633.npz,2944,0,0.267120361328125,high
f:\MAPATHON\sylhet_flood_2024\data\processed\patches_overlap128_optimistic\patch_1634.npz,2944,128,0.3723907470703125,high
f:\MAPATHON\sylhet_flood_2024\data\processed\patches_overlap128_optimistic\patch_1635.npz,2944,256,0.3567047119140625,high
f:\MAPATHON\sylhet_flood_2024\data\processed\patches_overlap128_optimistic\patch_1636.npz,2944,384,0.342193603515625,high
f:\MAPATHON\sylhet_flood_2024\data\processed\patches_overlap128_optimistic\patch_1637.npz,2944,512,0.4429473876953125,high
f:\MAPATHON\sylhet_flood_2024\data\processed\patches_overlap128_optimistic\patch_1638.npz,2944,640,0.4366302490234375,high
f:\MAPATHON\sylhet_flood_2024\data\processed\patches_overlap128_optimistic\patch_1639.npz,2944,768,0.35772705078125,high
f:\MAPATHON\sylhet_flood_2024\data\processed\patches_overlap128_optimistic\patch_1640.npz,2944,896,0.4329833984375,high
f:\MAPATHON\sylhet_flood_2024\data\processed\patches_overlap128_optimistic\patch_1641.npz,2944,1024,0.460968017578125,high
f:\MAPATHON\sylhet_flood_2024\data\processed\patches_overlap128_optimistic\patch_1642.npz,2944,1152,0.3087921142578125,high
f:\MAPATHON\sylhet_flood_2024\data\processed\patches_overlap128_optimistic\patch_1643.npz,2944,1280,0.186676025390625,medium
f:\MAPATHON\sylhet_flood_2024\data\processed\patches_overlap128_optimistic\patch_1644.npz,2944,1408,0.2498016357421875,high
f:\MAPATHON\sylhet_flood_2024\data\processed\patches_overlap128_optimistic\patch_1645.npz,2944,1536,0.3095855712890625,high
f:\MAPATHON\sylhet_flood_2024\data\processed\patches_overlap128_optimistic\patch_1646.npz,2944,1664,0.3995208740234375,high
f:\MAPATHON\sylhet_flood_2024\data\processed\patches_overlap128_optimistic\patch_1647.npz,2944,1792,0.549652099609375,high
f:\MAPATHON\sylhet_flood_2024\data\processed\patches_overlap128_optimistic\patch_1648.npz,2944,1920,0.437896728515625,high
f:\MAPATHON\sylhet_flood_2024\data\processed\patches_overlap128_optimistic\patch_1649.npz,2944,2048,0.2017974853515625,high
f:\MAPATHON\sylhet_flood_2024\data\processed\patches_overlap128_optimistic\patch_1650.npz,2944,2176,0.079986572265625,medium
f:\MAPATHON\sylhet_flood_2024\data\processed\patches_overlap128_optimistic\patch_1651.npz,2944,2304,0.0294952392578125,low
f:\MAPATHON\sylhet_flood_2024\data\processed\patches_overlap128_optimistic\patch_1652.npz,2944,2432,0.0003814697265625,very_low
f:\MAPATHON\sylhet_flood_2024\data\processed\patches_overlap128_optimistic\patch_1653.npz,2944,2560,0.0,dry
f:\MAPATHON\sylhet_flood_2024\data\processed\patches_overlap128_optimistic\patch_1654.npz,2944,2688,0.0,dry
f:\MAPATHON\sylhet_flood_2024\data\processed\patches_overlap128_optimistic\patch_1655.npz,2944,2816,0.0,dry
f:\MAPATHON\sylhet_flood_2024\data\processed\patches_overlap128_optimistic\patch_1656.npz,2944,2944,0.0,dry
f:\MAPATHON\sylhet_flood_2024\data\processed\patches_overlap128_optimistic\patch_1657.npz,2944,3072,0.0,dry
f:\MAPATHON\sylhet_flood_2024\data\processed\patches_overlap128_optimistic\patch_1658.npz,2944,3200,0.0,dry
f:\MAPATHON\sylhet_flood_2024\data\processed\patches_overlap128_optimistic\patch_1659.npz,2944,3328,0.0,dry
f:\MAPATHON\sylhet_flood_2024\data\processed\patches_overlap128_optimistic\patch_1660.npz,2944,3456,0.0135498046875,low
f:\MAPATHON\sylhet_flood_2024\data\processed\patches_overlap128_optimistic\patch_1661.npz,2944,3584,0.1303253173828125,medium
f:\MAPATHON\sylhet_flood_2024\data\processed\patches_overlap128_optimistic\patch_1662.npz,2944,3712,0.231719970703125,high
f:\MAPATHON\sylhet_flood_2024\data\processed\patches_overlap128_optimistic\patch_1663.npz,2944,3840,0.1823272705078125,medium
f:\MAPATHON\sylhet_flood_2024\data\processed\patches_overlap128_optimistic\patch_1664.npz,2944,3968,0.1101531982421875,medium
f:\MAPATHON\sylhet_flood_2024\data\processed\patches_overlap128_optimistic\patch_1665.npz,2944,4096,0.10546875,medium
f:\MAPATHON\sylhet_flood_2024\data\processed\patches_overlap128_optimistic\patch_1666.npz,2944,4224,0.0928955078125,medium
f:\MAPATHON\sylhet_flood_2024\data\processed\patches_overlap128_optimistic\patch_1667.npz,2944,4352,0.0477294921875,low
f:\MAPATHON\sylhet_flood_2024\data\processed\patches_overlap128_optimistic\patch_1668.npz,2944,4480,0.179931640625,medium
f:\MAPATHON\sylhet_flood_2024\data\processed\patches_overlap128_optimistic\patch_1669.npz,2944,4608,0.3057861328125,high
f:\MAPATHON\sylhet_flood_2024\data\processed\patches_overlap128_optimistic\patch_1670.npz,2944,4736,0.250030517578125,high
f:\MAPATHON\sylhet_flood_2024\data\processed\patches_overlap128_optimistic\patch_1671.npz,2944,4864,0.3946685791015625,high
f:\MAPATHON\sylhet_flood_2024\data\processed\patches_overlap128_optimistic\patch_1672.npz,2944,4992,0.6197662353515625,high
f:\MAPATHON\sylhet_flood_2024\data\processed\patches_overlap128_optimistic\patch_1673.npz,2944,5120,0.568603515625,high
f:\MAPATHON\sylhet_flood_2024\data\processed\patches_overlap128_optimistic\patch_1674.npz,2944,5248,0.488983154296875,high
f:\MAPATHON\sylhet_flood_2024\data\processed\patches_overlap128_optimistic\patch_1675.npz,2944,5376,0.3857574462890625,high
f:\MAPATHON\sylhet_flood_2024\data\processed\patches_overlap128_optimistic\patch_1676.npz,2944,5504,0.383575439453125,high
f:\MAPATHON\sylhet_flood_2024\data\processed\patches_overlap128_optimistic\patch_1677.npz,2944,5632,0.5299530029296875,high
f:\MAPATHON\sylhet_flood_2024\data\processed\patches_overlap128_optimistic\patch_1678.npz,2944,5760,0.5352325439453125,high
f:\MAPATHON\sylhet_flood_2024\data\processed\patches_overlap128_optimistic\patch_1679.npz,2944,5888,0.5482940673828125,high
f:\MAPATHON\sylhet_flood_2024\data\processed\patches_overlap128_optimistic\patch_1680.npz,2944,6016,0.59527587890625,high
f:\MAPATHON\sylhet_flood_2024\data\processed\patches_overlap128_optimistic\patch_1681.npz,2944,6144,0.62030029296875,high
f:\MAPATHON\sylhet_flood_2024\data\processed\patches_overlap128_optimistic\patch_1682.npz,2944,6272,0.5809173583984375,high
f:\MAPATHON\sylhet_flood_2024\data\processed\patches_overlap128_optimistic\patch_1683.npz,2944,6400,0.5705413818359375,high
f:\MAPATHON\sylhet_flood_2024\data\processed\patches_overlap128_optimistic\patch_1684.npz,2944,6528,0.6929931640625,high
f:\MAPATHON\sylhet_flood_2024\data\processed\patches_overlap128_optimistic\patch_1685.npz,2944,6656,0.699188232421875,high
f:\MAPATHON\sylhet_flood_2024\data\processed\patches_overlap128_optimistic\patch_1686.npz,2944,6784,0.5625152587890625,high
f:\MAPATHON\sylhet_flood_2024\data\processed\patches_overlap128_optimistic\patch_1687.npz,2944,6912,0.4649810791015625,high
f:\MAPATHON\sylhet_flood_2024\data\processed\patches_overlap128_optimistic\patch_1688.npz,2944,7040,0.3894500732421875,high
f:\MAPATHON\sylhet_flood_2024\data\processed\patches_overlap128_optimistic\patch_1689.npz,2944,7168,0.4095001220703125,high
f:\MAPATHON\sylhet_flood_2024\data\processed\patches_overlap128_optimistic\patch_1690.npz,2944,7296,0.4965972900390625,high
f:\MAPATHON\sylhet_flood_2024\data\processed\patches_overlap128_optimistic\patch_1691.npz,2944,7424,0.4691009521484375,high
f:\MAPATHON\sylhet_flood_2024\data\processed\patches_overlap128_optimistic\patch_1692.npz,2944,7552,0.39044189453125,high
f:\MAPATHON\sylhet_flood_2024\data\processed\patches_overlap128_optimistic\patch_1693.npz,2944,7680,0.3628997802734375,high
f:\MAPATHON\sylhet_flood_2024\data\processed\patches_overlap128_optimistic\patch_1694.npz,2944,7808,0.3197784423828125,high
f:\MAPATHON\sylhet_flood_2024\data\processed\patches_overlap128_optimistic\patch_1695.npz,2944,7936,0.315460205078125,high
f:\MAPATHON\sylhet_flood_2024\data\processed\patches_overlap128_optimistic\patch_1696.npz,2944,8064,0.318206787109375,high
f:\MAPATHON\sylhet_flood_2024\data\processed\patches_overlap128_optimistic\patch_1697.npz,2944,8192,0.2902984619140625,high
f:\MAPATHON\sylhet_flood_2024\data\processed\patches_overlap128_optimistic\patch_1698.npz,2944,8320,0.294708251953125,high
f:\MAPATHON\sylhet_flood_2024\data\processed\patches_overlap128_optimistic\patch_1699.npz,2944,8448,0.34197998046875,high
f:\MAPATHON\sylhet_flood_2024\data\processed\patches_overlap128_optimistic\patch_1700.npz,2944,8576,0.5135040283203125,high
f:\MAPATHON\sylhet_flood_2024\data\processed\patches_overlap128_optimistic\patch_1701.npz,2944,8704,0.48052978515625,high
f:\MAPATHON\sylhet_flood_2024\data\processed\patches_overlap128_optimistic\patch_1702.npz,2944,8832,0.1770782470703125,medium
f:\MAPATHON\sylhet_flood_2024\data\processed\patches_overlap128_optimistic\patch_1703.npz,2944,8892,0.0379486083984375,low
f:\MAPATHON\sylhet_flood_2024\data\processed\patches_overlap128_optimistic\patch_1704.npz,3072,0,0.1490020751953125,medium
f:\MAPATHON\sylhet_flood_2024\data\processed\patches_overlap128_optimistic\patch_1705.npz,3072,128,0.25860595703125,high
f:\MAPATHON\sylhet_flood_2024\data\processed\patches_overlap128_optimistic\patch_1706.npz,3072,256,0.4176177978515625,high
f:\MAPATHON\sylhet_flood_2024\data\processed\patches_overlap128_optimistic\patch_1707.npz,3072,384,0.5609283447265625,high
f:\MAPATHON\sylhet_flood_2024\data\processed\patches_overlap128_optimistic\patch_1708.npz,3072,512,0.5666351318359375,high
f:\MAPATHON\sylhet_flood_2024\data\processed\patches_overlap128_optimistic\patch_1709.npz,3072,640,0.452301025390625,high
f:\MAPATHON\sylhet_flood_2024\data\processed\patches_overlap128_optimistic\patch_1710.npz,3072,768,0.362274169921875,high
f:\MAPATHON\sylhet_flood_2024\data\processed\patches_overlap128_optimistic\patch_1711.npz,3072,896,0.435699462890625,high
f:\MAPATHON\sylhet_flood_2024\data\processed\patches_overlap128_optimistic\patch_1712.npz,3072,1024,0.51715087890625,high
f:\MAPATHON\sylhet_flood_2024\data\processed\patches_overlap128_optimistic\patch_1713.npz,3072,1152,0.4462127685546875,high
f:\MAPATHON\sylhet_flood_2024\data\processed\patches_overlap128_optimistic\patch_1714.npz,3072,1280,0.338104248046875,high
f:\MAPATHON\sylhet_flood_2024\data\processed\patches_overlap128_optimistic\patch_1715.npz,3072,1408,0.35919189453125,high
f:\MAPATHON\sylhet_flood_2024\data\processed\patches_overlap128_optimistic\patch_1716.npz,3072,1536,0.4212799072265625,high
f:\MAPATHON\sylhet_flood_2024\data\processed\patches_overlap128_optimistic\patch_1717.npz,3072,1664,0.4140777587890625,high
f:\MAPATHON\sylhet_flood_2024\data\processed\patches_overlap128_optimistic\patch_1718.npz,3072,1792,0.4194183349609375,high
f:\MAPATHON\sylhet_flood_2024\data\processed\patches_overlap128_optimistic\patch_1719.npz,3072,1920,0.393707275390625,high
f:\MAPATHON\sylhet_flood_2024\data\processed\patches_overlap128_optimistic\patch_1720.npz,3072,2048,0.2127227783203125,high
f:\MAPATHON\sylhet_flood_2024\data\processed\patches_overlap128_optimistic\patch_1721.npz,3072,2176,0.055938720703125,medium
f:\MAPATHON\sylhet_flood_2024\data\processed\patches_overlap128_optimistic\patch_1722.npz,3072,2304,0.02508544921875,low
f:\MAPATHON\sylhet_flood_2024\data\processed\patches_overlap128_optimistic\patch_1723.npz,3072,2432,0.0021514892578125,very_low
f:\MAPATHON\sylhet_flood_2024\data\processed\patches_overlap128_optimistic\patch_1724.npz,3072,2560,0.0,dry
f:\MAPATHON\sylhet_flood_2024\data\processed\patches_overlap128_optimistic\patch_1725.npz,3072,2688,0.0,dry
f:\MAPATHON\sylhet_flood_2024\data\processed\patches_overlap128_optimistic\patch_1726.npz,3072,2816,0.0,dry
f:\MAPATHON\sylhet_flood_2024\data\processed\patches_overlap128_optimistic\patch_1727.npz,3072,2944,0.0,dry
f:\MAPATHON\sylhet_flood_2024\data\processed\patches_overlap128_optimistic\patch_1728.npz,3072,3072,0.0129547119140625,low
f:\MAPATHON\sylhet_flood_2024\data\processed\patches_overlap128_optimistic\patch_1729.npz,3072,3200,0.07550048828125,medium
f:\MAPATHON\sylhet_flood_2024\data\processed\patches_overlap128_optimistic\patch_1730.npz,3072,3328,0.136322021484375,medium
f:\MAPATHON\sylhet_flood_2024\data\processed\patches_overlap128_optimistic\patch_1731.npz,3072,3456,0.2186126708984375,high
f:\MAPATHON\sylhet_flood_2024\data\processed\patches_overlap128_optimistic\patch_1732.npz,3072,3584,0.3372039794921875,high
f:\MAPATHON\sylhet_flood_2024\data\processed\patches_overlap128_optimistic\patch_1733.npz,3072,3712,0.2728424072265625,high
f:\MAPATHON\sylhet_flood_2024\data\processed\patches_overlap128_optimistic\patch_1734.npz,3072,3840,0.137359619140625,medium
f:\MAPATHON\sylhet_flood_2024\data\processed\patches_overlap128_optimistic\patch_1735.npz,3072,3968,0.1108856201171875,medium
f:\MAPATHON\sylhet_flood_2024\data\processed\patches_overlap128_optimistic\patch_1736.npz,3072,4096,0.1741485595703125,medium
f:\MAPATHON\sylhet_flood_2024\data\processed\patches_overlap128_optimistic\patch_1737.npz,3072,4224,0.2404022216796875,high
f:\MAPATHON\sylhet_flood_2024\data\processed\patches_overlap128_optimistic\patch_1738.npz,3072,4352,0.1684112548828125,medium
f:\MAPATHON\sylhet_flood_2024\data\processed\patches_overlap128_optimistic\patch_1739.npz,3072,4480,0.1992950439453125,medium
f:\MAPATHON\sylhet_flood_2024\data\processed\patches_overlap128_optimistic\patch_1740.npz,3072,4608,0.3477935791015625,high
f:\MAPATHON\sylhet_flood_2024\data\processed\patches_overlap128_optimistic\patch_1741.npz,3072,4736,0.3244476318359375,high
f:\MAPATHON\sylhet_flood_2024\data\processed\patches_overlap128_optimistic\patch_1742.npz,3072,4864,0.3636932373046875,high
f:\MAPATHON\sylhet_flood_2024\data\processed\patches_overlap128_optimistic\patch_1743.npz,3072,4992,0.52008056640625,high
f:\MAPATHON\sylhet_flood_2024\data\processed\patches_overlap128_optimistic\patch_1744.npz,3072,5120,0.510498046875,high
f:\MAPATHON\sylhet_flood_2024\data\processed\patches_overlap128_optimistic\patch_1745.npz,3072,5248,0.372039794921875,high
f:\MAPATHON\sylhet_flood_2024\data\processed\patches_overlap128_optimistic\patch_1746.npz,3072,5376,0.2378692626953125,high
f:\MAPATHON\sylhet_flood_2024\data\processed\patches_overlap128_optimistic\patch_1747.npz,3072,5504,0.313446044921875,high
f:\MAPATHON\sylhet_flood_2024\data\processed\patches_overlap128_optimistic\patch_1748.npz,3072,5632,0.50872802734375,high
f:\MAPATHON\sylhet_flood_2024\data\processed\patches_overlap128_optimistic\patch_1749.npz,3072,5760,0.6306610107421875,high
f:\MAPATHON\sylhet_flood_2024\data\processed\patches_overlap128_optimistic\patch_1750.npz,3072,5888,0.7156219482421875,high
f:\MAPATHON\sylhet_flood_2024\data\processed\patches_overlap128_optimistic\patch_1751.npz,3072,6016,0.6547088623046875,high
f:\MAPATHON\sylhet_flood_2024\data\processed\patches_overlap128_optimistic\patch_1752.npz,3072,6144,0.504638671875,high
f:\MAPATHON\sylhet_flood_2024\data\processed\patches_overlap128_optimistic\patch_1753.npz,3072,6272,0.467498779296875,high
f:\MAPATHON\sylhet_flood_2024\data\processed\patches_overlap128_optimistic\patch_1754.npz,3072,6400,0.418670654296875,high
f:\MAPATHON\sylhet_flood_2024\data\processed\patches_overlap128_optimistic\patch_1755.npz,3072,6528,0.3397064208984375,high
f:\MAPATHON\sylhet_flood_2024\data\processed\patches_overlap128_optimistic\patch_1756.npz,3072,6656,0.378082275390625,high
f:\MAPATHON\sylhet_flood_2024\data\processed\patches_overlap128_optimistic\patch_1757.npz,3072,6784,0.285064697265625,high
f:\MAPATHON\sylhet_flood_2024\data\processed\patches_overlap128_optimistic\patch_1758.npz,3072,6912,0.078338623046875,medium
f:\MAPATHON\sylhet_flood_2024\data\processed\patches_overlap128_optimistic\patch_1759.npz,3072,7040,0.11572265625,medium
f:\MAPATHON\sylhet_flood_2024\data\processed\patches_overlap128_optimistic\patch_1760.npz,3072,7168,0.3658447265625,high
f:\MAPATHON\sylhet_flood_2024\data\processed\patches_overlap128_optimistic\patch_1761.npz,3072,7296,0.50592041015625,high
f:\MAPATHON\sylhet_flood_2024\data\processed\patches_overlap128_optimistic\patch_1762.npz,3072,7424,0.5171051025390625,high
f:\MAPATHON\sylhet_flood_2024\data\processed\patches_overlap128_optimistic\patch_1763.npz,3072,7552,0.5419464111328125,high
f:\MAPATHON\sylhet_flood_2024\data\processed\patches_overlap128_optimistic\patch_1764.npz,3072,7680,0.466217041015625,high
f:\MAPATHON\sylhet_flood_2024\data\processed\patches_overlap128_optimistic\patch_1765.npz,3072,7808,0.3445587158203125,high
f:\MAPATHON\sylhet_flood_2024\data\processed\patches_overlap128_optimistic\patch_1766.npz,3072,7936,0.3692474365234375,high
f:\MAPATHON\sylhet_flood_2024\data\processed\patches_overlap128_optimistic\patch_1767.npz,3072,8064,0.44024658203125,high
f:\MAPATHON\sylhet_flood_2024\data\processed\patches_overlap128_optimistic\patch_1768.npz,3072,8192,0.444305419921875,high
f:\MAPATHON\sylhet_flood_2024\data\processed\patches_overlap128_optimistic\patch_1769.npz,3072,8320,0.4393157958984375,high
f:\MAPATHON\sylhet_flood_2024\data\processed\patches_overlap128_optimistic\patch_1770.npz,3072,8448,0.53558349609375,high
f:\MAPATHON\sylhet_flood_2024\data\processed\patches_overlap128_optimistic\patch_1771.npz,3072,8576,0.562835693359375,high
f:\MAPATHON\sylhet_flood_2024\data\processed\patches_overlap128_optimistic\patch_1772.npz,3072,8704,0.45904541015625,high
f:\MAPATHON\sylhet_flood_2024\data\processed\patches_overlap128_optimistic\patch_1773.npz,3072,8832,0.237274169921875,high
f:\MAPATHON\sylhet_flood_2024\data\processed\patches_overlap128_optimistic\patch_1774.npz,3072,8892,0.10443115234375,medium
f:\MAPATHON\sylhet_flood_2024\data\processed\patches_overlap128_optimistic\patch_1775.npz,3200,0,0.2575531005859375,high
f:\MAPATHON\sylhet_flood_2024\data\processed\patches_overlap128_optimistic\patch_1776.npz,3200,128,0.2978057861328125,high
f:\MAPATHON\sylhet_flood_2024\data\processed\patches_overlap128_optimistic\patch_1777.npz,3200,256,0.414886474609375,high
f:\MAPATHON\sylhet_flood_2024\data\processed\patches_overlap128_optimistic\patch_1778.npz,3200,384,0.553985595703125,high
f:\MAPATHON\sylhet_flood_2024\data\processed\patches_overlap128_optimistic\patch_1779.npz,3200,512,0.5358123779296875,high
f:\MAPATHON\sylhet_flood_2024\data\processed\patches_overlap128_optimistic\patch_1780.npz,3200,640,0.376983642578125,high
f:\MAPATHON\sylhet_flood_2024\data\processed\patches_overlap128_optimistic\patch_1781.npz,3200,768,0.2613677978515625,high
f:\MAPATHON\sylhet_flood_2024\data\processed\patches_overlap128_optimistic\patch_1782.npz,3200,896,0.2640228271484375,high
f:\MAPATHON\sylhet_flood_2024\data\processed\patches_overlap128_optimistic\patch_1783.npz,3200,1024,0.35369873046875,high
f:\MAPATHON\sylhet_flood_2024\data\processed\patches_overlap128_optimistic\patch_1784.npz,3200,1152,0.459320068359375,high
f:\MAPATHON\sylhet_flood_2024\data\processed\patches_overlap128_optimistic\patch_1785.npz,3200,1280,0.4571533203125,high
f:\MAPATHON\sylhet_flood_2024\data\processed\patches_overlap128_optimistic\patch_1786.npz,3200,1408,0.5192413330078125,high
f:\MAPATHON\sylhet_flood_2024\data\processed\patches_overlap128_optimistic\patch_1787.npz,3200,1536,0.5914459228515625,high
f:\MAPATHON\sylhet_flood_2024\data\processed\patches_overlap128_optimistic\patch_1788.npz,3200,1664,0.514556884765625,high
f:\MAPATHON\sylhet_flood_2024\data\processed\patches_overlap128_optimistic\patch_1789.npz,3200,1792,0.4817962646484375,high
f:\MAPATHON\sylhet_flood_2024\data\processed\patches_overlap128_optimistic\patch_1790.npz,3200,1920,0.469207763671875,high
f:\MAPATHON\sylhet_flood_2024\data\processed\patches_overlap128_optimistic\patch_1791.npz,3200,2048,0.278289794921875,high
f:\MAPATHON\sylhet_flood_2024\data\processed\patches_overlap128_optimistic\patch_1792.npz,3200,2176,0.0923004150390625,medium
f:\MAPATHON\sylhet_flood_2024\data\processed\patches_overlap128_optimistic\patch_1793.npz,3200,2304,0.0353240966796875,low
f:\MAPATHON\sylhet_flood_2024\data\processed\patches_overlap128_optimistic\patch_1794.npz,3200,2432,0.002838134765625,very_low
f:\MAPATHON\sylhet_flood_2024\data\processed\patches_overlap128_optimistic\patch_1795.npz,3200,2560,0.0006561279296875,very_low
f:\MAPATHON\sylhet_flood_2024\data\processed\patches_overlap128_optimistic\patch_1796.npz,3200,2688,0.00067138671875,very_low
f:\MAPATHON\sylhet_flood_2024\data\processed\patches_overlap128_optimistic\patch_1797.npz,3200,2816,0.003143310546875,very_low
f:\MAPATHON\sylhet_flood_2024\data\processed\patches_overlap128_optimistic\patch_1798.npz,3200,2944,0.0352325439453125,low
f:\MAPATHON\sylhet_flood_2024\data\processed\patches_overlap128_optimistic\patch_1799.npz,3200,3072,0.1638946533203125,medium
f:\MAPATHON\sylhet_flood_2024\data\processed\patches_overlap128_optimistic\patch_1800.npz,3200,3200,0.3446197509765625,high
f:\MAPATHON\sylhet_flood_2024\data\processed\patches_overlap128_optimistic\patch_1801.npz,3200,3328,0.3824615478515625,high
f:\MAPATHON\sylhet_flood_2024\data\processed\patches_overlap128_optimistic\patch_1802.npz,3200,3456,0.4286346435546875,high
f:\MAPATHON\sylhet_flood_2024\data\processed\patches_overlap128_optimistic\patch_1803.npz,3200,3584,0.484710693359375,high
f:\MAPATHON\sylhet_flood_2024\data\processed\patches_overlap128_optimistic\patch_1804.npz,3200,3712,0.3057861328125,high
f:\MAPATHON\sylhet_flood_2024\data\processed\patches_overlap128_optimistic\patch_1805.npz,3200,3840,0.1121978759765625,medium
f:\MAPATHON\sylhet_flood_2024\data\processed\patches_overlap128_optimistic\patch_1806.npz,3200,3968,0.09527587890625,medium
f:\MAPATHON\sylhet_flood_2024\data\processed\patches_overlap128_optimistic\patch_1807.npz,3200,4096,0.23095703125,high
f:\MAPATHON\sylhet_flood_2024\data\processed\patches_overlap128_optimistic\patch_1808.npz,3200,4224,0.409698486328125,high
f:\MAPATHON\sylhet_flood_2024\data\processed\patches_overlap128_optimistic\patch_1809.npz,3200,4352,0.3748321533203125,high
f:\MAPATHON\sylhet_flood_2024\data\processed\patches_overlap128_optimistic\patch_1810.npz,3200,4480,0.221832275390625,high
f:\MAPATHON\sylhet_flood_2024\data\processed\patches_overlap128_optimistic\patch_1811.npz,3200,4608,0.281951904296875,high
f:\MAPATHON\sylhet_flood_2024\data\processed\patches_overlap128_optimistic\patch_1812.npz,3200,4736,0.300506591796875,high
f:\MAPATHON\sylhet_flood_2024\data\processed\patches_overlap128_optimistic\patch_1813.npz,3200,4864,0.2647857666015625,high
f:\MAPATHON\sylhet_flood_2024\data\processed\patches_overlap128_optimistic\patch_1814.npz,3200,4992,0.3119659423828125,high
f:\MAPATHON\sylhet_flood_2024\data\processed\patches_overlap128_optimistic\patch_1815.npz,3200,5120,0.4300689697265625,high
f:\MAPATHON\sylhet_flood_2024\data\processed\patches_overlap128_optimistic\patch_1816.npz,3200,5248,0.44390869140625,high
f:\MAPATHON\sylhet_flood_2024\data\processed\patches_overlap128_optimistic\patch_1817.npz,3200,5376,0.3134765625,high
f:\MAPATHON\sylhet_flood_2024\data\processed\patches_overlap128_optimistic\patch_1818.npz,3200,5504,0.3560943603515625,high
f:\MAPATHON\sylhet_flood_2024\data\processed\patches_overlap128_optimistic\patch_1819.npz,3200,5632,0.5151519775390625,high
f:\MAPATHON\sylhet_flood_2024\data\processed\patches_overlap128_optimistic\patch_1820.npz,3200,5760,0.5474395751953125,high
f:\MAPATHON\sylhet_flood_2024\data\processed\patches_overlap128_optimistic\patch_1821.npz,3200,5888,0.5231475830078125,high
f:\MAPATHON\sylhet_flood_2024\data\processed\patches_overlap128_optimistic\patch_1822.npz,3200,6016,0.4919281005859375,high
f:\MAPATHON\sylhet_flood_2024\data\processed\patches_overlap128_optimistic\patch_1823.npz,3200,6144,0.3401947021484375,high
f:\MAPATHON\sylhet_flood_2024\data\processed\patches_overlap128_optimistic\patch_1824.npz,3200,6272,0.3048553466796875,high
f:\MAPATHON\sylhet_flood_2024\data\processed\patches_overlap128_optimistic\patch_1825.npz,3200,6400,0.1930694580078125,medium
f:\MAPATHON\sylhet_flood_2024\data\processed\patches_overlap128_optimistic\patch_1826.npz,3200,6528,0.0199127197265625,low
f:\MAPATHON\sylhet_flood_2024\data\processed\patches_overlap128_optimistic\patch_1827.npz,3200,6656,0.0339508056640625,low
f:\MAPATHON\sylhet_flood_2024\data\processed\patches_overlap128_optimistic\patch_1828.npz,3200,6784,0.036041259765625,low
f:\MAPATHON\sylhet_flood_2024\data\processed\patches_overlap128_optimistic\patch_1829.npz,3200,6912,0.005950927734375,very_low
f:\MAPATHON\sylhet_flood_2024\data\processed\patches_overlap128_optimistic\patch_1830.npz,3200,7040,0.0427703857421875,low
f:\MAPATHON\sylhet_flood_2024\data\processed\patches_overlap128_optimistic\patch_1831.npz,3200,7168,0.1782073974609375,medium
f:\MAPATHON\sylhet_flood_2024\data\processed\patches_overlap128_optimistic\patch_1832.npz,3200,7296,0.325469970703125,high
f:\MAPATHON\sylhet_flood_2024\data\processed\patches_overlap128_optimistic\patch_1833.npz,3200,7424,0.371734619140625,high
f:\MAPATHON\sylhet_flood_2024\data\processed\patches_overlap128_optimistic\patch_1834.npz,3200,7552,0.4325408935546875,high
f:\MAPATHON\sylhet_flood_2024\data\processed\patches_overlap128_optimistic\patch_1835.npz,3200,7680,0.4658660888671875,high
f:\MAPATHON\sylhet_flood_2024\data\processed\patches_overlap128_optimistic\patch_1836.npz,3200,7808,0.501861572265625,high
f:\MAPATHON\sylhet_flood_2024\data\processed\patches_overlap128_optimistic\patch_1837.npz,3200,7936,0.5772552490234375,high
f:\MAPATHON\sylhet_flood_2024\data\processed\patches_overlap128_optimistic\patch_1838.npz,3200,8064,0.6098480224609375,high
f:\MAPATHON\sylhet_flood_2024\data\processed\patches_overlap128_optimistic\patch_1839.npz,3200,8192,0.57513427734375,high
f:\MAPATHON\sylhet_flood_2024\data\processed\patches_overlap128_optimistic\patch_1840.npz,3200,8320,0.556610107421875,high
f:\MAPATHON\sylhet_flood_2024\data\processed\patches_overlap128_optimistic\patch_1841.npz,3200,8448,0.499847412109375,high
f:\MAPATHON\sylhet_flood_2024\data\processed\patches_overlap128_optimistic\patch_1842.npz,3200,8576,0.3790130615234375,high
f:\MAPATHON\sylhet_flood_2024\data\processed\patches_overlap128_optimistic\patch_1843.npz,3200,8704,0.469879150390625,high
f:\MAPATHON\sylhet_flood_2024\data\processed\patches_overlap128_optimistic\patch_1844.npz,3200,8832,0.3259735107421875,high
f:\MAPATHON\sylhet_flood_2024\data\processed\patches_overlap128_optimistic\patch_1845.npz,3200,8892,0.167236328125,medium
f:\MAPATHON\sylhet_flood_2024\data\processed\patches_overlap128_optimistic\patch_1846.npz,3328,0,0.4158172607421875,high
f:\MAPATHON\sylhet_flood_2024\data\processed\patches_overlap128_optimistic\patch_1847.npz,3328,128,0.39410400390625,high
f:\MAPATHON\sylhet_flood_2024\data\processed\patches_overlap128_optimistic\patch_1848.npz,3328,256,0.3236541748046875,high
f:\MAPATHON\sylhet_flood_2024\data\processed\patches_overlap128_optimistic\patch_1849.npz,3328,384,0.386627197265625,high
f:\MAPATHON\sylhet_flood_2024\data\processed\patches_overlap128_optimistic\patch_1850.npz,3328,512,0.3947601318359375,high
f:\MAPATHON\sylhet_flood_2024\data\processed\patches_overlap128_optimistic\patch_1851.npz,3328,640,0.2548065185546875,high
f:\MAPATHON\sylhet_flood_2024\data\processed\patches_overlap128_optimistic\patch_1852.npz,3328,768,0.1660308837890625,medium
f:\MAPATHON\sylhet_flood_2024\data\processed\patches_overlap128_optimistic\patch_1853.npz,3328,896,0.133148193359375,medium
f:\MAPATHON\sylhet_flood_2024\data\processed\patches_overlap128_optimistic\patch_1854.npz,3328,1024,0.1470184326171875,medium
f:\MAPATHON\sylhet_flood_2024\data\processed\patches_overlap128_optimistic\patch_1855.npz,3328,1152,0.2720947265625,high
f:\MAPATHON\sylhet_flood_2024\data\processed\patches_overlap128_optimistic\patch_1856.npz,3328,1280,0.4186553955078125,high
f:\MAPATHON\sylhet_flood_2024\data\processed\patches_overlap128_optimistic\patch_1857.npz,3328,1408,0.57757568359375,high
f:\MAPATHON\sylhet_flood_2024\data\processed\patches_overlap128_optimistic\patch_1858.npz,3328,1536,0.620086669921875,high
f:\MAPATHON\sylhet_flood_2024\data\processed\patches_overlap128_optimistic\patch_1859.npz,3328,1664,0.57122802734375,high
f:\MAPATHON\sylhet_flood_2024\data\processed\patches_overlap128_optimistic\patch_1860.npz,3328,1792,0.5349884033203125,high
f:\MAPATHON\sylhet_flood_2024\data\processed\patches_overlap128_optimistic\patch_1861.npz,3328,1920,0.4122161865234375,high
f:\MAPATHON\sylhet_flood_2024\data\processed\patches_overlap128_optimistic\patch_1862.npz,3328,2048,0.2689056396484375,high
f:\MAPATHON\sylhet_flood_2024\data\processed\patches_overlap128_optimistic\patch_1863.npz,3328,2176,0.16558837890625,medium
f:\MAPATHON\sylhet_flood_2024\data\processed\patches_overlap128_optimistic\patch_1864.npz,3328,2304,0.0989532470703125,medium
f:\MAPATHON\sylhet_flood_2024\data\processed\patches_overlap128_optimistic\patch_1865.npz,3328,2432,0.04718017578125,low
f:\MAPATHON\sylhet_flood_2024\data\processed\patches_overlap128_optimistic\patch_1866.npz,3328,2560,0.0037689208984375,very_low
f:\MAPATHON\sylhet_flood_2024\data\processed\patches_overlap128_optimistic\patch_1867.npz,3328,2688,0.000823974609375,very_low
f:\MAPATHON\sylhet_flood_2024\data\processed\patches_overlap128_optimistic\patch_1868.npz,3328,2816,0.0052490234375,very_low
f:\MAPATHON\sylhet_flood_2024\data\processed\patches_overlap128_optimistic\patch_1869.npz,3328,2944,0.117645263671875,medium
f:\MAPATHON\sylhet_flood_2024\data\processed\patches_overlap128_optimistic\patch_1870.npz,3328,3072,0.308807373046875,high
f:\MAPATHON\sylhet_flood_2024\data\processed\patches_overlap128_optimistic\patch_1871.npz,3328,3200,0.47723388671875,high
f:\MAPATHON\sylhet_flood_2024\data\processed\patches_overlap128_optimistic\patch_1872.npz,3328,3328,0.4292449951171875,high
f:\MAPATHON\sylhet_flood_2024\data\processed\patches_overlap128_optimistic\patch_1873.npz,3328,3456,0.409149169921875,high
f:\MAPATHON\sylhet_flood_2024\data\processed\patches_overlap128_optimistic\patch_1874.npz,3328,3584,0.5225067138671875,high
f:\MAPATHON\sylhet_flood_2024\data\processed\patches_overlap128_optimistic\patch_1875.npz,3328,3712,0.3911285400390625,high
f:\MAPATHON\sylhet_flood_2024\data\processed\patches_overlap128_optimistic\patch_1876.npz,3328,3840,0.174285888671875,medium
f:\MAPATHON\sylhet_flood_2024\data\processed\patches_overlap128_optimistic\patch_1877.npz,3328,3968,0.121978759765625,medium
f:\MAPATHON\sylhet_flood_2024\data\processed\patches_overlap128_optimistic\patch_1878.npz,3328,4096,0.298980712890625,high
f:\MAPATHON\sylhet_flood_2024\data\processed\patches_overlap128_optimistic\patch_1879.npz,3328,4224,0.42022705078125,high
f:\MAPATHON\sylhet_flood_2024\data\processed\patches_overlap128_optimistic\patch_1880.npz,3328,4352,0.3738555908203125,high
f:\MAPATHON\sylhet_flood_2024\data\processed\patches_overlap128_optimistic\patch_1881.npz,3328,4480,0.294189453125,high
f:\MAPATHON\sylhet_flood_2024\data\processed\patches_overlap128_optimistic\patch_1882.npz,3328,4608,0.3320770263671875,high
f:\MAPATHON\sylhet_flood_2024\data\processed\patches_overlap128_optimistic\patch_1883.npz,3328,4736,0.4403839111328125,high
f:\MAPATHON\sylhet_flood_2024\data\processed\patches_overlap128_optimistic\patch_1884.npz,3328,4864,0.4300384521484375,high
f:\MAPATHON\sylhet_flood_2024\data\processed\patches_overlap128_optimistic\patch_1885.npz,3328,4992,0.4111175537109375,high
f:\MAPATHON\sylhet_flood_2024\data\processed\patches_overlap128_optimistic\patch_1886.npz,3328,5120,0.5445556640625,high
f:\MAPATHON\sylhet_flood_2024\data\processed\patches_overlap128_optimistic\patch_1887.npz,3328,5248,0.6262054443359375,high
f:\MAPATHON\sylhet_flood_2024\data\processed\patches_overlap128_optimistic\patch_1888.npz,3328,5376,0.4734649658203125,high
f:\MAPATHON\sylhet_flood_2024\data\processed\patches_overlap128_optimistic\patch_1889.npz,3328,5504,0.43133544921875,high
f:\MAPATHON\sylhet_flood_2024\data\processed\patches_overlap128_optimistic\patch_1890.npz,3328,5632,0.574981689453125,high
f:\MAPATHON\sylhet_flood_2024\data\processed\patches_overlap128_optimistic\patch_1891.npz,3328,5760,0.5025482177734375,high
f:\MAPATHON\sylhet_flood_2024\data\processed\patches_overlap128_optimistic\patch_1892.npz,3328,5888,0.3180084228515625,high
f:\MAPATHON\sylhet_flood_2024\data\processed\patches_overlap128_optimistic\patch_1893.npz,3328,6016,0.26068115234375,high
f:\MAPATHON\sylhet_flood_2024\data\processed\patches_overlap128_optimistic\patch_1894.npz,3328,6144,0.352630615234375,high
f:\MAPATHON\sylhet_flood_2024\data\processed\patches_overlap128_optimistic\patch_1895.npz,3328,6272,0.492584228515625,high
f:\MAPATHON\sylhet_flood_2024\data\processed\patches_overlap128_optimistic\patch_1896.npz,3328,6400,0.3253631591796875,high
f:\MAPATHON\sylhet_flood_2024\data\processed\patches_overlap128_optimistic\patch_1897.npz,3328,6528,0.0672760009765625,medium
f:\MAPATHON\sylhet_flood_2024\data\processed\patches_overlap128_optimistic\patch_1898.npz,3328,6656,0.0,dry
f:\MAPATHON\sylhet_flood_2024\data\processed\patches_overlap128_optimistic\patch_1899.npz,3328,6784,0.0,dry
f:\MAPATHON\sylhet_flood_2024\data\processed\patches_overlap128_optimistic\patch_1900.npz,3328,6912,0.0,dry
f:\MAPATHON\sylhet_flood_2024\data\processed\patches_overlap128_optimistic\patch_1901.npz,3328,7040,0.000946044921875,very_low
f:\MAPATHON\sylhet_flood_2024\data\processed\patches_overlap128_optimistic\patch_1902.npz,3328,7168,0.0048370361328125,very_low
f:\MAPATHON\sylhet_flood_2024\data\processed\patches_overlap128_optimistic\patch_1903.npz,3328,7296,0.08697509765625,medium
f:\MAPATHON\sylhet_flood_2024\data\processed\patches_overlap128_optimistic\patch_1904.npz,3328,7424,0.11212158203125,medium
f:\MAPATHON\sylhet_flood_2024\data\processed\patches_overlap128_optimistic\patch_1905.npz,3328,7552,0.173126220703125,medium
f:\MAPATHON\sylhet_flood_2024\data\processed\patches_overlap128_optimistic\patch_1906.npz,3328,7680,0.3173370361328125,high
f:\MAPATHON\sylhet_flood_2024\data\processed\patches_overlap128_optimistic\patch_1907.npz,3328,7808,0.4820404052734375,high
f:\MAPATHON\sylhet_flood_2024\data\processed\patches_overlap128_optimistic\patch_1908.npz,3328,7936,0.5825958251953125,high
f:\MAPATHON\sylhet_flood_2024\data\processed\patches_overlap128_optimistic\patch_1909.npz,3328,8064,0.55682373046875,high
f:\MAPATHON\sylhet_flood_2024\data\processed\patches_overlap128_optimistic\patch_1910.npz,3328,8192,0.4151153564453125,high
f:\MAPATHON\sylhet_flood_2024\data\processed\patches_overlap128_optimistic\patch_1911.npz,3328,8320,0.313629150390625,high
f:\MAPATHON\sylhet_flood_2024\data\processed\patches_overlap128_optimistic\patch_1912.npz,3328,8448,0.2393951416015625,high
f:\MAPATHON\sylhet_flood_2024\data\processed\patches_overlap128_optimistic\patch_1913.npz,3328,8576,0.1386566162109375,medium
f:\MAPATHON\sylhet_flood_2024\data\processed\patches_overlap128_optimistic\patch_1914.npz,3328,8704,0.2796783447265625,high
f:\MAPATHON\sylhet_flood_2024\data\processed\patches_overlap128_optimistic\patch_1915.npz,3328,8832,0.2393951416015625,high
f:\MAPATHON\sylhet_flood_2024\data\processed\patches_overlap128_optimistic\patch_1916.npz,3328,8892,0.11553955078125,medium
f:\MAPATHON\sylhet_flood_2024\data\processed\patches_overlap128_optimistic\patch_1917.npz,3456,0,0.4907989501953125,high
f:\MAPATHON\sylhet_flood_2024\data\processed\patches_overlap128_optimistic\patch_1918.npz,3456,128,0.4961090087890625,high
f:\MAPATHON\sylhet_flood_2024\data\processed\patches_overlap128_optimistic\patch_1919.npz,3456,256,0.3559417724609375,high
f:\MAPATHON\sylhet_flood_2024\data\processed\patches_overlap128_optimistic\patch_1920.npz,3456,384,0.3873138427734375,high
f:\MAPATHON\sylhet_flood_2024\data\processed\patches_overlap128_optimistic\patch_1921.npz,3456,512,0.4178924560546875,high
f:\MAPATHON\sylhet_flood_2024\data\processed\patches_overlap128_optimistic\patch_1922.npz,3456,640,0.326080322265625,high
f:\MAPATHON\sylhet_flood_2024\data\processed\patches_overlap128_optimistic\patch_1923.npz,3456,768,0.3228759765625,high
f:\MAPATHON\sylhet_flood_2024\data\processed\patches_overlap128_optimistic\patch_1924.npz,3456,896,0.2655792236328125,high
f:\MAPATHON\sylhet_flood_2024\data\processed\patches_overlap128_optimistic\patch_1925.npz,3456,1024,0.16021728515625,medium
f:\MAPATHON\sylhet_flood_2024\data\processed\patches_overlap128_optimistic\patch_1926.npz,3456,1152,0.20440673828125,high
f:\MAPATHON\sylhet_flood_2024\data\processed\patches_overlap128_optimistic\patch_1927.npz,3456,1280,0.4088592529296875,high
f:\MAPATHON\sylhet_flood_2024\data\processed\patches_overlap128_optimistic\patch_1928.npz,3456,1408,0.5608673095703125,high
f:\MAPATHON\sylhet_flood_2024\data\processed\patches_overlap128_optimistic\patch_1929.npz,3456,1536,0.521453857421875,high
f:\MAPATHON\sylhet_flood_2024\data\processed\patches_overlap128_optimistic\patch_1930.npz,3456,1664,0.527801513671875,high
f:\MAPATHON\sylhet_flood_2024\data\processed\patches_overlap128_optimistic\patch_1931.npz,3456,1792,0.4991302490234375,high
f:\MAPATHON\sylhet_flood_2024\data\processed\patches_overlap128_optimistic\patch_1932.npz,3456,1920,0.324676513671875,high
f:\MAPATHON\sylhet_flood_2024\data\processed\patches_overlap128_optimistic\patch_1933.npz,3456,2048,0.25958251953125,high
f:\MAPATHON\sylhet_flood_2024\data\processed\patches_overlap128_optimistic\patch_1934.npz,3456,2176,0.265289306640625,high
f:\MAPATHON\sylhet_flood_2024\data\processed\patches_overlap128_optimistic\patch_1935.npz,3456,2304,0.223388671875,high
f:\MAPATHON\sylhet_flood_2024\data\processed\patches_overlap128_optimistic\patch_1936.npz,3456,2432,0.1317901611328125,medium
f:\MAPATHON\sylhet_flood_2024\data\processed\patches_overlap128_optimistic\patch_1937.npz,3456,2560,0.045684814453125,low
f:\MAPATHON\sylhet_flood_2024\data\processed\patches_overlap128_optimistic\patch_1938.npz,3456,2688,0.021575927734375,low
f:\MAPATHON\sylhet_flood_2024\data\processed\patches_overlap128_optimistic\patch_1939.npz,3456,2816,0.044342041015625,low
f:\MAPATHON\sylhet_flood_2024\data\processed\patches_overlap128_optimistic\patch_1940.npz,3456,2944,0.19482421875,medium
f:\MAPATHON\sylhet_flood_2024\data\processed\patches_overlap128_optimistic\patch_1941.npz,3456,3072,0.24969482421875,high
f:\MAPATHON\sylhet_flood_2024\data\processed\patches_overlap128_optimistic\patch_1942.npz,3456,3200,0.261932373046875,high
f:\MAPATHON\sylhet_flood_2024\data\processed\patches_overlap128_optimistic\patch_1943.npz,3456,3328,0.3265533447265625,high
f:\MAPATHON\sylhet_flood_2024\data\processed\patches_overlap128_optimistic\patch_1944.npz,3456,3456,0.4131317138671875,high
f:\MAPATHON\sylhet_flood_2024\data\processed\patches_overlap128_optimistic\patch_1945.npz,3456,3584,0.486663818359375,high
f:\MAPATHON\sylhet_flood_2024\data\processed\patches_overlap128_optimistic\patch_1946.npz,3456,3712,0.39935302734375,high
f:\MAPATHON\sylhet_flood_2024\data\processed\patches_overlap128_optimistic\patch_1947.npz,3456,3840,0.338348388671875,high
f:\MAPATHON\sylhet_flood_2024\data\processed\patches_overlap128_optimistic\patch_1948.npz,3456,3968,0.2910308837890625,high
f:\MAPATHON\sylhet_flood_2024\data\processed\patches_overlap128_optimistic\patch_1949.npz,3456,4096,0.320648193359375,high
f:\MAPATHON\sylhet_flood_2024\data\processed\patches_overlap128_optimistic\patch_1950.npz,3456,4224,0.31451416015625,high
f:\MAPATHON\sylhet_flood_2024\data\processed\patches_overlap128_optimistic\patch_1951.npz,3456,4352,0.2493896484375,high
f:\MAPATHON\sylhet_flood_2024\data\processed\patches_overlap128_optimistic\patch_1952.npz,3456,4480,0.2928619384765625,high
f:\MAPATHON\sylhet_flood_2024\data\processed\patches_overlap128_optimistic\patch_1953.npz,3456,4608,0.46038818359375,high
f:\MAPATHON\sylhet_flood_2024\data\processed\patches_overlap128_optimistic\patch_1954.npz,3456,4736,0.679473876953125,high
f:\MAPATHON\sylhet_flood_2024\data\processed\patches_overlap128_optimistic\patch_1955.npz,3456,4864,0.66107177734375,high
f:\MAPATHON\sylhet_flood_2024\data\processed\patches_overlap128_optimistic\patch_1956.npz,3456,4992,0.5548095703125,high
f:\MAPATHON\sylhet_flood_2024\data\processed\patches_overlap128_optimistic\patch_1957.npz,3456,5120,0.5494842529296875,high
f:\MAPATHON\sylhet_flood_2024\data\processed\patches_overlap128_optimistic\patch_1958.npz,3456,5248,0.675994873046875,high
f:\MAPATHON\sylhet_flood_2024\data\processed\patches_overlap128_optimistic\patch_1959.npz,3456,5376,0.6120452880859375,high
f:\MAPATHON\sylhet_flood_2024\data\processed\patches_overlap128_optimistic\patch_1960.npz,3456,5504,0.4814605712890625,high
f:\MAPATHON\sylhet_flood_2024\data\processed\patches_overlap128_optimistic\patch_1961.npz,3456,5632,0.5498046875,high
f:\MAPATHON\sylhet_flood_2024\data\processed\patches_overlap128_optimistic\patch_1962.npz,3456,5760,0.4504852294921875,high
f:\MAPATHON\sylhet_flood_2024\data\processed\patches_overlap128_optimistic\patch_1963.npz,3456,5888,0.3709564208984375,high
f:\MAPATHON\sylhet_flood_2024\data\processed\patches_overlap128_optimistic\patch_1964.npz,3456,6016,0.3577423095703125,high
f:\MAPATHON\sylhet_flood_2024\data\processed\patches_overlap128_optimistic\patch_1965.npz,3456,6144,0.454345703125,high
f:\MAPATHON\sylhet_flood_2024\data\processed\patches_overlap128_optimistic\patch_1966.npz,3456,6272,0.5405120849609375,high
f:\MAPATHON\sylhet_flood_2024\data\processed\patches_overlap128_optimistic\patch_1967.npz,3456,6400,0.305938720703125,high
f:\MAPATHON\sylhet_flood_2024\data\processed\patches_overlap128_optimistic\patch_1968.npz,3456,6528,0.065338134765625,medium
f:\MAPATHON\sylhet_flood_2024\data\processed\patches_overlap128_optimistic\patch_1969.npz,3456,6656,0.0,dry
f:\MAPATHON\sylhet_flood_2024\data\processed\patches_overlap128_optimistic\patch_1970.npz,3456,6784,0.0,dry
f:\MAPATHON\sylhet_flood_2024\data\processed\patches_overlap128_optimistic\patch_1971.npz,3456,6912,0.0,dry
f:\MAPATHON\sylhet_flood_2024\data\processed\patches_overlap128_optimistic\patch_1972.npz,3456,7040,0.0,dry
f:\MAPATHON\sylhet_flood_2024\data\processed\patches_overlap128_optimistic\patch_1973.npz,3456,7168,0.0,dry
f:\MAPATHON\sylhet_flood_2024\data\processed\patches_overlap128_optimistic\patch_1974.npz,3456,7296,0.0261077880859375,low
f:\MAPATHON\sylhet_flood_2024\data\processed\patches_overlap128_optimistic\patch_1975.npz,3456,7424,0.032623291015625,low
f:\MAPATHON\sylhet_flood_2024\data\processed\patches_overlap128_optimistic\patch_1976.npz,3456,7552,0.0524139404296875,medium
f:\MAPATHON\sylhet_flood_2024\data\processed\patches_overlap128_optimistic\patch_1977.npz,3456,7680,0.1010284423828125,medium
f:\MAPATHON\sylhet_flood_2024\data\processed\patches_overlap128_optimistic\patch_1978.npz,3456,7808,0.27459716796875,high
f:\MAPATHON\sylhet_flood_2024\data\processed\patches_overlap128_optimistic\patch_1979.npz,3456,7936,0.3735504150390625,high
f:\MAPATHON\sylhet_flood_2024\data\processed\patches_overlap128_optimistic\patch_1980.npz,3456,8064,0.2960662841796875,high
f:\MAPATHON\sylhet_flood_2024\data\processed\patches_overlap128_optimistic\patch_1981.npz,3456,8192,0.2156219482421875,high
f:\MAPATHON\sylhet_flood_2024\data\processed\patches_overlap128_optimistic\patch_1982.npz,3456,8320,0.0974578857421875,medium
f:\MAPATHON\sylhet_flood_2024\data\processed\patches_overlap128_optimistic\patch_1983.npz,3456,8448,0.0305633544921875,low
f:\MAPATHON\sylhet_flood_2024\data\processed\patches_overlap128_optimistic\patch_1984.npz,3456,8576,0.0242156982421875,low
f:\MAPATHON\sylhet_flood_2024\data\processed\patches_overlap128_optimistic\patch_1985.npz,3456,8704,0.052520751953125,medium
f:\MAPATHON\sylhet_flood_2024\data\processed\patches_overlap128_optimistic\patch_1986.npz,3456,8832,0.054229736328125,medium
f:\MAPATHON\sylhet_flood_2024\data\processed\patches_overlap128_optimistic\patch_1987.npz,3456,8892,0.0275115966796875,low
f:\MAPATHON\sylhet_flood_2024\data\processed\patches_overlap128_optimistic\patch_1988.npz,3584,0,0.4739990234375,high
f:\MAPATHON\sylhet_flood_2024\data\processed\patches_overlap128_optimistic\patch_1989.npz,3584,128,0.411163330078125,high
f:\MAPATHON\sylhet_flood_2024\data\processed\patches_overlap128_optimistic\patch_1990.npz,3584,256,0.3143157958984375,high
f:\MAPATHON\sylhet_flood_2024\data\processed\patches_overlap128_optimistic\patch_1991.npz,3584,384,0.375701904296875,high
f:\MAPATHON\sylhet_flood_2024\data\processed\patches_overlap128_optimistic\patch_1992.npz,3584,512,0.4498291015625,high
f:\MAPATHON\sylhet_flood_2024\data\processed\patches_overlap128_optimistic\patch_1993.npz,3584,640,0.4714508056640625,high
f:\MAPATHON\sylhet_flood_2024\data\processed\patches_overlap128_optimistic\patch_1994.npz,3584,768,0.49462890625,high
f:\MAPATHON\sylhet_flood_2024\data\processed\patches_overlap128_optimistic\patch_1995.npz,3584,896,0.4041595458984375,high
f:\MAPATHON\sylhet_flood_2024\data\processed\patches_overlap128_optimistic\patch_1996.npz,3584,1024,0.308074951171875,high
f:\MAPATHON\sylhet_flood_2024\data\processed\patches_overlap128_optimistic\patch_1997.npz,3584,1152,0.32965087890625,high
f:\MAPATHON\sylhet_flood_2024\data\processed\patches_overlap128_optimistic\patch_1998.npz,3584,1280,0.408599853515625,high
f:\MAPATHON\sylhet_flood_2024\data\processed\patches_overlap128_optimistic\patch_1999.npz,3584,1408,0.532958984375,high
f:\MAPATHON\sylhet_flood_2024\data\processed\patches_overlap128_optimistic\patch_2000.npz,3584,1536,0.51324462890625,high
f:\MAPATHON\sylhet_flood_2024\data\processed\patches_overlap128_optimistic\patch_2001.npz,3584,1664,0.44598388671875,high
f:\MAPATHON\sylhet_flood_2024\data\processed\patches_overlap128_optimistic\patch_2002.npz,3584,1792,0.4421234130859375,high
f:\MAPATHON\sylhet_flood_2024\data\processed\patches_overlap128_optimistic\patch_2003.npz,3584,1920,0.3832855224609375,high
f:\MAPATHON\sylhet_flood_2024\data\processed\patches_overlap128_optimistic\patch_2004.npz,3584,2048,0.3081512451171875,high
f:\MAPATHON\sylhet_flood_2024\data\processed\patches_overlap128_optimistic\patch_2005.npz,3584,2176,0.2736968994140625,high
f:\MAPATHON\sylhet_flood_2024\data\processed\patches_overlap128_optimistic\patch_2006.npz,3584,2304,0.2575531005859375,high
f:\MAPATHON\sylhet_flood_2024\data\processed\patches_overlap128_optimistic\patch_2007.npz,3584,2432,0.2235260009765625,high
f:\MAPATHON\sylhet_flood_2024\data\processed\patches_overlap128_optimistic\patch_2008.npz,3584,2560,0.1928253173828125,medium
f:\MAPATHON\sylhet_flood_2024\data\processed\patches_overlap128_optimistic\patch_2009.npz,3584,2688,0.2191619873046875,high
f:\MAPATHON\sylhet_flood_2024\data\processed\patches_overlap128_optimistic\patch_2010.npz,3584,2816,0.2126007080078125,high
f:\MAPATHON\sylhet_flood_2024\data\processed\patches_overlap128_optimistic\patch_2011.npz,3584,2944,0.3337249755859375,high
f:\MAPATHON\sylhet_flood_2024\data\processed\patches_overlap128_optimistic\patch_2012.npz,3584,3072,0.3588409423828125,high
f:\MAPATHON\sylhet_flood_2024\data\processed\patches_overlap128_optimistic\patch_2013.npz,3584,3200,0.17462158203125,medium
f:\MAPATHON\sylhet_flood_2024\data\processed\patches_overlap128_optimistic\patch_2014.npz,3584,3328,0.2829742431640625,high
f:\MAPATHON\sylhet_flood_2024\data\processed\patches_overlap128_optimistic\patch_2015.npz,3584,3456,0.436553955078125,high
f:\MAPATHON\sylhet_flood_2024\data\processed\patches_overlap128_optimistic\patch_2016.npz,3584,3584,0.4079742431640625,high
f:\MAPATHON\sylhet_flood_2024\data\processed\patches_overlap128_optimistic\patch_2017.npz,3584,3712,0.31793212890625,high
f:\MAPATHON\sylhet_flood_2024\data\processed\patches_overlap128_optimistic\patch_2018.npz,3584,3840,0.284881591796875,high
f:\MAPATHON\sylhet_flood_2024\data\processed\patches_overlap128_optimistic\patch_2019.npz,3584,3968,0.2581329345703125,high
f:\MAPATHON\sylhet_flood_2024\data\processed\patches_overlap128_optimistic\patch_2020.npz,3584,4096,0.2154693603515625,high
f:\MAPATHON\sylhet_flood_2024\data\processed\patches_overlap128_optimistic\patch_2021.npz,3584,4224,0.213958740234375,high
f:\MAPATHON\sylhet_flood_2024\data\processed\patches_overlap128_optimistic\patch_2022.npz,3584,4352,0.2341461181640625,high
f:\MAPATHON\sylhet_flood_2024\data\processed\patches_overlap128_optimistic\patch_2023.npz,3584,4480,0.2694244384765625,high
f:\MAPATHON\sylhet_flood_2024\data\processed\patches_overlap128_optimistic\patch_2024.npz,3584,4608,0.466552734375,high
f:\MAPATHON\sylhet_flood_2024\data\processed\patches_overlap128_optimistic\patch_2025.npz,3584,4736,0.7513885498046875,high
f:\MAPATHON\sylhet_flood_2024\data\processed\patches_overlap128_optimistic\patch_2026.npz,3584,4864,0.5758209228515625,high
f:\MAPATHON\sylhet_flood_2024\data\processed\patches_overlap128_optimistic\patch_2027.npz,3584,4992,0.33917236328125,high
f:\MAPATHON\sylhet_flood_2024\data\processed\patches_overlap128_optimistic\patch_2028.npz,3584,5120,0.3259735107421875,high
f:\MAPATHON\sylhet_flood_2024\data\processed\patches_overlap128_optimistic\patch_2029.npz,3584,5248,0.408721923828125,high
f:\MAPATHON\sylhet_flood_2024\data\processed\patches_overlap128_optimistic\patch_2030.npz,3584,5376,0.49261474609375,high
f:\MAPATHON\sylhet_flood_2024\data\processed\patches_overlap128_optimistic\patch_2031.npz,3584,5504,0.397796630859375,high
f:\MAPATHON\sylhet_flood_2024\data\processed\patches_overlap128_optimistic\patch_2032.npz,3584,5632,0.3436737060546875,high
f:\MAPATHON\sylhet_flood_2024\data\processed\patches_overlap128_optimistic\patch_2033.npz,3584,5760,0.29498291015625,high
f:\MAPATHON\sylhet_flood_2024\data\processed\patches_overlap128_optimistic\patch_2034.npz,3584,5888,0.3748016357421875,high
f:\MAPATHON\sylhet_flood_2024\data\processed\patches_overlap128_optimistic\patch_2035.npz,3584,6016,0.56787109375,high
f:\MAPATHON\sylhet_flood_2024\data\processed\patches_overlap128_optimistic\patch_2036.npz,3584,6144,0.687225341796875,high
f:\MAPATHON\sylhet_flood_2024\data\processed\patches_overlap128_optimistic\patch_2037.npz,3584,6272,0.599700927734375,high
f:\MAPATHON\sylhet_flood_2024\data\processed\patches_overlap128_optimistic\patch_2038.npz,3584,6400,0.244384765625,high
f:\MAPATHON\sylhet_flood_2024\data\processed\patches_overlap128_optimistic\patch_2039.npz,3584,6528,0.0137939453125,low
f:\MAPATHON\sylhet_flood_2024\data\processed\patches_overlap128_optimistic\patch_2040.npz,3584,6656,0.0,dry
f:\MAPATHON\sylhet_flood_2024\data\processed\patches_overlap128_optimistic\patch_2041.npz,3584,6784,0.0,dry
f:\MAPATHON\sylhet_flood_2024\data\processed\patches_overlap128_optimistic\patch_2042.npz,3584,6912,0.0,dry
f:\MAPATHON\sylhet_flood_2024\data\processed\patches_overlap128_optimistic\patch_2043.npz,3584,7040,0.0,dry
f:\MAPATHON\sylhet_flood_2024\data\processed\patches_overlap128_optimistic\patch_2044.npz,3584,7168,0.0,dry
f:\MAPATHON\sylhet_flood_2024\data\processed\patches_overlap128_optimistic\patch_2045.npz,3584,7296,0.0,dry
f:\MAPATHON\sylhet_flood_2024\data\processed\patches_overlap128_optimistic\patch_2046.npz,3584,7424,0.0,dry
f:\MAPATHON\sylhet_flood_2024\data\processed\patches_overlap128_optimistic\patch_2047.npz,3584,7552,0.0001068115234375,very_low
f:\MAPATHON\sylhet_flood_2024\data\processed\patches_overlap128_optimistic\patch_2048.npz,3584,7680,0.0056610107421875,very_low
f:\MAPATHON\sylhet_flood_2024\data\processed\patches_overlap128_optimistic\patch_2049.npz,3584,7808,0.2068939208984375,high
f:\MAPATHON\sylhet_flood_2024\data\processed\patches_overlap128_optimistic\patch_2050.npz,3584,7936,0.3027801513671875,high
f:\MAPATHON\sylhet_flood_2024\data\processed\patches_overlap128_optimistic\patch_2051.npz,3584,8064,0.160980224609375,medium
f:\MAPATHON\sylhet_flood_2024\data\processed\patches_overlap128_optimistic\patch_2052.npz,3584,8192,0.192535400390625,medium
f:\MAPATHON\sylhet_flood_2024\data\processed\patches_overlap128_optimistic\patch_2053.npz,3584,8320,0.1385650634765625,medium
f:\MAPATHON\sylhet_flood_2024\data\processed\patches_overlap128_optimistic\patch_2054.npz,3584,8448,0.0059967041015625,very_low
f:\MAPATHON\sylhet_flood_2024\data\processed\patches_overlap128_optimistic\patch_2055.npz,3584,8576,0.0009002685546875,very_low
f:\MAPATHON\sylhet_flood_2024\data\processed\patches_overlap128_optimistic\patch_2056.npz,3584,8704,0.002288818359375,very_low
f:\MAPATHON\sylhet_flood_2024\data\processed\patches_overlap128_optimistic\patch_2057.npz,3584,8832,0.00421142578125,very_low
f:\MAPATHON\sylhet_flood_2024\data\processed\patches_overlap128_optimistic\patch_2058.npz,3584,8892,0.00421142578125,very_low
f:\MAPATHON\sylhet_flood_2024\data\processed\patches_overlap128_optimistic\patch_2059.npz,3712,0,0.35888671875,high
f:\MAPATHON\sylhet_flood_2024\data\processed\patches_overlap128_optimistic\patch_2060.npz,3712,128,0.2784881591796875,high
f:\MAPATHON\sylhet_flood_2024\data\processed\patches_overlap128_optimistic\patch_2061.npz,3712,256,0.2201385498046875,high
f:\MAPATHON\sylhet_flood_2024\data\processed\patches_overlap128_optimistic\patch_2062.npz,3712,384,0.32696533203125,high
f:\MAPATHON\sylhet_flood_2024\data\processed\patches_overlap128_optimistic\patch_2063.npz,3712,512,0.3882293701171875,high
f:\MAPATHON\sylhet_flood_2024\data\processed\patches_overlap128_optimistic\patch_2064.npz,3712,640,0.463958740234375,high
f:\MAPATHON\sylhet_flood_2024\data\processed\patches_overlap128_optimistic\patch_2065.npz,3712,768,0.4989013671875,high
f:\MAPATHON\sylhet_flood_2024\data\processed\patches_overlap128_optimistic\patch_2066.npz,3712,896,0.4205780029296875,high
f:\MAPATHON\sylhet_flood_2024\data\processed\patches_overlap128_optimistic\patch_2067.npz,3712,1024,0.433441162109375,high
f:\MAPATHON\sylhet_flood_2024\data\processed\patches_overlap128_optimistic\patch_2068.npz,3712,1152,0.45037841796875,high
f:\MAPATHON\sylhet_flood_2024\data\processed\patches_overlap128_optimistic\patch_2069.npz,3712,1280,0.4552001953125,high
f:\MAPATHON\sylhet_flood_2024\data\processed\patches_overlap128_optimistic\patch_2070.npz,3712,1408,0.5899200439453125,high
f:\MAPATHON\sylhet_flood_2024\data\processed\patches_overlap128_optimistic\patch_2071.npz,3712,1536,0.5226287841796875,high
f:\MAPATHON\sylhet_flood_2024\data\processed\patches_overlap128_optimistic\patch_2072.npz,3712,1664,0.4299468994140625,high
f:\MAPATHON\sylhet_flood_2024\data\processed\patches_overlap128_optimistic\patch_2073.npz,3712,1792,0.456573486328125,high
f:\MAPATHON\sylhet_flood_2024\data\processed\patches_overlap128_optimistic\patch_2074.npz,3712,1920,0.4229736328125,high
f:\MAPATHON\sylhet_flood_2024\data\processed\patches_overlap128_optimistic\patch_2075.npz,3712,2048,0.3243560791015625,high
f:\MAPATHON\sylhet_flood_2024\data\processed\patches_overlap128_optimistic\patch_2076.npz,3712,2176,0.247100830078125,high
f:\MAPATHON\sylhet_flood_2024\data\processed\patches_overlap128_optimistic\patch_2077.npz,3712,2304,0.25482177734375,high
f:\MAPATHON\sylhet_flood_2024\data\processed\patches_overlap128_optimistic\patch_2078.npz,3712,2432,0.277008056640625,high
f:\MAPATHON\sylhet_flood_2024\data\processed\patches_overlap128_optimistic\patch_2079.npz,3712,2560,0.3007965087890625,high
f:\MAPATHON\sylhet_flood_2024\data\processed\patches_overlap128_optimistic\patch_2080.npz,3712,2688,0.4433441162109375,high
f:\MAPATHON\sylhet_flood_2024\data\processed\patches_overlap128_optimistic\patch_2081.npz,3712,2816,0.4231414794921875,high
f:\MAPATHON\sylhet_flood_2024\data\processed\patches_overlap128_optimistic\patch_2082.npz,3712,2944,0.44171142578125,high
f:\MAPATHON\sylhet_flood_2024\data\processed\patches_overlap128_optimistic\patch_2083.npz,3712,3072,0.5889892578125,high
f:\MAPATHON\sylhet_flood_2024\data\processed\patches_overlap128_optimistic\patch_2084.npz,3712,3200,0.4129791259765625,high
f:\MAPATHON\sylhet_flood_2024\data\processed\patches_overlap128_optimistic\patch_2085.npz,3712,3328,0.3148651123046875,high
f:\MAPATHON\sylhet_flood_2024\data\processed\patches_overlap128_optimistic\patch_2086.npz,3712,3456,0.2832794189453125,high
f:\MAPATHON\sylhet_flood_2024\data\processed\patches_overlap128_optimistic\patch_2087.npz,3712,3584,0.244049072265625,high
f:\MAPATHON\sylhet_flood_2024\data\processed\patches_overlap128_optimistic\patch_2088.npz,3712,3712,0.3680267333984375,high
f:\MAPATHON\sylhet_flood_2024\data\processed\patches_overlap128_optimistic\patch_2089.npz,3712,3840,0.277923583984375,high
f:\MAPATHON\sylhet_flood_2024\data\processed\patches_overlap128_optimistic\patch_2090.npz,3712,3968,0.1075439453125,medium
f:\MAPATHON\sylhet_flood_2024\data\processed\patches_overlap128_optimistic\patch_2091.npz,3712,4096,0.1274261474609375,medium
f:\MAPATHON\sylhet_flood_2024\data\processed\patches_overlap128_optimistic\patch_2092.npz,3712,4224,0.1238555908203125,medium
f:\MAPATHON\sylhet_flood_2024\data\processed\patches_overlap128_optimistic\patch_2093.npz,3712,4352,0.150665283203125,medium
f:\MAPATHON\sylhet_flood_2024\data\processed\patches_overlap128_optimistic\patch_2094.npz,3712,4480,0.1787109375,medium
f:\MAPATHON\sylhet_flood_2024\data\processed\patches_overlap128_optimistic\patch_2095.npz,3712,4608,0.349365234375,high
f:\MAPATHON\sylhet_flood_2024\data\processed\patches_overlap128_optimistic\patch_2096.npz,3712,4736,0.5658416748046875,high
f:\MAPATHON\sylhet_flood_2024\data\processed\patches_overlap128_optimistic\patch_2097.npz,3712,4864,0.353302001953125,high
f:\MAPATHON\sylhet_flood_2024\data\processed\patches_overlap128_optimistic\patch_2098.npz,3712,4992,0.1852569580078125,medium
f:\MAPATHON\sylhet_flood_2024\data\processed\patches_overlap128_optimistic\patch_2099.npz,3712,5120,0.246856689453125,high
f:\MAPATHON\sylhet_flood_2024\data\processed\patches_overlap128_optimistic\patch_2100.npz,3712,5248,0.2810211181640625,high
f:\MAPATHON\sylhet_flood_2024\data\processed\patches_overlap128_optimistic\patch_2101.npz,3712,5376,0.271087646484375,high
f:\MAPATHON\sylhet_flood_2024\data\processed\patches_overlap128_optimistic\patch_2102.npz,3712,5504,0.172454833984375,medium
f:\MAPATHON\sylhet_flood_2024\data\processed\patches_overlap128_optimistic\patch_2103.npz,3712,5632,0.1699981689453125,medium
f:\MAPATHON\sylhet_flood_2024\data\processed\patches_overlap128_optimistic\patch_2104.npz,3712,5760,0.305419921875,high
f:\MAPATHON\sylhet_flood_2024\data\processed\patches_overlap128_optimistic\patch_2105.npz,3712,5888,0.449493408203125,high
f:\MAPATHON\sylhet_flood_2024\data\processed\patches_overlap128_optimistic\patch_2106.npz,3712,6016,0.599578857421875,high
f:\MAPATHON\sylhet_flood_2024\data\processed\patches_overlap128_optimistic\patch_2107.npz,3712,6144,0.747100830078125,high
f:\MAPATHON\sylhet_flood_2024\data\processed\patches_overlap128_optimistic\patch_2108.npz,3712,6272,0.7392730712890625,high
f:\MAPATHON\sylhet_flood_2024\data\processed\patches_overlap128_optimistic\patch_2109.npz,3712,6400,0.3414154052734375,high
f:\MAPATHON\sylhet_flood_2024\data\processed\patches_overlap128_optimistic\patch_2110.npz,3712,6528,0.0006866455078125,very_low
f:\MAPATHON\sylhet_flood_2024\data\processed\patches_overlap128_optimistic\patch_2111.npz,3712,6656,0.0,dry
f:\MAPATHON\sylhet_flood_2024\data\processed\patches_overlap128_optimistic\patch_2112.npz,3712,6784,0.0,dry
f:\MAPATHON\sylhet_flood_2024\data\processed\patches_overlap128_optimistic\patch_2113.npz,3712,6912,0.0,dry
f:\MAPATHON\sylhet_flood_2024\data\processed\patches_overlap128_optimistic\patch_2114.npz,3712,7040,0.0,dry
f:\MAPATHON\sylhet_flood_2024\data\processed\patches_overlap128_optimistic\patch_2115.npz,3712,7168,0.0,dry
f:\MAPATHON\sylhet_flood_2024\data\processed\patches_overlap128_optimistic\patch_2116.npz,3712,7296,0.0,dry
f:\MAPATHON\sylhet_flood_2024\data\processed\patches_overlap128_optimistic\patch_2117.npz,3712,7424,0.0,dry
f:\MAPATHON\sylhet_flood_2024\data\processed\patches_overlap128_optimistic\patch_2118.npz,3712,7552,0.0,dry
f:\MAPATHON\sylhet_flood_2024\data\processed\patches_overlap128_optimistic\patch_2119.npz,3712,7680,0.0032806396484375,very_low
f:\MAPATHON\sylhet_flood_2024\data\processed\patches_overlap128_optimistic\patch_2120.npz,3712,7808,0.085235595703125,medium
f:\MAPATHON\sylhet_flood_2024\data\processed\patches_overlap128_optimistic\patch_2121.npz,3712,7936,0.116058349609375,medium
f:\MAPATHON\sylhet_flood_2024\data\processed\patches_overlap128_optimistic\patch_2122.npz,3712,8064,0.0485992431640625,low
f:\MAPATHON\sylhet_flood_2024\data\processed\patches_overlap128_optimistic\patch_2123.npz,3712,8192,0.08721923828125,medium
f:\MAPATHON\sylhet_flood_2024\data\processed\patches_overlap128_optimistic\patch_2124.npz,3712,8320,0.0750274658203125,medium
f:\MAPATHON\sylhet_flood_2024\data\processed\patches_overlap128_optimistic\patch_2125.npz,3712,8448,0.0023040771484375,very_low
f:\MAPATHON\sylhet_flood_2024\data\processed\patches_overlap128_optimistic\patch_2126.npz,3712,8576,0.0,dry
f:\MAPATHON\sylhet_flood_2024\data\processed\patches_overlap128_optimistic\patch_2127.npz,3712,8704,0.0,dry
f:\MAPATHON\sylhet_flood_2024\data\processed\patches_overlap128_optimistic\patch_2128.npz,3712,8832,0.0,dry
f:\MAPATHON\sylhet_flood_2024\data\processed\patches_overlap128_optimistic\patch_2129.npz,3712,8892,0.0,dry
f:\MAPATHON\sylhet_flood_2024\data\processed\patches_overlap128_optimistic\patch_2130.npz,3840,0,0.33917236328125,high
f:\MAPATHON\sylhet_flood_2024\data\processed\patches_overlap128_optimistic\patch_2131.npz,3840,128,0.3533935546875,high
f:\MAPATHON\sylhet_flood_2024\data\processed\patches_overlap128_optimistic\patch_2132.npz,3840,256,0.31536865234375,high
f:\MAPATHON\sylhet_flood_2024\data\processed\patches_overlap128_optimistic\patch_2133.npz,3840,384,0.3844146728515625,high
f:\MAPATHON\sylhet_flood_2024\data\processed\patches_overlap128_optimistic\patch_2134.npz,3840,512,0.45123291015625,high
f:\MAPATHON\sylhet_flood_2024\data\processed\patches_overlap128_optimistic\patch_2135.npz,3840,640,0.4495697021484375,high
f:\MAPATHON\sylhet_flood_2024\data\processed\patches_overlap128_optimistic\patch_2136.npz,3840,768,0.461334228515625,high
f:\MAPATHON\sylhet_flood_2024\data\processed\patches_overlap128_optimistic\patch_2137.npz,3840,896,0.4564208984375,high
f:\MAPATHON\sylhet_flood_2024\data\processed\patches_overlap128_optimistic\patch_2138.npz,3840,1024,0.4718017578125,high
f:\MAPATHON\sylhet_flood_2024\data\processed\patches_overlap128_optimistic\patch_2139.npz,3840,1152,0.467254638671875,high
f:\MAPATHON\sylhet_flood_2024\data\processed\patches_overlap128_optimistic\patch_2140.npz,3840,1280,0.479156494140625,high
f:\MAPATHON\sylhet_flood_2024\data\processed\patches_overlap128_optimistic\patch_2141.npz,3840,1408,0.5197906494140625,high
f:\MAPATHON\sylhet_flood_2024\data\processed\patches_overlap128_optimistic\patch_2142.npz,3840,1536,0.4483642578125,high
f:\MAPATHON\sylhet_flood_2024\data\processed\patches_overlap128_optimistic\patch_2143.npz,3840,1664,0.5001983642578125,high
f:\MAPATHON\sylhet_flood_2024\data\processed\patches_overlap128_optimistic\patch_2144.npz,3840,1792,0.46038818359375,high
f:\MAPATHON\sylhet_flood_2024\data\processed\patches_overlap128_optimistic\patch_2145.npz,3840,1920,0.3665924072265625,high
f:\MAPATHON\sylhet_flood_2024\data\processed\patches_overlap128_optimistic\patch_2146.npz,3840,2048,0.2902374267578125,high
f:\MAPATHON\sylhet_flood_2024\data\processed\patches_overlap128_optimistic\patch_2147.npz,3840,2176,0.2677764892578125,high
f:\MAPATHON\sylhet_flood_2024\data\processed\patches_overlap128_optimistic\patch_2148.npz,3840,2304,0.329315185546875,high
f:\MAPATHON\sylhet_flood_2024\data\processed\patches_overlap128_optimistic\patch_2149.npz,3840,2432,0.3179168701171875,high
f:\MAPATHON\sylhet_flood_2024\data\processed\patches_overlap128_optimistic\patch_2150.npz,3840,2560,0.3917388916015625,high
f:\MAPATHON\sylhet_flood_2024\data\processed\patches_overlap128_optimistic\patch_2151.npz,3840,2688,0.4978790283203125,high
f:\MAPATHON\sylhet_flood_2024\data\processed\patches_overlap128_optimistic\patch_2152.npz,3840,2816,0.527679443359375,high
f:\MAPATHON\sylhet_flood_2024\data\processed\patches_overlap128_optimistic\patch_2153.npz,3840,2944,0.50701904296875,high
f:\MAPATHON\sylhet_flood_2024\data\processed\patches_overlap128_optimistic\patch_2154.npz,3840,3072,0.63055419921875,high
f:\MAPATHON\sylhet_flood_2024\data\processed\patches_overlap128_optimistic\patch_2155.npz,3840,3200,0.6192474365234375,high
f:\MAPATHON\sylhet_flood_2024\data\processed\patches_overlap128_optimistic\patch_2156.npz,3840,3328,0.42401123046875,high
f:\MAPATHON\sylhet_flood_2024\data\processed\patches_overlap128_optimistic\patch_2157.npz,3840,3456,0.180206298828125,medium
f:\MAPATHON\sylhet_flood_2024\data\processed\patches_overlap128_optimistic\patch_2158.npz,3840,3584,0.1442108154296875,medium
f:\MAPATHON\sylhet_flood_2024\data\processed\patches_overlap128_optimistic\patch_2159.npz,3840,3712,0.325775146484375,high
f:\MAPATHON\sylhet_flood_2024\data\processed\patches_overlap128_optimistic\patch_2160.npz,3840,3840,0.287139892578125,high
f:\MAPATHON\sylhet_flood_2024\data\processed\patches_overlap128_optimistic\patch_2161.npz,3840,3968,0.2193756103515625,high
f:\MAPATHON\sylhet_flood_2024\data\processed\patches_overlap128_optimistic\patch_2162.npz,3840,4096,0.152618408203125,medium
f:\MAPATHON\sylhet_flood_2024\data\processed\patches_overlap128_optimistic\patch_2163.npz,3840,4224,0.0359649658203125,low
f:\MAPATHON\sylhet_flood_2024\data\processed\patches_overlap128_optimistic\patch_2164.npz,3840,4352,0.0963134765625,medium
f:\MAPATHON\sylhet_flood_2024\data\processed\patches_overlap128_optimistic\patch_2165.npz,3840,4480,0.2525634765625,high
f:\MAPATHON\sylhet_flood_2024\data\processed\patches_overlap128_optimistic\patch_2166.npz,3840,4608,0.4249725341796875,high
f:\MAPATHON\sylhet_flood_2024\data\processed\patches_overlap128_optimistic\patch_2167.npz,3840,4736,0.3856201171875,high
f:\MAPATHON\sylhet_flood_2024\data\processed\patches_overlap128_optimistic\patch_2168.npz,3840,4864,0.27801513671875,high
f:\MAPATHON\sylhet_flood_2024\data\processed\patches_overlap128_optimistic\patch_2169.npz,3840,4992,0.3498382568359375,high
f:\MAPATHON\sylhet_flood_2024\data\processed\patches_overlap128_optimistic\patch_2170.npz,3840,5120,0.352996826171875,high
f:\MAPATHON\sylhet_flood_2024\data\processed\patches_overlap128_optimistic\patch_2171.npz,3840,5248,0.3536834716796875,high
f:\MAPATHON\sylhet_flood_2024\data\processed\patches_overlap128_optimistic\patch_2172.npz,3840,5376,0.2369842529296875,high
f:\MAPATHON\sylhet_flood_2024\data\processed\patches_overlap128_optimistic\patch_2173.npz,3840,5504,0.0588226318359375,medium
f:\MAPATHON\sylhet_flood_2024\data\processed\patches_overlap128_optimistic\patch_2174.npz,3840,5632,0.0689544677734375,medium
f:\MAPATHON\sylhet_flood_2024\data\processed\patches_overlap128_optimistic\patch_2175.npz,3840,5760,0.30010986328125,high
f:\MAPATHON\sylhet_flood_2024\data\processed\patches_overlap128_optimistic\patch_2176.npz,3840,5888,0.538482666015625,high
f:\MAPATHON\sylhet_flood_2024\data\processed\patches_overlap128_optimistic\patch_2177.npz,3840,6016,0.479827880859375,high
f:\MAPATHON\sylhet_flood_2024\data\processed\patches_overlap128_optimistic\patch_2178.npz,3840,6144,0.51434326171875,high
f:\MAPATHON\sylhet_flood_2024\data\processed\patches_overlap128_optimistic\patch_2179.npz,3840,6272,0.6468658447265625,high
f:\MAPATHON\sylhet_flood_2024\data\processed\patches_overlap128_optimistic\patch_2180.npz,3840,6400,0.4277801513671875,high
f:\MAPATHON\sylhet_flood_2024\data\processed\patches_overlap128_optimistic\patch_2181.npz,3840,6528,0.126617431640625,medium
f:\MAPATHON\sylhet_flood_2024\data\processed\patches_overlap128_optimistic\patch_2182.npz,3840,6656,0.0154571533203125,low
f:\MAPATHON\sylhet_flood_2024\data\processed\patches_overlap128_optimistic\patch_2183.npz,3840,6784,0.0,dry
f:\MAPATHON\sylhet_flood_2024\data\processed\patches_overlap128_optimistic\patch_2184.npz,3840,6912,0.0,dry
f:\MAPATHON\sylhet_flood_2024\data\processed\patches_overlap128_optimistic\patch_2185.npz,3840,7040,0.0,dry
f:\MAPATHON\sylhet_flood_2024\data\processed\patches_overlap128_optimistic\patch_2186.npz,3840,7168,0.0,dry
f:\MAPATHON\sylhet_flood_2024\data\processed\patches_overlap128_optimistic\patch_2187.npz,3840,7296,0.0,dry
f:\MAPATHON\sylhet_flood_2024\data\processed\patches_overlap128_optimistic\patch_2188.npz,3840,7424,0.0,dry
f:\MAPATHON\sylhet_flood_2024\data\processed\patches_overlap128_optimistic\patch_2189.npz,3840,7552,0.0,dry
f:\MAPATHON\sylhet_flood_2024\data\processed\patches_overlap128_optimistic\patch_2190.npz,3840,7680,0.0,dry
f:\MAPATHON\sylhet_flood_2024\data\processed\patches_overlap128_optimistic\patch_2191.npz,3840,7808,0.0008087158203125,very_low
f:\MAPATHON\sylhet_flood_2024\data\processed\patches_overlap128_optimistic\patch_2192.npz,3840,7936,0.0019378662109375,very_low
f:\MAPATHON\sylhet_flood_2024\data\processed\patches_overlap128_optimistic\patch_2193.npz,3840,8064,0.001129150390625,very_low
f:\MAPATHON\sylhet_flood_2024\data\processed\patches_overlap128_optimistic\patch_2194.npz,3840,8192,0.0,dry
f:\MAPATHON\sylhet_flood_2024\data\processed\patches_overlap128_optimistic\patch_2195.npz,3840,8320,0.0,dry
f:\MAPATHON\sylhet_flood_2024\data\processed\patches_overlap128_optimistic\patch_2196.npz,3840,8448,0.0,dry
f:\MAPATHON\sylhet_flood_2024\data\processed\patches_overlap128_optimistic\patch_2197.npz,3840,8576,0.0,dry
f:\MAPATHON\sylhet_flood_2024\data\processed\patches_overlap128_optimistic\patch_2198.npz,3840,8704,0.0,dry
f:\MAPATHON\sylhet_flood_2024\data\processed\patches_overlap128_optimistic\patch_2199.npz,3840,8832,0.0,dry
f:\MAPATHON\sylhet_flood_2024\data\processed\patches_overlap128_optimistic\patch_2200.npz,3840,8892,0.0,dry
f:\MAPATHON\sylhet_flood_2024\data\processed\patches_overlap128_optimistic\patch_2201.npz,3968,0,0.3882598876953125,high
f:\MAPATHON\sylhet_flood_2024\data\processed\patches_overlap128_optimistic\patch_2202.npz,3968,128,0.379852294921875,high
f:\MAPATHON\sylhet_flood_2024\data\processed\patches_overlap128_optimistic\patch_2203.npz,3968,256,0.3810577392578125,high
f:\MAPATHON\sylhet_flood_2024\data\processed\patches_overlap128_optimistic\patch_2204.npz,3968,384,0.460113525390625,high
f:\MAPATHON\sylhet_flood_2024\data\processed\patches_overlap128_optimistic\patch_2205.npz,3968,512,0.4769439697265625,high
f:\MAPATHON\sylhet_flood_2024\data\processed\patches_overlap128_optimistic\patch_2206.npz,3968,640,0.3875579833984375,high
f:\MAPATHON\sylhet_flood_2024\data\processed\patches_overlap128_optimistic\patch_2207.npz,3968,768,0.4388427734375,high
f:\MAPATHON\sylhet_flood_2024\data\processed\patches_overlap128_optimistic\patch_2208.npz,3968,896,0.552581787109375,high
f:\MAPATHON\sylhet_flood_2024\data\processed\patches_overlap128_optimistic\patch_2209.npz,3968,1024,0.5376434326171875,high
f:\MAPATHON\sylhet_flood_2024\data\processed\patches_overlap128_optimistic\patch_2210.npz,3968,1152,0.4734649658203125,high
f:\MAPATHON\sylhet_flood_2024\data\processed\patches_overlap128_optimistic\patch_2211.npz,3968,1280,0.4141998291015625,high
f:\MAPATHON\sylhet_flood_2024\data\processed\patches_overlap128_optimistic\patch_2212.npz,3968,1408,0.3142547607421875,high
f:\MAPATHON\sylhet_flood_2024\data\processed\patches_overlap128_optimistic\patch_2213.npz,3968,1536,0.311859130859375,high
f:\MAPATHON\sylhet_flood_2024\data\processed\patches_overlap128_optimistic\patch_2214.npz,3968,1664,0.499176025390625,high
f:\MAPATHON\sylhet_flood_2024\data\processed\patches_overlap128_optimistic\patch_2215.npz,3968,1792,0.5122528076171875,high
f:\MAPATHON\sylhet_flood_2024\data\processed\patches_overlap128_optimistic\patch_2216.npz,3968,1920,0.4594879150390625,high
f:\MAPATHON\sylhet_flood_2024\data\processed\patches_overlap128_optimistic\patch_2217.npz,3968,2048,0.3627471923828125,high
f:\MAPATHON\sylhet_flood_2024\data\processed\patches_overlap128_optimistic\patch_2218.npz,3968,2176,0.2919464111328125,high
f:\MAPATHON\sylhet_flood_2024\data\processed\patches_overlap128_optimistic\patch_2219.npz,3968,2304,0.2775726318359375,high
f:\MAPATHON\sylhet_flood_2024\data\processed\patches_overlap128_optimistic\patch_2220.npz,3968,2432,0.2842254638671875,high
f:\MAPATHON\sylhet_flood_2024\data\processed\patches_overlap128_optimistic\patch_2221.npz,3968,2560,0.3829803466796875,high
f:\MAPATHON\sylhet_flood_2024\data\processed\patches_overlap128_optimistic\patch_2222.npz,3968,2688,0.349151611328125,high
f:\MAPATHON\sylhet_flood_2024\data\processed\patches_overlap128_optimistic\patch_2223.npz,3968,2816,0.3827362060546875,high
f:\MAPATHON\sylhet_flood_2024\data\processed\patches_overlap128_optimistic\patch_2224.npz,3968,2944,0.393218994140625,high
f:\MAPATHON\sylhet_flood_2024\data\processed\patches_overlap128_optimistic\patch_2225.npz,3968,3072,0.391998291015625,high
f:\MAPATHON\sylhet_flood_2024\data\processed\patches_overlap128_optimistic\patch_2226.npz,3968,3200,0.412841796875,high
f:\MAPATHON\sylhet_flood_2024\data\processed\patches_overlap128_optimistic\patch_2227.npz,3968,3328,0.33709716796875,high
f:\MAPATHON\sylhet_flood_2024\data\processed\patches_overlap128_optimistic\patch_2228.npz,3968,3456,0.216644287109375,high
f:\MAPATHON\sylhet_flood_2024\data\processed\patches_overlap128_optimistic\patch_2229.npz,3968,3584,0.29150390625,high
f:\MAPATHON\sylhet_flood_2024\data\processed\patches_overlap128_optimistic\patch_2230.npz,3968,3712,0.26275634765625,high
f:\MAPATHON\sylhet_flood_2024\data\processed\patches_overlap128_optimistic\patch_2231.npz,3968,3840,0.2347259521484375,high
f:\MAPATHON\sylhet_flood_2024\data\processed\patches_overlap128_optimistic\patch_2232.npz,3968,3968,0.3077392578125,high
f:\MAPATHON\sylhet_flood_2024\data\processed\patches_overlap128_optimistic\patch_2233.npz,3968,4096,0.1182403564453125,medium
f:\MAPATHON\sylhet_flood_2024\data\processed\patches_overlap128_optimistic\patch_2234.npz,3968,4224,0.0079345703125,very_low
f:\MAPATHON\sylhet_flood_2024\data\processed\patches_overlap128_optimistic\patch_2235.npz,3968,4352,0.073455810546875,medium
f:\MAPATHON\sylhet_flood_2024\data\processed\patches_overlap128_optimistic\patch_2236.npz,3968,4480,0.25347900390625,high
f:\MAPATHON\sylhet_flood_2024\data\processed\patches_overlap128_optimistic\patch_2237.npz,3968,4608,0.3352508544921875,high
f:\MAPATHON\sylhet_flood_2024\data\processed\patches_overlap128_optimistic\patch_2238.npz,3968,4736,0.283203125,high
f:\MAPATHON\sylhet_flood_2024\data\processed\patches_overlap128_optimistic\patch_2239.npz,3968,4864,0.410186767578125,high
f:\MAPATHON\sylhet_flood_2024\data\processed\patches_overlap128_optimistic\patch_2240.npz,3968,4992,0.525238037109375,high
f:\MAPATHON\sylhet_flood_2024\data\processed\patches_overlap128_optimistic\patch_2241.npz,3968,5120,0.3674774169921875,high
f:\MAPATHON\sylhet_flood_2024\data\processed\patches_overlap128_optimistic\patch_2242.npz,3968,5248,0.2996063232421875,high
f:\MAPATHON\sylhet_flood_2024\data\processed\patches_overlap128_optimistic\patch_2243.npz,3968,5376,0.227783203125,high
f:\MAPATHON\sylhet_flood_2024\data\processed\patches_overlap128_optimistic\patch_2244.npz,3968,5504,0.055511474609375,medium
f:\MAPATHON\sylhet_flood_2024\data\processed\patches_overlap128_optimistic\patch_2245.npz,3968,5632,0.034576416015625,low
f:\MAPATHON\sylhet_flood_2024\data\processed\patches_overlap128_optimistic\patch_2246.npz,3968,5760,0.251373291015625,high
f:\MAPATHON\sylhet_flood_2024\data\processed\patches_overlap128_optimistic\patch_2247.npz,3968,5888,0.5867156982421875,high
f:\MAPATHON\sylhet_flood_2024\data\processed\patches_overlap128_optimistic\patch_2248.npz,3968,6016,0.5926361083984375,high
f:\MAPATHON\sylhet_flood_2024\data\processed\patches_overlap128_optimistic\patch_2249.npz,3968,6144,0.4775848388671875,high
f:\MAPATHON\sylhet_flood_2024\data\processed\patches_overlap128_optimistic\patch_2250.npz,3968,6272,0.4837493896484375,high
f:\MAPATHON\sylhet_flood_2024\data\processed\patches_overlap128_optimistic\patch_2251.npz,3968,6400,0.4124298095703125,high
f:\MAPATHON\sylhet_flood_2024\data\processed\patches_overlap128_optimistic\patch_2252.npz,3968,6528,0.21429443359375,high
f:\MAPATHON\sylhet_flood_2024\data\processed\patches_overlap128_optimistic\patch_2253.npz,3968,6656,0.03363037109375,low
f:\MAPATHON\sylhet_flood_2024\data\processed\patches_overlap128_optimistic\patch_2254.npz,3968,6784,0.0,dry
f:\MAPATHON\sylhet_flood_2024\data\processed\patches_overlap128_optimistic\patch_2255.npz,3968,6912,0.0,dry
f:\MAPATHON\sylhet_flood_2024\data\processed\patches_overlap128_optimistic\patch_2256.npz,3968,7040,0.0,dry
f:\MAPATHON\sylhet_flood_2024\data\processed\patches_overlap128_optimistic\patch_2257.npz,3968,7168,0.0,dry
f:\MAPATHON\sylhet_flood_2024\data\processed\patches_overlap128_optimistic\patch_2258.npz,3968,7296,0.0,dry
f:\MAPATHON\sylhet_flood_2024\data\processed\patches_overlap128_optimistic\patch_2259.npz,3968,7424,0.0,dry
f:\MAPATHON\sylhet_flood_2024\data\processed\patches_overlap128_optimistic\patch_2260.npz,3968,7552,0.0,dry
f:\MAPATHON\sylhet_flood_2024\data\processed\patches_overlap128_optimistic\patch_2261.npz,3968,7680,0.0,dry
f:\MAPATHON\sylhet_flood_2024\data\processed\patches_overlap128_optimistic\patch_2262.npz,3968,7808,0.0,dry
f:\MAPATHON\sylhet_flood_2024\data\processed\patches_overlap128_optimistic\patch_2263.npz,3968,7936,0.0,dry
f:\MAPATHON\sylhet_flood_2024\data\processed\patches_overlap128_optimistic\patch_2264.npz,3968,8064,0.0,dry
f:\MAPATHON\sylhet_flood_2024\data\processed\patches_overlap128_optimistic\patch_2265.npz,3968,8192,0.0,dry
f:\MAPATHON\sylhet_flood_2024\data\processed\patches_overlap128_optimistic\patch_2266.npz,3968,8320,0.0,dry
f:\MAPATHON\sylhet_flood_2024\data\processed\patches_overlap128_optimistic\patch_2267.npz,3968,8448,0.0,dry
f:\MAPATHON\sylhet_flood_2024\data\processed\patches_overlap128_optimistic\patch_2268.npz,3968,8576,0.0,dry
f:\MAPATHON\sylhet_flood_2024\data\processed\patches_overlap128_optimistic\patch_2269.npz,3968,8704,0.0,dry
f:\MAPATHON\sylhet_flood_2024\data\processed\patches_overlap128_optimistic\patch_2270.npz,3968,8832,0.0,dry
f:\MAPATHON\sylhet_flood_2024\data\processed\patches_overlap128_optimistic\patch_2271.npz,3968,8892,0.0,dry
f:\MAPATHON\sylhet_flood_2024\data\processed\patches_overlap128_optimistic\patch_2272.npz,4096,0,0.372283935546875,high
f:\MAPATHON\sylhet_flood_2024\data\processed\patches_overlap128_optimistic\patch_2273.npz,4096,128,0.35302734375,high
f:\MAPATHON\sylhet_flood_2024\data\processed\patches_overlap128_optimistic\patch_2274.npz,4096,256,0.4439697265625,high
f:\MAPATHON\sylhet_flood_2024\data\processed\patches_overlap128_optimistic\patch_2275.npz,4096,384,0.4781494140625,high
f:\MAPATHON\sylhet_flood_2024\data\processed\patches_overlap128_optimistic\patch_2276.npz,4096,512,0.4507904052734375,high
f:\MAPATHON\sylhet_flood_2024\data\processed\patches_overlap128_optimistic\patch_2277.npz,4096,640,0.3941192626953125,high
f:\MAPATHON\sylhet_flood_2024\data\processed\patches_overlap128_optimistic\patch_2278.npz,4096,768,0.488189697265625,high
f:\MAPATHON\sylhet_flood_2024\data\processed\patches_overlap128_optimistic\patch_2279.npz,4096,896,0.5650482177734375,high
f:\MAPATHON\sylhet_flood_2024\data\processed\patches_overlap128_optimistic\patch_2280.npz,4096,1024,0.5492095947265625,high
f:\MAPATHON\sylhet_flood_2024\data\processed\patches_overlap128_optimistic\patch_2281.npz,4096,1152,0.515045166015625,high
f:\MAPATHON\sylhet_flood_2024\data\processed\patches_overlap128_optimistic\patch_2282.npz,4096,1280,0.4273529052734375,high
f:\MAPATHON\sylhet_flood_2024\data\processed\patches_overlap128_optimistic\patch_2283.npz,4096,1408,0.2817840576171875,high
f:\MAPATHON\sylhet_flood_2024\data\processed\patches_overlap128_optimistic\patch_2284.npz,4096,1536,0.2544708251953125,high
f:\MAPATHON\sylhet_flood_2024\data\processed\patches_overlap128_optimistic\patch_2285.npz,4096,1664,0.4313507080078125,high
f:\MAPATHON\sylhet_flood_2024\data\processed\patches_overlap128_optimistic\patch_2286.npz,4096,1792,0.470550537109375,high
f:\MAPATHON\sylhet_flood_2024\data\processed\patches_overlap128_optimistic\patch_2287.npz,4096,1920,0.4642181396484375,high
f:\MAPATHON\sylhet_flood_2024\data\processed\patches_overlap128_optimistic\patch_2288.npz,4096,2048,0.394683837890625,high
f:\MAPATHON\sylhet_flood_2024\data\processed\patches_overlap128_optimistic\patch_2289.npz,4096,2176,0.2635955810546875,high
f:\MAPATHON\sylhet_flood_2024\data\processed\patches_overlap128_optimistic\patch_2290.npz,4096,2304,0.1735076904296875,medium
f:\MAPATHON\sylhet_flood_2024\data\processed\patches_overlap128_optimistic\patch_2291.npz,4096,2432,0.1949615478515625,medium
f:\MAPATHON\sylhet_flood_2024\data\processed\patches_overlap128_optimistic\patch_2292.npz,4096,2560,0.2581939697265625,high
f:\MAPATHON\sylhet_flood_2024\data\processed\patches_overlap128_optimistic\patch_2293.npz,4096,2688,0.2938385009765625,high
f:\MAPATHON\sylhet_flood_2024\data\processed\patches_overlap128_optimistic\patch_2294.npz,4096,2816,0.3611297607421875,high
f:\MAPATHON\sylhet_flood_2024\data\processed\patches_overlap128_optimistic\patch_2295.npz,4096,2944,0.2874603271484375,high
f:\MAPATHON\sylhet_flood_2024\data\processed\patches_overlap128_optimistic\patch_2296.npz,4096,3072,0.2049102783203125,high
f:\MAPATHON\sylhet_flood_2024\data\processed\patches_overlap128_optimistic\patch_2297.npz,4096,3200,0.281646728515625,high
f:\MAPATHON\sylhet_flood_2024\data\processed\patches_overlap128_optimistic\patch_2298.npz,4096,3328,0.293670654296875,high
f:\MAPATHON\sylhet_flood_2024\data\processed\patches_overlap128_optimistic\patch_2299.npz,4096,3456,0.19647216796875,medium
f:\MAPATHON\sylhet_flood_2024\data\processed\patches_overlap128_optimistic\patch_2300.npz,4096,3584,0.2580108642578125,high
f:\MAPATHON\sylhet_flood_2024\data\processed\patches_overlap128_optimistic\patch_2301.npz,4096,3712,0.2549896240234375,high
f:\MAPATHON\sylhet_flood_2024\data\processed\patches_overlap128_optimistic\patch_2302.npz,4096,3840,0.3468017578125,high
f:\MAPATHON\sylhet_flood_2024\data\processed\patches_overlap128_optimistic\patch_2303.npz,4096,3968,0.30126953125,high
f:\MAPATHON\sylhet_flood_2024\data\processed\patches_overlap128_optimistic\patch_2304.npz,4096,4096,0.0293426513671875,low
f:\MAPATHON\sylhet_flood_2024\data\processed\patches_overlap128_optimistic\patch_2305.npz,4096,4224,0.0,dry
f:\MAPATHON\sylhet_flood_2024\data\processed\patches_overlap128_optimistic\patch_2306.npz,4096,4352,0.001708984375,very_low
f:\MAPATHON\sylhet_flood_2024\data\processed\patches_overlap128_optimistic\patch_2307.npz,4096,4480,0.171234130859375,medium
f:\MAPATHON\sylhet_flood_2024\data\processed\patches_overlap128_optimistic\patch_2308.npz,4096,4608,0.22235107421875,high
f:\MAPATHON\sylhet_flood_2024\data\processed\patches_overlap128_optimistic\patch_2309.npz,4096,4736,0.235076904296875,high
f:\MAPATHON\sylhet_flood_2024\data\processed\patches_overlap128_optimistic\patch_2310.npz,4096,4864,0.4541015625,high
f:\MAPATHON\sylhet_flood_2024\data\processed\patches_overlap128_optimistic\patch_2311.npz,4096,4992,0.4984283447265625,high
f:\MAPATHON\sylhet_flood_2024\data\processed\patches_overlap128_optimistic\patch_2312.npz,4096,5120,0.359588623046875,high
f:\MAPATHON\sylhet_flood_2024\data\processed\patches_overlap128_optimistic\patch_2313.npz,4096,5248,0.3655548095703125,high
f:\MAPATHON\sylhet_flood_2024\data\processed\patches_overlap128_optimistic\patch_2314.npz,4096,5376,0.319915771484375,high
f:\MAPATHON\sylhet_flood_2024\data\processed\patches_overlap128_optimistic\patch_2315.npz,4096,5504,0.088775634765625,medium
f:\MAPATHON\sylhet_flood_2024\data\processed\patches_overlap128_optimistic\patch_2316.npz,4096,5632,0.050018310546875,medium
f:\MAPATHON\sylhet_flood_2024\data\processed\patches_overlap128_optimistic\patch_2317.npz,4096,5760,0.288970947265625,high
f:\MAPATHON\sylhet_flood_2024\data\processed\patches_overlap128_optimistic\patch_2318.npz,4096,5888,0.6680450439453125,high
f:\MAPATHON\sylhet_flood_2024\data\processed\patches_overlap128_optimistic\patch_2319.npz,4096,6016,0.7829742431640625,high
f:\MAPATHON\sylhet_flood_2024\data\processed\patches_overlap128_optimistic\patch_2320.npz,4096,6144,0.6191558837890625,high
f:\MAPATHON\sylhet_flood_2024\data\processed\patches_overlap128_optimistic\patch_2321.npz,4096,6272,0.5771331787109375,high
f:\MAPATHON\sylhet_flood_2024\data\processed\patches_overlap128_optimistic\patch_2322.npz,4096,6400,0.4715728759765625,high
f:\MAPATHON\sylhet_flood_2024\data\processed\patches_overlap128_optimistic\patch_2323.npz,4096,6528,0.1791229248046875,medium
f:\MAPATHON\sylhet_flood_2024\data\processed\patches_overlap128_optimistic\patch_2324.npz,4096,6656,0.02081298828125,low
f:\MAPATHON\sylhet_flood_2024\data\processed\patches_overlap128_optimistic\patch_2325.npz,4096,6784,0.0,dry
f:\MAPATHON\sylhet_flood_2024\data\processed\patches_overlap128_optimistic\patch_2326.npz,4096,6912,0.0,dry
f:\MAPATHON\sylhet_flood_2024\data\processed\patches_overlap128_optimistic\patch_2327.npz,4096,7040,0.0,dry
f:\MAPATHON\sylhet_flood_2024\data\processed\patches_overlap128_optimistic\patch_2328.npz,4096,7168,0.0,dry
f:\MAPATHON\sylhet_flood_2024\data\processed\patches_overlap128_optimistic\patch_2329.npz,4096,7296,0.0,dry
f:\MAPATHON\sylhet_flood_2024\data\processed\patches_overlap128_optimistic\patch_2330.npz,4096,7424,0.0,dry
f:\MAPATHON\sylhet_flood_2024\data\processed\patches_overlap128_optimistic\patch_2331.npz,4096,7552,0.0,dry
f:\MAPATHON\sylhet_flood_2024\data\processed\patches_overlap128_optimistic\patch_2332.npz,4096,7680,0.0,dry
f:\MAPATHON\sylhet_flood_2024\data\processed\patches_overlap128_optimistic\patch_2333.npz,4096,7808,0.0,dry
f:\MAPATHON\sylhet_flood_2024\data\processed\patches_overlap128_optimistic\patch_2334.npz,4096,7936,0.0,dry
f:\MAPATHON\sylhet_flood_2024\data\processed\patches_overlap128_optimistic\patch_2335.npz,4096,8064,0.0,dry
f:\MAPATHON\sylhet_flood_2024\data\processed\patches_overlap128_optimistic\patch_2336.npz,4096,8192,0.0,dry
f:\MAPATHON\sylhet_flood_2024\data\processed\patches_overlap128_optimistic\patch_2337.npz,4096,8320,0.0,dry
f:\MAPATHON\sylhet_flood_2024\data\processed\patches_overlap128_optimistic\patch_2338.npz,4096,8448,0.0,dry
f:\MAPATHON\sylhet_flood_2024\data\processed\patches_overlap128_optimistic\patch_2339.npz,4096,8576,0.0,dry
f:\MAPATHON\sylhet_flood_2024\data\processed\patches_overlap128_optimistic\patch_2340.npz,4096,8704,0.0,dry
f:\MAPATHON\sylhet_flood_2024\data\processed\patches_overlap128_optimistic\patch_2341.npz,4096,8832,0.0,dry
f:\MAPATHON\sylhet_flood_2024\data\processed\patches_overlap128_optimistic\patch_2342.npz,4096,8892,0.0,dry
f:\MAPATHON\sylhet_flood_2024\data\processed\patches_overlap128_optimistic\patch_2343.npz,4224,0,0.4313201904296875,high
f:\MAPATHON\sylhet_flood_2024\data\processed\patches_overlap128_optimistic\patch_2344.npz,4224,128,0.4324493408203125,high
f:\MAPATHON\sylhet_flood_2024\data\processed\patches_overlap128_optimistic\patch_2345.npz,4224,256,0.3834991455078125,high
f:\MAPATHON\sylhet_flood_2024\data\processed\patches_overlap128_optimistic\patch_2346.npz,4224,384,0.346588134765625,high
f:\MAPATHON\sylhet_flood_2024\data\processed\patches_overlap128_optimistic\patch_2347.npz,4224,512,0.4078369140625,high
f:\MAPATHON\sylhet_flood_2024\data\processed\patches_overlap128_optimistic\patch_2348.npz,4224,640,0.45294189453125,high
f:\MAPATHON\sylhet_flood_2024\data\processed\patches_overlap128_optimistic\patch_2349.npz,4224,768,0.519073486328125,high
f:\MAPATHON\sylhet_flood_2024\data\processed\patches_overlap128_optimistic\patch_2350.npz,4224,896,0.4894866943359375,high
f:\MAPATHON\sylhet_flood_2024\data\processed\patches_overlap128_optimistic\patch_2351.npz,4224,1024,0.4427642822265625,high
f:\MAPATHON\sylhet_flood_2024\data\processed\patches_overlap128_optimistic\patch_2352.npz,4224,1152,0.4477081298828125,high
f:\MAPATHON\sylhet_flood_2024\data\processed\patches_overlap128_optimistic\patch_2353.npz,4224,1280,0.3983917236328125,high
f:\MAPATHON\sylhet_flood_2024\data\processed\patches_overlap128_optimistic\patch_2354.npz,4224,1408,0.3600921630859375,high
f:\MAPATHON\sylhet_flood_2024\data\processed\patches_overlap128_optimistic\patch_2355.npz,4224,1536,0.3640899658203125,high
f:\MAPATHON\sylhet_flood_2024\data\processed\patches_overlap128_optimistic\patch_2356.npz,4224,1664,0.4326019287109375,high
f:\MAPATHON\sylhet_flood_2024\data\processed\patches_overlap128_optimistic\patch_2357.npz,4224,1792,0.3533172607421875,high
f:\MAPATHON\sylhet_flood_2024\data\processed\patches_overlap128_optimistic\patch_2358.npz,4224,1920,0.324249267578125,high
f:\MAPATHON\sylhet_flood_2024\data\processed\patches_overlap128_optimistic\patch_2359.npz,4224,2048,0.3651275634765625,high
f:\MAPATHON\sylhet_flood_2024\data\processed\patches_overlap128_optimistic\patch_2360.npz,4224,2176,0.360687255859375,high
f:\MAPATHON\sylhet_flood_2024\data\processed\patches_overlap128_optimistic\patch_2361.npz,4224,2304,0.2720184326171875,high
f:\MAPATHON\sylhet_flood_2024\data\processed\patches_overlap128_optimistic\patch_2362.npz,4224,2432,0.184326171875,medium
f:\MAPATHON\sylhet_flood_2024\data\processed\patches_overlap128_optimistic\patch_2363.npz,4224,2560,0.2765350341796875,high
f:\MAPATHON\sylhet_flood_2024\data\processed\patches_overlap128_optimistic\patch_2364.npz,4224,2688,0.4482879638671875,high
f:\MAPATHON\sylhet_flood_2024\data\processed\patches_overlap128_optimistic\patch_2365.npz,4224,2816,0.595855712890625,high
f:\MAPATHON\sylhet_flood_2024\data\processed\patches_overlap128_optimistic\patch_2366.npz,4224,2944,0.441986083984375,high
f:\MAPATHON\sylhet_flood_2024\data\processed\patches_overlap128_optimistic\patch_2367.npz,4224,3072,0.30242919921875,high
f:\MAPATHON\sylhet_flood_2024\data\processed\patches_overlap128_optimistic\patch_2368.npz,4224,3200,0.478240966796875,high
f:\MAPATHON\sylhet_flood_2024\data\processed\patches_overlap128_optimistic\patch_2369.npz,4224,3328,0.5227813720703125,high
f:\MAPATHON\sylhet_flood_2024\data\processed\patches_overlap128_optimistic\patch_2370.npz,4224,3456,0.391754150390625,high
f:\MAPATHON\sylhet_flood_2024\data\processed\patches_overlap128_optimistic\patch_2371.npz,4224,3584,0.40185546875,high
f:\MAPATHON\sylhet_flood_2024\data\processed\patches_overlap128_optimistic\patch_2372.npz,4224,3712,0.3463897705078125,high
f:\MAPATHON\sylhet_flood_2024\data\processed\patches_overlap128_optimistic\patch_2373.npz,4224,3840,0.2564544677734375,high
f:\MAPATHON\sylhet_flood_2024\data\processed\patches_overlap128_optimistic\patch_2374.npz,4224,3968,0.1579132080078125,medium
f:\MAPATHON\sylhet_flood_2024\data\processed\patches_overlap128_optimistic\patch_2375.npz,4224,4096,0.0077972412109375,very_low
f:\MAPATHON\sylhet_flood_2024\data\processed\patches_overlap128_optimistic\patch_2376.npz,4224,4224,0.0006256103515625,very_low
f:\MAPATHON\sylhet_flood_2024\data\processed\patches_overlap128_optimistic\patch_2377.npz,4224,4352,0.0582275390625,medium
f:\MAPATHON\sylhet_flood_2024\data\processed\patches_overlap128_optimistic\patch_2378.npz,4224,4480,0.2890777587890625,high
f:\MAPATHON\sylhet_flood_2024\data\processed\patches_overlap128_optimistic\patch_2379.npz,4224,4608,0.2716217041015625,high
f:\MAPATHON\sylhet_flood_2024\data\processed\patches_overlap128_optimistic\patch_2380.npz,4224,4736,0.2544097900390625,high
f:\MAPATHON\sylhet_flood_2024\data\processed\patches_overlap128_optimistic\patch_2381.npz,4224,4864,0.4364776611328125,high
f:\MAPATHON\sylhet_flood_2024\data\processed\patches_overlap128_optimistic\patch_2382.npz,4224,4992,0.4286956787109375,high
f:\MAPATHON\sylhet_flood_2024\data\processed\patches_overlap128_optimistic\patch_2383.npz,4224,5120,0.4148406982421875,high
f:\MAPATHON\sylhet_flood_2024\data\processed\patches_overlap128_optimistic\patch_2384.npz,4224,5248,0.5322723388671875,high
f:\MAPATHON\sylhet_flood_2024\data\processed\patches_overlap128_optimistic\patch_2385.npz,4224,5376,0.4364013671875,high
f:\MAPATHON\sylhet_flood_2024\data\processed\patches_overlap128_optimistic\patch_2386.npz,4224,5504,0.11248779296875,medium
f:\MAPATHON\sylhet_flood_2024\data\processed\patches_overlap128_optimistic\patch_2387.npz,4224,5632,0.042236328125,low
f:\MAPATHON\sylhet_flood_2024\data\processed\patches_overlap128_optimistic\patch_2388.npz,4224,5760,0.239593505859375,high
f:\MAPATHON\sylhet_flood_2024\data\processed\patches_overlap128_optimistic\patch_2389.npz,4224,5888,0.5380859375,high
f:\MAPATHON\sylhet_flood_2024\data\processed\patches_overlap128_optimistic\patch_2390.npz,4224,6016,0.6728057861328125,high
f:\MAPATHON\sylhet_flood_2024\data\processed\patches_overlap128_optimistic\patch_2391.npz,4224,6144,0.63262939453125,high
f:\MAPATHON\sylhet_flood_2024\data\processed\patches_overlap128_optimistic\patch_2392.npz,4224,6272,0.5855865478515625,high
f:\MAPATHON\sylhet_flood_2024\data\processed\patches_overlap128_optimistic\patch_2393.npz,4224,6400,0.3810577392578125,high
f:\MAPATHON\sylhet_flood_2024\data\processed\patches_overlap128_optimistic\patch_2394.npz,4224,6528,0.0990753173828125,medium
f:\MAPATHON\sylhet_flood_2024\data\processed\patches_overlap128_optimistic\patch_2395.npz,4224,6656,0.0030517578125,very_low
f:\MAPATHON\sylhet_flood_2024\data\processed\patches_overlap128_optimistic\patch_2396.npz,4224,6784,0.0,dry
f:\MAPATHON\sylhet_flood_2024\data\processed\patches_overlap128_optimistic\patch_2397.npz,4224,6912,0.0,dry
f:\MAPATHON\sylhet_flood_2024\data\processed\patches_overlap128_optimistic\patch_2398.npz,4224,7040,0.0,dry
f:\MAPATHON\sylhet_flood_2024\data\processed\patches_overlap128_optimistic\patch_2399.npz,4224,7168,0.0,dry
f:\MAPATHON\sylhet_flood_2024\data\processed\patches_overlap128_optimistic\patch_2400.npz,4224,7296,0.0,dry
f:\MAPATHON\sylhet_flood_2024\data\processed\patches_overlap128_optimistic\patch_2401.npz,4224,7424,0.0,dry
f:\MAPATHON\sylhet_flood_2024\data\processed\patches_overlap128_optimistic\patch_2402.npz,4224,7552,0.0,dry
f:\MAPATHON\sylhet_flood_2024\data\processed\patches_overlap128_optimistic\patch_2403.npz,4224,7680,0.0,dry
f:\MAPATHON\sylhet_flood_2024\data\processed\patches_overlap128_optimistic\patch_2404.npz,4224,7808,0.0,dry
f:\MAPATHON\sylhet_flood_2024\data\processed\patches_overlap128_optimistic\patch_2405.npz,4224,7936,0.0,dry
f:\MAPATHON\sylhet_flood_2024\data\processed\patches_overlap128_optimistic\patch_2406.npz,4224,8064,0.0,dry
f:\MAPATHON\sylhet_flood_2024\data\processed\patches_overlap128_optimistic\patch_2407.npz,4224,8192,0.0,dry
f:\MAPATHON\sylhet_flood_2024\data\processed\patches_overlap128_optimistic\patch_2408.npz,4224,8320,0.0,dry
f:\MAPATHON\sylhet_flood_2024\data\processed\patches_overlap128_optimistic\patch_2409.npz,4224,8448,0.0,dry
f:\MAPATHON\sylhet_flood_2024\data\processed\patches_overlap128_optimistic\patch_2410.npz,4224,8576,0.0,dry
f:\MAPATHON\sylhet_flood_2024\data\processed\patches_overlap128_optimistic\patch_2411.npz,4224,8704,0.0,dry
f:\MAPATHON\sylhet_flood_2024\data\processed\patches_overlap128_optimistic\patch_2412.npz,4224,8832,0.0,dry
f:\MAPATHON\sylhet_flood_2024\data\processed\patches_overlap128_optimistic\patch_2413.npz,4224,8892,0.0,dry
f:\MAPATHON\sylhet_flood_2024\data\processed\patches_overlap128_optimistic\patch_2414.npz,4352,0,0.54052734375,high
f:\MAPATHON\sylhet_flood_2024\data\processed\patches_overlap128_optimistic\patch_2415.npz,4352,128,0.5103759765625,high
f:\MAPATHON\sylhet_flood_2024\data\processed\patches_overlap128_optimistic\patch_2416.npz,4352,256,0.38677978515625,high
f:\MAPATHON\sylhet_flood_2024\data\processed\patches_overlap128_optimistic\patch_2417.npz,4352,384,0.364593505859375,high
f:\MAPATHON\sylhet_flood_2024\data\processed\patches_overlap128_optimistic\patch_2418.npz,4352,512,0.3905487060546875,high
f:\MAPATHON\sylhet_flood_2024\data\processed\patches_overlap128_optimistic\patch_2419.npz,4352,640,0.42529296875,high
f:\MAPATHON\sylhet_flood_2024\data\processed\patches_overlap128_optimistic\patch_2420.npz,4352,768,0.443084716796875,high
f:\MAPATHON\sylhet_flood_2024\data\processed\patches_overlap128_optimistic\patch_2421.npz,4352,896,0.424041748046875,high
f:\MAPATHON\sylhet_flood_2024\data\processed\patches_overlap128_optimistic\patch_2422.npz,4352,1024,0.385894775390625,high
f:\MAPATHON\sylhet_flood_2024\data\processed\patches_overlap128_optimistic\patch_2423.npz,4352,1152,0.3553466796875,high
f:\MAPATHON\sylhet_flood_2024\data\processed\patches_overlap128_optimistic\patch_2424.npz,4352,1280,0.269500732421875,high
f:\MAPATHON\sylhet_flood_2024\data\processed\patches_overlap128_optimistic\patch_2425.npz,4352,1408,0.263458251953125,high
f:\MAPATHON\sylhet_flood_2024\data\processed\patches_overlap128_optimistic\patch_2426.npz,4352,1536,0.3065032958984375,high
f:\MAPATHON\sylhet_flood_2024\data\processed\patches_overlap128_optimistic\patch_2427.npz,4352,1664,0.3121795654296875,high
f:\MAPATHON\sylhet_flood_2024\data\processed\patches_overlap128_optimistic\patch_2428.npz,4352,1792,0.2835235595703125,high
f:\MAPATHON\sylhet_flood_2024\data\processed\patches_overlap128_optimistic\patch_2429.npz,4352,1920,0.2842559814453125,high
f:\MAPATHON\sylhet_flood_2024\data\processed\patches_overlap128_optimistic\patch_2430.npz,4352,2048,0.3242950439453125,high
f:\MAPATHON\sylhet_flood_2024\data\processed\patches_overlap128_optimistic\patch_2431.npz,4352,2176,0.3899688720703125,high
f:\MAPATHON\sylhet_flood_2024\data\processed\patches_overlap128_optimistic\patch_2432.npz,4352,2304,0.3411102294921875,high
f:\MAPATHON\sylhet_flood_2024\data\processed\patches_overlap128_optimistic\patch_2433.npz,4352,2432,0.2711944580078125,high
f:\MAPATHON\sylhet_flood_2024\data\processed\patches_overlap128_optimistic\patch_2434.npz,4352,2560,0.3946533203125,high
f:\MAPATHON\sylhet_flood_2024\data\processed\patches_overlap128_optimistic\patch_2435.npz,4352,2688,0.49847412109375,high
f:\MAPATHON\sylhet_flood_2024\data\processed\patches_overlap128_optimistic\patch_2436.npz,4352,2816,0.6169891357421875,high
f:\MAPATHON\sylhet_flood_2024\data\processed\patches_overlap128_optimistic\patch_2437.npz,4352,2944,0.4708709716796875,high
f:\MAPATHON\sylhet_flood_2024\data\processed\patches_overlap128_optimistic\patch_2438.npz,4352,3072,0.3855133056640625,high
f:\MAPATHON\sylhet_flood_2024\data\processed\patches_overlap128_optimistic\patch_2439.npz,4352,3200,0.6128387451171875,high
f:\MAPATHON\sylhet_flood_2024\data\processed\patches_overlap128_optimistic\patch_2440.npz,4352,3328,0.6128387451171875,high
f:\MAPATHON\sylhet_flood_2024\data\processed\patches_overlap128_optimistic\patch_2441.npz,4352,3456,0.6353912353515625,high
f:\MAPATHON\sylhet_flood_2024\data\processed\patches_overlap128_optimistic\patch_2442.npz,4352,3584,0.783721923828125,high
f:\MAPATHON\sylhet_flood_2024\data\processed\patches_overlap128_optimistic\patch_2443.npz,4352,3712,0.56707763671875,high
f:\MAPATHON\sylhet_flood_2024\data\processed\patches_overlap128_optimistic\patch_2444.npz,4352,3840,0.23797607421875,high
f:\MAPATHON\sylhet_flood_2024\data\processed\patches_overlap128_optimistic\patch_2445.npz,4352,3968,0.1091156005859375,medium
f:\MAPATHON\sylhet_flood_2024\data\processed\patches_overlap128_optimistic\patch_2446.npz,4352,4096,0.017730712890625,low
f:\MAPATHON\sylhet_flood_2024\data\processed\patches_overlap128_optimistic\patch_2447.npz,4352,4224,0.052947998046875,medium
f:\MAPATHON\sylhet_flood_2024\data\processed\patches_overlap128_optimistic\patch_2448.npz,4352,4352,0.205078125,high
f:\MAPATHON\sylhet_flood_2024\data\processed\patches_overlap128_optimistic\patch_2449.npz,4352,4480,0.3298187255859375,high
f:\MAPATHON\sylhet_flood_2024\data\processed\patches_overlap128_optimistic\patch_2450.npz,4352,4608,0.278076171875,high
f:\MAPATHON\sylhet_flood_2024\data\processed\patches_overlap128_optimistic\patch_2451.npz,4352,4736,0.3470611572265625,high
f:\MAPATHON\sylhet_flood_2024\data\processed\patches_overlap128_optimistic\patch_2452.npz,4352,4864,0.4570465087890625,high
f:\MAPATHON\sylhet_flood_2024\data\processed\patches_overlap128_optimistic\patch_2453.npz,4352,4992,0.3975372314453125,high
f:\MAPATHON\sylhet_flood_2024\data\processed\patches_overlap128_optimistic\patch_2454.npz,4352,5120,0.4459991455078125,high
f:\MAPATHON\sylhet_flood_2024\data\processed\patches_overlap128_optimistic\patch_2455.npz,4352,5248,0.593109130859375,high
f:\MAPATHON\sylhet_flood_2024\data\processed\patches_overlap128_optimistic\patch_2456.npz,4352,5376,0.4085235595703125,high
f:\MAPATHON\sylhet_flood_2024\data\processed\patches_overlap128_optimistic\patch_2457.npz,4352,5504,0.084503173828125,medium
f:\MAPATHON\sylhet_flood_2024\data\processed\patches_overlap128_optimistic\patch_2458.npz,4352,5632,0.0419921875,low
f:\MAPATHON\sylhet_flood_2024\data\processed\patches_overlap128_optimistic\patch_2459.npz,4352,5760,0.1555023193359375,medium
f:\MAPATHON\sylhet_flood_2024\data\processed\patches_overlap128_optimistic\patch_2460.npz,4352,5888,0.307037353515625,high
f:\MAPATHON\sylhet_flood_2024\data\processed\patches_overlap128_optimistic\patch_2461.npz,4352,6016,0.4852752685546875,high
f:\MAPATHON\sylhet_flood_2024\data\processed\patches_overlap128_optimistic\patch_2462.npz,4352,6144,0.6541290283203125,high
f:\MAPATHON\sylhet_flood_2024\data\processed\patches_overlap128_optimistic\patch_2463.npz,4352,6272,0.5502471923828125,high
f:\MAPATHON\sylhet_flood_2024\data\processed\patches_overlap128_optimistic\patch_2464.npz,4352,6400,0.206024169921875,high
f:\MAPATHON\sylhet_flood_2024\data\processed\patches_overlap128_optimistic\patch_2465.npz,4352,6528,0.0083160400390625,very_low
f:\MAPATHON\sylhet_flood_2024\data\processed\patches_overlap128_optimistic\patch_2466.npz,4352,6656,0.0004119873046875,very_low
f:\MAPATHON\sylhet_flood_2024\data\processed\patches_overlap128_optimistic\patch_2467.npz,4352,6784,0.0,dry
f:\MAPATHON\sylhet_flood_2024\data\processed\patches_overlap128_optimistic\patch_2468.npz,4352,6912,0.0,dry
f:\MAPATHON\sylhet_flood_2024\data\processed\patches_overlap128_optimistic\patch_2469.npz,4352,7040,0.0,dry
f:\MAPATHON\sylhet_flood_2024\data\processed\patches_overlap128_optimistic\patch_2470.npz,4352,7168,0.0,dry
f:\MAPATHON\sylhet_flood_2024\data\processed\patches_overlap128_optimistic\patch_2471.npz,4352,7296,0.0,dry
f:\MAPATHON\sylhet_flood_2024\data\processed\patches_overlap128_optimistic\patch_2472.npz,4352,7424,0.0,dry
f:\MAPATHON\sylhet_flood_2024\data\processed\patches_overlap128_optimistic\patch_2473.npz,4352,7552,0.0,dry
f:\MAPATHON\sylhet_flood_2024\data\processed\patches_overlap128_optimistic\patch_2474.npz,4352,7680,0.0,dry
f:\MAPATHON\sylhet_flood_2024\data\processed\patches_overlap128_optimistic\patch_2475.npz,4352,7808,0.0,dry
f:\MAPATHON\sylhet_flood_2024\data\processed\patches_overlap128_optimistic\patch_2476.npz,4352,7936,0.0,dry
f:\MAPATHON\sylhet_flood_2024\data\processed\patches_overlap128_optimistic\patch_2477.npz,4352,8064,0.0,dry
f:\MAPATHON\sylhet_flood_2024\data\processed\patches_overlap128_optimistic\patch_2478.npz,4352,8192,0.0,dry
f:\MAPATHON\sylhet_flood_2024\data\processed\patches_overlap128_optimistic\patch_2479.npz,4352,8320,0.0,dry
f:\MAPATHON\sylhet_flood_2024\data\processed\patches_overlap128_optimistic\patch_2480.npz,4352,8448,0.0,dry
f:\MAPATHON\sylhet_flood_2024\data\processed\patches_overlap128_optimistic\patch_2481.npz,4352,8576,0.0,dry
f:\MAPATHON\sylhet_flood_2024\data\processed\patches_overlap128_optimistic\patch_2482.npz,4352,8704,0.0,dry
f:\MAPATHON\sylhet_flood_2024\data\processed\patches_overlap128_optimistic\patch_2483.npz,4352,8832,0.0,dry
f:\MAPATHON\sylhet_flood_2024\data\processed\patches_overlap128_optimistic\patch_2484.npz,4352,8892,0.0,dry
f:\MAPATHON\sylhet_flood_2024\data\processed\patches_overlap128_optimistic\patch_2485.npz,4480,0,0.5279541015625,high
f:\MAPATHON\sylhet_flood_2024\data\processed\patches_overlap128_optimistic\patch_2486.npz,4480,128,0.591949462890625,high
f:\MAPATHON\sylhet_flood_2024\data\processed\patches_overlap128_optimistic\patch_2487.npz,4480,256,0.594482421875,high
f:\MAPATHON\sylhet_flood_2024\data\processed\patches_overlap128_optimistic\patch_2488.npz,4480,384,0.5033721923828125,high
f:\MAPATHON\sylhet_flood_2024\data\processed\patches_overlap128_optimistic\patch_2489.npz,4480,512,0.5135498046875,high
f:\MAPATHON\sylhet_flood_2024\data\processed\patches_overlap128_optimistic\patch_2490.npz,4480,640,0.574005126953125,high
f:\MAPATHON\sylhet_flood_2024\data\processed\patches_overlap128_optimistic\patch_2491.npz,4480,768,0.445556640625,high
f:\MAPATHON\sylhet_flood_2024\data\processed\patches_overlap128_optimistic\patch_2492.npz,4480,896,0.3912506103515625,high
f:\MAPATHON\sylhet_flood_2024\data\processed\patches_overlap128_optimistic\patch_2493.npz,4480,1024,0.4449310302734375,high
f:\MAPATHON\sylhet_flood_2024\data\processed\patches_overlap128_optimistic\patch_2494.npz,4480,1152,0.4393463134765625,high
f:\MAPATHON\sylhet_flood_2024\data\processed\patches_overlap128_optimistic\patch_2495.npz,4480,1280,0.3347015380859375,high
f:\MAPATHON\sylhet_flood_2024\data\processed\patches_overlap128_optimistic\patch_2496.npz,4480,1408,0.2381439208984375,high
f:\MAPATHON\sylhet_flood_2024\data\processed\patches_overlap128_optimistic\patch_2497.npz,4480,1536,0.18646240234375,medium
f:\MAPATHON\sylhet_flood_2024\data\processed\patches_overlap128_optimistic\patch_2498.npz,4480,1664,0.1569976806640625,medium
f:\MAPATHON\sylhet_flood_2024\data\processed\patches_overlap128_optimistic\patch_2499.npz,4480,1792,0.248016357421875,high
f:\MAPATHON\sylhet_flood_2024\data\processed\patches_overlap128_optimistic\patch_2500.npz,4480,1920,0.43341064453125,high
f:\MAPATHON\sylhet_flood_2024\data\processed\patches_overlap128_optimistic\patch_2501.npz,4480,2048,0.434783935546875,high
f:\MAPATHON\sylhet_flood_2024\data\processed\patches_overlap128_optimistic\patch_2502.npz,4480,2176,0.3208160400390625,high
f:\MAPATHON\sylhet_flood_2024\data\processed\patches_overlap128_optimistic\patch_2503.npz,4480,2304,0.31005859375,high
f:\MAPATHON\sylhet_flood_2024\data\processed\patches_overlap128_optimistic\patch_2504.npz,4480,2432,0.4637451171875,high
f:\MAPATHON\sylhet_flood_2024\data\processed\patches_overlap128_optimistic\patch_2505.npz,4480,2560,0.5678558349609375,high
f:\MAPATHON\sylhet_flood_2024\data\processed\patches_overlap128_optimistic\patch_2506.npz,4480,2688,0.476837158203125,high
f:\MAPATHON\sylhet_flood_2024\data\processed\patches_overlap128_optimistic\patch_2507.npz,4480,2816,0.4642333984375,high
f:\MAPATHON\sylhet_flood_2024\data\processed\patches_overlap128_optimistic\patch_2508.npz,4480,2944,0.4006805419921875,high
f:\MAPATHON\sylhet_flood_2024\data\processed\patches_overlap128_optimistic\patch_2509.npz,4480,3072,0.3773040771484375,high
f:\MAPATHON\sylhet_flood_2024\data\processed\patches_overlap128_optimistic\patch_2510.npz,4480,3200,0.574920654296875,high
f:\MAPATHON\sylhet_flood_2024\data\processed\patches_overlap128_optimistic\patch_2511.npz,4480,3328,0.6079559326171875,high
f:\MAPATHON\sylhet_flood_2024\data\processed\patches_overlap128_optimistic\patch_2512.npz,4480,3456,0.5617523193359375,high
f:\MAPATHON\sylhet_flood_2024\data\processed\patches_overlap128_optimistic\patch_2513.npz,4480,3584,0.6918182373046875,high
f:\MAPATHON\sylhet_flood_2024\data\processed\patches_overlap128_optimistic\patch_2514.npz,4480,3712,0.65191650390625,high
f:\MAPATHON\sylhet_flood_2024\data\processed\patches_overlap128_optimistic\patch_2515.npz,4480,3840,0.45721435546875,high
f:\MAPATHON\sylhet_flood_2024\data\processed\patches_overlap128_optimistic\patch_2516.npz,4480,3968,0.3213958740234375,high
f:\MAPATHON\sylhet_flood_2024\data\processed\patches_overlap128_optimistic\patch_2517.npz,4480,4096,0.12945556640625,medium
f:\MAPATHON\sylhet_flood_2024\data\processed\patches_overlap128_optimistic\patch_2518.npz,4480,4224,0.198822021484375,medium
f:\MAPATHON\sylhet_flood_2024\data\processed\patches_overlap128_optimistic\patch_2519.npz,4480,4352,0.3800506591796875,high
f:\MAPATHON\sylhet_flood_2024\data\processed\patches_overlap128_optimistic\patch_2520.npz,4480,4480,0.37506103515625,high
f:\MAPATHON\sylhet_flood_2024\data\processed\patches_overlap128_optimistic\patch_2521.npz,4480,4608,0.463470458984375,high
f:\MAPATHON\sylhet_flood_2024\data\processed\patches_overlap128_optimistic\patch_2522.npz,4480,4736,0.5458984375,high
f:\MAPATHON\sylhet_flood_2024\data\processed\patches_overlap128_optimistic\patch_2523.npz,4480,4864,0.4890289306640625,high
f:\MAPATHON\sylhet_flood_2024\data\processed\patches_overlap128_optimistic\patch_2524.npz,4480,4992,0.4023284912109375,high
f:\MAPATHON\sylhet_flood_2024\data\processed\patches_overlap128_optimistic\patch_2525.npz,4480,5120,0.495361328125,high
f:\MAPATHON\sylhet_flood_2024\data\processed\patches_overlap128_optimistic\patch_2526.npz,4480,5248,0.5861053466796875,high
f:\MAPATHON\sylhet_flood_2024\data\processed\patches_overlap128_optimistic\patch_2527.npz,4480,5376,0.3286895751953125,high
f:\MAPATHON\sylhet_flood_2024\data\processed\patches_overlap128_optimistic\patch_2528.npz,4480,5504,0.1175537109375,medium
f:\MAPATHON\sylhet_flood_2024\data\processed\patches_overlap128_optimistic\patch_2529.npz,4480,5632,0.10552978515625,medium
f:\MAPATHON\sylhet_flood_2024\data\processed\patches_overlap128_optimistic\patch_2530.npz,4480,5760,0.0982818603515625,medium
f:\MAPATHON\sylhet_flood_2024\data\processed\patches_overlap128_optimistic\patch_2531.npz,4480,5888,0.127166748046875,medium
f:\MAPATHON\sylhet_flood_2024\data\processed\patches_overlap128_optimistic\patch_2532.npz,4480,6016,0.340087890625,high
f:\MAPATHON\sylhet_flood_2024\data\processed\patches_overlap128_optimistic\patch_2533.npz,4480,6144,0.6270751953125,high
f:\MAPATHON\sylhet_flood_2024\data\processed\patches_overlap128_optimistic\patch_2534.npz,4480,6272,0.508758544921875,high
f:\MAPATHON\sylhet_flood_2024\data\processed\patches_overlap128_optimistic\patch_2535.npz,4480,6400,0.1512603759765625,medium
f:\MAPATHON\sylhet_flood_2024\data\processed\patches_overlap128_optimistic\patch_2536.npz,4480,6528,0.0,dry
f:\MAPATHON\sylhet_flood_2024\data\processed\patches_overlap128_optimistic\patch_2537.npz,4480,6656,0.0,dry
f:\MAPATHON\sylhet_flood_2024\data\processed\patches_overlap128_optimistic\patch_2538.npz,4480,6784,0.0,dry
f:\MAPATHON\sylhet_flood_2024\data\processed\patches_overlap128_optimistic\patch_2539.npz,4480,6912,0.0,dry
f:\MAPATHON\sylhet_flood_2024\data\processed\patches_overlap128_optimistic\patch_2540.npz,4480,7040,0.0,dry
f:\MAPATHON\sylhet_flood_2024\data\processed\patches_overlap128_optimistic\patch_2541.npz,4480,7168,0.0,dry
f:\MAPATHON\sylhet_flood_2024\data\processed\patches_overlap128_optimistic\patch_2542.npz,4480,7296,0.0,dry
f:\MAPATHON\sylhet_flood_2024\data\processed\patches_overlap128_optimistic\patch_2543.npz,4480,7424,0.0,dry
f:\MAPATHON\sylhet_flood_2024\data\processed\patches_overlap128_optimistic\patch_2544.npz,4480,7552,0.0,dry
f:\MAPATHON\sylhet_flood_2024\data\processed\patches_overlap128_optimistic\patch_2545.npz,4480,7680,0.0,dry
f:\MAPATHON\sylhet_flood_2024\data\processed\patches_overlap128_optimistic\patch_2546.npz,4480,7808,0.0,dry
f:\MAPATHON\sylhet_flood_2024\data\processed\patches_overlap128_optimistic\patch_2547.npz,4480,7936,0.0,dry
f:\MAPATHON\sylhet_flood_2024\data\processed\patches_overlap128_optimistic\patch_2548.npz,4480,8064,0.0,dry
f:\MAPATHON\sylhet_flood_2024\data\processed\patches_overlap128_optimistic\patch_2549.npz,4480,8192,0.0,dry
f:\MAPATHON\sylhet_flood_2024\data\processed\patches_overlap128_optimistic\patch_2550.npz,4480,8320,0.0,dry
f:\MAPATHON\sylhet_flood_2024\data\processed\patches_overlap128_optimistic\patch_2551.npz,4480,8448,0.0,dry
f:\MAPATHON\sylhet_flood_2024\data\processed\patches_overlap128_optimistic\patch_2552.npz,4480,8576,0.0,dry
f:\MAPATHON\sylhet_flood_2024\data\processed\patches_overlap128_optimistic\patch_2553.npz,4480,8704,0.0,dry
f:\MAPATHON\sylhet_flood_2024\data\processed\patches_overlap128_optimistic\patch_2554.npz,4480,8832,0.0,dry
f:\MAPATHON\sylhet_flood_2024\data\processed\patches_overlap128_optimistic\patch_2555.npz,4480,8892,0.0,dry
f:\MAPATHON\sylhet_flood_2024\data\processed\patches_overlap128_optimistic\patch_2556.npz,4608,0,0.5431976318359375,high
f:\MAPATHON\sylhet_flood_2024\data\processed\patches_overlap128_optimistic\patch_2557.npz,4608,128,0.6335906982421875,high
f:\MAPATHON\sylhet_flood_2024\data\processed\patches_overlap128_optimistic\patch_2558.npz,4608,256,0.561614990234375,high
f:\MAPATHON\sylhet_flood_2024\data\processed\patches_overlap128_optimistic\patch_2559.npz,4608,384,0.484710693359375,high
f:\MAPATHON\sylhet_flood_2024\data\processed\patches_overlap128_optimistic\patch_2560.npz,4608,512,0.5323944091796875,high
f:\MAPATHON\sylhet_flood_2024\data\processed\patches_overlap128_optimistic\patch_2561.npz,4608,640,0.636444091796875,high
f:\MAPATHON\sylhet_flood_2024\data\processed\patches_overlap128_optimistic\patch_2562.npz,4608,768,0.515777587890625,high
f:\MAPATHON\sylhet_flood_2024\data\processed\patches_overlap128_optimistic\patch_2563.npz,4608,896,0.379150390625,high
f:\MAPATHON\sylhet_flood_2024\data\processed\patches_overlap128_optimistic\patch_2564.npz,4608,1024,0.493927001953125,high
f:\MAPATHON\sylhet_flood_2024\data\processed\patches_overlap128_optimistic\patch_2565.npz,4608,1152,0.52032470703125,high
f:\MAPATHON\sylhet_flood_2024\data\processed\patches_overlap128_optimistic\patch_2566.npz,4608,1280,0.4797515869140625,high
f:\MAPATHON\sylhet_flood_2024\data\processed\patches_overlap128_optimistic\patch_2567.npz,4608,1408,0.4535980224609375,high
f:\MAPATHON\sylhet_flood_2024\data\processed\patches_overlap128_optimistic\patch_2568.npz,4608,1536,0.388275146484375,high
f:\MAPATHON\sylhet_flood_2024\data\processed\patches_overlap128_optimistic\patch_2569.npz,4608,1664,0.265411376953125,high
f:\MAPATHON\sylhet_flood_2024\data\processed\patches_overlap128_optimistic\patch_2570.npz,4608,1792,0.288055419921875,high
f:\MAPATHON\sylhet_flood_2024\data\processed\patches_overlap128_optimistic\patch_2571.npz,4608,1920,0.52783203125,high
f:\MAPATHON\sylhet_flood_2024\data\processed\patches_overlap128_optimistic\patch_2572.npz,4608,2048,0.5565338134765625,high
f:\MAPATHON\sylhet_flood_2024\data\processed\patches_overlap128_optimistic\patch_2573.npz,4608,2176,0.3618011474609375,high
f:\MAPATHON\sylhet_flood_2024\data\processed\patches_overlap128_optimistic\patch_2574.npz,4608,2304,0.3593292236328125,high
f:\MAPATHON\sylhet_flood_2024\data\processed\patches_overlap128_optimistic\patch_2575.npz,4608,2432,0.5797882080078125,high
f:\MAPATHON\sylhet_flood_2024\data\processed\patches_overlap128_optimistic\patch_2576.npz,4608,2560,0.5796356201171875,high
f:\MAPATHON\sylhet_flood_2024\data\processed\patches_overlap128_optimistic\patch_2577.npz,4608,2688,0.4369659423828125,high
f:\MAPATHON\sylhet_flood_2024\data\processed\patches_overlap128_optimistic\patch_2578.npz,4608,2816,0.4662017822265625,high
f:\MAPATHON\sylhet_flood_2024\data\processed\patches_overlap128_optimistic\patch_2579.npz,4608,2944,0.4931793212890625,high
f:\MAPATHON\sylhet_flood_2024\data\processed\patches_overlap128_optimistic\patch_2580.npz,4608,3072,0.4097137451171875,high
f:\MAPATHON\sylhet_flood_2024\data\processed\patches_overlap128_optimistic\patch_2581.npz,4608,3200,0.4346771240234375,high
f:\MAPATHON\sylhet_flood_2024\data\processed\patches_overlap128_optimistic\patch_2582.npz,4608,3328,0.445648193359375,high
f:\MAPATHON\sylhet_flood_2024\data\processed\patches_overlap128_optimistic\patch_2583.npz,4608,3456,0.3564453125,high
f:\MAPATHON\sylhet_flood_2024\data\processed\patches_overlap128_optimistic\patch_2584.npz,4608,3584,0.4529876708984375,high
f:\MAPATHON\sylhet_flood_2024\data\processed\patches_overlap128_optimistic\patch_2585.npz,4608,3712,0.6547393798828125,high
f:\MAPATHON\sylhet_flood_2024\data\processed\patches_overlap128_optimistic\patch_2586.npz,4608,3840,0.6885223388671875,high
f:\MAPATHON\sylhet_flood_2024\data\processed\patches_overlap128_optimistic\patch_2587.npz,4608,3968,0.5146636962890625,high
f:\MAPATHON\sylhet_flood_2024\data\processed\patches_overlap128_optimistic\patch_2588.npz,4608,4096,0.2169189453125,high
f:\MAPATHON\sylhet_flood_2024\data\processed\patches_overlap128_optimistic\patch_2589.npz,4608,4224,0.3430938720703125,high
f:\MAPATHON\sylhet_flood_2024\data\processed\patches_overlap128_optimistic\patch_2590.npz,4608,4352,0.5135650634765625,high
f:\MAPATHON\sylhet_flood_2024\data\processed\patches_overlap128_optimistic\patch_2591.npz,4608,4480,0.404632568359375,high
f:\MAPATHON\sylhet_flood_2024\data\processed\patches_overlap128_optimistic\patch_2592.npz,4608,4608,0.5572357177734375,high
f:\MAPATHON\sylhet_flood_2024\data\processed\patches_overlap128_optimistic\patch_2593.npz,4608,4736,0.6964263916015625,high
f:\MAPATHON\sylhet_flood_2024\data\processed\patches_overlap128_optimistic\patch_2594.npz,4608,4864,0.6212158203125,high
f:\MAPATHON\sylhet_flood_2024\data\processed\patches_overlap128_optimistic\patch_2595.npz,4608,4992,0.5019989013671875,high
f:\MAPATHON\sylhet_flood_2024\data\processed\patches_overlap128_optimistic\patch_2596.npz,4608,5120,0.6042327880859375,high
f:\MAPATHON\sylhet_flood_2024\data\processed\patches_overlap128_optimistic\patch_2597.npz,4608,5248,0.626495361328125,high
f:\MAPATHON\sylhet_flood_2024\data\processed\patches_overlap128_optimistic\patch_2598.npz,4608,5376,0.42791748046875,high
f:\MAPATHON\sylhet_flood_2024\data\processed\patches_overlap128_optimistic\patch_2599.npz,4608,5504,0.291534423828125,high
f:\MAPATHON\sylhet_flood_2024\data\processed\patches_overlap128_optimistic\patch_2600.npz,4608,5632,0.1790618896484375,medium
f:\MAPATHON\sylhet_flood_2024\data\processed\patches_overlap128_optimistic\patch_2601.npz,4608,5760,0.0933837890625,medium
f:\MAPATHON\sylhet_flood_2024\data\processed\patches_overlap128_optimistic\patch_2602.npz,4608,5888,0.1206512451171875,medium
f:\MAPATHON\sylhet_flood_2024\data\processed\patches_overlap128_optimistic\patch_2603.npz,4608,6016,0.36328125,high
f:\MAPATHON\sylhet_flood_2024\data\processed\patches_overlap128_optimistic\patch_2604.npz,4608,6144,0.4662322998046875,high
f:\MAPATHON\sylhet_flood_2024\data\processed\patches_overlap128_optimistic\patch_2605.npz,4608,6272,0.2404327392578125,high
f:\MAPATHON\sylhet_flood_2024\data\processed\patches_overlap128_optimistic\patch_2606.npz,4608,6400,0.0445098876953125,low
f:\MAPATHON\sylhet_flood_2024\data\processed\patches_overlap128_optimistic\patch_2607.npz,4608,6528,0.0,dry
f:\MAPATHON\sylhet_flood_2024\data\processed\patches_overlap128_optimistic\patch_2608.npz,4608,6656,0.0,dry
f:\MAPATHON\sylhet_flood_2024\data\processed\patches_overlap128_optimistic\patch_2609.npz,4608,6784,0.0,dry
f:\MAPATHON\sylhet_flood_2024\data\processed\patches_overlap128_optimistic\patch_2610.npz,4608,6912,0.0,dry
f:\MAPATHON\sylhet_flood_2024\data\processed\patches_overlap128_optimistic\patch_2611.npz,4608,7040,0.0,dry
f:\MAPATHON\sylhet_flood_2024\data\processed\patches_overlap128_optimistic\patch_2612.npz,4608,7168,0.0,dry
f:\MAPATHON\sylhet_flood_2024\data\processed\patches_overlap128_optimistic\patch_2613.npz,4608,7296,0.0,dry
f:\MAPATHON\sylhet_flood_2024\data\processed\patches_overlap128_optimistic\patch_2614.npz,4608,7424,0.0,dry
f:\MAPATHON\sylhet_flood_2024\data\processed\patches_overlap128_optimistic\patch_2615.npz,4608,7552,0.0,dry
f:\MAPATHON\sylhet_flood_2024\data\processed\patches_overlap128_optimistic\patch_2616.npz,4608,7680,0.0,dry
f:\MAPATHON\sylhet_flood_2024\data\processed\patches_overlap128_optimistic\patch_2617.npz,4608,7808,0.0,dry
f:\MAPATHON\sylhet_flood_2024\data\processed\patches_overlap128_optimistic\patch_2618.npz,4608,7936,0.0,dry
f:\MAPATHON\sylhet_flood_2024\data\processed\patches_overlap128_optimistic\patch_2619.npz,4608,8064,0.0,dry
f:\MAPATHON\sylhet_flood_2024\data\processed\patches_overlap128_optimistic\patch_2620.npz,4608,8192,0.0,dry
f:\MAPATHON\sylhet_flood_2024\data\processed\patches_overlap128_optimistic\patch_2621.npz,4608,8320,0.0,dry
f:\MAPATHON\sylhet_flood_2024\data\processed\patches_overlap128_optimistic\patch_2622.npz,4608,8448,0.0,dry
f:\MAPATHON\sylhet_flood_2024\data\processed\patches_overlap128_optimistic\patch_2623.npz,4608,8576,0.0,dry
f:\MAPATHON\sylhet_flood_2024\data\processed\patches_overlap128_optimistic\patch_2624.npz,4608,8704,0.0,dry
f:\MAPATHON\sylhet_flood_2024\data\processed\patches_overlap128_optimistic\patch_2625.npz,4608,8832,0.0,dry
f:\MAPATHON\sylhet_flood_2024\data\processed\patches_overlap128_optimistic\patch_2626.npz,4608,8892,0.0,dry
f:\MAPATHON\sylhet_flood_2024\data\processed\patches_overlap128_optimistic\patch_2627.npz,4736,0,0.5448760986328125,high
f:\MAPATHON\sylhet_flood_2024\data\processed\patches_overlap128_optimistic\patch_2628.npz,4736,128,0.4601593017578125,high
f:\MAPATHON\sylhet_flood_2024\data\processed\patches_overlap128_optimistic\patch_2629.npz,4736,256,0.4235382080078125,high
f:\MAPATHON\sylhet_flood_2024\data\processed\patches_overlap128_optimistic\patch_2630.npz,4736,384,0.5128021240234375,high
f:\MAPATHON\sylhet_flood_2024\data\processed\patches_overlap128_optimistic\patch_2631.npz,4736,512,0.50042724609375,high
f:\MAPATHON\sylhet_flood_2024\data\processed\patches_overlap128_optimistic\patch_2632.npz,4736,640,0.5200042724609375,high
f:\MAPATHON\sylhet_flood_2024\data\processed\patches_overlap128_optimistic\patch_2633.npz,4736,768,0.4411468505859375,high
f:\MAPATHON\sylhet_flood_2024\data\processed\patches_overlap128_optimistic\patch_2634.npz,4736,896,0.353515625,high
f:\MAPATHON\sylhet_flood_2024\data\processed\patches_overlap128_optimistic\patch_2635.npz,4736,1024,0.4907989501953125,high
f:\MAPATHON\sylhet_flood_2024\data\processed\patches_overlap128_optimistic\patch_2636.npz,4736,1152,0.4846038818359375,high
f:\MAPATHON\sylhet_flood_2024\data\processed\patches_overlap128_optimistic\patch_2637.npz,4736,1280,0.4180145263671875,high
f:\MAPATHON\sylhet_flood_2024\data\processed\patches_overlap128_optimistic\patch_2638.npz,4736,1408,0.4527740478515625,high
f:\MAPATHON\sylhet_flood_2024\data\processed\patches_overlap128_optimistic\patch_2639.npz,4736,1536,0.526031494140625,high
f:\MAPATHON\sylhet_flood_2024\data\processed\patches_overlap128_optimistic\patch_2640.npz,4736,1664,0.3624267578125,high
f:\MAPATHON\sylhet_flood_2024\data\processed\patches_overlap128_optimistic\patch_2641.npz,4736,1792,0.2122955322265625,high
f:\MAPATHON\sylhet_flood_2024\data\processed\patches_overlap128_optimistic\patch_2642.npz,4736,1920,0.435760498046875,high
f:\MAPATHON\sylhet_flood_2024\data\processed\patches_overlap128_optimistic\patch_2643.npz,4736,2048,0.539642333984375,high
f:\MAPATHON\sylhet_flood_2024\data\processed\patches_overlap128_optimistic\patch_2644.npz,4736,2176,0.352203369140625,high
f:\MAPATHON\sylhet_flood_2024\data\processed\patches_overlap128_optimistic\patch_2645.npz,4736,2304,0.319549560546875,high
f:\MAPATHON\sylhet_flood_2024\data\processed\patches_overlap128_optimistic\patch_2646.npz,4736,2432,0.453369140625,high
f:\MAPATHON\sylhet_flood_2024\data\processed\patches_overlap128_optimistic\patch_2647.npz,4736,2560,0.4097137451171875,high
f:\MAPATHON\sylhet_flood_2024\data\processed\patches_overlap128_optimistic\patch_2648.npz,4736,2688,0.3298187255859375,high
f:\MAPATHON\sylhet_flood_2024\data\processed\patches_overlap128_optimistic\patch_2649.npz,4736,2816,0.470428466796875,high
f:\MAPATHON\sylhet_flood_2024\data\processed\patches_overlap128_optimistic\patch_2650.npz,4736,2944,0.552001953125,high
f:\MAPATHON\sylhet_flood_2024\data\processed\patches_overlap128_optimistic\patch_2651.npz,4736,3072,0.410369873046875,high
f:\MAPATHON\sylhet_flood_2024\data\processed\patches_overlap128_optimistic\patch_2652.npz,4736,3200,0.2869873046875,high
f:\MAPATHON\sylhet_flood_2024\data\processed\patches_overlap128_optimistic\patch_2653.npz,4736,3328,0.2769012451171875,high
f:\MAPATHON\sylhet_flood_2024\data\processed\patches_overlap128_optimistic\patch_2654.npz,4736,3456,0.3380279541015625,high
f:\MAPATHON\sylhet_flood_2024\data\processed\patches_overlap128_optimistic\patch_2655.npz,4736,3584,0.403656005859375,high
f:\MAPATHON\sylhet_flood_2024\data\processed\patches_overlap128_optimistic\patch_2656.npz,4736,3712,0.5435791015625,high
f:\MAPATHON\sylhet_flood_2024\data\processed\patches_overlap128_optimistic\patch_2657.npz,4736,3840,0.742156982421875,high
f:\MAPATHON\sylhet_flood_2024\data\processed\patches_overlap128_optimistic\patch_2658.npz,4736,3968,0.66314697265625,high
f:\MAPATHON\sylhet_flood_2024\data\processed\patches_overlap128_optimistic\patch_2659.npz,4736,4096,0.3848114013671875,high
f:\MAPATHON\sylhet_flood_2024\data\processed\patches_overlap128_optimistic\patch_2660.npz,4736,4224,0.5034942626953125,high
f:\MAPATHON\sylhet_flood_2024\data\processed\patches_overlap128_optimistic\patch_2661.npz,4736,4352,0.5423583984375,high
f:\MAPATHON\sylhet_flood_2024\data\processed\patches_overlap128_optimistic\patch_2662.npz,4736,4480,0.4148406982421875,high
f:\MAPATHON\sylhet_flood_2024\data\processed\patches_overlap128_optimistic\patch_2663.npz,4736,4608,0.5622711181640625,high
f:\MAPATHON\sylhet_flood_2024\data\processed\patches_overlap128_optimistic\patch_2664.npz,4736,4736,0.6403350830078125,high
f:\MAPATHON\sylhet_flood_2024\data\processed\patches_overlap128_optimistic\patch_2665.npz,4736,4864,0.5840606689453125,high
f:\MAPATHON\sylhet_flood_2024\data\processed\patches_overlap128_optimistic\patch_2666.npz,4736,4992,0.476898193359375,high
f:\MAPATHON\sylhet_flood_2024\data\processed\patches_overlap128_optimistic\patch_2667.npz,4736,5120,0.596649169921875,high
f:\MAPATHON\sylhet_flood_2024\data\processed\patches_overlap128_optimistic\patch_2668.npz,4736,5248,0.6698455810546875,high
f:\MAPATHON\sylhet_flood_2024\data\processed\patches_overlap128_optimistic\patch_2669.npz,4736,5376,0.558837890625,high
f:\MAPATHON\sylhet_flood_2024\data\processed\patches_overlap128_optimistic\patch_2670.npz,4736,5504,0.5113372802734375,high
f:\MAPATHON\sylhet_flood_2024\data\processed\patches_overlap128_optimistic\patch_2671.npz,4736,5632,0.3672027587890625,high
f:\MAPATHON\sylhet_flood_2024\data\processed\patches_overlap128_optimistic\patch_2672.npz,4736,5760,0.165313720703125,medium
f:\MAPATHON\sylhet_flood_2024\data\processed\patches_overlap128_optimistic\patch_2673.npz,4736,5888,0.1318511962890625,medium
f:\MAPATHON\sylhet_flood_2024\data\processed\patches_overlap128_optimistic\patch_2674.npz,4736,6016,0.3152313232421875,high
f:\MAPATHON\sylhet_flood_2024\data\processed\patches_overlap128_optimistic\patch_2675.npz,4736,6144,0.2494049072265625,high
f:\MAPATHON\sylhet_flood_2024\data\processed\patches_overlap128_optimistic\patch_2676.npz,4736,6272,0.0393218994140625,low
f:\MAPATHON\sylhet_flood_2024\data\processed\patches_overlap128_optimistic\patch_2677.npz,4736,6400,9.1552734375e-05,very_low
f:\MAPATHON\sylhet_flood_2024\data\processed\patches_overlap128_optimistic\patch_2678.npz,4736,6528,0.0,dry
f:\MAPATHON\sylhet_flood_2024\data\processed\patches_overlap128_optimistic\patch_2679.npz,4736,6656,0.0,dry
f:\MAPATHON\sylhet_flood_2024\data\processed\patches_overlap128_optimistic\patch_2680.npz,4736,6784,0.0,dry
f:\MAPATHON\sylhet_flood_2024\data\processed\patches_overlap128_optimistic\patch_2681.npz,4736,6912,0.0,dry
f:\MAPATHON\sylhet_flood_2024\data\processed\patches_overlap128_optimistic\patch_2682.npz,4736,7040,0.0,dry
f:\MAPATHON\sylhet_flood_2024\data\processed\patches_overlap128_optimistic\patch_2683.npz,4736,7168,0.0,dry
f:\MAPATHON\sylhet_flood_2024\data\processed\patches_overlap128_optimistic\patch_2684.npz,4736,7296,0.0,dry
f:\MAPATHON\sylhet_flood_2024\data\processed\patches_overlap128_optimistic\patch_2685.npz,4736,7424,0.0,dry
f:\MAPATHON\sylhet_flood_2024\data\processed\patches_overlap128_optimistic\patch_2686.npz,4736,7552,0.0,dry
f:\MAPATHON\sylhet_flood_2024\data\processed\patches_overlap128_optimistic\patch_2687.npz,4736,7680,0.0,dry
f:\MAPATHON\sylhet_flood_2024\data\processed\patches_overlap128_optimistic\patch_2688.npz,4736,7808,0.0,dry
f:\MAPATHON\sylhet_flood_2024\data\processed\patches_overlap128_optimistic\patch_2689.npz,4736,7936,0.0,dry
f:\MAPATHON\sylhet_flood_2024\data\processed\patches_overlap128_optimistic\patch_2690.npz,4736,8064,0.0,dry
f:\MAPATHON\sylhet_flood_2024\data\processed\patches_overlap128_optimistic\patch_2691.npz,4736,8192,0.0,dry
f:\MAPATHON\sylhet_flood_2024\data\processed\patches_overlap128_optimistic\patch_2692.npz,4736,8320,0.0,dry
f:\MAPATHON\sylhet_flood_2024\data\processed\patches_overlap128_optimistic\patch_2693.npz,4736,8448,0.0,dry
f:\MAPATHON\sylhet_flood_2024\data\processed\patches_overlap128_optimistic\patch_2694.npz,4736,8576,0.0,dry
f:\MAPATHON\sylhet_flood_2024\data\processed\patches_overlap128_optimistic\patch_2695.npz,4736,8704,0.0,dry
f:\MAPATHON\sylhet_flood_2024\data\processed\patches_overlap128_optimistic\patch_2696.npz,4736,8832,0.0,dry
f:\MAPATHON\sylhet_flood_2024\data\processed\patches_overlap128_optimistic\patch_2697.npz,4736,8892,0.0,dry
f:\MAPATHON\sylhet_flood_2024\data\processed\patches_overlap128_optimistic\patch_2698.npz,4864,0,0.486175537109375,high
f:\MAPATHON\sylhet_flood_2024\data\processed\patches_overlap128_optimistic\patch_2699.npz,4864,128,0.41485595703125,high
f:\MAPATHON\sylhet_flood_2024\data\processed\patches_overlap128_optimistic\patch_2700.npz,4864,256,0.479888916015625,high
f:\MAPATHON\sylhet_flood_2024\data\processed\patches_overlap128_optimistic\patch_2701.npz,4864,384,0.5172882080078125,high
f:\MAPATHON\sylhet_flood_2024\data\processed\patches_overlap128_optimistic\patch_2702.npz,4864,512,0.4366912841796875,high
f:\MAPATHON\sylhet_flood_2024\data\processed\patches_overlap128_optimistic\patch_2703.npz,4864,640,0.411346435546875,high
f:\MAPATHON\sylhet_flood_2024\data\processed\patches_overlap128_optimistic\patch_2704.npz,4864,768,0.375457763671875,high
f:\MAPATHON\sylhet_flood_2024\data\processed\patches_overlap128_optimistic\patch_2705.npz,4864,896,0.4781646728515625,high
f:\MAPATHON\sylhet_flood_2024\data\processed\patches_overlap128_optimistic\patch_2706.npz,4864,1024,0.5491943359375,high
f:\MAPATHON\sylhet_flood_2024\data\processed\patches_overlap128_optimistic\patch_2707.npz,4864,1152,0.48370361328125,high
f:\MAPATHON\sylhet_flood_2024\data\processed\patches_overlap128_optimistic\patch_2708.npz,4864,1280,0.395416259765625,high
f:\MAPATHON\sylhet_flood_2024\data\processed\patches_overlap128_optimistic\patch_2709.npz,4864,1408,0.3570709228515625,high
f:\MAPATHON\sylhet_flood_2024\data\processed\patches_overlap128_optimistic\patch_2710.npz,4864,1536,0.3399505615234375,high
f:\MAPATHON\sylhet_flood_2024\data\processed\patches_overlap128_optimistic\patch_2711.npz,4864,1664,0.2254791259765625,high
f:\MAPATHON\sylhet_flood_2024\data\processed\patches_overlap128_optimistic\patch_2712.npz,4864,1792,0.1618499755859375,medium
f:\MAPATHON\sylhet_flood_2024\data\processed\patches_overlap128_optimistic\patch_2713.npz,4864,1920,0.3737030029296875,high
f:\MAPATHON\sylhet_flood_2024\data\processed\patches_overlap128_optimistic\patch_2714.npz,4864,2048,0.5721435546875,high
f:\MAPATHON\sylhet_flood_2024\data\processed\patches_overlap128_optimistic\patch_2715.npz,4864,2176,0.4173431396484375,high
f:\MAPATHON\sylhet_flood_2024\data\processed\patches_overlap128_optimistic\patch_2716.npz,4864,2304,0.3381805419921875,high
f:\MAPATHON\sylhet_flood_2024\data\processed\patches_overlap128_optimistic\patch_2717.npz,4864,2432,0.45343017578125,high
f:\MAPATHON\sylhet_flood_2024\data\processed\patches_overlap128_optimistic\patch_2718.npz,4864,2560,0.3758392333984375,high
f:\MAPATHON\sylhet_flood_2024\data\processed\patches_overlap128_optimistic\patch_2719.npz,4864,2688,0.25042724609375,high
f:\MAPATHON\sylhet_flood_2024\data\processed\patches_overlap128_optimistic\patch_2720.npz,4864,2816,0.275421142578125,high
f:\MAPATHON\sylhet_flood_2024\data\processed\patches_overlap128_optimistic\patch_2721.npz,4864,2944,0.2979736328125,high
f:\MAPATHON\sylhet_flood_2024\data\processed\patches_overlap128_optimistic\patch_2722.npz,4864,3072,0.265167236328125,high
f:\MAPATHON\sylhet_flood_2024\data\processed\patches_overlap128_optimistic\patch_2723.npz,4864,3200,0.22882080078125,high
f:\MAPATHON\sylhet_flood_2024\data\processed\patches_overlap128_optimistic\patch_2724.npz,4864,3328,0.3868865966796875,high
f:\MAPATHON\sylhet_flood_2024\data\processed\patches_overlap128_optimistic\patch_2725.npz,4864,3456,0.51019287109375,high
f:\MAPATHON\sylhet_flood_2024\data\processed\patches_overlap128_optimistic\patch_2726.npz,4864,3584,0.426666259765625,high
f:\MAPATHON\sylhet_flood_2024\data\processed\patches_overlap128_optimistic\patch_2727.npz,4864,3712,0.5443115234375,high
f:\MAPATHON\sylhet_flood_2024\data\processed\patches_overlap128_optimistic\patch_2728.npz,4864,3840,0.764617919921875,high
f:\MAPATHON\sylhet_flood_2024\data\processed\patches_overlap128_optimistic\patch_2729.npz,4864,3968,0.7296295166015625,high
f:\MAPATHON\sylhet_flood_2024\data\processed\patches_overlap128_optimistic\patch_2730.npz,4864,4096,0.56842041015625,high
f:\MAPATHON\sylhet_flood_2024\data\processed\patches_overlap128_optimistic\patch_2731.npz,4864,4224,0.6002960205078125,high
f:\MAPATHON\sylhet_flood_2024\data\processed\patches_overlap128_optimistic\patch_2732.npz,4864,4352,0.52911376953125,high
f:\MAPATHON\sylhet_flood_2024\data\processed\patches_overlap128_optimistic\patch_2733.npz,4864,4480,0.46826171875,high
f:\MAPATHON\sylhet_flood_2024\data\processed\patches_overlap128_optimistic\patch_2734.npz,4864,4608,0.6128387451171875,high
f:\MAPATHON\sylhet_flood_2024\data\processed\patches_overlap128_optimistic\patch_2735.npz,4864,4736,0.64544677734375,high
f:\MAPATHON\sylhet_flood_2024\data\processed\patches_overlap128_optimistic\patch_2736.npz,4864,4864,0.5774688720703125,high
f:\MAPATHON\sylhet_flood_2024\data\processed\patches_overlap128_optimistic\patch_2737.npz,4864,4992,0.4292755126953125,high
f:\MAPATHON\sylhet_flood_2024\data\processed\patches_overlap128_optimistic\patch_2738.npz,4864,5120,0.5252685546875,high
f:\MAPATHON\sylhet_flood_2024\data\processed\patches_overlap128_optimistic\patch_2739.npz,4864,5248,0.6905670166015625,high
f:\MAPATHON\sylhet_flood_2024\data\processed\patches_overlap128_optimistic\patch_2740.npz,4864,5376,0.5631561279296875,high
f:\MAPATHON\sylhet_flood_2024\data\processed\patches_overlap128_optimistic\patch_2741.npz,4864,5504,0.4256439208984375,high
f:\MAPATHON\sylhet_flood_2024\data\processed\patches_overlap128_optimistic\patch_2742.npz,4864,5632,0.3150634765625,high
f:\MAPATHON\sylhet_flood_2024\data\processed\patches_overlap128_optimistic\patch_2743.npz,4864,5760,0.1789703369140625,medium
f:\MAPATHON\sylhet_flood_2024\data\processed\patches_overlap128_optimistic\patch_2744.npz,4864,5888,0.1078643798828125,medium
f:\MAPATHON\sylhet_flood_2024\data\processed\patches_overlap128_optimistic\patch_2745.npz,4864,6016,0.1219940185546875,medium
f:\MAPATHON\sylhet_flood_2024\data\processed\patches_overlap128_optimistic\patch_2746.npz,4864,6144,0.0753173828125,medium
f:\MAPATHON\sylhet_flood_2024\data\processed\patches_overlap128_optimistic\patch_2747.npz,4864,6272,0.0,dry
f:\MAPATHON\sylhet_flood_2024\data\processed\patches_overlap128_optimistic\patch_2748.npz,4864,6400,0.0,dry
f:\MAPATHON\sylhet_flood_2024\data\processed\patches_overlap128_optimistic\patch_2749.npz,4864,6528,0.0,dry
f:\MAPATHON\sylhet_flood_2024\data\processed\patches_overlap128_optimistic\patch_2750.npz,4864,6656,0.0,dry
f:\MAPATHON\sylhet_flood_2024\data\processed\patches_overlap128_optimistic\patch_2751.npz,4864,6784,0.0,dry
f:\MAPATHON\sylhet_flood_2024\data\processed\patches_overlap128_optimistic\patch_2752.npz,4864,6912,0.0,dry
f:\MAPATHON\sylhet_flood_2024\data\processed\patches_overlap128_optimistic\patch_2753.npz,4864,7040,0.0,dry
f:\MAPATHON\sylhet_flood_2024\data\processed\patches_overlap128_optimistic\patch_2754.npz,4864,7168,0.0,dry
f:\MAPATHON\sylhet_flood_2024\data\processed\patches_overlap128_optimistic\patch_2755.npz,4864,7296,0.0,dry
f:\MAPATHON\sylhet_flood_2024\data\processed\patches_overlap128_optimistic\patch_2756.npz,4864,7424,0.0,dry
f:\MAPATHON\sylhet_flood_2024\data\processed\patches_overlap128_optimistic\patch_2757.npz,4864,7552,0.0,dry
f:\MAPATHON\sylhet_flood_2024\data\processed\patches_overlap128_optimistic\patch_2758.npz,4864,7680,0.0,dry
f:\MAPATHON\sylhet_flood_2024\data\processed\patches_overlap128_optimistic\patch_2759.npz,4864,7808,0.0,dry
f:\MAPATHON\sylhet_flood_2024\data\processed\patches_overlap128_optimistic\patch_2760.npz,4864,7936,0.0,dry
f:\MAPATHON\sylhet_flood_2024\data\processed\patches_overlap128_optimistic\patch_2761.npz,4864,8064,0.0,dry
f:\MAPATHON\sylhet_flood_2024\data\processed\patches_overlap128_optimistic\patch_2762.npz,4864,8192,0.0,dry
f:\MAPATHON\sylhet_flood_2024\data\processed\patches_overlap128_optimistic\patch_2763.npz,4864,8320,0.0,dry
f:\MAPATHON\sylhet_flood_2024\data\processed\patches_overlap128_optimistic\patch_2764.npz,4864,8448,0.0,dry
f:\MAPATHON\sylhet_flood_2024\data\processed\patches_overlap128_optimistic\patch_2765.npz,4864,8576,0.0,dry
f:\MAPATHON\sylhet_flood_2024\data\processed\patches_overlap128_optimistic\patch_2766.npz,4864,8704,0.0,dry
f:\MAPATHON\sylhet_flood_2024\data\processed\patches_overlap128_optimistic\patch_2767.npz,4864,8832,0.0,dry
f:\MAPATHON\sylhet_flood_2024\data\processed\patches_overlap128_optimistic\patch_2768.npz,4864,8892,0.0,dry
f:\MAPATHON\sylhet_flood_2024\data\processed\patches_overlap128_optimistic\patch_2769.npz,4992,0,0.4855194091796875,high
f:\MAPATHON\sylhet_flood_2024\data\processed\patches_overlap128_optimistic\patch_2770.npz,4992,128,0.483795166015625,high
f:\MAPATHON\sylhet_flood_2024\data\processed\patches_overlap128_optimistic\patch_2771.npz,4992,256,0.522674560546875,high
f:\MAPATHON\sylhet_flood_2024\data\processed\patches_overlap128_optimistic\patch_2772.npz,4992,384,0.490997314453125,high
f:\MAPATHON\sylhet_flood_2024\data\processed\patches_overlap128_optimistic\patch_2773.npz,4992,512,0.3906097412109375,high
f:\MAPATHON\sylhet_flood_2024\data\processed\patches_overlap128_optimistic\patch_2774.npz,4992,640,0.3438568115234375,high
f:\MAPATHON\sylhet_flood_2024\data\processed\patches_overlap128_optimistic\patch_2775.npz,4992,768,0.3707427978515625,high
f:\MAPATHON\sylhet_flood_2024\data\processed\patches_overlap128_optimistic\patch_2776.npz,4992,896,0.5422210693359375,high
f:\MAPATHON\sylhet_flood_2024\data\processed\patches_overlap128_optimistic\patch_2777.npz,4992,1024,0.5731353759765625,high
f:\MAPATHON\sylhet_flood_2024\data\processed\patches_overlap128_optimistic\patch_2778.npz,4992,1152,0.4718170166015625,high
f:\MAPATHON\sylhet_flood_2024\data\processed\patches_overlap128_optimistic\patch_2779.npz,4992,1280,0.3651580810546875,high
f:\MAPATHON\sylhet_flood_2024\data\processed\patches_overlap128_optimistic\patch_2780.npz,4992,1408,0.2698974609375,high
f:\MAPATHON\sylhet_flood_2024\data\processed\patches_overlap128_optimistic\patch_2781.npz,4992,1536,0.2368927001953125,high
f:\MAPATHON\sylhet_flood_2024\data\processed\patches_overlap128_optimistic\patch_2782.npz,4992,1664,0.2452392578125,high
f:\MAPATHON\sylhet_flood_2024\data\processed\patches_overlap128_optimistic\patch_2783.npz,4992,1792,0.306121826171875,high
f:\MAPATHON\sylhet_flood_2024\data\processed\patches_overlap128_optimistic\patch_2784.npz,4992,1920,0.4364776611328125,high
f:\MAPATHON\sylhet_flood_2024\data\processed\patches_overlap128_optimistic\patch_2785.npz,4992,2048,0.599578857421875,high
f:\MAPATHON\sylhet_flood_2024\data\processed\patches_overlap128_optimistic\patch_2786.npz,4992,2176,0.513885498046875,high
f:\MAPATHON\sylhet_flood_2024\data\processed\patches_overlap128_optimistic\patch_2787.npz,4992,2304,0.38787841796875,high
f:\MAPATHON\sylhet_flood_2024\data\processed\patches_overlap128_optimistic\patch_2788.npz,4992,2432,0.3908843994140625,high
f:\MAPATHON\sylhet_flood_2024\data\processed\patches_overlap128_optimistic\patch_2789.npz,4992,2560,0.2527008056640625,high
f:\MAPATHON\sylhet_flood_2024\data\processed\patches_overlap128_optimistic\patch_2790.npz,4992,2688,0.1878509521484375,medium
f:\MAPATHON\sylhet_flood_2024\data\processed\patches_overlap128_optimistic\patch_2791.npz,4992,2816,0.1508941650390625,medium
f:\MAPATHON\sylhet_flood_2024\data\processed\patches_overlap128_optimistic\patch_2792.npz,4992,2944,0.1331024169921875,medium
f:\MAPATHON\sylhet_flood_2024\data\processed\patches_overlap128_optimistic\patch_2793.npz,4992,3072,0.2522735595703125,high
f:\MAPATHON\sylhet_flood_2024\data\processed\patches_overlap128_optimistic\patch_2794.npz,4992,3200,0.28790283203125,high
f:\MAPATHON\sylhet_flood_2024\data\processed\patches_overlap128_optimistic\patch_2795.npz,4992,3328,0.457122802734375,high
f:\MAPATHON\sylhet_flood_2024\data\processed\patches_overlap128_optimistic\patch_2796.npz,4992,3456,0.5894775390625,high
f:\MAPATHON\sylhet_flood_2024\data\processed\patches_overlap128_optimistic\patch_2797.npz,4992,3584,0.480560302734375,high
f:\MAPATHON\sylhet_flood_2024\data\processed\patches_overlap128_optimistic\patch_2798.npz,4992,3712,0.5782928466796875,high
f:\MAPATHON\sylhet_flood_2024\data\processed\patches_overlap128_optimistic\patch_2799.npz,4992,3840,0.6863555908203125,high
f:\MAPATHON\sylhet_flood_2024\data\processed\patches_overlap128_optimistic\patch_2800.npz,4992,3968,0.6034088134765625,high
f:\MAPATHON\sylhet_flood_2024\data\processed\patches_overlap128_optimistic\patch_2801.npz,4992,4096,0.539306640625,high
f:\MAPATHON\sylhet_flood_2024\data\processed\patches_overlap128_optimistic\patch_2802.npz,4992,4224,0.506378173828125,high
f:\MAPATHON\sylhet_flood_2024\data\processed\patches_overlap128_optimistic\patch_2803.npz,4992,4352,0.501434326171875,high
f:\MAPATHON\sylhet_flood_2024\data\processed\patches_overlap128_optimistic\patch_2804.npz,4992,4480,0.478515625,high
f:\MAPATHON\sylhet_flood_2024\data\processed\patches_overlap128_optimistic\patch_2805.npz,4992,4608,0.556732177734375,high
f:\MAPATHON\sylhet_flood_2024\data\processed\patches_overlap128_optimistic\patch_2806.npz,4992,4736,0.7188873291015625,high
f:\MAPATHON\sylhet_flood_2024\data\processed\patches_overlap128_optimistic\patch_2807.npz,4992,4864,0.6619415283203125,high
f:\MAPATHON\sylhet_flood_2024\data\processed\patches_overlap128_optimistic\patch_2808.npz,4992,4992,0.5544586181640625,high
f:\MAPATHON\sylhet_flood_2024\data\processed\patches_overlap128_optimistic\patch_2809.npz,4992,5120,0.6713409423828125,high
f:\MAPATHON\sylhet_flood_2024\data\processed\patches_overlap128_optimistic\patch_2810.npz,4992,5248,0.72265625,high
f:\MAPATHON\sylhet_flood_2024\data\processed\patches_overlap128_optimistic\patch_2811.npz,4992,5376,0.6029815673828125,high
f:\MAPATHON\sylhet_flood_2024\data\processed\patches_overlap128_optimistic\patch_2812.npz,4992,5504,0.401580810546875,high
f:\MAPATHON\sylhet_flood_2024\data\processed\patches_overlap128_optimistic\patch_2813.npz,4992,5632,0.3179473876953125,high
f:\MAPATHON\sylhet_flood_2024\data\processed\patches_overlap128_optimistic\patch_2814.npz,4992,5760,0.3220672607421875,high
f:\MAPATHON\sylhet_flood_2024\data\processed\patches_overlap128_optimistic\patch_2815.npz,4992,5888,0.1511993408203125,medium
f:\MAPATHON\sylhet_flood_2024\data\processed\patches_overlap128_optimistic\patch_2816.npz,4992,6016,0.0189056396484375,low
f:\MAPATHON\sylhet_flood_2024\data\processed\patches_overlap128_optimistic\patch_2817.npz,4992,6144,0.0,dry
f:\MAPATHON\sylhet_flood_2024\data\processed\patches_overlap128_optimistic\patch_2818.npz,4992,6272,0.0,dry
f:\MAPATHON\sylhet_flood_2024\data\processed\patches_overlap128_optimistic\patch_2819.npz,4992,6400,0.0,dry
f:\MAPATHON\sylhet_flood_2024\data\processed\patches_overlap128_optimistic\patch_2820.npz,4992,6528,0.0,dry
f:\MAPATHON\sylhet_flood_2024\data\processed\patches_overlap128_optimistic\patch_2821.npz,4992,6656,0.0,dry
f:\MAPATHON\sylhet_flood_2024\data\processed\patches_overlap128_optimistic\patch_2822.npz,4992,6784,0.0,dry
f:\MAPATHON\sylhet_flood_2024\data\processed\patches_overlap128_optimistic\patch_2823.npz,4992,6912,0.0,dry
f:\MAPATHON\sylhet_flood_2024\data\processed\patches_overlap128_optimistic\patch_2824.npz,4992,7040,0.0,dry
f:\MAPATHON\sylhet_flood_2024\data\processed\patches_overlap128_optimistic\patch_2825.npz,4992,7168,0.0,dry
f:\MAPATHON\sylhet_flood_2024\data\processed\patches_overlap128_optimistic\patch_2826.npz,4992,7296,0.0,dry
f:\MAPATHON\sylhet_flood_2024\data\processed\patches_overlap128_optimistic\patch_2827.npz,4992,7424,0.0,dry
f:\MAPATHON\sylhet_flood_2024\data\processed\patches_overlap128_optimistic\patch_2828.npz,4992,7552,0.0,dry
f:\MAPATHON\sylhet_flood_2024\data\processed\patches_overlap128_optimistic\patch_2829.npz,4992,7680,0.0,dry
f:\MAPATHON\sylhet_flood_2024\data\processed\patches_overlap128_optimistic\patch_2830.npz,4992,7808,0.0,dry
f:\MAPATHON\sylhet_flood_2024\data\processed\patches_overlap128_optimistic\patch_2831.npz,4992,7936,0.0,dry
f:\MAPATHON\sylhet_flood_2024\data\processed\patches_overlap128_optimistic\patch_2832.npz,4992,8064,0.0,dry
f:\MAPATHON\sylhet_flood_2024\data\processed\patches_overlap128_optimistic\patch_2833.npz,4992,8192,0.0,dry
f:\MAPATHON\sylhet_flood_2024\data\processed\patches_overlap128_optimistic\patch_2834.npz,4992,8320,0.0,dry
f:\MAPATHON\sylhet_flood_2024\data\processed\patches_overlap128_optimistic\patch_2835.npz,4992,8448,0.0,dry
f:\MAPATHON\sylhet_flood_2024\data\processed\patches_overlap128_optimistic\patch_2836.npz,4992,8576,0.0,dry
f:\MAPATHON\sylhet_flood_2024\data\processed\patches_overlap128_optimistic\patch_2837.npz,4992,8704,0.0,dry
f:\MAPATHON\sylhet_flood_2024\data\processed\patches_overlap128_optimistic\patch_2838.npz,4992,8832,0.0,dry
f:\MAPATHON\sylhet_flood_2024\data\processed\patches_overlap128_optimistic\patch_2839.npz,4992,8892,0.0,dry
f:\MAPATHON\sylhet_flood_2024\data\processed\patches_overlap128_optimistic\patch_2840.npz,5120,0,0.4424285888671875,high
f:\MAPATHON\sylhet_flood_2024\data\processed\patches_overlap128_optimistic\patch_2841.npz,5120,128,0.4348297119140625,high
f:\MAPATHON\sylhet_flood_2024\data\processed\patches_overlap128_optimistic\patch_2842.npz,5120,256,0.3315277099609375,high
f:\MAPATHON\sylhet_flood_2024\data\processed\patches_overlap128_optimistic\patch_2843.npz,5120,384,0.3020477294921875,high
f:\MAPATHON\sylhet_flood_2024\data\processed\patches_overlap128_optimistic\patch_2844.npz,5120,512,0.2805633544921875,high
f:\MAPATHON\sylhet_flood_2024\data\processed\patches_overlap128_optimistic\patch_2845.npz,5120,640,0.35321044921875,high
f:\MAPATHON\sylhet_flood_2024\data\processed\patches_overlap128_optimistic\patch_2846.npz,5120,768,0.3935089111328125,high
f:\MAPATHON\sylhet_flood_2024\data\processed\patches_overlap128_optimistic\patch_2847.npz,5120,896,0.4128570556640625,high
f:\MAPATHON\sylhet_flood_2024\data\processed\patches_overlap128_optimistic\patch_2848.npz,5120,1024,0.4625396728515625,high
f:\MAPATHON\sylhet_flood_2024\data\processed\patches_overlap128_optimistic\patch_2849.npz,5120,1152,0.368865966796875,high
f:\MAPATHON\sylhet_flood_2024\data\processed\patches_overlap128_optimistic\patch_2850.npz,5120,1280,0.2082977294921875,high
f:\MAPATHON\sylhet_flood_2024\data\processed\patches_overlap128_optimistic\patch_2851.npz,5120,1408,0.13177490234375,medium
f:\MAPATHON\sylhet_flood_2024\data\processed\patches_overlap128_optimistic\patch_2852.npz,5120,1536,0.2117156982421875,high
f:\MAPATHON\sylhet_flood_2024\data\processed\patches_overlap128_optimistic\patch_2853.npz,5120,1664,0.3133087158203125,high
f:\MAPATHON\sylhet_flood_2024\data\processed\patches_overlap128_optimistic\patch_2854.npz,5120,1792,0.4126129150390625,high
f:\MAPATHON\sylhet_flood_2024\data\processed\patches_overlap128_optimistic\patch_2855.npz,5120,1920,0.47650146484375,high
f:\MAPATHON\sylhet_flood_2024\data\processed\patches_overlap128_optimistic\patch_2856.npz,5120,2048,0.4930419921875,high
f:\MAPATHON\sylhet_flood_2024\data\processed\patches_overlap128_optimistic\patch_2857.npz,5120,2176,0.4072265625,high
f:\MAPATHON\sylhet_flood_2024\data\processed\patches_overlap128_optimistic\patch_2858.npz,5120,2304,0.2321929931640625,high
f:\MAPATHON\sylhet_flood_2024\data\processed\patches_overlap128_optimistic\patch_2859.npz,5120,2432,0.1224517822265625,medium
f:\MAPATHON\sylhet_flood_2024\data\processed\patches_overlap128_optimistic\patch_2860.npz,5120,2560,0.057891845703125,medium
f:\MAPATHON\sylhet_flood_2024\data\processed\patches_overlap128_optimistic\patch_2861.npz,5120,2688,0.1039276123046875,medium
f:\MAPATHON\sylhet_flood_2024\data\processed\patches_overlap128_optimistic\patch_2862.npz,5120,2816,0.185089111328125,medium
f:\MAPATHON\sylhet_flood_2024\data\processed\patches_overlap128_optimistic\patch_2863.npz,5120,2944,0.2537078857421875,high
f:\MAPATHON\sylhet_flood_2024\data\processed\patches_overlap128_optimistic\patch_2864.npz,5120,3072,0.33856201171875,high
f:\MAPATHON\sylhet_flood_2024\data\processed\patches_overlap128_optimistic\patch_2865.npz,5120,3200,0.315216064453125,high
f:\MAPATHON\sylhet_flood_2024\data\processed\patches_overlap128_optimistic\patch_2866.npz,5120,3328,0.4207763671875,high
f:\MAPATHON\sylhet_flood_2024\data\processed\patches_overlap128_optimistic\patch_2867.npz,5120,3456,0.6062164306640625,high
f:\MAPATHON\sylhet_flood_2024\data\processed\patches_overlap128_optimistic\patch_2868.npz,5120,3584,0.6061553955078125,high
f:\MAPATHON\sylhet_flood_2024\data\processed\patches_overlap128_optimistic\patch_2869.npz,5120,3712,0.4970245361328125,high
f:\MAPATHON\sylhet_flood_2024\data\processed\patches_overlap128_optimistic\patch_2870.npz,5120,3840,0.40960693359375,high
f:\MAPATHON\sylhet_flood_2024\data\processed\patches_overlap128_optimistic\patch_2871.npz,5120,3968,0.3921051025390625,high
f:\MAPATHON\sylhet_flood_2024\data\processed\patches_overlap128_optimistic\patch_2872.npz,5120,4096,0.426666259765625,high
f:\MAPATHON\sylhet_flood_2024\data\processed\patches_overlap128_optimistic\patch_2873.npz,5120,4224,0.4423980712890625,high
f:\MAPATHON\sylhet_flood_2024\data\processed\patches_overlap128_optimistic\patch_2874.npz,5120,4352,0.4563751220703125,high
f:\MAPATHON\sylhet_flood_2024\data\processed\patches_overlap128_optimistic\patch_2875.npz,5120,4480,0.413177490234375,high
f:\MAPATHON\sylhet_flood_2024\data\processed\patches_overlap128_optimistic\patch_2876.npz,5120,4608,0.4064788818359375,high
f:\MAPATHON\sylhet_flood_2024\data\processed\patches_overlap128_optimistic\patch_2877.npz,5120,4736,0.4538116455078125,high
f:\MAPATHON\sylhet_flood_2024\data\processed\patches_overlap128_optimistic\patch_2878.npz,5120,4864,0.4560699462890625,high
f:\MAPATHON\sylhet_flood_2024\data\processed\patches_overlap128_optimistic\patch_2879.npz,5120,4992,0.6558990478515625,high
f:\MAPATHON\sylhet_flood_2024\data\processed\patches_overlap128_optimistic\patch_2880.npz,5120,5120,0.7166290283203125,high
f:\MAPATHON\sylhet_flood_2024\data\processed\patches_overlap128_optimistic\patch_2881.npz,5120,5248,0.60101318359375,high
f:\MAPATHON\sylhet_flood_2024\data\processed\patches_overlap128_optimistic\patch_2882.npz,5120,5376,0.655975341796875,high
f:\MAPATHON\sylhet_flood_2024\data\processed\patches_overlap128_optimistic\patch_2883.npz,5120,5504,0.6077117919921875,high
f:\MAPATHON\sylhet_flood_2024\data\processed\patches_overlap128_optimistic\patch_2884.npz,5120,5632,0.56658935546875,high
f:\MAPATHON\sylhet_flood_2024\data\processed\patches_overlap128_optimistic\patch_2885.npz,5120,5760,0.4818115234375,high
f:\MAPATHON\sylhet_flood_2024\data\processed\patches_overlap128_optimistic\patch_2886.npz,5120,5888,0.1846923828125,medium
f:\MAPATHON\sylhet_flood_2024\data\processed\patches_overlap128_optimistic\patch_2887.npz,5120,6016,0.0367279052734375,low
f:\MAPATHON\sylhet_flood_2024\data\processed\patches_overlap128_optimistic\patch_2888.npz,5120,6144,0.0006866455078125,very_low
f:\MAPATHON\sylhet_flood_2024\data\processed\patches_overlap128_optimistic\patch_2889.npz,5120,6272,0.0,dry
f:\MAPATHON\sylhet_flood_2024\data\processed\patches_overlap128_optimistic\patch_2890.npz,5120,6400,0.0,dry
f:\MAPATHON\sylhet_flood_2024\data\processed\patches_overlap128_optimistic\patch_2891.npz,5120,6528,0.0,dry
f:\MAPATHON\sylhet_flood_2024\data\processed\patches_overlap128_optimistic\patch_2892.npz,5120,6656,0.0,dry
f:\MAPATHON\sylhet_flood_2024\data\processed\patches_overlap128_optimistic\patch_2893.npz,5120,6784,0.0,dry
f:\MAPATHON\sylhet_flood_2024\data\processed\patches_overlap128_optimistic\patch_2894.npz,5120,6912,0.0,dry
f:\MAPATHON\sylhet_flood_2024\data\processed\patches_overlap128_optimistic\patch_2895.npz,5120,7040,0.0,dry
f:\MAPATHON\sylhet_flood_2024\data\processed\patches_overlap128_optimistic\patch_2896.npz,5120,7168,0.0,dry
f:\MAPATHON\sylhet_flood_2024\data\processed\patches_overlap128_optimistic\patch_2897.npz,5120,7296,0.0,dry
f:\MAPATHON\sylhet_flood_2024\data\processed\patches_overlap128_optimistic\patch_2898.npz,5120,7424,0.0,dry
f:\MAPATHON\sylhet_flood_2024\data\processed\patches_overlap128_optimistic\patch_2899.npz,5120,7552,0.0,dry
f:\MAPATHON\sylhet_flood_2024\data\processed\patches_overlap128_optimistic\patch_2900.npz,5120,7680,0.0,dry
f:\MAPATHON\sylhet_flood_2024\data\processed\patches_overlap128_optimistic\patch_2901.npz,5120,7808,0.0,dry
f:\MAPATHON\sylhet_flood_2024\data\processed\patches_overlap128_optimistic\patch_2902.npz,5120,7936,0.0,dry
f:\MAPATHON\sylhet_flood_2024\data\processed\patches_overlap128_optimistic\patch_2903.npz,5120,8064,0.0,dry
f:\MAPATHON\sylhet_flood_2024\data\processed\patches_overlap128_optimistic\patch_2904.npz,5120,8192,0.0,dry
f:\MAPATHON\sylhet_flood_2024\data\processed\patches_overlap128_optimistic\patch_2905.npz,5120,8320,0.0,dry
f:\MAPATHON\sylhet_flood_2024\data\processed\patches_overlap128_optimistic\patch_2906.npz,5120,8448,0.0,dry
f:\MAPATHON\sylhet_flood_2024\data\processed\patches_overlap128_optimistic\patch_2907.npz,5120,8576,0.0,dry
f:\MAPATHON\sylhet_flood_2024\data\processed\patches_overlap128_optimistic\patch_2908.npz,5120,8704,0.0,dry
f:\MAPATHON\sylhet_flood_2024\data\processed\patches_overlap128_optimistic\patch_2909.npz,5120,8832,0.0,dry
f:\MAPATHON\sylhet_flood_2024\data\processed\patches_overlap128_optimistic\patch_2910.npz,5120,8892,0.0,dry
f:\MAPATHON\sylhet_flood_2024\data\processed\patches_overlap128_optimistic\patch_2911.npz,5248,0,0.3607635498046875,high
f:\MAPATHON\sylhet_flood_2024\data\processed\patches_overlap128_optimistic\patch_2912.npz,5248,128,0.2947235107421875,high
f:\MAPATHON\sylhet_flood_2024\data\processed\patches_overlap128_optimistic\patch_2913.npz,5248,256,0.1194000244140625,medium
f:\MAPATHON\sylhet_flood_2024\data\processed\patches_overlap128_optimistic\patch_2914.npz,5248,384,0.0496368408203125,low
f:\MAPATHON\sylhet_flood_2024\data\processed\patches_overlap128_optimistic\patch_2915.npz,5248,512,0.114501953125,medium
f:\MAPATHON\sylhet_flood_2024\data\processed\patches_overlap128_optimistic\patch_2916.npz,5248,640,0.282257080078125,high
f:\MAPATHON\sylhet_flood_2024\data\processed\patches_overlap128_optimistic\patch_2917.npz,5248,768,0.3591461181640625,high
f:\MAPATHON\sylhet_flood_2024\data\processed\patches_overlap128_optimistic\patch_2918.npz,5248,896,0.3723297119140625,high
f:\MAPATHON\sylhet_flood_2024\data\processed\patches_overlap128_optimistic\patch_2919.npz,5248,1024,0.3511505126953125,high
f:\MAPATHON\sylhet_flood_2024\data\processed\patches_overlap128_optimistic\patch_2920.npz,5248,1152,0.2003326416015625,high
f:\MAPATHON\sylhet_flood_2024\data\processed\patches_overlap128_optimistic\patch_2921.npz,5248,1280,0.2035369873046875,high
f:\MAPATHON\sylhet_flood_2024\data\processed\patches_overlap128_optimistic\patch_2922.npz,5248,1408,0.2758331298828125,high
f:\MAPATHON\sylhet_flood_2024\data\processed\patches_overlap128_optimistic\patch_2923.npz,5248,1536,0.25091552734375,high
f:\MAPATHON\sylhet_flood_2024\data\processed\patches_overlap128_optimistic\patch_2924.npz,5248,1664,0.3158416748046875,high
f:\MAPATHON\sylhet_flood_2024\data\processed\patches_overlap128_optimistic\patch_2925.npz,5248,1792,0.4316864013671875,high
f:\MAPATHON\sylhet_flood_2024\data\processed\patches_overlap128_optimistic\patch_2926.npz,5248,1920,0.406097412109375,high
f:\MAPATHON\sylhet_flood_2024\data\processed\patches_overlap128_optimistic\patch_2927.npz,5248,2048,0.4164276123046875,high
f:\MAPATHON\sylhet_flood_2024\data\processed\patches_overlap128_optimistic\patch_2928.npz,5248,2176,0.42132568359375,high
f:\MAPATHON\sylhet_flood_2024\data\processed\patches_overlap128_optimistic\patch_2929.npz,5248,2304,0.2816619873046875,high
f:\MAPATHON\sylhet_flood_2024\data\processed\patches_overlap128_optimistic\patch_2930.npz,5248,2432,0.160491943359375,medium
f:\MAPATHON\sylhet_flood_2024\data\processed\patches_overlap128_optimistic\patch_2931.npz,5248,2560,0.089935302734375,medium
f:\MAPATHON\sylhet_flood_2024\data\processed\patches_overlap128_optimistic\patch_2932.npz,5248,2688,0.1115875244140625,medium
f:\MAPATHON\sylhet_flood_2024\data\processed\patches_overlap128_optimistic\patch_2933.npz,5248,2816,0.2900238037109375,high
f:\MAPATHON\sylhet_flood_2024\data\processed\patches_overlap128_optimistic\patch_2934.npz,5248,2944,0.3885650634765625,high
f:\MAPATHON\sylhet_flood_2024\data\processed\patches_overlap128_optimistic\patch_2935.npz,5248,3072,0.397247314453125,high
f:\MAPATHON\sylhet_flood_2024\data\processed\patches_overlap128_optimistic\patch_2936.npz,5248,3200,0.453125,high
f:\MAPATHON\sylhet_flood_2024\data\processed\patches_overlap128_optimistic\patch_2937.npz,5248,3328,0.41058349609375,high
f:\MAPATHON\sylhet_flood_2024\data\processed\patches_overlap128_optimistic\patch_2938.npz,5248,3456,0.3939666748046875,high
f:\MAPATHON\sylhet_flood_2024\data\processed\patches_overlap128_optimistic\patch_2939.npz,5248,3584,0.464324951171875,high
f:\MAPATHON\sylhet_flood_2024\data\processed\patches_overlap128_optimistic\patch_2940.npz,5248,3712,0.3411712646484375,high
f:\MAPATHON\sylhet_flood_2024\data\processed\patches_overlap128_optimistic\patch_2941.npz,5248,3840,0.1939849853515625,medium
f:\MAPATHON\sylhet_flood_2024\data\processed\patches_overlap128_optimistic\patch_2942.npz,5248,3968,0.17913818359375,medium
f:\MAPATHON\sylhet_flood_2024\data\processed\patches_overlap128_optimistic\patch_2943.npz,5248,4096,0.1956024169921875,medium
f:\MAPATHON\sylhet_flood_2024\data\processed\patches_overlap128_optimistic\patch_2944.npz,5248,4224,0.26531982421875,high
f:\MAPATHON\sylhet_flood_2024\data\processed\patches_overlap128_optimistic\patch_2945.npz,5248,4352,0.2610015869140625,high
f:\MAPATHON\sylhet_flood_2024\data\processed\patches_overlap128_optimistic\patch_2946.npz,5248,4480,0.189239501953125,medium
f:\MAPATHON\sylhet_flood_2024\data\processed\patches_overlap128_optimistic\patch_2947.npz,5248,4608,0.1458587646484375,medium
f:\MAPATHON\sylhet_flood_2024\data\processed\patches_overlap128_optimistic\patch_2948.npz,5248,4736,0.083343505859375,medium
f:\MAPATHON\sylhet_flood_2024\data\processed\patches_overlap128_optimistic\patch_2949.npz,5248,4864,0.21673583984375,high
f:\MAPATHON\sylhet_flood_2024\data\processed\patches_overlap128_optimistic\patch_2950.npz,5248,4992,0.567047119140625,high
f:\MAPATHON\sylhet_flood_2024\data\processed\patches_overlap128_optimistic\patch_2951.npz,5248,5120,0.60015869140625,high
f:\MAPATHON\sylhet_flood_2024\data\processed\patches_overlap128_optimistic\patch_2952.npz,5248,5248,0.4633941650390625,high
f:\MAPATHON\sylhet_flood_2024\data\processed\patches_overlap128_optimistic\patch_2953.npz,5248,5376,0.5444488525390625,high
f:\MAPATHON\sylhet_flood_2024\data\processed\patches_overlap128_optimistic\patch_2954.npz,5248,5504,0.55780029296875,high
f:\MAPATHON\sylhet_flood_2024\data\processed\patches_overlap128_optimistic\patch_2955.npz,5248,5632,0.5387420654296875,high
f:\MAPATHON\sylhet_flood_2024\data\processed\patches_overlap128_optimistic\patch_2956.npz,5248,5760,0.43328857421875,high
f:\MAPATHON\sylhet_flood_2024\data\processed\patches_overlap128_optimistic\patch_2957.npz,5248,5888,0.15032958984375,medium
f:\MAPATHON\sylhet_flood_2024\data\processed\patches_overlap128_optimistic\patch_2958.npz,5248,6016,0.0225982666015625,low
f:\MAPATHON\sylhet_flood_2024\data\processed\patches_overlap128_optimistic\patch_2959.npz,5248,6144,0.0006866455078125,very_low
f:\MAPATHON\sylhet_flood_2024\data\processed\patches_overlap128_optimistic\patch_2960.npz,5248,6272,0.0,dry
f:\MAPATHON\sylhet_flood_2024\data\processed\patches_overlap128_optimistic\patch_2961.npz,5248,6400,0.0,dry
f:\MAPATHON\sylhet_flood_2024\data\processed\patches_overlap128_optimistic\patch_2962.npz,5248,6528,0.0,dry
f:\MAPATHON\sylhet_flood_2024\data\processed\patches_overlap128_optimistic\patch_2963.npz,5248,6656,0.0,dry
f:\MAPATHON\sylhet_flood_2024\data\processed\patches_overlap128_optimistic\patch_2964.npz,5248,6784,0.0,dry
f:\MAPATHON\sylhet_flood_2024\data\processed\patches_overlap128_optimistic\patch_2965.npz,5248,6912,0.0,dry
f:\MAPATHON\sylhet_flood_2024\data\processed\patches_overlap128_optimistic\patch_2966.npz,5248,7040,0.0,dry
f:\MAPATHON\sylhet_flood_2024\data\processed\patches_overlap128_optimistic\patch_2967.npz,5248,7168,0.0,dry
f:\MAPATHON\sylhet_flood_2024\data\processed\patches_overlap128_optimistic\patch_2968.npz,5248,7296,0.0,dry
f:\MAPATHON\sylhet_flood_2024\data\processed\patches_overlap128_optimistic\patch_2969.npz,5248,7424,0.0,dry
f:\MAPATHON\sylhet_flood_2024\data\processed\patches_overlap128_optimistic\patch_2970.npz,5248,7552,0.0,dry
f:\MAPATHON\sylhet_flood_2024\data\processed\patches_overlap128_optimistic\patch_2971.npz,5248,7680,0.0,dry
f:\MAPATHON\sylhet_flood_2024\data\processed\patches_overlap128_optimistic\patch_2972.npz,5248,7808,0.0,dry
f:\MAPATHON\sylhet_flood_2024\data\processed\patches_overlap128_optimistic\patch_2973.npz,5248,7936,0.0,dry
f:\MAPATHON\sylhet_flood_2024\data\processed\patches_overlap128_optimistic\patch_2974.npz,5248,8064,0.0,dry
f:\MAPATHON\sylhet_flood_2024\data\processed\patches_overlap128_optimistic\patch_2975.npz,5248,8192,0.0,dry
f:\MAPATHON\sylhet_flood_2024\data\processed\patches_overlap128_optimistic\patch_2976.npz,5248,8320,0.0,dry
f:\MAPATHON\sylhet_flood_2024\data\processed\patches_overlap128_optimistic\patch_2977.npz,5248,8448,0.0,dry
f:\MAPATHON\sylhet_flood_2024\data\processed\patches_overlap128_optimistic\patch_2978.npz,5248,8576,0.0,dry
f:\MAPATHON\sylhet_flood_2024\data\processed\patches_overlap128_optimistic\patch_2979.npz,5248,8704,0.0,dry
f:\MAPATHON\sylhet_flood_2024\data\processed\patches_overlap128_optimistic\patch_2980.npz,5248,8832,0.0,dry
f:\MAPATHON\sylhet_flood_2024\data\processed\patches_overlap128_optimistic\patch_2981.npz,5248,8892,0.0,dry
f:\MAPATHON\sylhet_flood_2024\data\processed\patches_overlap128_optimistic\patch_2982.npz,5376,0,0.4169158935546875,high
f:\MAPATHON\sylhet_flood_2024\data\processed\patches_overlap128_optimistic\patch_2983.npz,5376,128,0.366790771484375,high
f:\MAPATHON\sylhet_flood_2024\data\processed\patches_overlap128_optimistic\patch_2984.npz,5376,256,0.2793121337890625,high
f:\MAPATHON\sylhet_flood_2024\data\processed\patches_overlap128_optimistic\patch_2985.npz,5376,384,0.2641448974609375,high
f:\MAPATHON\sylhet_flood_2024\data\processed\patches_overlap128_optimistic\patch_2986.npz,5376,512,0.3150482177734375,high
f:\MAPATHON\sylhet_flood_2024\data\processed\patches_overlap128_optimistic\patch_2987.npz,5376,640,0.3263397216796875,high
f:\MAPATHON\sylhet_flood_2024\data\processed\patches_overlap128_optimistic\patch_2988.npz,5376,768,0.273651123046875,high
f:\MAPATHON\sylhet_flood_2024\data\processed\patches_overlap128_optimistic\patch_2989.npz,5376,896,0.40985107421875,high
f:\MAPATHON\sylhet_flood_2024\data\processed\patches_overlap128_optimistic\patch_2990.npz,5376,1024,0.428253173828125,high
f:\MAPATHON\sylhet_flood_2024\data\processed\patches_overlap128_optimistic\patch_2991.npz,5376,1152,0.19781494140625,medium
f:\MAPATHON\sylhet_flood_2024\data\processed\patches_overlap128_optimistic\patch_2992.npz,5376,1280,0.2666015625,high
f:\MAPATHON\sylhet_flood_2024\data\processed\patches_overlap128_optimistic\patch_2993.npz,5376,1408,0.4138946533203125,high
f:\MAPATHON\sylhet_flood_2024\data\processed\patches_overlap128_optimistic\patch_2994.npz,5376,1536,0.345062255859375,high
f:\MAPATHON\sylhet_flood_2024\data\processed\patches_overlap128_optimistic\patch_2995.npz,5376,1664,0.3525543212890625,high
f:\MAPATHON\sylhet_flood_2024\data\processed\patches_overlap128_optimistic\patch_2996.npz,5376,1792,0.407501220703125,high
f:\MAPATHON\sylhet_flood_2024\data\processed\patches_overlap128_optimistic\patch_2997.npz,5376,1920,0.3530731201171875,high
f:\MAPATHON\sylhet_flood_2024\data\processed\patches_overlap128_optimistic\patch_2998.npz,5376,2048,0.48626708984375,high
f:\MAPATHON\sylhet_flood_2024\data\processed\patches_overlap128_optimistic\patch_2999.npz,5376,2176,0.56787109375,high
f:\MAPATHON\sylhet_flood_2024\data\processed\patches_overlap128_optimistic\patch_3000.npz,5376,2304,0.503509521484375,high
f:\MAPATHON\sylhet_flood_2024\data\processed\patches_overlap128_optimistic\patch_3001.npz,5376,2432,0.4022674560546875,high
f:\MAPATHON\sylhet_flood_2024\data\processed\patches_overlap128_optimistic\patch_3002.npz,5376,2560,0.1610107421875,medium
f:\MAPATHON\sylhet_flood_2024\data\processed\patches_overlap128_optimistic\patch_3003.npz,5376,2688,0.099761962890625,medium
f:\MAPATHON\sylhet_flood_2024\data\processed\patches_overlap128_optimistic\patch_3004.npz,5376,2816,0.294952392578125,high
f:\MAPATHON\sylhet_flood_2024\data\processed\patches_overlap128_optimistic\patch_3005.npz,5376,2944,0.4136505126953125,high
f:\MAPATHON\sylhet_flood_2024\data\processed\patches_overlap128_optimistic\patch_3006.npz,5376,3072,0.4049530029296875,high
f:\MAPATHON\sylhet_flood_2024\data\processed\patches_overlap128_optimistic\patch_3007.npz,5376,3200,0.4083099365234375,high
f:\MAPATHON\sylhet_flood_2024\data\processed\patches_overlap128_optimistic\patch_3008.npz,5376,3328,0.267547607421875,high
f:\MAPATHON\sylhet_flood_2024\data\processed\patches_overlap128_optimistic\patch_3009.npz,5376,3456,0.1407012939453125,medium
f:\MAPATHON\sylhet_flood_2024\data\processed\patches_overlap128_optimistic\patch_3010.npz,5376,3584,0.1769256591796875,medium
f:\MAPATHON\sylhet_flood_2024\data\processed\patches_overlap128_optimistic\patch_3011.npz,5376,3712,0.174285888671875,medium
f:\MAPATHON\sylhet_flood_2024\data\processed\patches_overlap128_optimistic\patch_3012.npz,5376,3840,0.109039306640625,medium
f:\MAPATHON\sylhet_flood_2024\data\processed\patches_overlap128_optimistic\patch_3013.npz,5376,3968,0.05908203125,medium
f:\MAPATHON\sylhet_flood_2024\data\processed\patches_overlap128_optimistic\patch_3014.npz,5376,4096,0.023162841796875,low
f:\MAPATHON\sylhet_flood_2024\data\processed\patches_overlap128_optimistic\patch_3015.npz,5376,4224,0.0359039306640625,low
f:\MAPATHON\sylhet_flood_2024\data\processed\patches_overlap128_optimistic\patch_3016.npz,5376,4352,0.038787841796875,low
f:\MAPATHON\sylhet_flood_2024\data\processed\patches_overlap128_optimistic\patch_3017.npz,5376,4480,0.024444580078125,low
f:\MAPATHON\sylhet_flood_2024\data\processed\patches_overlap128_optimistic\patch_3018.npz,5376,4608,0.0252532958984375,low
f:\MAPATHON\sylhet_flood_2024\data\processed\patches_overlap128_optimistic\patch_3019.npz,5376,4736,0.007171630859375,very_low
f:\MAPATHON\sylhet_flood_2024\data\processed\patches_overlap128_optimistic\patch_3020.npz,5376,4864,0.1837005615234375,medium
f:\MAPATHON\sylhet_flood_2024\data\processed\patches_overlap128_optimistic\patch_3021.npz,5376,4992,0.418212890625,high
f:\MAPATHON\sylhet_flood_2024\data\processed\patches_overlap128_optimistic\patch_3022.npz,5376,5120,0.5001983642578125,high
f:\MAPATHON\sylhet_flood_2024\data\processed\patches_overlap128_optimistic\patch_3023.npz,5376,5248,0.4213409423828125,high
f:\MAPATHON\sylhet_flood_2024\data\processed\patches_overlap128_optimistic\patch_3024.npz,5376,5376,0.432464599609375,high
f:\MAPATHON\sylhet_flood_2024\data\processed\patches_overlap128_optimistic\patch_3025.npz,5376,5504,0.4954833984375,high
f:\MAPATHON\sylhet_flood_2024\data\processed\patches_overlap128_optimistic\patch_3026.npz,5376,5632,0.3899078369140625,high
f:\MAPATHON\sylhet_flood_2024\data\processed\patches_overlap128_optimistic\patch_3027.npz,5376,5760,0.2359466552734375,high
f:\MAPATHON\sylhet_flood_2024\data\processed\patches_overlap128_optimistic\patch_3028.npz,5376,5888,0.0651702880859375,medium
f:\MAPATHON\sylhet_flood_2024\data\processed\patches_overlap128_optimistic\patch_3029.npz,5376,6016,0.0,dry
f:\MAPATHON\sylhet_flood_2024\data\processed\patches_overlap128_optimistic\patch_3030.npz,5376,6144,0.0,dry
f:\MAPATHON\sylhet_flood_2024\data\processed\patches_overlap128_optimistic\patch_3031.npz,5376,6272,0.0,dry
f:\MAPATHON\sylhet_flood_2024\data\processed\patches_overlap128_optimistic\patch_3032.npz,5376,6400,0.0,dry
f:\MAPATHON\sylhet_flood_2024\data\processed\patches_overlap128_optimistic\patch_3033.npz,5376,6528,0.0,dry
f:\MAPATHON\sylhet_flood_2024\data\processed\patches_overlap128_optimistic\patch_3034.npz,5376,6656,0.0,dry
f:\MAPATHON\sylhet_flood_2024\data\processed\patches_overlap128_optimistic\patch_3035.npz,5376,6784,0.0,dry
f:\MAPATHON\sylhet_flood_2024\data\processed\patches_overlap128_optimistic\patch_3036.npz,5376,6912,0.0,dry
f:\MAPATHON\sylhet_flood_2024\data\processed\patches_overlap128_optimistic\patch_3037.npz,5376,7040,0.0,dry
f:\MAPATHON\sylhet_flood_2024\data\processed\patches_overlap128_optimistic\patch_3038.npz,5376,7168,0.0,dry
f:\MAPATHON\sylhet_flood_2024\data\processed\patches_overlap128_optimistic\patch_3039.npz,5376,7296,0.0,dry
f:\MAPATHON\sylhet_flood_2024\data\processed\patches_overlap128_optimistic\patch_3040.npz,5376,7424,0.0,dry
f:\MAPATHON\sylhet_flood_2024\data\processed\patches_overlap128_optimistic\patch_3041.npz,5376,7552,0.0,dry
f:\MAPATHON\sylhet_flood_2024\data\processed\patches_overlap128_optimistic\patch_3042.npz,5376,7680,0.0,dry
f:\MAPATHON\sylhet_flood_2024\data\processed\patches_overlap128_optimistic\patch_3043.npz,5376,7808,0.0,dry
f:\MAPATHON\sylhet_flood_2024\data\processed\patches_overlap128_optimistic\patch_3044.npz,5376,7936,0.0,dry
f:\MAPATHON\sylhet_flood_2024\data\processed\patches_overlap128_optimistic\patch_3045.npz,5376,8064,0.0,dry
f:\MAPATHON\sylhet_flood_2024\data\processed\patches_overlap128_optimistic\patch_3046.npz,5376,8192,0.0,dry
f:\MAPATHON\sylhet_flood_2024\data\processed\patches_overlap128_optimistic\patch_3047.npz,5376,8320,0.0,dry
f:\MAPATHON\sylhet_flood_2024\data\processed\patches_overlap128_optimistic\patch_3048.npz,5376,8448,0.0,dry
f:\MAPATHON\sylhet_flood_2024\data\processed\patches_overlap128_optimistic\patch_3049.npz,5376,8576,0.0,dry
f:\MAPATHON\sylhet_flood_2024\data\processed\patches_overlap128_optimistic\patch_3050.npz,5376,8704,0.0,dry
f:\MAPATHON\sylhet_flood_2024\data\processed\patches_overlap128_optimistic\patch_3051.npz,5376,8832,0.0,dry
f:\MAPATHON\sylhet_flood_2024\data\processed\patches_overlap128_optimistic\patch_3052.npz,5376,8892,0.0,dry
f:\MAPATHON\sylhet_flood_2024\data\processed\patches_overlap128_optimistic\patch_3053.npz,5504,0,0.4481658935546875,high
f:\MAPATHON\sylhet_flood_2024\data\processed\patches_overlap128_optimistic\patch_3054.npz,5504,128,0.4682769775390625,high
f:\MAPATHON\sylhet_flood_2024\data\processed\patches_overlap128_optimistic\patch_3055.npz,5504,256,0.5117034912109375,high
f:\MAPATHON\sylhet_flood_2024\data\processed\patches_overlap128_optimistic\patch_3056.npz,5504,384,0.50390625,high
f:\MAPATHON\sylhet_flood_2024\data\processed\patches_overlap128_optimistic\patch_3057.npz,5504,512,0.5599212646484375,high
f:\MAPATHON\sylhet_flood_2024\data\processed\patches_overlap128_optimistic\patch_3058.npz,5504,640,0.553253173828125,high
f:\MAPATHON\sylhet_flood_2024\data\processed\patches_overlap128_optimistic\patch_3059.npz,5504,768,0.3129730224609375,high
f:\MAPATHON\sylhet_flood_2024\data\processed\patches_overlap128_optimistic\patch_3060.npz,5504,896,0.3401947021484375,high
f:\MAPATHON\sylhet_flood_2024\data\processed\patches_overlap128_optimistic\patch_3061.npz,5504,1024,0.47991943359375,high
f:\MAPATHON\sylhet_flood_2024\data\processed\patches_overlap128_optimistic\patch_3062.npz,5504,1152,0.386016845703125,high
f:\MAPATHON\sylhet_flood_2024\data\processed\patches_overlap128_optimistic\patch_3063.npz,5504,1280,0.367279052734375,high
f:\MAPATHON\sylhet_flood_2024\data\processed\patches_overlap128_optimistic\patch_3064.npz,5504,1408,0.3811798095703125,high
f:\MAPATHON\sylhet_flood_2024\data\processed\patches_overlap128_optimistic\patch_3065.npz,5504,1536,0.3114166259765625,high
f:\MAPATHON\sylhet_flood_2024\data\processed\patches_overlap128_optimistic\patch_3066.npz,5504,1664,0.33868408203125,high
f:\MAPATHON\sylhet_flood_2024\data\processed\patches_overlap128_optimistic\patch_3067.npz,5504,1792,0.35528564453125,high
f:\MAPATHON\sylhet_flood_2024\data\processed\patches_overlap128_optimistic\patch_3068.npz,5504,1920,0.353973388671875,high
f:\MAPATHON\sylhet_flood_2024\data\processed\patches_overlap128_optimistic\patch_3069.npz,5504,2048,0.4879913330078125,high
f:\MAPATHON\sylhet_flood_2024\data\processed\patches_overlap128_optimistic\patch_3070.npz,5504,2176,0.519012451171875,high
f:\MAPATHON\sylhet_flood_2024\data\processed\patches_overlap128_optimistic\patch_3071.npz,5504,2304,0.4506378173828125,high
f:\MAPATHON\sylhet_flood_2024\data\processed\patches_overlap128_optimistic\patch_3072.npz,5504,2432,0.352874755859375,high
f:\MAPATHON\sylhet_flood_2024\data\processed\patches_overlap128_optimistic\patch_3073.npz,5504,2560,0.169281005859375,medium
f:\MAPATHON\sylhet_flood_2024\data\processed\patches_overlap128_optimistic\patch_3074.npz,5504,2688,0.1286163330078125,medium
f:\MAPATHON\sylhet_flood_2024\data\processed\patches_overlap128_optimistic\patch_3075.npz,5504,2816,0.2884674072265625,high
f:\MAPATHON\sylhet_flood_2024\data\processed\patches_overlap128_optimistic\patch_3076.npz,5504,2944,0.4628448486328125,high
f:\MAPATHON\sylhet_flood_2024\data\processed\patches_overlap128_optimistic\patch_3077.npz,5504,3072,0.3735504150390625,high
f:\MAPATHON\sylhet_flood_2024\data\processed\patches_overlap128_optimistic\patch_3078.npz,5504,3200,0.1547393798828125,medium
f:\MAPATHON\sylhet_flood_2024\data\processed\patches_overlap128_optimistic\patch_3079.npz,5504,3328,0.103607177734375,medium
f:\MAPATHON\sylhet_flood_2024\data\processed\patches_overlap128_optimistic\patch_3080.npz,5504,3456,0.137176513671875,medium
f:\MAPATHON\sylhet_flood_2024\data\processed\patches_overlap128_optimistic\patch_3081.npz,5504,3584,0.1876373291015625,medium
f:\MAPATHON\sylhet_flood_2024\data\processed\patches_overlap128_optimistic\patch_3082.npz,5504,3712,0.1688232421875,medium
f:\MAPATHON\sylhet_flood_2024\data\processed\patches_overlap128_optimistic\patch_3083.npz,5504,3840,0.1050872802734375,medium
f:\MAPATHON\sylhet_flood_2024\data\processed\patches_overlap128_optimistic\patch_3084.npz,5504,3968,0.05267333984375,medium
f:\MAPATHON\sylhet_flood_2024\data\processed\patches_overlap128_optimistic\patch_3085.npz,5504,4096,0.0119171142578125,low
f:\MAPATHON\sylhet_flood_2024\data\processed\patches_overlap128_optimistic\patch_3086.npz,5504,4224,0.0,dry
f:\MAPATHON\sylhet_flood_2024\data\processed\patches_overlap128_optimistic\patch_3087.npz,5504,4352,0.0,dry
f:\MAPATHON\sylhet_flood_2024\data\processed\patches_overlap128_optimistic\patch_3088.npz,5504,4480,0.0,dry
f:\MAPATHON\sylhet_flood_2024\data\processed\patches_overlap128_optimistic\patch_3089.npz,5504,4608,0.0,dry
f:\MAPATHON\sylhet_flood_2024\data\processed\patches_overlap128_optimistic\patch_3090.npz,5504,4736,0.0,dry
f:\MAPATHON\sylhet_flood_2024\data\processed\patches_overlap128_optimistic\patch_3091.npz,5504,4864,0.100738525390625,medium
f:\MAPATHON\sylhet_flood_2024\data\processed\patches_overlap128_optimistic\patch_3092.npz,5504,4992,0.2239837646484375,high
f:\MAPATHON\sylhet_flood_2024\data\processed\patches_overlap128_optimistic\patch_3093.npz,5504,5120,0.392059326171875,high
f:\MAPATHON\sylhet_flood_2024\data\processed\patches_overlap128_optimistic\patch_3094.npz,5504,5248,0.4791107177734375,high
f:\MAPATHON\sylhet_flood_2024\data\processed\patches_overlap128_optimistic\patch_3095.npz,5504,5376,0.5077972412109375,high
f:\MAPATHON\sylhet_flood_2024\data\processed\patches_overlap128_optimistic\patch_3096.npz,5504,5504,0.59564208984375,high
f:\MAPATHON\sylhet_flood_2024\data\processed\patches_overlap128_optimistic\patch_3097.npz,5504,5632,0.380279541015625,high
f:\MAPATHON\sylhet_flood_2024\data\processed\patches_overlap128_optimistic\patch_3098.npz,5504,5760,0.0882720947265625,medium
f:\MAPATHON\sylhet_flood_2024\data\processed\patches_overlap128_optimistic\patch_3099.npz,5504,5888,0.006134033203125,very_low
f:\MAPATHON\sylhet_flood_2024\data\processed\patches_overlap128_optimistic\patch_3100.npz,5504,6016,0.0,dry
f:\MAPATHON\sylhet_flood_2024\data\processed\patches_overlap128_optimistic\patch_3101.npz,5504,6144,0.0,dry
f:\MAPATHON\sylhet_flood_2024\data\processed\patches_overlap128_optimistic\patch_3102.npz,5504,6272,0.0,dry
f:\MAPATHON\sylhet_flood_2024\data\processed\patches_overlap128_optimistic\patch_3103.npz,5504,6400,0.0,dry
f:\MAPATHON\sylhet_flood_2024\data\processed\patches_overlap128_optimistic\patch_3104.npz,5504,6528,0.0,dry
f:\MAPATHON\sylhet_flood_2024\data\processed\patches_overlap128_optimistic\patch_3105.npz,5504,6656,0.0,dry
f:\MAPATHON\sylhet_flood_2024\data\processed\patches_overlap128_optimistic\patch_3106.npz,5504,6784,0.0,dry
f:\MAPATHON\sylhet_flood_2024\data\processed\patches_overlap128_optimistic\patch_3107.npz,5504,6912,0.0,dry
f:\MAPATHON\sylhet_flood_2024\data\processed\patches_overlap128_optimistic\patch_3108.npz,5504,7040,0.0,dry
f:\MAPATHON\sylhet_flood_2024\data\processed\patches_overlap128_optimistic\patch_3109.npz,5504,7168,0.0,dry
f:\MAPATHON\sylhet_flood_2024\data\processed\patches_overlap128_optimistic\patch_3110.npz,5504,7296,0.0,dry
f:\MAPATHON\sylhet_flood_2024\data\processed\patches_overlap128_optimistic\patch_3111.npz,5504,7424,0.0,dry
f:\MAPATHON\sylhet_flood_2024\data\processed\patches_overlap128_optimistic\patch_3112.npz,5504,7552,0.0,dry
f:\MAPATHON\sylhet_flood_2024\data\processed\patches_overlap128_optimistic\patch_3113.npz,5504,7680,0.0,dry
f:\MAPATHON\sylhet_flood_2024\data\processed\patches_overlap128_optimistic\patch_3114.npz,5504,7808,0.0,dry
f:\MAPATHON\sylhet_flood_2024\data\processed\patches_overlap128_optimistic\patch_3115.npz,5504,7936,0.0,dry
f:\MAPATHON\sylhet_flood_2024\data\processed\patches_overlap128_optimistic\patch_3116.npz,5504,8064,0.0,dry
f:\MAPATHON\sylhet_flood_2024\data\processed\patches_overlap128_optimistic\patch_3117.npz,5504,8192,0.0,dry
f:\MAPATHON\sylhet_flood_2024\data\processed\patches_overlap128_optimistic\patch_3118.npz,5504,8320,0.0,dry
f:\MAPATHON\sylhet_flood_2024\data\processed\patches_overlap128_optimistic\patch_3119.npz,5504,8448,0.0,dry
f:\MAPATHON\sylhet_flood_2024\data\processed\patches_overlap128_optimistic\patch_3120.npz,5504,8576,0.0,dry
f:\MAPATHON\sylhet_flood_2024\data\processed\patches_overlap128_optimistic\patch_3121.npz,5504,8704,0.0,dry
f:\MAPATHON\sylhet_flood_2024\data\processed\patches_overlap128_optimistic\patch_3122.npz,5504,8832,0.0,dry
f:\MAPATHON\sylhet_flood_2024\data\processed\patches_overlap128_optimistic\patch_3123.npz,5504,8892,0.0,dry
f:\MAPATHON\sylhet_flood_2024\data\processed\patches_overlap128_optimistic\patch_3124.npz,5632,0,0.3550262451171875,high
f:\MAPATHON\sylhet_flood_2024\data\processed\patches_overlap128_optimistic\patch_3125.npz,5632,128,0.380706787109375,high
f:\MAPATHON\sylhet_flood_2024\data\processed\patches_overlap128_optimistic\patch_3126.npz,5632,256,0.48876953125,high
f:\MAPATHON\sylhet_flood_2024\data\processed\patches_overlap128_optimistic\patch_3127.npz,5632,384,0.4547882080078125,high
f:\MAPATHON\sylhet_flood_2024\data\processed\patches_overlap128_optimistic\patch_3128.npz,5632,512,0.4738006591796875,high
f:\MAPATHON\sylhet_flood_2024\data\processed\patches_overlap128_optimistic\patch_3129.npz,5632,640,0.47760009765625,high
f:\MAPATHON\sylhet_flood_2024\data\processed\patches_overlap128_optimistic\patch_3130.npz,5632,768,0.3121185302734375,high
f:\MAPATHON\sylhet_flood_2024\data\processed\patches_overlap128_optimistic\patch_3131.npz,5632,896,0.3382415771484375,high
f:\MAPATHON\sylhet_flood_2024\data\processed\patches_overlap128_optimistic\patch_3132.npz,5632,1024,0.4319000244140625,high
f:\MAPATHON\sylhet_flood_2024\data\processed\patches_overlap128_optimistic\patch_3133.npz,5632,1152,0.445770263671875,high
f:\MAPATHON\sylhet_flood_2024\data\processed\patches_overlap128_optimistic\patch_3134.npz,5632,1280,0.4152069091796875,high
f:\MAPATHON\sylhet_flood_2024\data\processed\patches_overlap128_optimistic\patch_3135.npz,5632,1408,0.356414794921875,high
f:\MAPATHON\sylhet_flood_2024\data\processed\patches_overlap128_optimistic\patch_3136.npz,5632,1536,0.4091949462890625,high
f:\MAPATHON\sylhet_flood_2024\data\processed\patches_overlap128_optimistic\patch_3137.npz,5632,1664,0.411376953125,high
f:\MAPATHON\sylhet_flood_2024\data\processed\patches_overlap128_optimistic\patch_3138.npz,5632,1792,0.318328857421875,high
f:\MAPATHON\sylhet_flood_2024\data\processed\patches_overlap128_optimistic\patch_3139.npz,5632,1920,0.436370849609375,high
f:\MAPATHON\sylhet_flood_2024\data\processed\patches_overlap128_optimistic\patch_3140.npz,5632,2048,0.4808502197265625,high
f:\MAPATHON\sylhet_flood_2024\data\processed\patches_overlap128_optimistic\patch_3141.npz,5632,2176,0.3661346435546875,high
f:\MAPATHON\sylhet_flood_2024\data\processed\patches_overlap128_optimistic\patch_3142.npz,5632,2304,0.24261474609375,high
f:\MAPATHON\sylhet_flood_2024\data\processed\patches_overlap128_optimistic\patch_3143.npz,5632,2432,0.13177490234375,medium
f:\MAPATHON\sylhet_flood_2024\data\processed\patches_overlap128_optimistic\patch_3144.npz,5632,2560,0.1782379150390625,medium
f:\MAPATHON\sylhet_flood_2024\data\processed\patches_overlap128_optimistic\patch_3145.npz,5632,2688,0.2698822021484375,high
f:\MAPATHON\sylhet_flood_2024\data\processed\patches_overlap128_optimistic\patch_3146.npz,5632,2816,0.440460205078125,high
f:\MAPATHON\sylhet_flood_2024\data\processed\patches_overlap128_optimistic\patch_3147.npz,5632,2944,0.51519775390625,high
f:\MAPATHON\sylhet_flood_2024\data\processed\patches_overlap128_optimistic\patch_3148.npz,5632,3072,0.342193603515625,high
f:\MAPATHON\sylhet_flood_2024\data\processed\patches_overlap128_optimistic\patch_3149.npz,5632,3200,0.1244659423828125,medium
f:\MAPATHON\sylhet_flood_2024\data\processed\patches_overlap128_optimistic\patch_3150.npz,5632,3328,0.040008544921875,low
f:\MAPATHON\sylhet_flood_2024\data\processed\patches_overlap128_optimistic\patch_3151.npz,5632,3456,0.07745361328125,medium
f:\MAPATHON\sylhet_flood_2024\data\processed\patches_overlap128_optimistic\patch_3152.npz,5632,3584,0.1302642822265625,medium
f:\MAPATHON\sylhet_flood_2024\data\processed\patches_overlap128_optimistic\patch_3153.npz,5632,3712,0.09979248046875,medium
f:\MAPATHON\sylhet_flood_2024\data\processed\patches_overlap128_optimistic\patch_3154.npz,5632,3840,0.045623779296875,low
f:\MAPATHON\sylhet_flood_2024\data\processed\patches_overlap128_optimistic\patch_3155.npz,5632,3968,0.038665771484375,low
f:\MAPATHON\sylhet_flood_2024\data\processed\patches_overlap128_optimistic\patch_3156.npz,5632,4096,0.0152740478515625,low
f:\MAPATHON\sylhet_flood_2024\data\processed\patches_overlap128_optimistic\patch_3157.npz,5632,4224,0.0005035400390625,very_low
f:\MAPATHON\sylhet_flood_2024\data\processed\patches_overlap128_optimistic\patch_3158.npz,5632,4352,0.0005035400390625,very_low
f:\MAPATHON\sylhet_flood_2024\data\processed\patches_overlap128_optimistic\patch_3159.npz,5632,4480,0.0,dry
f:\MAPATHON\sylhet_flood_2024\data\processed\patches_overlap128_optimistic\patch_3160.npz,5632,4608,0.0,dry
f:\MAPATHON\sylhet_flood_2024\data\processed\patches_overlap128_optimistic\patch_3161.npz,5632,4736,0.0,dry
f:\MAPATHON\sylhet_flood_2024\data\processed\patches_overlap128_optimistic\patch_3162.npz,5632,4864,0.0022125244140625,very_low
f:\MAPATHON\sylhet_flood_2024\data\processed\patches_overlap128_optimistic\patch_3163.npz,5632,4992,0.0385284423828125,low
f:\MAPATHON\sylhet_flood_2024\data\processed\patches_overlap128_optimistic\patch_3164.npz,5632,5120,0.2639312744140625,high
f:\MAPATHON\sylhet_flood_2024\data\processed\patches_overlap128_optimistic\patch_3165.npz,5632,5248,0.5030670166015625,high
f:\MAPATHON\sylhet_flood_2024\data\processed\patches_overlap128_optimistic\patch_3166.npz,5632,5376,0.5791168212890625,high
f:\MAPATHON\sylhet_flood_2024\data\processed\patches_overlap128_optimistic\patch_3167.npz,5632,5504,0.60284423828125,high
f:\MAPATHON\sylhet_flood_2024\data\processed\patches_overlap128_optimistic\patch_3168.npz,5632,5632,0.38604736328125,high
f:\MAPATHON\sylhet_flood_2024\data\processed\patches_overlap128_optimistic\patch_3169.npz,5632,5760,0.0907440185546875,medium
f:\MAPATHON\sylhet_flood_2024\data\processed\patches_overlap128_optimistic\patch_3170.npz,5632,5888,0.003875732421875,very_low
f:\MAPATHON\sylhet_flood_2024\data\processed\patches_overlap128_optimistic\patch_3171.npz,5632,6016,0.0,dry
f:\MAPATHON\sylhet_flood_2024\data\processed\patches_overlap128_optimistic\patch_3172.npz,5632,6144,0.0,dry
f:\MAPATHON\sylhet_flood_2024\data\processed\patches_overlap128_optimistic\patch_3173.npz,5632,6272,0.0,dry
f:\MAPATHON\sylhet_flood_2024\data\processed\patches_overlap128_optimistic\patch_3174.npz,5632,6400,0.0,dry
f:\MAPATHON\sylhet_flood_2024\data\processed\patches_overlap128_optimistic\patch_3175.npz,5632,6528,0.0,dry
f:\MAPATHON\sylhet_flood_2024\data\processed\patches_overlap128_optimistic\patch_3176.npz,5632,6656,0.0,dry
f:\MAPATHON\sylhet_flood_2024\data\processed\patches_overlap128_optimistic\patch_3177.npz,5632,6784,0.0,dry
f:\MAPATHON\sylhet_flood_2024\data\processed\patches_overlap128_optimistic\patch_3178.npz,5632,6912,0.0,dry
f:\MAPATHON\sylhet_flood_2024\data\processed\patches_overlap128_optimistic\patch_3179.npz,5632,7040,0.0,dry
f:\MAPATHON\sylhet_flood_2024\data\processed\patches_overlap128_optimistic\patch_3180.npz,5632,7168,0.0,dry
f:\MAPATHON\sylhet_flood_2024\data\processed\patches_overlap128_optimistic\patch_3181.npz,5632,7296,0.0,dry
f:\MAPATHON\sylhet_flood_2024\data\processed\patches_overlap128_optimistic\patch_3182.npz,5632,7424,0.0,dry
f:\MAPATHON\sylhet_flood_2024\data\processed\patches_overlap128_optimistic\patch_3183.npz,5632,7552,0.0,dry
f:\MAPATHON\sylhet_flood_2024\data\processed\patches_overlap128_optimistic\patch_3184.npz,5632,7680,0.0,dry
f:\MAPATHON\sylhet_flood_2024\data\processed\patches_overlap128_optimistic\patch_3185.npz,5632,7808,0.0,dry
f:\MAPATHON\sylhet_flood_2024\data\processed\patches_overlap128_optimistic\patch_3186.npz,5632,7936,0.0,dry
f:\MAPATHON\sylhet_flood_2024\data\processed\patches_overlap128_optimistic\patch_3187.npz,5632,8064,0.0,dry
f:\MAPATHON\sylhet_flood_2024\data\processed\patches_overlap128_optimistic\patch_3188.npz,5632,8192,0.0,dry
f:\MAPATHON\sylhet_flood_2024\data\processed\patches_overlap128_optimistic\patch_3189.npz,5632,8320,0.0,dry
f:\MAPATHON\sylhet_flood_2024\data\processed\patches_overlap128_optimistic\patch_3190.npz,5632,8448,0.0,dry
f:\MAPATHON\sylhet_flood_2024\data\processed\patches_overlap128_optimistic\patch_3191.npz,5632,8576,0.0,dry
f:\MAPATHON\sylhet_flood_2024\data\processed\patches_overlap128_optimistic\patch_3192.npz,5632,8704,0.0,dry
f:\MAPATHON\sylhet_flood_2024\data\processed\patches_overlap128_optimistic\patch_3193.npz,5632,8832,0.0,dry
f:\MAPATHON\sylhet_flood_2024\data\processed\patches_overlap128_optimistic\patch_3194.npz,5632,8892,0.0,dry
f:\MAPATHON\sylhet_flood_2024\data\processed\patches_overlap128_optimistic\patch_3195.npz,5760,0,0.4620361328125,high
f:\MAPATHON\sylhet_flood_2024\data\processed\patches_overlap128_optimistic\patch_3196.npz,5760,128,0.3417205810546875,high
f:\MAPATHON\sylhet_flood_2024\data\processed\patches_overlap128_optimistic\patch_3197.npz,5760,256,0.3848724365234375,high
f:\MAPATHON\sylhet_flood_2024\data\processed\patches_overlap128_optimistic\patch_3198.npz,5760,384,0.4404754638671875,high
f:\MAPATHON\sylhet_flood_2024\data\processed\patches_overlap128_optimistic\patch_3199.npz,5760,512,0.390472412109375,high
f:\MAPATHON\sylhet_flood_2024\data\processed\patches_overlap128_optimistic\patch_3200.npz,5760,640,0.3738555908203125,high
f:\MAPATHON\sylhet_flood_2024\data\processed\patches_overlap128_optimistic\patch_3201.npz,5760,768,0.4511260986328125,high
f:\MAPATHON\sylhet_flood_2024\data\processed\patches_overlap128_optimistic\patch_3202.npz,5760,896,0.4602813720703125,high
f:\MAPATHON\sylhet_flood_2024\data\processed\patches_overlap128_optimistic\patch_3203.npz,5760,1024,0.4023590087890625,high
f:\MAPATHON\sylhet_flood_2024\data\processed\patches_overlap128_optimistic\patch_3204.npz,5760,1152,0.4230194091796875,high
f:\MAPATHON\sylhet_flood_2024\data\processed\patches_overlap128_optimistic\patch_3205.npz,5760,1280,0.3595123291015625,high
f:\MAPATHON\sylhet_flood_2024\data\processed\patches_overlap128_optimistic\patch_3206.npz,5760,1408,0.2990875244140625,high
f:\MAPATHON\sylhet_flood_2024\data\processed\patches_overlap128_optimistic\patch_3207.npz,5760,1536,0.417449951171875,high
f:\MAPATHON\sylhet_flood_2024\data\processed\patches_overlap128_optimistic\patch_3208.npz,5760,1664,0.4358062744140625,high
f:\MAPATHON\sylhet_flood_2024\data\processed\patches_overlap128_optimistic\patch_3209.npz,5760,1792,0.32659912109375,high
f:\MAPATHON\sylhet_flood_2024\data\processed\patches_overlap128_optimistic\patch_3210.npz,5760,1920,0.4419097900390625,high
f:\MAPATHON\sylhet_flood_2024\data\processed\patches_overlap128_optimistic\patch_3211.npz,5760,2048,0.45062255859375,high
f:\MAPATHON\sylhet_flood_2024\data\processed\patches_overlap128_optimistic\patch_3212.npz,5760,2176,0.2205657958984375,high
f:\MAPATHON\sylhet_flood_2024\data\processed\patches_overlap128_optimistic\patch_3213.npz,5760,2304,0.1667938232421875,medium
f:\MAPATHON\sylhet_flood_2024\data\processed\patches_overlap128_optimistic\patch_3214.npz,5760,2432,0.1659088134765625,medium
f:\MAPATHON\sylhet_flood_2024\data\processed\patches_overlap128_optimistic\patch_3215.npz,5760,2560,0.2144927978515625,high
f:\MAPATHON\sylhet_flood_2024\data\processed\patches_overlap128_optimistic\patch_3216.npz,5760,2688,0.323455810546875,high
f:\MAPATHON\sylhet_flood_2024\data\processed\patches_overlap128_optimistic\patch_3217.npz,5760,2816,0.5377197265625,high
f:\MAPATHON\sylhet_flood_2024\data\processed\patches_overlap128_optimistic\patch_3218.npz,5760,2944,0.4491424560546875,high
f:\MAPATHON\sylhet_flood_2024\data\processed\patches_overlap128_optimistic\patch_3219.npz,5760,3072,0.21356201171875,high
f:\MAPATHON\sylhet_flood_2024\data\processed\patches_overlap128_optimistic\patch_3220.npz,5760,3200,0.118682861328125,medium
f:\MAPATHON\sylhet_flood_2024\data\processed\patches_overlap128_optimistic\patch_3221.npz,5760,3328,0.0002899169921875,very_low
f:\MAPATHON\sylhet_flood_2024\data\processed\patches_overlap128_optimistic\patch_3222.npz,5760,3456,0.0002899169921875,very_low
f:\MAPATHON\sylhet_flood_2024\data\processed\patches_overlap128_optimistic\patch_3223.npz,5760,3584,0.0,dry
f:\MAPATHON\sylhet_flood_2024\data\processed\patches_overlap128_optimistic\patch_3224.npz,5760,3712,0.0,dry
f:\MAPATHON\sylhet_flood_2024\data\processed\patches_overlap128_optimistic\patch_3225.npz,5760,3840,0.0537567138671875,medium
f:\MAPATHON\sylhet_flood_2024\data\processed\patches_overlap128_optimistic\patch_3226.npz,5760,3968,0.1150360107421875,medium
f:\MAPATHON\sylhet_flood_2024\data\processed\patches_overlap128_optimistic\patch_3227.npz,5760,4096,0.061279296875,medium
f:\MAPATHON\sylhet_flood_2024\data\processed\patches_overlap128_optimistic\patch_3228.npz,5760,4224,0.0005035400390625,very_low
f:\MAPATHON\sylhet_flood_2024\data\processed\patches_overlap128_optimistic\patch_3229.npz,5760,4352,0.0005035400390625,very_low
f:\MAPATHON\sylhet_flood_2024\data\processed\patches_overlap128_optimistic\patch_3230.npz,5760,4480,0.0,dry
f:\MAPATHON\sylhet_flood_2024\data\processed\patches_overlap128_optimistic\patch_3231.npz,5760,4608,0.0,dry
f:\MAPATHON\sylhet_flood_2024\data\processed\patches_overlap128_optimistic\patch_3232.npz,5760,4736,0.0,dry
f:\MAPATHON\sylhet_flood_2024\data\processed\patches_overlap128_optimistic\patch_3233.npz,5760,4864,0.0003662109375,very_low
f:\MAPATHON\sylhet_flood_2024\data\processed\patches_overlap128_optimistic\patch_3234.npz,5760,4992,0.0064849853515625,very_low
f:\MAPATHON\sylhet_flood_2024\data\processed\patches_overlap128_optimistic\patch_3235.npz,5760,5120,0.1763458251953125,medium
f:\MAPATHON\sylhet_flood_2024\data\processed\patches_overlap128_optimistic\patch_3236.npz,5760,5248,0.4402313232421875,high
f:\MAPATHON\sylhet_flood_2024\data\processed\patches_overlap128_optimistic\patch_3237.npz,5760,5376,0.4530487060546875,high
f:\MAPATHON\sylhet_flood_2024\data\processed\patches_overlap128_optimistic\patch_3238.npz,5760,5504,0.4419708251953125,high
f:\MAPATHON\sylhet_flood_2024\data\processed\patches_overlap128_optimistic\patch_3239.npz,5760,5632,0.3238677978515625,high
f:\MAPATHON\sylhet_flood_2024\data\processed\patches_overlap128_optimistic\patch_3240.npz,5760,5760,0.067413330078125,medium
f:\MAPATHON\sylhet_flood_2024\data\processed\patches_overlap128_optimistic\patch_3241.npz,5760,5888,0.0036468505859375,very_low
f:\MAPATHON\sylhet_flood_2024\data\processed\patches_overlap128_optimistic\patch_3242.npz,5760,6016,0.0011749267578125,very_low
f:\MAPATHON\sylhet_flood_2024\data\processed\patches_overlap128_optimistic\patch_3243.npz,5760,6144,0.0,dry
f:\MAPATHON\sylhet_flood_2024\data\processed\patches_overlap128_optimistic\patch_3244.npz,5760,6272,0.0,dry
f:\MAPATHON\sylhet_flood_2024\data\processed\patches_overlap128_optimistic\patch_3245.npz,5760,6400,0.0,dry
f:\MAPATHON\sylhet_flood_2024\data\processed\patches_overlap128_optimistic\patch_3246.npz,5760,6528,0.0,dry
f:\MAPATHON\sylhet_flood_2024\data\processed\patches_overlap128_optimistic\patch_3247.npz,5760,6656,0.0,dry
f:\MAPATHON\sylhet_flood_2024\data\processed\patches_overlap128_optimistic\patch_3248.npz,5760,6784,0.0,dry
f:\MAPATHON\sylhet_flood_2024\data\processed\patches_overlap128_optimistic\patch_3249.npz,5760,6912,0.0,dry
f:\MAPATHON\sylhet_flood_2024\data\processed\patches_overlap128_optimistic\patch_3250.npz,5760,7040,0.0,dry
f:\MAPATHON\sylhet_flood_2024\data\processed\patches_overlap128_optimistic\patch_3251.npz,5760,7168,0.0,dry
f:\MAPATHON\sylhet_flood_2024\data\processed\patches_overlap128_optimistic\patch_3252.npz,5760,7296,0.0,dry
f:\MAPATHON\sylhet_flood_2024\data\processed\patches_overlap128_optimistic\patch_3253.npz,5760,7424,0.0,dry
f:\MAPATHON\sylhet_flood_2024\data\processed\patches_overlap128_optimistic\patch_3254.npz,5760,7552,0.0,dry
f:\MAPATHON\sylhet_flood_2024\data\processed\patches_overlap128_optimistic\patch_3255.npz,5760,7680,0.0,dry
f:\MAPATHON\sylhet_flood_2024\data\processed\patches_overlap128_optimistic\patch_3256.npz,5760,7808,0.0,dry
f:\MAPATHON\sylhet_flood_2024\data\processed\patches_overlap128_optimistic\patch_3257.npz,5760,7936,0.0,dry
f:\MAPATHON\sylhet_flood_2024\data\processed\patches_overlap128_optimistic\patch_3258.npz,5760,8064,0.0,dry
f:\MAPATHON\sylhet_flood_2024\data\processed\patches_overlap128_optimistic\patch_3259.npz,5760,8192,0.0,dry
f:\MAPATHON\sylhet_flood_2024\data\processed\patches_overlap128_optimistic\patch_3260.npz,5760,8320,0.0,dry
f:\MAPATHON\sylhet_flood_2024\data\processed\patches_overlap128_optimistic\patch_3261.npz,5760,8448,0.0,dry
f:\MAPATHON\sylhet_flood_2024\data\processed\patches_overlap128_optimistic\patch_3262.npz,5760,8576,0.0,dry
f:\MAPATHON\sylhet_flood_2024\data\processed\patches_overlap128_optimistic\patch_3263.npz,5760,8704,0.0,dry
f:\MAPATHON\sylhet_flood_2024\data\processed\patches_overlap128_optimistic\patch_3264.npz,5760,8832,0.0,dry
f:\MAPATHON\sylhet_flood_2024\data\processed\patches_overlap128_optimistic\patch_3265.npz,5760,8892,0.0,dry
f:\MAPATHON\sylhet_flood_2024\data\processed\patches_overlap128_optimistic\patch_3266.npz,5888,0,0.621612548828125,high
f:\MAPATHON\sylhet_flood_2024\data\processed\patches_overlap128_optimistic\patch_3267.npz,5888,128,0.4125213623046875,high
f:\MAPATHON\sylhet_flood_2024\data\processed\patches_overlap128_optimistic\patch_3268.npz,5888,256,0.333526611328125,high
f:\MAPATHON\sylhet_flood_2024\data\processed\patches_overlap128_optimistic\patch_3269.npz,5888,384,0.4895782470703125,high
f:\MAPATHON\sylhet_flood_2024\data\processed\patches_overlap128_optimistic\patch_3270.npz,5888,512,0.4821319580078125,high
f:\MAPATHON\sylhet_flood_2024\data\processed\patches_overlap128_optimistic\patch_3271.npz,5888,640,0.4409332275390625,high
f:\MAPATHON\sylhet_flood_2024\data\processed\patches_overlap128_optimistic\patch_3272.npz,5888,768,0.473388671875,high
f:\MAPATHON\sylhet_flood_2024\data\processed\patches_overlap128_optimistic\patch_3273.npz,5888,896,0.41363525390625,high
f:\MAPATHON\sylhet_flood_2024\data\processed\patches_overlap128_optimistic\patch_3274.npz,5888,1024,0.38458251953125,high
f:\MAPATHON\sylhet_flood_2024\data\processed\patches_overlap128_optimistic\patch_3275.npz,5888,1152,0.4315948486328125,high
f:\MAPATHON\sylhet_flood_2024\data\processed\patches_overlap128_optimistic\patch_3276.npz,5888,1280,0.386322021484375,high
f:\MAPATHON\sylhet_flood_2024\data\processed\patches_overlap128_optimistic\patch_3277.npz,5888,1408,0.274261474609375,high
f:\MAPATHON\sylhet_flood_2024\data\processed\patches_overlap128_optimistic\patch_3278.npz,5888,1536,0.3017730712890625,high
f:\MAPATHON\sylhet_flood_2024\data\processed\patches_overlap128_optimistic\patch_3279.npz,5888,1664,0.4086456298828125,high
f:\MAPATHON\sylhet_flood_2024\data\processed\patches_overlap128_optimistic\patch_3280.npz,5888,1792,0.3590240478515625,high
f:\MAPATHON\sylhet_flood_2024\data\processed\patches_overlap128_optimistic\patch_3281.npz,5888,1920,0.3560638427734375,high
f:\MAPATHON\sylhet_flood_2024\data\processed\patches_overlap128_optimistic\patch_3282.npz,5888,2048,0.3421783447265625,high
f:\MAPATHON\sylhet_flood_2024\data\processed\patches_overlap128_optimistic\patch_3283.npz,5888,2176,0.1959686279296875,medium
f:\MAPATHON\sylhet_flood_2024\data\processed\patches_overlap128_optimistic\patch_3284.npz,5888,2304,0.198883056640625,medium
f:\MAPATHON\sylhet_flood_2024\data\processed\patches_overlap128_optimistic\patch_3285.npz,5888,2432,0.1995391845703125,medium
f:\MAPATHON\sylhet_flood_2024\data\processed\patches_overlap128_optimistic\patch_3286.npz,5888,2560,0.230194091796875,high
f:\MAPATHON\sylhet_flood_2024\data\processed\patches_overlap128_optimistic\patch_3287.npz,5888,2688,0.3455810546875,high
f:\MAPATHON\sylhet_flood_2024\data\processed\patches_overlap128_optimistic\patch_3288.npz,5888,2816,0.422454833984375,high
f:\MAPATHON\sylhet_flood_2024\data\processed\patches_overlap128_optimistic\patch_3289.npz,5888,2944,0.3113861083984375,high
f:\MAPATHON\sylhet_flood_2024\data\processed\patches_overlap128_optimistic\patch_3290.npz,5888,3072,0.1588592529296875,medium
f:\MAPATHON\sylhet_flood_2024\data\processed\patches_overlap128_optimistic\patch_3291.npz,5888,3200,0.063812255859375,medium
f:\MAPATHON\sylhet_flood_2024\data\processed\patches_overlap128_optimistic\patch_3292.npz,5888,3328,0.0002899169921875,very_low
f:\MAPATHON\sylhet_flood_2024\data\processed\patches_overlap128_optimistic\patch_3293.npz,5888,3456,0.0002899169921875,very_low
f:\MAPATHON\sylhet_flood_2024\data\processed\patches_overlap128_optimistic\patch_3294.npz,5888,3584,0.0,dry
f:\MAPATHON\sylhet_flood_2024\data\processed\patches_overlap128_optimistic\patch_3295.npz,5888,3712,0.0,dry
f:\MAPATHON\sylhet_flood_2024\data\processed\patches_overlap128_optimistic\patch_3296.npz,5888,3840,0.12158203125,medium
f:\MAPATHON\sylhet_flood_2024\data\processed\patches_overlap128_optimistic\patch_3297.npz,5888,3968,0.22222900390625,high
f:\MAPATHON\sylhet_flood_2024\data\processed\patches_overlap128_optimistic\patch_3298.npz,5888,4096,0.10064697265625,medium
f:\MAPATHON\sylhet_flood_2024\data\processed\patches_overlap128_optimistic\patch_3299.npz,5888,4224,0.0,dry
f:\MAPATHON\sylhet_flood_2024\data\processed\patches_overlap128_optimistic\patch_3300.npz,5888,4352,0.0,dry
f:\MAPATHON\sylhet_flood_2024\data\processed\patches_overlap128_optimistic\patch_3301.npz,5888,4480,0.0,dry
f:\MAPATHON\sylhet_flood_2024\data\processed\patches_overlap128_optimistic\patch_3302.npz,5888,4608,0.0,dry
f:\MAPATHON\sylhet_flood_2024\data\processed\patches_overlap128_optimistic\patch_3303.npz,5888,4736,0.0,dry
f:\MAPATHON\sylhet_flood_2024\data\processed\patches_overlap128_optimistic\patch_3304.npz,5888,4864,0.0,dry
f:\MAPATHON\sylhet_flood_2024\data\processed\patches_overlap128_optimistic\patch_3305.npz,5888,4992,0.0291595458984375,low
f:\MAPATHON\sylhet_flood_2024\data\processed\patches_overlap128_optimistic\patch_3306.npz,5888,5120,0.206207275390625,high
f:\MAPATHON\sylhet_flood_2024\data\processed\patches_overlap128_optimistic\patch_3307.npz,5888,5248,0.4041290283203125,high
f:\MAPATHON\sylhet_flood_2024\data\processed\patches_overlap128_optimistic\patch_3308.npz,5888,5376,0.344268798828125,high
f:\MAPATHON\sylhet_flood_2024\data\processed\patches_overlap128_optimistic\patch_3309.npz,5888,5504,0.31005859375,high
f:\MAPATHON\sylhet_flood_2024\data\processed\patches_overlap128_optimistic\patch_3310.npz,5888,5632,0.2390594482421875,high
f:\MAPATHON\sylhet_flood_2024\data\processed\patches_overlap128_optimistic\patch_3311.npz,5888,5760,0.0486602783203125,low
f:\MAPATHON\sylhet_flood_2024\data\processed\patches_overlap128_optimistic\patch_3312.npz,5888,5888,0.0036468505859375,very_low
f:\MAPATHON\sylhet_flood_2024\data\processed\patches_overlap128_optimistic\patch_3313.npz,5888,6016,0.0011749267578125,very_low
f:\MAPATHON\sylhet_flood_2024\data\processed\patches_overlap128_optimistic\patch_3314.npz,5888,6144,0.0,dry
f:\MAPATHON\sylhet_flood_2024\data\processed\patches_overlap128_optimistic\patch_3315.npz,5888,6272,0.0,dry
f:\MAPATHON\sylhet_flood_2024\data\processed\patches_overlap128_optimistic\patch_3316.npz,5888,6400,0.0,dry
f:\MAPATHON\sylhet_flood_2024\data\processed\patches_overlap128_optimistic\patch_3317.npz,5888,6528,0.0,dry
f:\MAPATHON\sylhet_flood_2024\data\processed\patches_overlap128_optimistic\patch_3318.npz,5888,6656,0.0,dry
f:\MAPATHON\sylhet_flood_2024\data\processed\patches_overlap128_optimistic\patch_3319.npz,5888,6784,0.0,dry
f:\MAPATHON\sylhet_flood_2024\data\processed\patches_overlap128_optimistic\patch_3320.npz,5888,6912,0.0,dry
f:\MAPATHON\sylhet_flood_2024\data\processed\patches_overlap128_optimistic\patch_3321.npz,5888,7040,0.0,dry
f:\MAPATHON\sylhet_flood_2024\data\processed\patches_overlap128_optimistic\patch_3322.npz,5888,7168,0.0,dry
f:\MAPATHON\sylhet_flood_2024\data\processed\patches_overlap128_optimistic\patch_3323.npz,5888,7296,0.0,dry
f:\MAPATHON\sylhet_flood_2024\data\processed\patches_overlap128_optimistic\patch_3324.npz,5888,7424,0.0,dry
f:\MAPATHON\sylhet_flood_2024\data\processed\patches_overlap128_optimistic\patch_3325.npz,5888,7552,0.0,dry
f:\MAPATHON\sylhet_flood_2024\data\processed\patches_overlap128_optimistic\patch_3326.npz,5888,7680,0.0,dry
f:\MAPATHON\sylhet_flood_2024\data\processed\patches_overlap128_optimistic\patch_3327.npz,5888,7808,0.0,dry
f:\MAPATHON\sylhet_flood_2024\data\processed\patches_overlap128_optimistic\patch_3328.npz,5888,7936,0.0,dry
f:\MAPATHON\sylhet_flood_2024\data\processed\patches_overlap128_optimistic\patch_3329.npz,5888,8064,0.0,dry
f:\MAPATHON\sylhet_flood_2024\data\processed\patches_overlap128_optimistic\patch_3330.npz,5888,8192,0.0,dry
f:\MAPATHON\sylhet_flood_2024\data\processed\patches_overlap128_optimistic\patch_3331.npz,5888,8320,0.0,dry
f:\MAPATHON\sylhet_flood_2024\data\processed\patches_overlap128_optimistic\patch_3332.npz,5888,8448,0.0,dry
f:\MAPATHON\sylhet_flood_2024\data\processed\patches_overlap128_optimistic\patch_3333.npz,5888,8576,0.0,dry
f:\MAPATHON\sylhet_flood_2024\data\processed\patches_overlap128_optimistic\patch_3334.npz,5888,8704,0.0,dry
f:\MAPATHON\sylhet_flood_2024\data\processed\patches_overlap128_optimistic\patch_3335.npz,5888,8832,0.0,dry
f:\MAPATHON\sylhet_flood_2024\data\processed\patches_overlap128_optimistic\patch_3336.npz,5888,8892,0.0,dry
f:\MAPATHON\sylhet_flood_2024\data\processed\patches_overlap128_optimistic\patch_3337.npz,6016,0,0.5213165283203125,high
f:\MAPATHON\sylhet_flood_2024\data\processed\patches_overlap128_optimistic\patch_3338.npz,6016,128,0.4410552978515625,high
f:\MAPATHON\sylhet_flood_2024\data\processed\patches_overlap128_optimistic\patch_3339.npz,6016,256,0.439208984375,high
f:\MAPATHON\sylhet_flood_2024\data\processed\patches_overlap128_optimistic\patch_3340.npz,6016,384,0.484619140625,high
f:\MAPATHON\sylhet_flood_2024\data\processed\patches_overlap128_optimistic\patch_3341.npz,6016,512,0.37188720703125,high
f:\MAPATHON\sylhet_flood_2024\data\processed\patches_overlap128_optimistic\patch_3342.npz,6016,640,0.264801025390625,high
f:\MAPATHON\sylhet_flood_2024\data\processed\patches_overlap128_optimistic\patch_3343.npz,6016,768,0.2358245849609375,high
f:\MAPATHON\sylhet_flood_2024\data\processed\patches_overlap128_optimistic\patch_3344.npz,6016,896,0.2591094970703125,high
f:\MAPATHON\sylhet_flood_2024\data\processed\patches_overlap128_optimistic\patch_3345.npz,6016,1024,0.2454833984375,high
f:\MAPATHON\sylhet_flood_2024\data\processed\patches_overlap128_optimistic\patch_3346.npz,6016,1152,0.2730560302734375,high
f:\MAPATHON\sylhet_flood_2024\data\processed\patches_overlap128_optimistic\patch_3347.npz,6016,1280,0.249237060546875,high
f:\MAPATHON\sylhet_flood_2024\data\processed\patches_overlap128_optimistic\patch_3348.npz,6016,1408,0.1691436767578125,medium
f:\MAPATHON\sylhet_flood_2024\data\processed\patches_overlap128_optimistic\patch_3349.npz,6016,1536,0.345245361328125,high
f:\MAPATHON\sylhet_flood_2024\data\processed\patches_overlap128_optimistic\patch_3350.npz,6016,1664,0.4600982666015625,high
f:\MAPATHON\sylhet_flood_2024\data\processed\patches_overlap128_optimistic\patch_3351.npz,6016,1792,0.31982421875,high
f:\MAPATHON\sylhet_flood_2024\data\processed\patches_overlap128_optimistic\patch_3352.npz,6016,1920,0.2557830810546875,high
f:\MAPATHON\sylhet_flood_2024\data\processed\patches_overlap128_optimistic\patch_3353.npz,6016,2048,0.2218780517578125,high
f:\MAPATHON\sylhet_flood_2024\data\processed\patches_overlap128_optimistic\patch_3354.npz,6016,2176,0.2525634765625,high
f:\MAPATHON\sylhet_flood_2024\data\processed\patches_overlap128_optimistic\patch_3355.npz,6016,2304,0.256927490234375,high
f:\MAPATHON\sylhet_flood_2024\data\processed\patches_overlap128_optimistic\patch_3356.npz,6016,2432,0.1973876953125,medium
f:\MAPATHON\sylhet_flood_2024\data\processed\patches_overlap128_optimistic\patch_3357.npz,6016,2560,0.3143463134765625,high
f:\MAPATHON\sylhet_flood_2024\data\processed\patches_overlap128_optimistic\patch_3358.npz,6016,2688,0.4548797607421875,high
f:\MAPATHON\sylhet_flood_2024\data\processed\patches_overlap128_optimistic\patch_3359.npz,6016,2816,0.3238372802734375,high
f:\MAPATHON\sylhet_flood_2024\data\processed\patches_overlap128_optimistic\patch_3360.npz,6016,2944,0.181488037109375,medium
f:\MAPATHON\sylhet_flood_2024\data\processed\patches_overlap128_optimistic\patch_3361.npz,6016,3072,0.145263671875,medium
f:\MAPATHON\sylhet_flood_2024\data\processed\patches_overlap128_optimistic\patch_3362.npz,6016,3200,0.0296173095703125,low
f:\MAPATHON\sylhet_flood_2024\data\processed\patches_overlap128_optimistic\patch_3363.npz,6016,3328,0.0,dry
f:\MAPATHON\sylhet_flood_2024\data\processed\patches_overlap128_optimistic\patch_3364.npz,6016,3456,0.0,dry
f:\MAPATHON\sylhet_flood_2024\data\processed\patches_overlap128_optimistic\patch_3365.npz,6016,3584,0.0,dry
f:\MAPATHON\sylhet_flood_2024\data\processed\patches_overlap128_optimistic\patch_3366.npz,6016,3712,0.0,dry
f:\MAPATHON\sylhet_flood_2024\data\processed\patches_overlap128_optimistic\patch_3367.npz,6016,3840,0.1934967041015625,medium
f:\MAPATHON\sylhet_flood_2024\data\processed\patches_overlap128_optimistic\patch_3368.npz,6016,3968,0.3598175048828125,high
f:\MAPATHON\sylhet_flood_2024\data\processed\patches_overlap128_optimistic\patch_3369.npz,6016,4096,0.1667327880859375,medium
f:\MAPATHON\sylhet_flood_2024\data\processed\patches_overlap128_optimistic\patch_3370.npz,6016,4224,0.0007781982421875,very_low
f:\MAPATHON\sylhet_flood_2024\data\processed\patches_overlap128_optimistic\patch_3371.npz,6016,4352,0.0003662109375,very_low
f:\MAPATHON\sylhet_flood_2024\data\processed\patches_overlap128_optimistic\patch_3372.npz,6016,4480,0.0,dry
f:\MAPATHON\sylhet_flood_2024\data\processed\patches_overlap128_optimistic\patch_3373.npz,6016,4608,0.0,dry
f:\MAPATHON\sylhet_flood_2024\data\processed\patches_overlap128_optimistic\patch_3374.npz,6016,4736,0.0,dry
f:\MAPATHON\sylhet_flood_2024\data\processed\patches_overlap128_optimistic\patch_3375.npz,6016,4864,0.0001068115234375,very_low
f:\MAPATHON\sylhet_flood_2024\data\processed\patches_overlap128_optimistic\patch_3376.npz,6016,4992,0.0272979736328125,low
f:\MAPATHON\sylhet_flood_2024\data\processed\patches_overlap128_optimistic\patch_3377.npz,6016,5120,0.15277099609375,medium
f:\MAPATHON\sylhet_flood_2024\data\processed\patches_overlap128_optimistic\patch_3378.npz,6016,5248,0.3171234130859375,high
f:\MAPATHON\sylhet_flood_2024\data\processed\patches_overlap128_optimistic\patch_3379.npz,6016,5376,0.3667144775390625,high
f:\MAPATHON\sylhet_flood_2024\data\processed\patches_overlap128_optimistic\patch_3380.npz,6016,5504,0.2320556640625,high
f:\MAPATHON\sylhet_flood_2024\data\processed\patches_overlap128_optimistic\patch_3381.npz,6016,5632,0.080108642578125,medium
f:\MAPATHON\sylhet_flood_2024\data\processed\patches_overlap128_optimistic\patch_3382.npz,6016,5760,0.023223876953125,low
f:\MAPATHON\sylhet_flood_2024\data\processed\patches_overlap128_optimistic\patch_3383.npz,6016,5888,0.0,dry
f:\MAPATHON\sylhet_flood_2024\data\processed\patches_overlap128_optimistic\patch_3384.npz,6016,6016,0.0,dry
f:\MAPATHON\sylhet_flood_2024\data\processed\patches_overlap128_optimistic\patch_3385.npz,6016,6144,0.0,dry
f:\MAPATHON\sylhet_flood_2024\data\processed\patches_overlap128_optimistic\patch_3386.npz,6016,6272,0.0,dry
f:\MAPATHON\sylhet_flood_2024\data\processed\patches_overlap128_optimistic\patch_3387.npz,6016,6400,0.0,dry
f:\MAPATHON\sylhet_flood_2024\data\processed\patches_overlap128_optimistic\patch_3388.npz,6016,6528,0.0,dry
f:\MAPATHON\sylhet_flood_2024\data\processed\patches_overlap128_optimistic\patch_3389.npz,6016,6656,0.0,dry
f:\MAPATHON\sylhet_flood_2024\data\processed\patches_overlap128_optimistic\patch_3390.npz,6016,6784,0.0,dry
f:\MAPATHON\sylhet_flood_2024\data\processed\patches_overlap128_optimistic\patch_3391.npz,6016,6912,0.0,dry
f:\MAPATHON\sylhet_flood_2024\data\processed\patches_overlap128_optimistic\patch_3392.npz,6016,7040,0.0,dry
f:\MAPATHON\sylhet_flood_2024\data\processed\patches_overlap128_optimistic\patch_3393.npz,6016,7168,0.0,dry
f:\MAPATHON\sylhet_flood_2024\data\processed\patches_overlap128_optimistic\patch_3394.npz,6016,7296,0.0,dry
f:\MAPATHON\sylhet_flood_2024\data\processed\patches_overlap128_optimistic\patch_3395.npz,6016,7424,0.0,dry
f:\MAPATHON\sylhet_flood_2024\data\processed\patches_overlap128_optimistic\patch_3396.npz,6016,7552,0.0,dry
f:\MAPATHON\sylhet_flood_2024\data\processed\patches_overlap128_optimistic\patch_3397.npz,6016,7680,0.0,dry
f:\MAPATHON\sylhet_flood_2024\data\processed\patches_overlap128_optimistic\patch_3398.npz,6016,7808,0.0,dry
f:\MAPATHON\sylhet_flood_2024\data\processed\patches_overlap128_optimistic\patch_3399.npz,6016,7936,0.0,dry
f:\MAPATHON\sylhet_flood_2024\data\processed\patches_overlap128_optimistic\patch_3400.npz,6016,8064,0.0,dry
f:\MAPATHON\sylhet_flood_2024\data\processed\patches_overlap128_optimistic\patch_3401.npz,6016,8192,0.0,dry
f:\MAPATHON\sylhet_flood_2024\data\processed\patches_overlap128_optimistic\patch_3402.npz,6016,8320,0.0,dry
f:\MAPATHON\sylhet_flood_2024\data\processed\patches_overlap128_optimistic\patch_3403.npz,6016,8448,0.0,dry
f:\MAPATHON\sylhet_flood_2024\data\processed\patches_overlap128_optimistic\patch_3404.npz,6016,8576,0.0,dry
f:\MAPATHON\sylhet_flood_2024\data\processed\patches_overlap128_optimistic\patch_3405.npz,6016,8704,0.0,dry
f:\MAPATHON\sylhet_flood_2024\data\processed\patches_overlap128_optimistic\patch_3406.npz,6016,8832,0.0,dry
f:\MAPATHON\sylhet_flood_2024\data\processed\patches_overlap128_optimistic\patch_3407.npz,6016,8892,0.0,dry
f:\MAPATHON\sylhet_flood_2024\data\processed\patches_overlap128_optimistic\patch_3408.npz,6144,0,0.421112060546875,high
f:\MAPATHON\sylhet_flood_2024\data\processed\patches_overlap128_optimistic\patch_3409.npz,6144,128,0.403717041015625,high
f:\MAPATHON\sylhet_flood_2024\data\processed\patches_overlap128_optimistic\patch_3410.npz,6144,256,0.530975341796875,high
f:\MAPATHON\sylhet_flood_2024\data\processed\patches_overlap128_optimistic\patch_3411.npz,6144,384,0.5159759521484375,high
f:\MAPATHON\sylhet_flood_2024\data\processed\patches_overlap128_optimistic\patch_3412.npz,6144,512,0.2559661865234375,high
f:\MAPATHON\sylhet_flood_2024\data\processed\patches_overlap128_optimistic\patch_3413.npz,6144,640,0.1095123291015625,medium
f:\MAPATHON\sylhet_flood_2024\data\processed\patches_overlap128_optimistic\patch_3414.npz,6144,768,0.2104034423828125,high
f:\MAPATHON\sylhet_flood_2024\data\processed\patches_overlap128_optimistic\patch_3415.npz,6144,896,0.3104705810546875,high
f:\MAPATHON\sylhet_flood_2024\data\processed\patches_overlap128_optimistic\patch_3416.npz,6144,1024,0.207489013671875,high
f:\MAPATHON\sylhet_flood_2024\data\processed\patches_overlap128_optimistic\patch_3417.npz,6144,1152,0.089324951171875,medium
f:\MAPATHON\sylhet_flood_2024\data\processed\patches_overlap128_optimistic\patch_3418.npz,6144,1280,0.0522003173828125,medium
f:\MAPATHON\sylhet_flood_2024\data\processed\patches_overlap128_optimistic\patch_3419.npz,6144,1408,0.1324005126953125,medium
f:\MAPATHON\sylhet_flood_2024\data\processed\patches_overlap128_optimistic\patch_3420.npz,6144,1536,0.3731536865234375,high
f:\MAPATHON\sylhet_flood_2024\data\processed\patches_overlap128_optimistic\patch_3421.npz,6144,1664,0.3441925048828125,high
f:\MAPATHON\sylhet_flood_2024\data\processed\patches_overlap128_optimistic\patch_3422.npz,6144,1792,0.1704864501953125,medium
f:\MAPATHON\sylhet_flood_2024\data\processed\patches_overlap128_optimistic\patch_3423.npz,6144,1920,0.1488800048828125,medium
f:\MAPATHON\sylhet_flood_2024\data\processed\patches_overlap128_optimistic\patch_3424.npz,6144,2048,0.149139404296875,medium
f:\MAPATHON\sylhet_flood_2024\data\processed\patches_overlap128_optimistic\patch_3425.npz,6144,2176,0.2909088134765625,high
f:\MAPATHON\sylhet_flood_2024\data\processed\patches_overlap128_optimistic\patch_3426.npz,6144,2304,0.32940673828125,high
f:\MAPATHON\sylhet_flood_2024\data\processed\patches_overlap128_optimistic\patch_3427.npz,6144,2432,0.266387939453125,high
f:\MAPATHON\sylhet_flood_2024\data\processed\patches_overlap128_optimistic\patch_3428.npz,6144,2560,0.4413604736328125,high
f:\MAPATHON\sylhet_flood_2024\data\processed\patches_overlap128_optimistic\patch_3429.npz,6144,2688,0.533538818359375,high
f:\MAPATHON\sylhet_flood_2024\data\processed\patches_overlap128_optimistic\patch_3430.npz,6144,2816,0.3102569580078125,high
f:\MAPATHON\sylhet_flood_2024\data\processed\patches_overlap128_optimistic\patch_3431.npz,6144,2944,0.105804443359375,medium
f:\MAPATHON\sylhet_flood_2024\data\processed\patches_overlap128_optimistic\patch_3432.npz,6144,3072,0.0465545654296875,low
f:\MAPATHON\sylhet_flood_2024\data\processed\patches_overlap128_optimistic\patch_3433.npz,6144,3200,0.000518798828125,very_low
f:\MAPATHON\sylhet_flood_2024\data\processed\patches_overlap128_optimistic\patch_3434.npz,6144,3328,0.0,dry
f:\MAPATHON\sylhet_flood_2024\data\processed\patches_overlap128_optimistic\patch_3435.npz,6144,3456,0.0,dry
f:\MAPATHON\sylhet_flood_2024\data\processed\patches_overlap128_optimistic\patch_3436.npz,6144,3584,0.0,dry
f:\MAPATHON\sylhet_flood_2024\data\processed\patches_overlap128_optimistic\patch_3437.npz,6144,3712,0.0,dry
f:\MAPATHON\sylhet_flood_2024\data\processed\patches_overlap128_optimistic\patch_3438.npz,6144,3840,0.1932525634765625,medium
f:\MAPATHON\sylhet_flood_2024\data\processed\patches_overlap128_optimistic\patch_3439.npz,6144,3968,0.4958038330078125,high
f:\MAPATHON\sylhet_flood_2024\data\processed\patches_overlap128_optimistic\patch_3440.npz,6144,4096,0.341094970703125,high
f:\MAPATHON\sylhet_flood_2024\data\processed\patches_overlap128_optimistic\patch_3441.npz,6144,4224,0.038909912109375,low
f:\MAPATHON\sylhet_flood_2024\data\processed\patches_overlap128_optimistic\patch_3442.npz,6144,4352,0.0003662109375,very_low
f:\MAPATHON\sylhet_flood_2024\data\processed\patches_overlap128_optimistic\patch_3443.npz,6144,4480,0.0,dry
f:\MAPATHON\sylhet_flood_2024\data\processed\patches_overlap128_optimistic\patch_3444.npz,6144,4608,0.0,dry
f:\MAPATHON\sylhet_flood_2024\data\processed\patches_overlap128_optimistic\patch_3445.npz,6144,4736,0.0,dry
f:\MAPATHON\sylhet_flood_2024\data\processed\patches_overlap128_optimistic\patch_3446.npz,6144,4864,0.0243988037109375,low
f:\MAPATHON\sylhet_flood_2024\data\processed\patches_overlap128_optimistic\patch_3447.npz,6144,4992,0.058837890625,medium
f:\MAPATHON\sylhet_flood_2024\data\processed\patches_overlap128_optimistic\patch_3448.npz,6144,5120,0.12237548828125,medium
f:\MAPATHON\sylhet_flood_2024\data\processed\patches_overlap128_optimistic\patch_3449.npz,6144,5248,0.25146484375,high
f:\MAPATHON\sylhet_flood_2024\data\processed\patches_overlap128_optimistic\patch_3450.npz,6144,5376,0.34161376953125,high
f:\MAPATHON\sylhet_flood_2024\data\processed\patches_overlap128_optimistic\patch_3451.npz,6144,5504,0.212615966796875,high
f:\MAPATHON\sylhet_flood_2024\data\processed\patches_overlap128_optimistic\patch_3452.npz,6144,5632,0.0444488525390625,low
f:\MAPATHON\sylhet_flood_2024\data\processed\patches_overlap128_optimistic\patch_3453.npz,6144,5760,0.009918212890625,very_low
f:\MAPATHON\sylhet_flood_2024\data\processed\patches_overlap128_optimistic\patch_3454.npz,6144,5888,0.0,dry
f:\MAPATHON\sylhet_flood_2024\data\processed\patches_overlap128_optimistic\patch_3455.npz,6144,6016,0.0,dry
f:\MAPATHON\sylhet_flood_2024\data\processed\patches_overlap128_optimistic\patch_3456.npz,6144,6144,0.0,dry
f:\MAPATHON\sylhet_flood_2024\data\processed\patches_overlap128_optimistic\patch_3457.npz,6144,6272,0.0,dry
f:\MAPATHON\sylhet_flood_2024\data\processed\patches_overlap128_optimistic\patch_3458.npz,6144,6400,0.0,dry
f:\MAPATHON\sylhet_flood_2024\data\processed\patches_overlap128_optimistic\patch_3459.npz,6144,6528,0.0,dry
f:\MAPATHON\sylhet_flood_2024\data\processed\patches_overlap128_optimistic\patch_3460.npz,6144,6656,0.0,dry
f:\MAPATHON\sylhet_flood_2024\data\processed\patches_overlap128_optimistic\patch_3461.npz,6144,6784,0.0,dry
f:\MAPATHON\sylhet_flood_2024\data\processed\patches_overlap128_optimistic\patch_3462.npz,6144,6912,0.0,dry
f:\MAPATHON\sylhet_flood_2024\data\processed\patches_overlap128_optimistic\patch_3463.npz,6144,7040,0.0,dry
f:\MAPATHON\sylhet_flood_2024\data\processed\patches_overlap128_optimistic\patch_3464.npz,6144,7168,0.0,dry
f:\MAPATHON\sylhet_flood_2024\data\processed\patches_overlap128_optimistic\patch_3465.npz,6144,7296,0.0,dry
f:\MAPATHON\sylhet_flood_2024\data\processed\patches_overlap128_optimistic\patch_3466.npz,6144,7424,0.0,dry
f:\MAPATHON\sylhet_flood_2024\data\processed\patches_overlap128_optimistic\patch_3467.npz,6144,7552,0.0,dry
f:\MAPATHON\sylhet_flood_2024\data\processed\patches_overlap128_optimistic\patch_3468.npz,6144,7680,0.0,dry
f:\MAPATHON\sylhet_flood_2024\data\processed\patches_overlap128_optimistic\patch_3469.npz,6144,7808,0.0,dry
f:\MAPATHON\sylhet_flood_2024\data\processed\patches_overlap128_optimistic\patch_3470.npz,6144,7936,0.0,dry
f:\MAPATHON\sylhet_flood_2024\data\processed\patches_overlap128_optimistic\patch_3471.npz,6144,8064,0.0,dry
f:\MAPATHON\sylhet_flood_2024\data\processed\patches_overlap128_optimistic\patch_3472.npz,6144,8192,0.0,dry
f:\MAPATHON\sylhet_flood_2024\data\processed\patches_overlap128_optimistic\patch_3473.npz,6144,8320,0.0,dry
f:\MAPATHON\sylhet_flood_2024\data\processed\patches_overlap128_optimistic\patch_3474.npz,6144,8448,0.0,dry
f:\MAPATHON\sylhet_flood_2024\data\processed\patches_overlap128_optimistic\patch_3475.npz,6144,8576,0.0,dry
f:\MAPATHON\sylhet_flood_2024\data\processed\patches_overlap128_optimistic\patch_3476.npz,6144,8704,0.0,dry
f:\MAPATHON\sylhet_flood_2024\data\processed\patches_overlap128_optimistic\patch_3477.npz,6144,8832,0.0,dry
f:\MAPATHON\sylhet_flood_2024\data\processed\patches_overlap128_optimistic\patch_3478.npz,6144,8892,0.0,dry
f:\MAPATHON\sylhet_flood_2024\data\processed\patches_overlap128_optimistic\patch_3479.npz,6272,0,0.3821563720703125,high
f:\MAPATHON\sylhet_flood_2024\data\processed\patches_overlap128_optimistic\patch_3480.npz,6272,128,0.399139404296875,high
f:\MAPATHON\sylhet_flood_2024\data\processed\patches_overlap128_optimistic\patch_3481.npz,6272,256,0.5016632080078125,high
f:\MAPATHON\sylhet_flood_2024\data\processed\patches_overlap128_optimistic\patch_3482.npz,6272,384,0.4972991943359375,high
f:\MAPATHON\sylhet_flood_2024\data\processed\patches_overlap128_optimistic\patch_3483.npz,6272,512,0.330810546875,high
f:\MAPATHON\sylhet_flood_2024\data\processed\patches_overlap128_optimistic\patch_3484.npz,6272,640,0.250762939453125,high
f:\MAPATHON\sylhet_flood_2024\data\processed\patches_overlap128_optimistic\patch_3485.npz,6272,768,0.27227783203125,high
f:\MAPATHON\sylhet_flood_2024\data\processed\patches_overlap128_optimistic\patch_3486.npz,6272,896,0.442413330078125,high
f:\MAPATHON\sylhet_flood_2024\data\processed\patches_overlap128_optimistic\patch_3487.npz,6272,1024,0.3876800537109375,high
f:\MAPATHON\sylhet_flood_2024\data\processed\patches_overlap128_optimistic\patch_3488.npz,6272,1152,0.2165069580078125,high
f:\MAPATHON\sylhet_flood_2024\data\processed\patches_overlap128_optimistic\patch_3489.npz,6272,1280,0.2750396728515625,high
f:\MAPATHON\sylhet_flood_2024\data\processed\patches_overlap128_optimistic\patch_3490.npz,6272,1408,0.30682373046875,high
f:\MAPATHON\sylhet_flood_2024\data\processed\patches_overlap128_optimistic\patch_3491.npz,6272,1536,0.2949371337890625,high
f:\MAPATHON\sylhet_flood_2024\data\processed\patches_overlap128_optimistic\patch_3492.npz,6272,1664,0.1684112548828125,medium
f:\MAPATHON\sylhet_flood_2024\data\processed\patches_overlap128_optimistic\patch_3493.npz,6272,1792,0.05682373046875,medium
f:\MAPATHON\sylhet_flood_2024\data\processed\patches_overlap128_optimistic\patch_3494.npz,6272,1920,0.0729522705078125,medium
f:\MAPATHON\sylhet_flood_2024\data\processed\patches_overlap128_optimistic\patch_3495.npz,6272,2048,0.1808624267578125,medium
f:\MAPATHON\sylhet_flood_2024\data\processed\patches_overlap128_optimistic\patch_3496.npz,6272,2176,0.441070556640625,high
f:\MAPATHON\sylhet_flood_2024\data\processed\patches_overlap128_optimistic\patch_3497.npz,6272,2304,0.5450286865234375,high
f:\MAPATHON\sylhet_flood_2024\data\processed\patches_overlap128_optimistic\patch_3498.npz,6272,2432,0.496856689453125,high
f:\MAPATHON\sylhet_flood_2024\data\processed\patches_overlap128_optimistic\patch_3499.npz,6272,2560,0.6438751220703125,high
f:\MAPATHON\sylhet_flood_2024\data\processed\patches_overlap128_optimistic\patch_3500.npz,6272,2688,0.6467437744140625,high
f:\MAPATHON\sylhet_flood_2024\data\processed\patches_overlap128_optimistic\patch_3501.npz,6272,2816,0.362640380859375,high
f:\MAPATHON\sylhet_flood_2024\data\processed\patches_overlap128_optimistic\patch_3502.npz,6272,2944,0.0961761474609375,medium
f:\MAPATHON\sylhet_flood_2024\data\processed\patches_overlap128_optimistic\patch_3503.npz,6272,3072,0.001007080078125,very_low
f:\MAPATHON\sylhet_flood_2024\data\processed\patches_overlap128_optimistic\patch_3504.npz,6272,3200,0.0003204345703125,very_low
f:\MAPATHON\sylhet_flood_2024\data\processed\patches_overlap128_optimistic\patch_3505.npz,6272,3328,0.0001068115234375,very_low
f:\MAPATHON\sylhet_flood_2024\data\processed\patches_overlap128_optimistic\patch_3506.npz,6272,3456,0.0001068115234375,very_low
f:\MAPATHON\sylhet_flood_2024\data\processed\patches_overlap128_optimistic\patch_3507.npz,6272,3584,0.0,dry
f:\MAPATHON\sylhet_flood_2024\data\processed\patches_overlap128_optimistic\patch_3508.npz,6272,3712,0.00042724609375,very_low
f:\MAPATHON\sylhet_flood_2024\data\processed\patches_overlap128_optimistic\patch_3509.npz,6272,3840,0.1838226318359375,medium
f:\MAPATHON\sylhet_flood_2024\data\processed\patches_overlap128_optimistic\patch_3510.npz,6272,3968,0.4905548095703125,high
f:\MAPATHON\sylhet_flood_2024\data\processed\patches_overlap128_optimistic\patch_3511.npz,6272,4096,0.4470062255859375,high
f:\MAPATHON\sylhet_flood_2024\data\processed\patches_overlap128_optimistic\patch_3512.npz,6272,4224,0.19207763671875,medium
f:\MAPATHON\sylhet_flood_2024\data\processed\patches_overlap128_optimistic\patch_3513.npz,6272,4352,0.0522308349609375,medium
f:\MAPATHON\sylhet_flood_2024\data\processed\patches_overlap128_optimistic\patch_3514.npz,6272,4480,0.0,dry
f:\MAPATHON\sylhet_flood_2024\data\processed\patches_overlap128_optimistic\patch_3515.npz,6272,4608,0.0023193359375,very_low
f:\MAPATHON\sylhet_flood_2024\data\processed\patches_overlap128_optimistic\patch_3516.npz,6272,4736,0.0195770263671875,low
f:\MAPATHON\sylhet_flood_2024\data\processed\patches_overlap128_optimistic\patch_3517.npz,6272,4864,0.184600830078125,medium
f:\MAPATHON\sylhet_flood_2024\data\processed\patches_overlap128_optimistic\patch_3518.npz,6272,4992,0.3310546875,high
f:\MAPATHON\sylhet_flood_2024\data\processed\patches_overlap128_optimistic\patch_3519.npz,6272,5120,0.21392822265625,high
f:\MAPATHON\sylhet_flood_2024\data\processed\patches_overlap128_optimistic\patch_3520.npz,6272,5248,0.1513824462890625,medium
f:\MAPATHON\sylhet_flood_2024\data\processed\patches_overlap128_optimistic\patch_3521.npz,6272,5376,0.1952667236328125,medium
f:\MAPATHON\sylhet_flood_2024\data\processed\patches_overlap128_optimistic\patch_3522.npz,6272,5504,0.15789794921875,medium
f:\MAPATHON\sylhet_flood_2024\data\processed\patches_overlap128_optimistic\patch_3523.npz,6272,5632,0.0637969970703125,medium
f:\MAPATHON\sylhet_flood_2024\data\processed\patches_overlap128_optimistic\patch_3524.npz,6272,5760,0.0,dry
f:\MAPATHON\sylhet_flood_2024\data\processed\patches_overlap128_optimistic\patch_3525.npz,6272,5888,0.0,dry
f:\MAPATHON\sylhet_flood_2024\data\processed\patches_overlap128_optimistic\patch_3526.npz,6272,6016,0.0,dry
f:\MAPATHON\sylhet_flood_2024\data\processed\patches_overlap128_optimistic\patch_3527.npz,6272,6144,0.0,dry
f:\MAPATHON\sylhet_flood_2024\data\processed\patches_overlap128_optimistic\patch_3528.npz,6272,6272,0.0,dry
f:\MAPATHON\sylhet_flood_2024\data\processed\patches_overlap128_optimistic\patch_3529.npz,6272,6400,0.0,dry
f:\MAPATHON\sylhet_flood_2024\data\processed\patches_overlap128_optimistic\patch_3530.npz,6272,6528,0.0,dry
f:\MAPATHON\sylhet_flood_2024\data\processed\patches_overlap128_optimistic\patch_3531.npz,6272,6656,0.0,dry
f:\MAPATHON\sylhet_flood_2024\data\processed\patches_overlap128_optimistic\patch_3532.npz,6272,6784,0.0,dry
f:\MAPATHON\sylhet_flood_2024\data\processed\patches_overlap128_optimistic\patch_3533.npz,6272,6912,0.0,dry
f:\MAPATHON\sylhet_flood_2024\data\processed\patches_overlap128_optimistic\patch_3534.npz,6272,7040,0.0,dry
f:\MAPATHON\sylhet_flood_2024\data\processed\patches_overlap128_optimistic\patch_3535.npz,6272,7168,0.0,dry
f:\MAPATHON\sylhet_flood_2024\data\processed\patches_overlap128_optimistic\patch_3536.npz,6272,7296,0.0,dry
f:\MAPATHON\sylhet_flood_2024\data\processed\patches_overlap128_optimistic\patch_3537.npz,6272,7424,0.0,dry
f:\MAPATHON\sylhet_flood_2024\data\processed\patches_overlap128_optimistic\patch_3538.npz,6272,7552,0.0,dry
f:\MAPATHON\sylhet_flood_2024\data\processed\patches_overlap128_optimistic\patch_3539.npz,6272,7680,0.0,dry
f:\MAPATHON\sylhet_flood_2024\data\processed\patches_overlap128_optimistic\patch_3540.npz,6272,7808,0.0,dry
f:\MAPATHON\sylhet_flood_2024\data\processed\patches_overlap128_optimistic\patch_3541.npz,6272,7936,0.0,dry
f:\MAPATHON\sylhet_flood_2024\data\processed\patches_overlap128_optimistic\patch_3542.npz,6272,8064,0.0,dry
f:\MAPATHON\sylhet_flood_2024\data\processed\patches_overlap128_optimistic\patch_3543.npz,6272,8192,0.0,dry
f:\MAPATHON\sylhet_flood_2024\data\processed\patches_overlap128_optimistic\patch_3544.npz,6272,8320,0.0,dry
f:\MAPATHON\sylhet_flood_2024\data\processed\patches_overlap128_optimistic\patch_3545.npz,6272,8448,0.0,dry
f:\MAPATHON\sylhet_flood_2024\data\processed\patches_overlap128_optimistic\patch_3546.npz,6272,8576,0.0,dry
f:\MAPATHON\sylhet_flood_2024\data\processed\patches_overlap128_optimistic\patch_3547.npz,6272,8704,0.0,dry
f:\MAPATHON\sylhet_flood_2024\data\processed\patches_overlap128_optimistic\patch_3548.npz,6272,8832,0.0,dry
f:\MAPATHON\sylhet_flood_2024\data\processed\patches_overlap128_optimistic\patch_3549.npz,6272,8892,0.0,dry
f:\MAPATHON\sylhet_flood_2024\data\processed\patches_overlap128_optimistic\patch_3550.npz,6400,0,0.3700103759765625,high
f:\MAPATHON\sylhet_flood_2024\data\processed\patches_overlap128_optimistic\patch_3551.npz,6400,128,0.35931396484375,high
f:\MAPATHON\sylhet_flood_2024\data\processed\patches_overlap128_optimistic\patch_3552.npz,6400,256,0.4671783447265625,high
f:\MAPATHON\sylhet_flood_2024\data\processed\patches_overlap128_optimistic\patch_3553.npz,6400,384,0.448638916015625,high
f:\MAPATHON\sylhet_flood_2024\data\processed\patches_overlap128_optimistic\patch_3554.npz,6400,512,0.37603759765625,high
f:\MAPATHON\sylhet_flood_2024\data\processed\patches_overlap128_optimistic\patch_3555.npz,6400,640,0.4516448974609375,high
f:\MAPATHON\sylhet_flood_2024\data\processed\patches_overlap128_optimistic\patch_3556.npz,6400,768,0.4070892333984375,high
f:\MAPATHON\sylhet_flood_2024\data\processed\patches_overlap128_optimistic\patch_3557.npz,6400,896,0.4312896728515625,high
f:\MAPATHON\sylhet_flood_2024\data\processed\patches_overlap128_optimistic\patch_3558.npz,6400,1024,0.4457550048828125,high
f:\MAPATHON\sylhet_flood_2024\data\processed\patches_overlap128_optimistic\patch_3559.npz,6400,1152,0.390869140625,high
f:\MAPATHON\sylhet_flood_2024\data\processed\patches_overlap128_optimistic\patch_3560.npz,6400,1280,0.460357666015625,high
f:\MAPATHON\sylhet_flood_2024\data\processed\patches_overlap128_optimistic\patch_3561.npz,6400,1408,0.489593505859375,high
f:\MAPATHON\sylhet_flood_2024\data\processed\patches_overlap128_optimistic\patch_3562.npz,6400,1536,0.370330810546875,high
f:\MAPATHON\sylhet_flood_2024\data\processed\patches_overlap128_optimistic\patch_3563.npz,6400,1664,0.1517791748046875,medium
f:\MAPATHON\sylhet_flood_2024\data\processed\patches_overlap128_optimistic\patch_3564.npz,6400,1792,0.0278472900390625,low
f:\MAPATHON\sylhet_flood_2024\data\processed\patches_overlap128_optimistic\patch_3565.npz,6400,1920,0.0264739990234375,low
f:\MAPATHON\sylhet_flood_2024\data\processed\patches_overlap128_optimistic\patch_3566.npz,6400,2048,0.163787841796875,medium
f:\MAPATHON\sylhet_flood_2024\data\processed\patches_overlap128_optimistic\patch_3567.npz,6400,2176,0.5188446044921875,high
f:\MAPATHON\sylhet_flood_2024\data\processed\patches_overlap128_optimistic\patch_3568.npz,6400,2304,0.6807098388671875,high
f:\MAPATHON\sylhet_flood_2024\data\processed\patches_overlap128_optimistic\patch_3569.npz,6400,2432,0.5790252685546875,high
f:\MAPATHON\sylhet_flood_2024\data\processed\patches_overlap128_optimistic\patch_3570.npz,6400,2560,0.63922119140625,high
f:\MAPATHON\sylhet_flood_2024\data\processed\patches_overlap128_optimistic\patch_3571.npz,6400,2688,0.6977081298828125,high
f:\MAPATHON\sylhet_flood_2024\data\processed\patches_overlap128_optimistic\patch_3572.npz,6400,2816,0.44268798828125,high
f:\MAPATHON\sylhet_flood_2024\data\processed\patches_overlap128_optimistic\patch_3573.npz,6400,2944,0.107635498046875,medium
f:\MAPATHON\sylhet_flood_2024\data\processed\patches_overlap128_optimistic\patch_3574.npz,6400,3072,0.0,dry
f:\MAPATHON\sylhet_flood_2024\data\processed\patches_overlap128_optimistic\patch_3575.npz,6400,3200,0.0,dry
f:\MAPATHON\sylhet_flood_2024\data\processed\patches_overlap128_optimistic\patch_3576.npz,6400,3328,0.0001068115234375,very_low
f:\MAPATHON\sylhet_flood_2024\data\processed\patches_overlap128_optimistic\patch_3577.npz,6400,3456,0.0001068115234375,very_low
f:\MAPATHON\sylhet_flood_2024\data\processed\patches_overlap128_optimistic\patch_3578.npz,6400,3584,0.0,dry
f:\MAPATHON\sylhet_flood_2024\data\processed\patches_overlap128_optimistic\patch_3579.npz,6400,3712,0.002716064453125,very_low
f:\MAPATHON\sylhet_flood_2024\data\processed\patches_overlap128_optimistic\patch_3580.npz,6400,3840,0.2324066162109375,high
f:\MAPATHON\sylhet_flood_2024\data\processed\patches_overlap128_optimistic\patch_3581.npz,6400,3968,0.425567626953125,high
f:\MAPATHON\sylhet_flood_2024\data\processed\patches_overlap128_optimistic\patch_3582.npz,6400,4096,0.402557373046875,high
f:\MAPATHON\sylhet_flood_2024\data\processed\patches_overlap128_optimistic\patch_3583.npz,6400,4224,0.3634490966796875,high
f:\MAPATHON\sylhet_flood_2024\data\processed\patches_overlap128_optimistic\patch_3584.npz,6400,4352,0.213897705078125,high
f:\MAPATHON\sylhet_flood_2024\data\processed\patches_overlap128_optimistic\patch_3585.npz,6400,4480,0.05712890625,medium
f:\MAPATHON\sylhet_flood_2024\data\processed\patches_overlap128_optimistic\patch_3586.npz,6400,4608,0.0023193359375,very_low
f:\MAPATHON\sylhet_flood_2024\data\processed\patches_overlap128_optimistic\patch_3587.npz,6400,4736,0.0439605712890625,low
f:\MAPATHON\sylhet_flood_2024\data\processed\patches_overlap128_optimistic\patch_3588.npz,6400,4864,0.33709716796875,high
f:\MAPATHON\sylhet_flood_2024\data\processed\patches_overlap128_optimistic\patch_3589.npz,6400,4992,0.565399169921875,high
f:\MAPATHON\sylhet_flood_2024\data\processed\patches_overlap128_optimistic\patch_3590.npz,6400,5120,0.3374176025390625,high
f:\MAPATHON\sylhet_flood_2024\data\processed\patches_overlap128_optimistic\patch_3591.npz,6400,5248,0.1882171630859375,medium
f:\MAPATHON\sylhet_flood_2024\data\processed\patches_overlap128_optimistic\patch_3592.npz,6400,5376,0.1771697998046875,medium
f:\MAPATHON\sylhet_flood_2024\data\processed\patches_overlap128_optimistic\patch_3593.npz,6400,5504,0.098785400390625,medium
f:\MAPATHON\sylhet_flood_2024\data\processed\patches_overlap128_optimistic\patch_3594.npz,6400,5632,0.0423583984375,low
f:\MAPATHON\sylhet_flood_2024\data\processed\patches_overlap128_optimistic\patch_3595.npz,6400,5760,0.0,dry
f:\MAPATHON\sylhet_flood_2024\data\processed\patches_overlap128_optimistic\patch_3596.npz,6400,5888,0.0,dry
f:\MAPATHON\sylhet_flood_2024\data\processed\patches_overlap128_optimistic\patch_3597.npz,6400,6016,0.0,dry
f:\MAPATHON\sylhet_flood_2024\data\processed\patches_overlap128_optimistic\patch_3598.npz,6400,6144,0.0,dry
f:\MAPATHON\sylhet_flood_2024\data\processed\patches_overlap128_optimistic\patch_3599.npz,6400,6272,0.0,dry
f:\MAPATHON\sylhet_flood_2024\data\processed\patches_overlap128_optimistic\patch_3600.npz,6400,6400,0.0,dry
f:\MAPATHON\sylhet_flood_2024\data\processed\patches_overlap128_optimistic\patch_3601.npz,6400,6528,0.0,dry
f:\MAPATHON\sylhet_flood_2024\data\processed\patches_overlap128_optimistic\patch_3602.npz,6400,6656,0.0,dry
f:\MAPATHON\sylhet_flood_2024\data\processed\patches_overlap128_optimistic\patch_3603.npz,6400,6784,0.0,dry
f:\MAPATHON\sylhet_flood_2024\data\processed\patches_overlap128_optimistic\patch_3604.npz,6400,6912,0.0,dry
f:\MAPATHON\sylhet_flood_2024\data\processed\patches_overlap128_optimistic\patch_3605.npz,6400,7040,0.0,dry
f:\MAPATHON\sylhet_flood_2024\data\processed\patches_overlap128_optimistic\patch_3606.npz,6400,7168,0.0,dry
f:\MAPATHON\sylhet_flood_2024\data\processed\patches_overlap128_optimistic\patch_3607.npz,6400,7296,0.0,dry
f:\MAPATHON\sylhet_flood_2024\data\processed\patches_overlap128_optimistic\patch_3608.npz,6400,7424,0.0,dry
f:\MAPATHON\sylhet_flood_2024\data\processed\patches_overlap128_optimistic\patch_3609.npz,6400,7552,0.0,dry
f:\MAPATHON\sylhet_flood_2024\data\processed\patches_overlap128_optimistic\patch_3610.npz,6400,7680,0.0,dry
f:\MAPATHON\sylhet_flood_2024\data\processed\patches_overlap128_optimistic\patch_3611.npz,6400,7808,0.0,dry
f:\MAPATHON\sylhet_flood_2024\data\processed\patches_overlap128_optimistic\patch_3612.npz,6400,7936,0.0,dry
f:\MAPATHON\sylhet_flood_2024\data\processed\patches_overlap128_optimistic\patch_3613.npz,6400,8064,0.0,dry
f:\MAPATHON\sylhet_flood_2024\data\processed\patches_overlap128_optimistic\patch_3614.npz,6400,8192,0.0,dry
f:\MAPATHON\sylhet_flood_2024\data\processed\patches_overlap128_optimistic\patch_3615.npz,6400,8320,0.0,dry
f:\MAPATHON\sylhet_flood_2024\data\processed\patches_overlap128_optimistic\patch_3616.npz,6400,8448,0.0,dry
f:\MAPATHON\sylhet_flood_2024\data\processed\patches_overlap128_optimistic\patch_3617.npz,6400,8576,0.0,dry
f:\MAPATHON\sylhet_flood_2024\data\processed\patches_overlap128_optimistic\patch_3618.npz,6400,8704,0.0,dry
f:\MAPATHON\sylhet_flood_2024\data\processed\patches_overlap128_optimistic\patch_3619.npz,6400,8832,0.0,dry
f:\MAPATHON\sylhet_flood_2024\data\processed\patches_overlap128_optimistic\patch_3620.npz,6400,8892,0.0,dry
f:\MAPATHON\sylhet_flood_2024\data\processed\patches_overlap128_optimistic\patch_3621.npz,6528,0,0.3603515625,high
f:\MAPATHON\sylhet_flood_2024\data\processed\patches_overlap128_optimistic\patch_3622.npz,6528,128,0.4012298583984375,high
f:\MAPATHON\sylhet_flood_2024\data\processed\patches_overlap128_optimistic\patch_3623.npz,6528,256,0.4362945556640625,high
f:\MAPATHON\sylhet_flood_2024\data\processed\patches_overlap128_optimistic\patch_3624.npz,6528,384,0.4257049560546875,high
f:\MAPATHON\sylhet_flood_2024\data\processed\patches_overlap128_optimistic\patch_3625.npz,6528,512,0.4030303955078125,high
f:\MAPATHON\sylhet_flood_2024\data\processed\patches_overlap128_optimistic\patch_3626.npz,6528,640,0.440032958984375,high
f:\MAPATHON\sylhet_flood_2024\data\processed\patches_overlap128_optimistic\patch_3627.npz,6528,768,0.448760986328125,high
f:\MAPATHON\sylhet_flood_2024\data\processed\patches_overlap128_optimistic\patch_3628.npz,6528,896,0.4408111572265625,high
f:\MAPATHON\sylhet_flood_2024\data\processed\patches_overlap128_optimistic\patch_3629.npz,6528,1024,0.4399566650390625,high
f:\MAPATHON\sylhet_flood_2024\data\processed\patches_overlap128_optimistic\patch_3630.npz,6528,1152,0.4179534912109375,high
f:\MAPATHON\sylhet_flood_2024\data\processed\patches_overlap128_optimistic\patch_3631.npz,6528,1280,0.4990081787109375,high
f:\MAPATHON\sylhet_flood_2024\data\processed\patches_overlap128_optimistic\patch_3632.npz,6528,1408,0.7288665771484375,high
f:\MAPATHON\sylhet_flood_2024\data\processed\patches_overlap128_optimistic\patch_3633.npz,6528,1536,0.5725860595703125,high
f:\MAPATHON\sylhet_flood_2024\data\processed\patches_overlap128_optimistic\patch_3634.npz,6528,1664,0.160369873046875,medium
f:\MAPATHON\sylhet_flood_2024\data\processed\patches_overlap128_optimistic\patch_3635.npz,6528,1792,0.00579833984375,very_low
f:\MAPATHON\sylhet_flood_2024\data\processed\patches_overlap128_optimistic\patch_3636.npz,6528,1920,0.003021240234375,very_low
f:\MAPATHON\sylhet_flood_2024\data\processed\patches_overlap128_optimistic\patch_3637.npz,6528,2048,0.0728607177734375,medium
f:\MAPATHON\sylhet_flood_2024\data\processed\patches_overlap128_optimistic\patch_3638.npz,6528,2176,0.3951873779296875,high
f:\MAPATHON\sylhet_flood_2024\data\processed\patches_overlap128_optimistic\patch_3639.npz,6528,2304,0.6040496826171875,high
f:\MAPATHON\sylhet_flood_2024\data\processed\patches_overlap128_optimistic\patch_3640.npz,6528,2432,0.4186553955078125,high
f:\MAPATHON\sylhet_flood_2024\data\processed\patches_overlap128_optimistic\patch_3641.npz,6528,2560,0.44232177734375,high
f:\MAPATHON\sylhet_flood_2024\data\processed\patches_overlap128_optimistic\patch_3642.npz,6528,2688,0.5903167724609375,high
f:\MAPATHON\sylhet_flood_2024\data\processed\patches_overlap128_optimistic\patch_3643.npz,6528,2816,0.3460540771484375,high
f:\MAPATHON\sylhet_flood_2024\data\processed\patches_overlap128_optimistic\patch_3644.npz,6528,2944,0.05810546875,medium
f:\MAPATHON\sylhet_flood_2024\data\processed\patches_overlap128_optimistic\patch_3645.npz,6528,3072,0.0,dry
f:\MAPATHON\sylhet_flood_2024\data\processed\patches_overlap128_optimistic\patch_3646.npz,6528,3200,0.0,dry
f:\MAPATHON\sylhet_flood_2024\data\processed\patches_overlap128_optimistic\patch_3647.npz,6528,3328,0.0,dry
f:\MAPATHON\sylhet_flood_2024\data\processed\patches_overlap128_optimistic\patch_3648.npz,6528,3456,0.0,dry
f:\MAPATHON\sylhet_flood_2024\data\processed\patches_overlap128_optimistic\patch_3649.npz,6528,3584,0.0,dry
f:\MAPATHON\sylhet_flood_2024\data\processed\patches_overlap128_optimistic\patch_3650.npz,6528,3712,0.0023040771484375,very_low
f:\MAPATHON\sylhet_flood_2024\data\processed\patches_overlap128_optimistic\patch_3651.npz,6528,3840,0.2475738525390625,high
f:\MAPATHON\sylhet_flood_2024\data\processed\patches_overlap128_optimistic\patch_3652.npz,6528,3968,0.4052581787109375,high
f:\MAPATHON\sylhet_flood_2024\data\processed\patches_overlap128_optimistic\patch_3653.npz,6528,4096,0.3962249755859375,high
f:\MAPATHON\sylhet_flood_2024\data\processed\patches_overlap128_optimistic\patch_3654.npz,6528,4224,0.4728851318359375,high
f:\MAPATHON\sylhet_flood_2024\data\processed\patches_overlap128_optimistic\patch_3655.npz,6528,4352,0.468353271484375,high
f:\MAPATHON\sylhet_flood_2024\data\processed\patches_overlap128_optimistic\patch_3656.npz,6528,4480,0.368682861328125,high
f:\MAPATHON\sylhet_flood_2024\data\processed\patches_overlap128_optimistic\patch_3657.npz,6528,4608,0.1907806396484375,medium
f:\MAPATHON\sylhet_flood_2024\data\processed\patches_overlap128_optimistic\patch_3658.npz,6528,4736,0.2081451416015625,high
f:\MAPATHON\sylhet_flood_2024\data\processed\patches_overlap128_optimistic\patch_3659.npz,6528,4864,0.394317626953125,high
f:\MAPATHON\sylhet_flood_2024\data\processed\patches_overlap128_optimistic\patch_3660.npz,6528,4992,0.4371185302734375,high
f:\MAPATHON\sylhet_flood_2024\data\processed\patches_overlap128_optimistic\patch_3661.npz,6528,5120,0.3311309814453125,high
f:\MAPATHON\sylhet_flood_2024\data\processed\patches_overlap128_optimistic\patch_3662.npz,6528,5248,0.3096771240234375,high
f:\MAPATHON\sylhet_flood_2024\data\processed\patches_overlap128_optimistic\patch_3663.npz,6528,5376,0.3083038330078125,high
f:\MAPATHON\sylhet_flood_2024\data\processed\patches_overlap128_optimistic\patch_3664.npz,6528,5504,0.1426239013671875,medium
f:\MAPATHON\sylhet_flood_2024\data\processed\patches_overlap128_optimistic\patch_3665.npz,6528,5632,0.010009765625,low
f:\MAPATHON\sylhet_flood_2024\data\processed\patches_overlap128_optimistic\patch_3666.npz,6528,5760,0.0,dry
f:\MAPATHON\sylhet_flood_2024\data\processed\patches_overlap128_optimistic\patch_3667.npz,6528,5888,0.0,dry
f:\MAPATHON\sylhet_flood_2024\data\processed\patches_overlap128_optimistic\patch_3668.npz,6528,6016,0.0,dry
f:\MAPATHON\sylhet_flood_2024\data\processed\patches_overlap128_optimistic\patch_3669.npz,6528,6144,0.0,dry
f:\MAPATHON\sylhet_flood_2024\data\processed\patches_overlap128_optimistic\patch_3670.npz,6528,6272,0.0,dry
f:\MAPATHON\sylhet_flood_2024\data\processed\patches_overlap128_optimistic\patch_3671.npz,6528,6400,0.0,dry
f:\MAPATHON\sylhet_flood_2024\data\processed\patches_overlap128_optimistic\patch_3672.npz,6528,6528,0.0,dry
f:\MAPATHON\sylhet_flood_2024\data\processed\patches_overlap128_optimistic\patch_3673.npz,6528,6656,0.0,dry
f:\MAPATHON\sylhet_flood_2024\data\processed\patches_overlap128_optimistic\patch_3674.npz,6528,6784,0.0,dry
f:\MAPATHON\sylhet_flood_2024\data\processed\patches_overlap128_optimistic\patch_3675.npz,6528,6912,0.0,dry
f:\MAPATHON\sylhet_flood_2024\data\processed\patches_overlap128_optimistic\patch_3676.npz,6528,7040,0.0,dry
f:\MAPATHON\sylhet_flood_2024\data\processed\patches_overlap128_optimistic\patch_3677.npz,6528,7168,0.0,dry
f:\MAPATHON\sylhet_flood_2024\data\processed\patches_overlap128_optimistic\patch_3678.npz,6528,7296,0.0,dry
f:\MAPATHON\sylhet_flood_2024\data\processed\patches_overlap128_optimistic\patch_3679.npz,6528,7424,0.0,dry
f:\MAPATHON\sylhet_flood_2024\data\processed\patches_overlap128_optimistic\patch_3680.npz,6528,7552,0.0,dry
f:\MAPATHON\sylhet_flood_2024\data\processed\patches_overlap128_optimistic\patch_3681.npz,6528,7680,0.0,dry
f:\MAPATHON\sylhet_flood_2024\data\processed\patches_overlap128_optimistic\patch_3682.npz,6528,7808,0.0,dry
f:\MAPATHON\sylhet_flood_2024\data\processed\patches_overlap128_optimistic\patch_3683.npz,6528,7936,0.0,dry
f:\MAPATHON\sylhet_flood_2024\data\processed\patches_overlap128_optimistic\patch_3684.npz,6528,8064,0.0,dry
f:\MAPATHON\sylhet_flood_2024\data\processed\patches_overlap128_optimistic\patch_3685.npz,6528,8192,0.0,dry
f:\MAPATHON\sylhet_flood_2024\data\processed\patches_overlap128_optimistic\patch_3686.npz,6528,8320,0.0,dry
f:\MAPATHON\sylhet_flood_2024\data\processed\patches_overlap128_optimistic\patch_3687.npz,6528,8448,0.0,dry
f:\MAPATHON\sylhet_flood_2024\data\processed\patches_overlap128_optimistic\patch_3688.npz,6528,8576,0.0,dry
f:\MAPATHON\sylhet_flood_2024\data\processed\patches_overlap128_optimistic\patch_3689.npz,6528,8704,0.0,dry
f:\MAPATHON\sylhet_flood_2024\data\processed\patches_overlap128_optimistic\patch_3690.npz,6528,8832,0.0,dry
f:\MAPATHON\sylhet_flood_2024\data\processed\patches_overlap128_optimistic\patch_3691.npz,6528,8892,0.0,dry
f:\MAPATHON\sylhet_flood_2024\data\processed\patches_overlap128_optimistic\patch_3692.npz,6656,0,0.3434906005859375,high
f:\MAPATHON\sylhet_flood_2024\data\processed\patches_overlap128_optimistic\patch_3693.npz,6656,128,0.47161865234375,high
f:\MAPATHON\sylhet_flood_2024\data\processed\patches_overlap128_optimistic\patch_3694.npz,6656,256,0.4890594482421875,high
f:\MAPATHON\sylhet_flood_2024\data\processed\patches_overlap128_optimistic\patch_3695.npz,6656,384,0.4416961669921875,high
f:\MAPATHON\sylhet_flood_2024\data\processed\patches_overlap128_optimistic\patch_3696.npz,6656,512,0.3639373779296875,high
f:\MAPATHON\sylhet_flood_2024\data\processed\patches_overlap128_optimistic\patch_3697.npz,6656,640,0.303070068359375,high
f:\MAPATHON\sylhet_flood_2024\data\processed\patches_overlap128_optimistic\patch_3698.npz,6656,768,0.311859130859375,high
f:\MAPATHON\sylhet_flood_2024\data\processed\patches_overlap128_optimistic\patch_3699.npz,6656,896,0.3679656982421875,high
f:\MAPATHON\sylhet_flood_2024\data\processed\patches_overlap128_optimistic\patch_3700.npz,6656,1024,0.3032379150390625,high
f:\MAPATHON\sylhet_flood_2024\data\processed\patches_overlap128_optimistic\patch_3701.npz,6656,1152,0.319854736328125,high
f:\MAPATHON\sylhet_flood_2024\data\processed\patches_overlap128_optimistic\patch_3702.npz,6656,1280,0.5660552978515625,high
f:\MAPATHON\sylhet_flood_2024\data\processed\patches_overlap128_optimistic\patch_3703.npz,6656,1408,0.7645111083984375,high
f:\MAPATHON\sylhet_flood_2024\data\processed\patches_overlap128_optimistic\patch_3704.npz,6656,1536,0.5046234130859375,high
f:\MAPATHON\sylhet_flood_2024\data\processed\patches_overlap128_optimistic\patch_3705.npz,6656,1664,0.116607666015625,medium
f:\MAPATHON\sylhet_flood_2024\data\processed\patches_overlap128_optimistic\patch_3706.npz,6656,1792,0.0,dry
f:\MAPATHON\sylhet_flood_2024\data\processed\patches_overlap128_optimistic\patch_3707.npz,6656,1920,0.0,dry
f:\MAPATHON\sylhet_flood_2024\data\processed\patches_overlap128_optimistic\patch_3708.npz,6656,2048,0.036376953125,low
f:\MAPATHON\sylhet_flood_2024\data\processed\patches_overlap128_optimistic\patch_3709.npz,6656,2176,0.3522796630859375,high
f:\MAPATHON\sylhet_flood_2024\data\processed\patches_overlap128_optimistic\patch_3710.npz,6656,2304,0.5531768798828125,high
f:\MAPATHON\sylhet_flood_2024\data\processed\patches_overlap128_optimistic\patch_3711.npz,6656,2432,0.465972900390625,high
f:\MAPATHON\sylhet_flood_2024\data\processed\patches_overlap128_optimistic\patch_3712.npz,6656,2560,0.4266204833984375,high
f:\MAPATHON\sylhet_flood_2024\data\processed\patches_overlap128_optimistic\patch_3713.npz,6656,2688,0.3311614990234375,high
f:\MAPATHON\sylhet_flood_2024\data\processed\patches_overlap128_optimistic\patch_3714.npz,6656,2816,0.147064208984375,medium
f:\MAPATHON\sylhet_flood_2024\data\processed\patches_overlap128_optimistic\patch_3715.npz,6656,2944,0.013824462890625,low
f:\MAPATHON\sylhet_flood_2024\data\processed\patches_overlap128_optimistic\patch_3716.npz,6656,3072,0.0,dry
f:\MAPATHON\sylhet_flood_2024\data\processed\patches_overlap128_optimistic\patch_3717.npz,6656,3200,0.0,dry
f:\MAPATHON\sylhet_flood_2024\data\processed\patches_overlap128_optimistic\patch_3718.npz,6656,3328,0.0,dry
f:\MAPATHON\sylhet_flood_2024\data\processed\patches_overlap128_optimistic\patch_3719.npz,6656,3456,0.0,dry
f:\MAPATHON\sylhet_flood_2024\data\processed\patches_overlap128_optimistic\patch_3720.npz,6656,3584,0.0,dry
f:\MAPATHON\sylhet_flood_2024\data\processed\patches_overlap128_optimistic\patch_3721.npz,6656,3712,0.0560150146484375,medium
f:\MAPATHON\sylhet_flood_2024\data\processed\patches_overlap128_optimistic\patch_3722.npz,6656,3840,0.3637847900390625,high
f:\MAPATHON\sylhet_flood_2024\data\processed\patches_overlap128_optimistic\patch_3723.npz,6656,3968,0.5308837890625,high
f:\MAPATHON\sylhet_flood_2024\data\processed\patches_overlap128_optimistic\patch_3724.npz,6656,4096,0.4623870849609375,high
f:\MAPATHON\sylhet_flood_2024\data\processed\patches_overlap128_optimistic\patch_3725.npz,6656,4224,0.3774261474609375,high
f:\MAPATHON\sylhet_flood_2024\data\processed\patches_overlap128_optimistic\patch_3726.npz,6656,4352,0.3587646484375,high
f:\MAPATHON\sylhet_flood_2024\data\processed\patches_overlap128_optimistic\patch_3727.npz,6656,4480,0.47869873046875,high
f:\MAPATHON\sylhet_flood_2024\data\processed\patches_overlap128_optimistic\patch_3728.npz,6656,4608,0.4368896484375,high
f:\MAPATHON\sylhet_flood_2024\data\processed\patches_overlap128_optimistic\patch_3729.npz,6656,4736,0.3989105224609375,high
f:\MAPATHON\sylhet_flood_2024\data\processed\patches_overlap128_optimistic\patch_3730.npz,6656,4864,0.3697967529296875,high
f:\MAPATHON\sylhet_flood_2024\data\processed\patches_overlap128_optimistic\patch_3731.npz,6656,4992,0.30523681640625,high
f:\MAPATHON\sylhet_flood_2024\data\processed\patches_overlap128_optimistic\patch_3732.npz,6656,5120,0.3419036865234375,high
f:\MAPATHON\sylhet_flood_2024\data\processed\patches_overlap128_optimistic\patch_3733.npz,6656,5248,0.4303436279296875,high
f:\MAPATHON\sylhet_flood_2024\data\processed\patches_overlap128_optimistic\patch_3734.npz,6656,5376,0.4262847900390625,high
f:\MAPATHON\sylhet_flood_2024\data\processed\patches_overlap128_optimistic\patch_3735.npz,6656,5504,0.187225341796875,medium
f:\MAPATHON\sylhet_flood_2024\data\processed\patches_overlap128_optimistic\patch_3736.npz,6656,5632,0.0049285888671875,very_low
f:\MAPATHON\sylhet_flood_2024\data\processed\patches_overlap128_optimistic\patch_3737.npz,6656,5760,0.0,dry
f:\MAPATHON\sylhet_flood_2024\data\processed\patches_overlap128_optimistic\patch_3738.npz,6656,5888,0.0,dry
f:\MAPATHON\sylhet_flood_2024\data\processed\patches_overlap128_optimistic\patch_3739.npz,6656,6016,0.0,dry
f:\MAPATHON\sylhet_flood_2024\data\processed\patches_overlap128_optimistic\patch_3740.npz,6656,6144,0.0,dry
f:\MAPATHON\sylhet_flood_2024\data\processed\patches_overlap128_optimistic\patch_3741.npz,6656,6272,0.0,dry
f:\MAPATHON\sylhet_flood_2024\data\processed\patches_overlap128_optimistic\patch_3742.npz,6656,6400,0.0,dry
f:\MAPATHON\sylhet_flood_2024\data\processed\patches_overlap128_optimistic\patch_3743.npz,6656,6528,0.0,dry
f:\MAPATHON\sylhet_flood_2024\data\processed\patches_overlap128_optimistic\patch_3744.npz,6656,6656,0.0,dry
f:\MAPATHON\sylhet_flood_2024\data\processed\patches_overlap128_optimistic\patch_3745.npz,6656,6784,0.0,dry
f:\MAPATHON\sylhet_flood_2024\data\processed\patches_overlap128_optimistic\patch_3746.npz,6656,6912,0.0,dry
f:\MAPATHON\sylhet_flood_2024\data\processed\patches_overlap128_optimistic\patch_3747.npz,6656,7040,0.0,dry
f:\MAPATHON\sylhet_flood_2024\data\processed\patches_overlap128_optimistic\patch_3748.npz,6656,7168,0.0,dry
f:\MAPATHON\sylhet_flood_2024\data\processed\patches_overlap128_optimistic\patch_3749.npz,6656,7296,0.0,dry
f:\MAPATHON\sylhet_flood_2024\data\processed\patches_overlap128_optimistic\patch_3750.npz,6656,7424,0.0,dry
f:\MAPATHON\sylhet_flood_2024\data\processed\patches_overlap128_optimistic\patch_3751.npz,6656,7552,0.0,dry
f:\MAPATHON\sylhet_flood_2024\data\processed\patches_overlap128_optimistic\patch_3752.npz,6656,7680,0.0,dry
f:\MAPATHON\sylhet_flood_2024\data\processed\patches_overlap128_optimistic\patch_3753.npz,6656,7808,0.0,dry
f:\MAPATHON\sylhet_flood_2024\data\processed\patches_overlap128_optimistic\patch_3754.npz,6656,7936,0.0,dry
f:\MAPATHON\sylhet_flood_2024\data\processed\patches_overlap128_optimistic\patch_3755.npz,6656,8064,0.0,dry
f:\MAPATHON\sylhet_flood_2024\data\processed\patches_overlap128_optimistic\patch_3756.npz,6656,8192,0.0,dry
f:\MAPATHON\sylhet_flood_2024\data\processed\patches_overlap128_optimistic\patch_3757.npz,6656,8320,0.0,dry
f:\MAPATHON\sylhet_flood_2024\data\processed\patches_overlap128_optimistic\patch_3758.npz,6656,8448,0.0,dry
f:\MAPATHON\sylhet_flood_2024\data\processed\patches_overlap128_optimistic\patch_3759.npz,6656,8576,0.0,dry
f:\MAPATHON\sylhet_flood_2024\data\processed\patches_overlap128_optimistic\patch_3760.npz,6656,8704,0.0,dry
f:\MAPATHON\sylhet_flood_2024\data\processed\patches_overlap128_optimistic\patch_3761.npz,6656,8832,0.0,dry
f:\MAPATHON\sylhet_flood_2024\data\processed\patches_overlap128_optimistic\patch_3762.npz,6656,8892,0.0,dry
f:\MAPATHON\sylhet_flood_2024\data\processed\patches_overlap128_optimistic\patch_3763.npz,6784,0,0.3480377197265625,high
f:\MAPATHON\sylhet_flood_2024\data\processed\patches_overlap128_optimistic\patch_3764.npz,6784,128,0.453338623046875,high
f:\MAPATHON\sylhet_flood_2024\data\processed\patches_overlap128_optimistic\patch_3765.npz,6784,256,0.5598907470703125,high
f:\MAPATHON\sylhet_flood_2024\data\processed\patches_overlap128_optimistic\patch_3766.npz,6784,384,0.5753173828125,high
f:\MAPATHON\sylhet_flood_2024\data\processed\patches_overlap128_optimistic\patch_3767.npz,6784,512,0.49530029296875,high
f:\MAPATHON\sylhet_flood_2024\data\processed\patches_overlap128_optimistic\patch_3768.npz,6784,640,0.4929656982421875,high
f:\MAPATHON\sylhet_flood_2024\data\processed\patches_overlap128_optimistic\patch_3769.npz,6784,768,0.4442901611328125,high
f:\MAPATHON\sylhet_flood_2024\data\processed\patches_overlap128_optimistic\patch_3770.npz,6784,896,0.40966796875,high
f:\MAPATHON\sylhet_flood_2024\data\processed\patches_overlap128_optimistic\patch_3771.npz,6784,1024,0.295013427734375,high
f:\MAPATHON\sylhet_flood_2024\data\processed\patches_overlap128_optimistic\patch_3772.npz,6784,1152,0.165435791015625,medium
f:\MAPATHON\sylhet_flood_2024\data\processed\patches_overlap128_optimistic\patch_3773.npz,6784,1280,0.4336395263671875,high
f:\MAPATHON\sylhet_flood_2024\data\processed\patches_overlap128_optimistic\patch_3774.npz,6784,1408,0.6215362548828125,high
f:\MAPATHON\sylhet_flood_2024\data\processed\patches_overlap128_optimistic\patch_3775.npz,6784,1536,0.327728271484375,high
f:\MAPATHON\sylhet_flood_2024\data\processed\patches_overlap128_optimistic\patch_3776.npz,6784,1664,0.055206298828125,medium
f:\MAPATHON\sylhet_flood_2024\data\processed\patches_overlap128_optimistic\patch_3777.npz,6784,1792,0.0503082275390625,medium
f:\MAPATHON\sylhet_flood_2024\data\processed\patches_overlap128_optimistic\patch_3778.npz,6784,1920,0.0899810791015625,medium
f:\MAPATHON\sylhet_flood_2024\data\processed\patches_overlap128_optimistic\patch_3779.npz,6784,2048,0.200164794921875,high
f:\MAPATHON\sylhet_flood_2024\data\processed\patches_overlap128_optimistic\patch_3780.npz,6784,2176,0.4273529052734375,high
f:\MAPATHON\sylhet_flood_2024\data\processed\patches_overlap128_optimistic\patch_3781.npz,6784,2304,0.4255218505859375,high
f:\MAPATHON\sylhet_flood_2024\data\processed\patches_overlap128_optimistic\patch_3782.npz,6784,2432,0.376129150390625,high
f:\MAPATHON\sylhet_flood_2024\data\processed\patches_overlap128_optimistic\patch_3783.npz,6784,2560,0.2669677734375,high
f:\MAPATHON\sylhet_flood_2024\data\processed\patches_overlap128_optimistic\patch_3784.npz,6784,2688,0.0673828125,medium
f:\MAPATHON\sylhet_flood_2024\data\processed\patches_overlap128_optimistic\patch_3785.npz,6784,2816,0.02471923828125,low
f:\MAPATHON\sylhet_flood_2024\data\processed\patches_overlap128_optimistic\patch_3786.npz,6784,2944,0.0,dry
f:\MAPATHON\sylhet_flood_2024\data\processed\patches_overlap128_optimistic\patch_3787.npz,6784,3072,0.0,dry
f:\MAPATHON\sylhet_flood_2024\data\processed\patches_overlap128_optimistic\patch_3788.npz,6784,3200,0.0,dry
f:\MAPATHON\sylhet_flood_2024\data\processed\patches_overlap128_optimistic\patch_3789.npz,6784,3328,0.0,dry
f:\MAPATHON\sylhet_flood_2024\data\processed\patches_overlap128_optimistic\patch_3790.npz,6784,3456,0.0,dry
f:\MAPATHON\sylhet_flood_2024\data\processed\patches_overlap128_optimistic\patch_3791.npz,6784,3584,0.0005340576171875,very_low
f:\MAPATHON\sylhet_flood_2024\data\processed\patches_overlap128_optimistic\patch_3792.npz,6784,3712,0.180877685546875,medium
f:\MAPATHON\sylhet_flood_2024\data\processed\patches_overlap128_optimistic\patch_3793.npz,6784,3840,0.560394287109375,high
f:\MAPATHON\sylhet_flood_2024\data\processed\patches_overlap128_optimistic\patch_3794.npz,6784,3968,0.7015533447265625,high
f:\MAPATHON\sylhet_flood_2024\data\processed\patches_overlap128_optimistic\patch_3795.npz,6784,4096,0.5074310302734375,high
f:\MAPATHON\sylhet_flood_2024\data\processed\patches_overlap128_optimistic\patch_3796.npz,6784,4224,0.2295379638671875,high
f:\MAPATHON\sylhet_flood_2024\data\processed\patches_overlap128_optimistic\patch_3797.npz,6784,4352,0.12322998046875,medium
f:\MAPATHON\sylhet_flood_2024\data\processed\patches_overlap128_optimistic\patch_3798.npz,6784,4480,0.29669189453125,high
f:\MAPATHON\sylhet_flood_2024\data\processed\patches_overlap128_optimistic\patch_3799.npz,6784,4608,0.4345703125,high
f:\MAPATHON\sylhet_flood_2024\data\processed\patches_overlap128_optimistic\patch_3800.npz,6784,4736,0.411590576171875,high
f:\MAPATHON\sylhet_flood_2024\data\processed\patches_overlap128_optimistic\patch_3801.npz,6784,4864,0.2562103271484375,high
f:\MAPATHON\sylhet_flood_2024\data\processed\patches_overlap128_optimistic\patch_3802.npz,6784,4992,0.1969451904296875,medium
f:\MAPATHON\sylhet_flood_2024\data\processed\patches_overlap128_optimistic\patch_3803.npz,6784,5120,0.38446044921875,high
f:\MAPATHON\sylhet_flood_2024\data\processed\patches_overlap128_optimistic\patch_3804.npz,6784,5248,0.55120849609375,high
f:\MAPATHON\sylhet_flood_2024\data\processed\patches_overlap128_optimistic\patch_3805.npz,6784,5376,0.4615631103515625,high
f:\MAPATHON\sylhet_flood_2024\data\processed\patches_overlap128_optimistic\patch_3806.npz,6784,5504,0.211090087890625,high
f:\MAPATHON\sylhet_flood_2024\data\processed\patches_overlap128_optimistic\patch_3807.npz,6784,5632,0.0511016845703125,medium
f:\MAPATHON\sylhet_flood_2024\data\processed\patches_overlap128_optimistic\patch_3808.npz,6784,5760,0.0,dry
f:\MAPATHON\sylhet_flood_2024\data\processed\patches_overlap128_optimistic\patch_3809.npz,6784,5888,0.0,dry
f:\MAPATHON\sylhet_flood_2024\data\processed\patches_overlap128_optimistic\patch_3810.npz,6784,6016,0.0,dry
f:\MAPATHON\sylhet_flood_2024\data\processed\patches_overlap128_optimistic\patch_3811.npz,6784,6144,0.0,dry
f:\MAPATHON\sylhet_flood_2024\data\processed\patches_overlap128_optimistic\patch_3812.npz,6784,6272,0.0,dry
f:\MAPATHON\sylhet_flood_2024\data\processed\patches_overlap128_optimistic\patch_3813.npz,6784,6400,0.0,dry
f:\MAPATHON\sylhet_flood_2024\data\processed\patches_overlap128_optimistic\patch_3814.npz,6784,6528,0.0,dry
f:\MAPATHON\sylhet_flood_2024\data\processed\patches_overlap128_optimistic\patch_3815.npz,6784,6656,0.0,dry
f:\MAPATHON\sylhet_flood_2024\data\processed\patches_overlap128_optimistic\patch_3816.npz,6784,6784,0.0,dry
f:\MAPATHON\sylhet_flood_2024\data\processed\patches_overlap128_optimistic\patch_3817.npz,6784,6912,0.0,dry
f:\MAPATHON\sylhet_flood_2024\data\processed\patches_overlap128_optimistic\patch_3818.npz,6784,7040,0.0,dry
f:\MAPATHON\sylhet_flood_2024\data\processed\patches_overlap128_optimistic\patch_3819.npz,6784,7168,0.0,dry
f:\MAPATHON\sylhet_flood_2024\data\processed\patches_overlap128_optimistic\patch_3820.npz,6784,7296,0.0,dry
f:\MAPATHON\sylhet_flood_2024\data\processed\patches_overlap128_optimistic\patch_3821.npz,6784,7424,0.0,dry
f:\MAPATHON\sylhet_flood_2024\data\processed\patches_overlap128_optimistic\patch_3822.npz,6784,7552,0.0,dry
f:\MAPATHON\sylhet_flood_2024\data\processed\patches_overlap128_optimistic\patch_3823.npz,6784,7680,0.0,dry
f:\MAPATHON\sylhet_flood_2024\data\processed\patches_overlap128_optimistic\patch_3824.npz,6784,7808,0.0,dry
f:\MAPATHON\sylhet_flood_2024\data\processed\patches_overlap128_optimistic\patch_3825.npz,6784,7936,0.0,dry
f:\MAPATHON\sylhet_flood_2024\data\processed\patches_overlap128_optimistic\patch_3826.npz,6784,8064,0.0,dry
f:\MAPATHON\sylhet_flood_2024\data\processed\patches_overlap128_optimistic\patch_3827.npz,6784,8192,0.0,dry
f:\MAPATHON\sylhet_flood_2024\data\processed\patches_overlap128_optimistic\patch_3828.npz,6784,8320,0.0,dry
f:\MAPATHON\sylhet_flood_2024\data\processed\patches_overlap128_optimistic\patch_3829.npz,6784,8448,0.0,dry
f:\MAPATHON\sylhet_flood_2024\data\processed\patches_overlap128_optimistic\patch_3830.npz,6784,8576,0.0,dry
f:\MAPATHON\sylhet_flood_2024\data\processed\patches_overlap128_optimistic\patch_3831.npz,6784,8704,0.0,dry
f:\MAPATHON\sylhet_flood_2024\data\processed\patches_overlap128_optimistic\patch_3832.npz,6784,8832,0.0,dry
f:\MAPATHON\sylhet_flood_2024\data\processed\patches_overlap128_optimistic\patch_3833.npz,6784,8892,0.0,dry
f:\MAPATHON\sylhet_flood_2024\data\processed\patches_overlap128_optimistic\patch_3834.npz,6912,0,0.430511474609375,high
f:\MAPATHON\sylhet_flood_2024\data\processed\patches_overlap128_optimistic\patch_3835.npz,6912,128,0.5850067138671875,high
f:\MAPATHON\sylhet_flood_2024\data\processed\patches_overlap128_optimistic\patch_3836.npz,6912,256,0.612335205078125,high
f:\MAPATHON\sylhet_flood_2024\data\processed\patches_overlap128_optimistic\patch_3837.npz,6912,384,0.61236572265625,high
f:\MAPATHON\sylhet_flood_2024\data\processed\patches_overlap128_optimistic\patch_3838.npz,6912,512,0.6148529052734375,high
f:\MAPATHON\sylhet_flood_2024\data\processed\patches_overlap128_optimistic\patch_3839.npz,6912,640,0.621429443359375,high
f:\MAPATHON\sylhet_flood_2024\data\processed\patches_overlap128_optimistic\patch_3840.npz,6912,768,0.6086273193359375,high
f:\MAPATHON\sylhet_flood_2024\data\processed\patches_overlap128_optimistic\patch_3841.npz,6912,896,0.6244659423828125,high
f:\MAPATHON\sylhet_flood_2024\data\processed\patches_overlap128_optimistic\patch_3842.npz,6912,1024,0.4510955810546875,high
f:\MAPATHON\sylhet_flood_2024\data\processed\patches_overlap128_optimistic\patch_3843.npz,6912,1152,0.1318817138671875,medium
f:\MAPATHON\sylhet_flood_2024\data\processed\patches_overlap128_optimistic\patch_3844.npz,6912,1280,0.1910552978515625,medium
f:\MAPATHON\sylhet_flood_2024\data\processed\patches_overlap128_optimistic\patch_3845.npz,6912,1408,0.4025421142578125,high
f:\MAPATHON\sylhet_flood_2024\data\processed\patches_overlap128_optimistic\patch_3846.npz,6912,1536,0.312774658203125,high
f:\MAPATHON\sylhet_flood_2024\data\processed\patches_overlap128_optimistic\patch_3847.npz,6912,1664,0.16064453125,medium
f:\MAPATHON\sylhet_flood_2024\data\processed\patches_overlap128_optimistic\patch_3848.npz,6912,1792,0.3458251953125,high
f:\MAPATHON\sylhet_flood_2024\data\processed\patches_overlap128_optimistic\patch_3849.npz,6912,1920,0.5402069091796875,high
f:\MAPATHON\sylhet_flood_2024\data\processed\patches_overlap128_optimistic\patch_3850.npz,6912,2048,0.543701171875,high
f:\MAPATHON\sylhet_flood_2024\data\processed\patches_overlap128_optimistic\patch_3851.npz,6912,2176,0.4069671630859375,high
f:\MAPATHON\sylhet_flood_2024\data\processed\patches_overlap128_optimistic\patch_3852.npz,6912,2304,0.17559814453125,medium
f:\MAPATHON\sylhet_flood_2024\data\processed\patches_overlap128_optimistic\patch_3853.npz,6912,2432,0.22021484375,high
f:\MAPATHON\sylhet_flood_2024\data\processed\patches_overlap128_optimistic\patch_3854.npz,6912,2560,0.1844024658203125,medium
f:\MAPATHON\sylhet_flood_2024\data\processed\patches_overlap128_optimistic\patch_3855.npz,6912,2688,0.022705078125,low
f:\MAPATHON\sylhet_flood_2024\data\processed\patches_overlap128_optimistic\patch_3856.npz,6912,2816,0.003875732421875,very_low
f:\MAPATHON\sylhet_flood_2024\data\processed\patches_overlap128_optimistic\patch_3857.npz,6912,2944,0.0,dry
f:\MAPATHON\sylhet_flood_2024\data\processed\patches_overlap128_optimistic\patch_3858.npz,6912,3072,0.0,dry
f:\MAPATHON\sylhet_flood_2024\data\processed\patches_overlap128_optimistic\patch_3859.npz,6912,3200,0.0,dry
f:\MAPATHON\sylhet_flood_2024\data\processed\patches_overlap128_optimistic\patch_3860.npz,6912,3328,0.0,dry
f:\MAPATHON\sylhet_flood_2024\data\processed\patches_overlap128_optimistic\patch_3861.npz,6912,3456,0.0,dry
f:\MAPATHON\sylhet_flood_2024\data\processed\patches_overlap128_optimistic\patch_3862.npz,6912,3584,0.0005340576171875,very_low
f:\MAPATHON\sylhet_flood_2024\data\processed\patches_overlap128_optimistic\patch_3863.npz,6912,3712,0.2412567138671875,high
f:\MAPATHON\sylhet_flood_2024\data\processed\patches_overlap128_optimistic\patch_3864.npz,6912,3840,0.6259918212890625,high
f:\MAPATHON\sylhet_flood_2024\data\processed\patches_overlap128_optimistic\patch_3865.npz,6912,3968,0.7187347412109375,high
f:\MAPATHON\sylhet_flood_2024\data\processed\patches_overlap128_optimistic\patch_3866.npz,6912,4096,0.5182037353515625,high
f:\MAPATHON\sylhet_flood_2024\data\processed\patches_overlap128_optimistic\patch_3867.npz,6912,4224,0.3729095458984375,high
f:\MAPATHON\sylhet_flood_2024\data\processed\patches_overlap128_optimistic\patch_3868.npz,6912,4352,0.33135986328125,high
f:\MAPATHON\sylhet_flood_2024\data\processed\patches_overlap128_optimistic\patch_3869.npz,6912,4480,0.3808441162109375,high
f:\MAPATHON\sylhet_flood_2024\data\processed\patches_overlap128_optimistic\patch_3870.npz,6912,4608,0.46783447265625,high
f:\MAPATHON\sylhet_flood_2024\data\processed\patches_overlap128_optimistic\patch_3871.npz,6912,4736,0.3434906005859375,high
f:\MAPATHON\sylhet_flood_2024\data\processed\patches_overlap128_optimistic\patch_3872.npz,6912,4864,0.1144866943359375,medium
f:\MAPATHON\sylhet_flood_2024\data\processed\patches_overlap128_optimistic\patch_3873.npz,6912,4992,0.129058837890625,medium
f:\MAPATHON\sylhet_flood_2024\data\processed\patches_overlap128_optimistic\patch_3874.npz,6912,5120,0.361968994140625,high
f:\MAPATHON\sylhet_flood_2024\data\processed\patches_overlap128_optimistic\patch_3875.npz,6912,5248,0.466766357421875,high
f:\MAPATHON\sylhet_flood_2024\data\processed\patches_overlap128_optimistic\patch_3876.npz,6912,5376,0.37335205078125,high
f:\MAPATHON\sylhet_flood_2024\data\processed\patches_overlap128_optimistic\patch_3877.npz,6912,5504,0.207611083984375,high
f:\MAPATHON\sylhet_flood_2024\data\processed\patches_overlap128_optimistic\patch_3878.npz,6912,5632,0.0669403076171875,medium
f:\MAPATHON\sylhet_flood_2024\data\processed\patches_overlap128_optimistic\patch_3879.npz,6912,5760,0.0,dry
f:\MAPATHON\sylhet_flood_2024\data\processed\patches_overlap128_optimistic\patch_3880.npz,6912,5888,0.0,dry
f:\MAPATHON\sylhet_flood_2024\data\processed\patches_overlap128_optimistic\patch_3881.npz,6912,6016,0.0,dry
f:\MAPATHON\sylhet_flood_2024\data\processed\patches_overlap128_optimistic\patch_3882.npz,6912,6144,0.0,dry
f:\MAPATHON\sylhet_flood_2024\data\processed\patches_overlap128_optimistic\patch_3883.npz,6912,6272,0.0,dry
f:\MAPATHON\sylhet_flood_2024\data\processed\patches_overlap128_optimistic\patch_3884.npz,6912,6400,0.0,dry
f:\MAPATHON\sylhet_flood_2024\data\processed\patches_overlap128_optimistic\patch_3885.npz,6912,6528,0.0,dry
f:\MAPATHON\sylhet_flood_2024\data\processed\patches_overlap128_optimistic\patch_3886.npz,6912,6656,0.0,dry
f:\MAPATHON\sylhet_flood_2024\data\processed\patches_overlap128_optimistic\patch_3887.npz,6912,6784,0.0,dry
f:\MAPATHON\sylhet_flood_2024\data\processed\patches_overlap128_optimistic\patch_3888.npz,6912,6912,0.0,dry
f:\MAPATHON\sylhet_flood_2024\data\processed\patches_overlap128_optimistic\patch_3889.npz,6912,7040,0.0,dry
f:\MAPATHON\sylhet_flood_2024\data\processed\patches_overlap128_optimistic\patch_3890.npz,6912,7168,0.0,dry
f:\MAPATHON\sylhet_flood_2024\data\processed\patches_overlap128_optimistic\patch_3891.npz,6912,7296,0.0,dry
f:\MAPATHON\sylhet_flood_2024\data\processed\patches_overlap128_optimistic\patch_3892.npz,6912,7424,0.0,dry
f:\MAPATHON\sylhet_flood_2024\data\processed\patches_overlap128_optimistic\patch_3893.npz,6912,7552,0.0,dry
f:\MAPATHON\sylhet_flood_2024\data\processed\patches_overlap128_optimistic\patch_3894.npz,6912,7680,0.0,dry
f:\MAPATHON\sylhet_flood_2024\data\processed\patches_overlap128_optimistic\patch_3895.npz,6912,7808,0.0,dry
f:\MAPATHON\sylhet_flood_2024\data\processed\patches_overlap128_optimistic\patch_3896.npz,6912,7936,0.0,dry
f:\MAPATHON\sylhet_flood_2024\data\processed\patches_overlap128_optimistic\patch_3897.npz,6912,8064,0.0,dry
f:\MAPATHON\sylhet_flood_2024\data\processed\patches_overlap128_optimistic\patch_3898.npz,6912,8192,0.0,dry
f:\MAPATHON\sylhet_flood_2024\data\processed\patches_overlap128_optimistic\patch_3899.npz,6912,8320,0.0,dry
f:\MAPATHON\sylhet_flood_2024\data\processed\patches_overlap128_optimistic\patch_3900.npz,6912,8448,0.0,dry
f:\MAPATHON\sylhet_flood_2024\data\processed\patches_overlap128_optimistic\patch_3901.npz,6912,8576,0.0,dry
f:\MAPATHON\sylhet_flood_2024\data\processed\patches_overlap128_optimistic\patch_3902.npz,6912,8704,0.0,dry
f:\MAPATHON\sylhet_flood_2024\data\processed\patches_overlap128_optimistic\patch_3903.npz,6912,8832,0.0,dry
f:\MAPATHON\sylhet_flood_2024\data\processed\patches_overlap128_optimistic\patch_3904.npz,6912,8892,0.0,dry
f:\MAPATHON\sylhet_flood_2024\data\processed\patches_overlap128_optimistic\patch_3905.npz,7040,0,0.490631103515625,high
f:\MAPATHON\sylhet_flood_2024\data\processed\patches_overlap128_optimistic\patch_3906.npz,7040,128,0.6631317138671875,high
f:\MAPATHON\sylhet_flood_2024\data\processed\patches_overlap128_optimistic\patch_3907.npz,7040,256,0.5569305419921875,high
f:\MAPATHON\sylhet_flood_2024\data\processed\patches_overlap128_optimistic\patch_3908.npz,7040,384,0.5699920654296875,high
f:\MAPATHON\sylhet_flood_2024\data\processed\patches_overlap128_optimistic\patch_3909.npz,7040,512,0.5990142822265625,high
f:\MAPATHON\sylhet_flood_2024\data\processed\patches_overlap128_optimistic\patch_3910.npz,7040,640,0.553802490234375,high
f:\MAPATHON\sylhet_flood_2024\data\processed\patches_overlap128_optimistic\patch_3911.npz,7040,768,0.596343994140625,high
f:\MAPATHON\sylhet_flood_2024\data\processed\patches_overlap128_optimistic\patch_3912.npz,7040,896,0.5561981201171875,high
f:\MAPATHON\sylhet_flood_2024\data\processed\patches_overlap128_optimistic\patch_3913.npz,7040,1024,0.3700714111328125,high
f:\MAPATHON\sylhet_flood_2024\data\processed\patches_overlap128_optimistic\patch_3914.npz,7040,1152,0.1606597900390625,medium
f:\MAPATHON\sylhet_flood_2024\data\processed\patches_overlap128_optimistic\patch_3915.npz,7040,1280,0.096771240234375,medium
f:\MAPATHON\sylhet_flood_2024\data\processed\patches_overlap128_optimistic\patch_3916.npz,7040,1408,0.2644500732421875,high
f:\MAPATHON\sylhet_flood_2024\data\processed\patches_overlap128_optimistic\patch_3917.npz,7040,1536,0.350860595703125,high
f:\MAPATHON\sylhet_flood_2024\data\processed\patches_overlap128_optimistic\patch_3918.npz,7040,1664,0.374420166015625,high
f:\MAPATHON\sylhet_flood_2024\data\processed\patches_overlap128_optimistic\patch_3919.npz,7040,1792,0.64306640625,high
f:\MAPATHON\sylhet_flood_2024\data\processed\patches_overlap128_optimistic\patch_3920.npz,7040,1920,0.872833251953125,high
f:\MAPATHON\sylhet_flood_2024\data\processed\patches_overlap128_optimistic\patch_3921.npz,7040,2048,0.62744140625,high
f:\MAPATHON\sylhet_flood_2024\data\processed\patches_overlap128_optimistic\patch_3922.npz,7040,2176,0.226470947265625,high
f:\MAPATHON\sylhet_flood_2024\data\processed\patches_overlap128_optimistic\patch_3923.npz,7040,2304,0.0271148681640625,low
f:\MAPATHON\sylhet_flood_2024\data\processed\patches_overlap128_optimistic\patch_3924.npz,7040,2432,0.1817474365234375,medium
f:\MAPATHON\sylhet_flood_2024\data\processed\patches_overlap128_optimistic\patch_3925.npz,7040,2560,0.2492523193359375,high
f:\MAPATHON\sylhet_flood_2024\data\processed\patches_overlap128_optimistic\patch_3926.npz,7040,2688,0.0923309326171875,medium
f:\MAPATHON\sylhet_flood_2024\data\processed\patches_overlap128_optimistic\patch_3927.npz,7040,2816,0.02392578125,low
f:\MAPATHON\sylhet_flood_2024\data\processed\patches_overlap128_optimistic\patch_3928.npz,7040,2944,0.0,dry
f:\MAPATHON\sylhet_flood_2024\data\processed\patches_overlap128_optimistic\patch_3929.npz,7040,3072,0.0,dry
f:\MAPATHON\sylhet_flood_2024\data\processed\patches_overlap128_optimistic\patch_3930.npz,7040,3200,0.0,dry
f:\MAPATHON\sylhet_flood_2024\data\processed\patches_overlap128_optimistic\patch_3931.npz,7040,3328,0.0,dry
f:\MAPATHON\sylhet_flood_2024\data\processed\patches_overlap128_optimistic\patch_3932.npz,7040,3456,0.0,dry
f:\MAPATHON\sylhet_flood_2024\data\processed\patches_overlap128_optimistic\patch_3933.npz,7040,3584,0.012420654296875,low
f:\MAPATHON\sylhet_flood_2024\data\processed\patches_overlap128_optimistic\patch_3934.npz,7040,3712,0.3009796142578125,high
f:\MAPATHON\sylhet_flood_2024\data\processed\patches_overlap128_optimistic\patch_3935.npz,7040,3840,0.66058349609375,high
f:\MAPATHON\sylhet_flood_2024\data\processed\patches_overlap128_optimistic\patch_3936.npz,7040,3968,0.61383056640625,high
f:\MAPATHON\sylhet_flood_2024\data\processed\patches_overlap128_optimistic\patch_3937.npz,7040,4096,0.4806976318359375,high
f:\MAPATHON\sylhet_flood_2024\data\processed\patches_overlap128_optimistic\patch_3938.npz,7040,4224,0.5626220703125,high
f:\MAPATHON\sylhet_flood_2024\data\processed\patches_overlap128_optimistic\patch_3939.npz,7040,4352,0.5742645263671875,high
f:\MAPATHON\sylhet_flood_2024\data\processed\patches_overlap128_optimistic\patch_3940.npz,7040,4480,0.4815826416015625,high
f:\MAPATHON\sylhet_flood_2024\data\processed\patches_overlap128_optimistic\patch_3941.npz,7040,4608,0.4659881591796875,high
f:\MAPATHON\sylhet_flood_2024\data\processed\patches_overlap128_optimistic\patch_3942.npz,7040,4736,0.2443084716796875,high
f:\MAPATHON\sylhet_flood_2024\data\processed\patches_overlap128_optimistic\patch_3943.npz,7040,4864,0.03533935546875,low
f:\MAPATHON\sylhet_flood_2024\data\processed\patches_overlap128_optimistic\patch_3944.npz,7040,4992,0.1676025390625,medium
f:\MAPATHON\sylhet_flood_2024\data\processed\patches_overlap128_optimistic\patch_3945.npz,7040,5120,0.341644287109375,high
f:\MAPATHON\sylhet_flood_2024\data\processed\patches_overlap128_optimistic\patch_3946.npz,7040,5248,0.3775634765625,high
f:\MAPATHON\sylhet_flood_2024\data\processed\patches_overlap128_optimistic\patch_3947.npz,7040,5376,0.3619537353515625,high
f:\MAPATHON\sylhet_flood_2024\data\processed\patches_overlap128_optimistic\patch_3948.npz,7040,5504,0.300811767578125,high
f:\MAPATHON\sylhet_flood_2024\data\processed\patches_overlap128_optimistic\patch_3949.npz,7040,5632,0.1170501708984375,medium
f:\MAPATHON\sylhet_flood_2024\data\processed\patches_overlap128_optimistic\patch_3950.npz,7040,5760,0.000640869140625,very_low
f:\MAPATHON\sylhet_flood_2024\data\processed\patches_overlap128_optimistic\patch_3951.npz,7040,5888,0.0,dry
f:\MAPATHON\sylhet_flood_2024\data\processed\patches_overlap128_optimistic\patch_3952.npz,7040,6016,0.0,dry
f:\MAPATHON\sylhet_flood_2024\data\processed\patches_overlap128_optimistic\patch_3953.npz,7040,6144,0.0,dry
f:\MAPATHON\sylhet_flood_2024\data\processed\patches_overlap128_optimistic\patch_3954.npz,7040,6272,0.0,dry
f:\MAPATHON\sylhet_flood_2024\data\processed\patches_overlap128_optimistic\patch_3955.npz,7040,6400,0.0,dry
f:\MAPATHON\sylhet_flood_2024\data\processed\patches_overlap128_optimistic\patch_3956.npz,7040,6528,0.0,dry
f:\MAPATHON\sylhet_flood_2024\data\processed\patches_overlap128_optimistic\patch_3957.npz,7040,6656,0.0,dry
f:\MAPATHON\sylhet_flood_2024\data\processed\patches_overlap128_optimistic\patch_3958.npz,7040,6784,0.0,dry
f:\MAPATHON\sylhet_flood_2024\data\processed\patches_overlap128_optimistic\patch_3959.npz,7040,6912,0.0,dry
f:\MAPATHON\sylhet_flood_2024\data\processed\patches_overlap128_optimistic\patch_3960.npz,7040,7040,0.0,dry
f:\MAPATHON\sylhet_flood_2024\data\processed\patches_overlap128_optimistic\patch_3961.npz,7040,7168,0.0,dry
f:\MAPATHON\sylhet_flood_2024\data\processed\patches_overlap128_optimistic\patch_3962.npz,7040,7296,0.0,dry
f:\MAPATHON\sylhet_flood_2024\data\processed\patches_overlap128_optimistic\patch_3963.npz,7040,7424,0.0,dry
f:\MAPATHON\sylhet_flood_2024\data\processed\patches_overlap128_optimistic\patch_3964.npz,7040,7552,0.0,dry
f:\MAPATHON\sylhet_flood_2024\data\processed\patches_overlap128_optimistic\patch_3965.npz,7040,7680,0.0,dry
f:\MAPATHON\sylhet_flood_2024\data\processed\patches_overlap128_optimistic\patch_3966.npz,7040,7808,0.0,dry
f:\MAPATHON\sylhet_flood_2024\data\processed\patches_overlap128_optimistic\patch_3967.npz,7040,7936,0.0,dry
f:\MAPATHON\sylhet_flood_2024\data\processed\patches_overlap128_optimistic\patch_3968.npz,7040,8064,0.0,dry
f:\MAPATHON\sylhet_flood_2024\data\processed\patches_overlap128_optimistic\patch_3969.npz,7040,8192,0.0,dry
f:\MAPATHON\sylhet_flood_2024\data\processed\patches_overlap128_optimistic\patch_3970.npz,7040,8320,0.0,dry
f:\MAPATHON\sylhet_flood_2024\data\processed\patches_overlap128_optimistic\patch_3971.npz,7040,8448,0.0,dry
f:\MAPATHON\sylhet_flood_2024\data\processed\patches_overlap128_optimistic\patch_3972.npz,7040,8576,0.0,dry
f:\MAPATHON\sylhet_flood_2024\data\processed\patches_overlap128_optimistic\patch_3973.npz,7040,8704,0.0,dry
f:\MAPATHON\sylhet_flood_2024\data\processed\patches_overlap128_optimistic\patch_3974.npz,7040,8832,0.0,dry
f:\MAPATHON\sylhet_flood_2024\data\processed\patches_overlap128_optimistic\patch_3975.npz,7040,8892,0.0,dry
f:\MAPATHON\sylhet_flood_2024\data\processed\patches_overlap128_optimistic\patch_3976.npz,7168,0,0.35565185546875,high
f:\MAPATHON\sylhet_flood_2024\data\processed\patches_overlap128_optimistic\patch_3977.npz,7168,128,0.6009979248046875,high
f:\MAPATHON\sylhet_flood_2024\data\processed\patches_overlap128_optimistic\patch_3978.npz,7168,256,0.545989990234375,high
f:\MAPATHON\sylhet_flood_2024\data\processed\patches_overlap128_optimistic\patch_3979.npz,7168,384,0.58148193359375,high
f:\MAPATHON\sylhet_flood_2024\data\processed\patches_overlap128_optimistic\patch_3980.npz,7168,512,0.6173248291015625,high
f:\MAPATHON\sylhet_flood_2024\data\processed\patches_overlap128_optimistic\patch_3981.npz,7168,640,0.5568084716796875,high
f:\MAPATHON\sylhet_flood_2024\data\processed\patches_overlap128_optimistic\patch_3982.npz,7168,768,0.5330963134765625,high
f:\MAPATHON\sylhet_flood_2024\data\processed\patches_overlap128_optimistic\patch_3983.npz,7168,896,0.3946990966796875,high
f:\MAPATHON\sylhet_flood_2024\data\processed\patches_overlap128_optimistic\patch_3984.npz,7168,1024,0.3204803466796875,high
f:\MAPATHON\sylhet_flood_2024\data\processed\patches_overlap128_optimistic\patch_3985.npz,7168,1152,0.206085205078125,high
f:\MAPATHON\sylhet_flood_2024\data\processed\patches_overlap128_optimistic\patch_3986.npz,7168,1280,0.1121063232421875,medium
f:\MAPATHON\sylhet_flood_2024\data\processed\patches_overlap128_optimistic\patch_3987.npz,7168,1408,0.3142242431640625,high
f:\MAPATHON\sylhet_flood_2024\data\processed\patches_overlap128_optimistic\patch_3988.npz,7168,1536,0.3378143310546875,high
f:\MAPATHON\sylhet_flood_2024\data\processed\patches_overlap128_optimistic\patch_3989.npz,7168,1664,0.2897491455078125,high
f:\MAPATHON\sylhet_flood_2024\data\processed\patches_overlap128_optimistic\patch_3990.npz,7168,1792,0.478179931640625,high
f:\MAPATHON\sylhet_flood_2024\data\processed\patches_overlap128_optimistic\patch_3991.npz,7168,1920,0.554443359375,high
f:\MAPATHON\sylhet_flood_2024\data\processed\patches_overlap128_optimistic\patch_3992.npz,7168,2048,0.29644775390625,high
f:\MAPATHON\sylhet_flood_2024\data\processed\patches_overlap128_optimistic\patch_3993.npz,7168,2176,0.0568695068359375,medium
f:\MAPATHON\sylhet_flood_2024\data\processed\patches_overlap128_optimistic\patch_3994.npz,7168,2304,0.00146484375,very_low
f:\MAPATHON\sylhet_flood_2024\data\processed\patches_overlap128_optimistic\patch_3995.npz,7168,2432,0.064300537109375,medium
f:\MAPATHON\sylhet_flood_2024\data\processed\patches_overlap128_optimistic\patch_3996.npz,7168,2560,0.1386566162109375,medium
f:\MAPATHON\sylhet_flood_2024\data\processed\patches_overlap128_optimistic\patch_3997.npz,7168,2688,0.140045166015625,medium
f:\MAPATHON\sylhet_flood_2024\data\processed\patches_overlap128_optimistic\patch_3998.npz,7168,2816,0.06622314453125,medium
f:\MAPATHON\sylhet_flood_2024\data\processed\patches_overlap128_optimistic\patch_3999.npz,7168,2944,0.000823974609375,very_low
f:\MAPATHON\sylhet_flood_2024\data\processed\patches_overlap128_optimistic\patch_4000.npz,7168,3072,6.103515625e-05,very_low
f:\MAPATHON\sylhet_flood_2024\data\processed\patches_overlap128_optimistic\patch_4001.npz,7168,3200,6.103515625e-05,very_low
f:\MAPATHON\sylhet_flood_2024\data\processed\patches_overlap128_optimistic\patch_4002.npz,7168,3328,0.0,dry
f:\MAPATHON\sylhet_flood_2024\data\processed\patches_overlap128_optimistic\patch_4003.npz,7168,3456,0.0,dry
f:\MAPATHON\sylhet_flood_2024\data\processed\patches_overlap128_optimistic\patch_4004.npz,7168,3584,0.048980712890625,low
f:\MAPATHON\sylhet_flood_2024\data\processed\patches_overlap128_optimistic\patch_4005.npz,7168,3712,0.390869140625,high
f:\MAPATHON\sylhet_flood_2024\data\processed\patches_overlap128_optimistic\patch_4006.npz,7168,3840,0.6542510986328125,high
f:\MAPATHON\sylhet_flood_2024\data\processed\patches_overlap128_optimistic\patch_4007.npz,7168,3968,0.485595703125,high
f:\MAPATHON\sylhet_flood_2024\data\processed\patches_overlap128_optimistic\patch_4008.npz,7168,4096,0.435272216796875,high
f:\MAPATHON\sylhet_flood_2024\data\processed\patches_overlap128_optimistic\patch_4009.npz,7168,4224,0.458709716796875,high
f:\MAPATHON\sylhet_flood_2024\data\processed\patches_overlap128_optimistic\patch_4010.npz,7168,4352,0.4045562744140625,high
f:\MAPATHON\sylhet_flood_2024\data\processed\patches_overlap128_optimistic\patch_4011.npz,7168,4480,0.4638824462890625,high
f:\MAPATHON\sylhet_flood_2024\data\processed\patches_overlap128_optimistic\patch_4012.npz,7168,4608,0.370361328125,high
f:\MAPATHON\sylhet_flood_2024\data\processed\patches_overlap128_optimistic\patch_4013.npz,7168,4736,0.1143646240234375,medium
f:\MAPATHON\sylhet_flood_2024\data\processed\patches_overlap128_optimistic\patch_4014.npz,7168,4864,0.0247955322265625,low
f:\MAPATHON\sylhet_flood_2024\data\processed\patches_overlap128_optimistic\patch_4015.npz,7168,4992,0.079498291015625,medium
f:\MAPATHON\sylhet_flood_2024\data\processed\patches_overlap128_optimistic\patch_4016.npz,7168,5120,0.1682891845703125,medium
f:\MAPATHON\sylhet_flood_2024\data\processed\patches_overlap128_optimistic\patch_4017.npz,7168,5248,0.207275390625,high
f:\MAPATHON\sylhet_flood_2024\data\processed\patches_overlap128_optimistic\patch_4018.npz,7168,5376,0.34539794921875,high
f:\MAPATHON\sylhet_flood_2024\data\processed\patches_overlap128_optimistic\patch_4019.npz,7168,5504,0.4254150390625,high
f:\MAPATHON\sylhet_flood_2024\data\processed\patches_overlap128_optimistic\patch_4020.npz,7168,5632,0.20758056640625,high
f:\MAPATHON\sylhet_flood_2024\data\processed\patches_overlap128_optimistic\patch_4021.npz,7168,5760,0.03387451171875,low
f:\MAPATHON\sylhet_flood_2024\data\processed\patches_overlap128_optimistic\patch_4022.npz,7168,5888,0.0,dry
f:\MAPATHON\sylhet_flood_2024\data\processed\patches_overlap128_optimistic\patch_4023.npz,7168,6016,0.0,dry
f:\MAPATHON\sylhet_flood_2024\data\processed\patches_overlap128_optimistic\patch_4024.npz,7168,6144,0.0,dry
f:\MAPATHON\sylhet_flood_2024\data\processed\patches_overlap128_optimistic\patch_4025.npz,7168,6272,0.0,dry
f:\MAPATHON\sylhet_flood_2024\data\processed\patches_overlap128_optimistic\patch_4026.npz,7168,6400,0.0,dry
f:\MAPATHON\sylhet_flood_2024\data\processed\patches_overlap128_optimistic\patch_4027.npz,7168,6528,0.0,dry
f:\MAPATHON\sylhet_flood_2024\data\processed\patches_overlap128_optimistic\patch_4028.npz,7168,6656,0.0,dry
f:\MAPATHON\sylhet_flood_2024\data\processed\patches_overlap128_optimistic\patch_4029.npz,7168,6784,0.0,dry
f:\MAPATHON\sylhet_flood_2024\data\processed\patches_overlap128_optimistic\patch_4030.npz,7168,6912,0.0,dry
f:\MAPATHON\sylhet_flood_2024\data\processed\patches_overlap128_optimistic\patch_4031.npz,7168,7040,0.0,dry
f:\MAPATHON\sylhet_flood_2024\data\processed\patches_overlap128_optimistic\patch_4032.npz,7168,7168,0.0,dry
f:\MAPATHON\sylhet_flood_2024\data\processed\patches_overlap128_optimistic\patch_4033.npz,7168,7296,0.0,dry
f:\MAPATHON\sylhet_flood_2024\data\processed\patches_overlap128_optimistic\patch_4034.npz,7168,7424,0.0,dry
f:\MAPATHON\sylhet_flood_2024\data\processed\patches_overlap128_optimistic\patch_4035.npz,7168,7552,0.0,dry
f:\MAPATHON\sylhet_flood_2024\data\processed\patches_overlap128_optimistic\patch_4036.npz,7168,7680,0.0,dry
f:\MAPATHON\sylhet_flood_2024\data\processed\patches_overlap128_optimistic\patch_4037.npz,7168,7808,0.0,dry
f:\MAPATHON\sylhet_flood_2024\data\processed\patches_overlap128_optimistic\patch_4038.npz,7168,7936,0.0,dry
f:\MAPATHON\sylhet_flood_2024\data\processed\patches_overlap128_optimistic\patch_4039.npz,7168,8064,0.0,dry
f:\MAPATHON\sylhet_flood_2024\data\processed\patches_overlap128_optimistic\patch_4040.npz,7168,8192,0.0,dry
f:\MAPATHON\sylhet_flood_2024\data\processed\patches_overlap128_optimistic\patch_4041.npz,7168,8320,0.0,dry
f:\MAPATHON\sylhet_flood_2024\data\processed\patches_overlap128_optimistic\patch_4042.npz,7168,8448,0.0,dry
f:\MAPATHON\sylhet_flood_2024\data\processed\patches_overlap128_optimistic\patch_4043.npz,7168,8576,0.0,dry
f:\MAPATHON\sylhet_flood_2024\data\processed\patches_overlap128_optimistic\patch_4044.npz,7168,8704,0.0,dry
f:\MAPATHON\sylhet_flood_2024\data\processed\patches_overlap128_optimistic\patch_4045.npz,7168,8832,0.0,dry
f:\MAPATHON\sylhet_flood_2024\data\processed\patches_overlap128_optimistic\patch_4046.npz,7168,8892,0.0,dry
f:\MAPATHON\sylhet_flood_2024\data\processed\patches_overlap128_optimistic\patch_4047.npz,7296,0,0.290924072265625,high
f:\MAPATHON\sylhet_flood_2024\data\processed\patches_overlap128_optimistic\patch_4048.npz,7296,128,0.6138763427734375,high
f:\MAPATHON\sylhet_flood_2024\data\processed\patches_overlap128_optimistic\patch_4049.npz,7296,256,0.6481781005859375,high
f:\MAPATHON\sylhet_flood_2024\data\processed\patches_overlap128_optimistic\patch_4050.npz,7296,384,0.5926361083984375,high
f:\MAPATHON\sylhet_flood_2024\data\processed\patches_overlap128_optimistic\patch_4051.npz,7296,512,0.6244964599609375,high
f:\MAPATHON\sylhet_flood_2024\data\processed\patches_overlap128_optimistic\patch_4052.npz,7296,640,0.6010589599609375,high
f:\MAPATHON\sylhet_flood_2024\data\processed\patches_overlap128_optimistic\patch_4053.npz,7296,768,0.4630126953125,high
f:\MAPATHON\sylhet_flood_2024\data\processed\patches_overlap128_optimistic\patch_4054.npz,7296,896,0.3198089599609375,high
f:\MAPATHON\sylhet_flood_2024\data\processed\patches_overlap128_optimistic\patch_4055.npz,7296,1024,0.294403076171875,high
f:\MAPATHON\sylhet_flood_2024\data\processed\patches_overlap128_optimistic\patch_4056.npz,7296,1152,0.16162109375,medium
f:\MAPATHON\sylhet_flood_2024\data\processed\patches_overlap128_optimistic\patch_4057.npz,7296,1280,0.0466156005859375,low
f:\MAPATHON\sylhet_flood_2024\data\processed\patches_overlap128_optimistic\patch_4058.npz,7296,1408,0.1553497314453125,medium
f:\MAPATHON\sylhet_flood_2024\data\processed\patches_overlap128_optimistic\patch_4059.npz,7296,1536,0.1661224365234375,medium
f:\MAPATHON\sylhet_flood_2024\data\processed\patches_overlap128_optimistic\patch_4060.npz,7296,1664,0.0672149658203125,medium
f:\MAPATHON\sylhet_flood_2024\data\processed\patches_overlap128_optimistic\patch_4061.npz,7296,1792,0.1306304931640625,medium
f:\MAPATHON\sylhet_flood_2024\data\processed\patches_overlap128_optimistic\patch_4062.npz,7296,1920,0.1318359375,medium
f:\MAPATHON\sylhet_flood_2024\data\processed\patches_overlap128_optimistic\patch_4063.npz,7296,2048,0.024749755859375,low
f:\MAPATHON\sylhet_flood_2024\data\processed\patches_overlap128_optimistic\patch_4064.npz,7296,2176,0.0001220703125,very_low
f:\MAPATHON\sylhet_flood_2024\data\processed\patches_overlap128_optimistic\patch_4065.npz,7296,2304,0.0004119873046875,very_low
f:\MAPATHON\sylhet_flood_2024\data\processed\patches_overlap128_optimistic\patch_4066.npz,7296,2432,0.0034637451171875,very_low
f:\MAPATHON\sylhet_flood_2024\data\processed\patches_overlap128_optimistic\patch_4067.npz,7296,2560,0.036163330078125,low
f:\MAPATHON\sylhet_flood_2024\data\processed\patches_overlap128_optimistic\patch_4068.npz,7296,2688,0.11578369140625,medium
f:\MAPATHON\sylhet_flood_2024\data\processed\patches_overlap128_optimistic\patch_4069.npz,7296,2816,0.0840301513671875,medium
f:\MAPATHON\sylhet_flood_2024\data\processed\patches_overlap128_optimistic\patch_4070.npz,7296,2944,0.0012359619140625,very_low
f:\MAPATHON\sylhet_flood_2024\data\processed\patches_overlap128_optimistic\patch_4071.npz,7296,3072,6.103515625e-05,very_low
f:\MAPATHON\sylhet_flood_2024\data\processed\patches_overlap128_optimistic\patch_4072.npz,7296,3200,6.103515625e-05,very_low
f:\MAPATHON\sylhet_flood_2024\data\processed\patches_overlap128_optimistic\patch_4073.npz,7296,3328,0.0,dry
f:\MAPATHON\sylhet_flood_2024\data\processed\patches_overlap128_optimistic\patch_4074.npz,7296,3456,0.000640869140625,very_low
f:\MAPATHON\sylhet_flood_2024\data\processed\patches_overlap128_optimistic\patch_4075.npz,7296,3584,0.081207275390625,medium
f:\MAPATHON\sylhet_flood_2024\data\processed\patches_overlap128_optimistic\patch_4076.npz,7296,3712,0.3752899169921875,high
f:\MAPATHON\sylhet_flood_2024\data\processed\patches_overlap128_optimistic\patch_4077.npz,7296,3840,0.5388946533203125,high
f:\MAPATHON\sylhet_flood_2024\data\processed\patches_overlap128_optimistic\patch_4078.npz,7296,3968,0.4312744140625,high
f:\MAPATHON\sylhet_flood_2024\data\processed\patches_overlap128_optimistic\patch_4079.npz,7296,4096,0.3861083984375,high
f:\MAPATHON\sylhet_flood_2024\data\processed\patches_overlap128_optimistic\patch_4080.npz,7296,4224,0.2242584228515625,high
f:\MAPATHON\sylhet_flood_2024\data\processed\patches_overlap128_optimistic\patch_4081.npz,7296,4352,0.251251220703125,high
f:\MAPATHON\sylhet_flood_2024\data\processed\patches_overlap128_optimistic\patch_4082.npz,7296,4480,0.4382781982421875,high
f:\MAPATHON\sylhet_flood_2024\data\processed\patches_overlap128_optimistic\patch_4083.npz,7296,4608,0.2293853759765625,high
f:\MAPATHON\sylhet_flood_2024\data\processed\patches_overlap128_optimistic\patch_4084.npz,7296,4736,0.0175323486328125,low
f:\MAPATHON\sylhet_flood_2024\data\processed\patches_overlap128_optimistic\patch_4085.npz,7296,4864,0.00042724609375,very_low
f:\MAPATHON\sylhet_flood_2024\data\processed\patches_overlap128_optimistic\patch_4086.npz,7296,4992,0.0015869140625,very_low
f:\MAPATHON\sylhet_flood_2024\data\processed\patches_overlap128_optimistic\patch_4087.npz,7296,5120,0.009613037109375,very_low
f:\MAPATHON\sylhet_flood_2024\data\processed\patches_overlap128_optimistic\patch_4088.npz,7296,5248,0.026641845703125,low
f:\MAPATHON\sylhet_flood_2024\data\processed\patches_overlap128_optimistic\patch_4089.npz,7296,5376,0.348602294921875,high
f:\MAPATHON\sylhet_flood_2024\data\processed\patches_overlap128_optimistic\patch_4090.npz,7296,5504,0.4340972900390625,high
f:\MAPATHON\sylhet_flood_2024\data\processed\patches_overlap128_optimistic\patch_4091.npz,7296,5632,0.1429290771484375,medium
f:\MAPATHON\sylhet_flood_2024\data\processed\patches_overlap128_optimistic\patch_4092.npz,7296,5760,0.0406341552734375,low
f:\MAPATHON\sylhet_flood_2024\data\processed\patches_overlap128_optimistic\patch_4093.npz,7296,5888,0.0020751953125,very_low
f:\MAPATHON\sylhet_flood_2024\data\processed\patches_overlap128_optimistic\patch_4094.npz,7296,6016,0.0002593994140625,very_low
f:\MAPATHON\sylhet_flood_2024\data\processed\patches_overlap128_optimistic\patch_4095.npz,7296,6144,0.0,dry
f:\MAPATHON\sylhet_flood_2024\data\processed\patches_overlap128_optimistic\patch_4096.npz,7296,6272,0.0,dry
f:\MAPATHON\sylhet_flood_2024\data\processed\patches_overlap128_optimistic\patch_4097.npz,7296,6400,0.0,dry
f:\MAPATHON\sylhet_flood_2024\data\processed\patches_overlap128_optimistic\patch_4098.npz,7296,6528,0.0,dry
f:\MAPATHON\sylhet_flood_2024\data\processed\patches_overlap128_optimistic\patch_4099.npz,7296,6656,0.0,dry
f:\MAPATHON\sylhet_flood_2024\data\processed\patches_overlap128_optimistic\patch_4100.npz,7296,6784,0.0,dry
f:\MAPATHON\sylhet_flood_2024\data\processed\patches_overlap128_optimistic\patch_4101.npz,7296,6912,0.0,dry
f:\MAPATHON\sylhet_flood_2024\data\processed\patches_overlap128_optimistic\patch_4102.npz,7296,7040,0.0,dry
f:\MAPATHON\sylhet_flood_2024\data\processed\patches_overlap128_optimistic\patch_4103.npz,7296,7168,0.0,dry
f:\MAPATHON\sylhet_flood_2024\data\processed\patches_overlap128_optimistic\patch_4104.npz,7296,7296,0.0,dry
f:\MAPATHON\sylhet_flood_2024\data\processed\patches_overlap128_optimistic\patch_4105.npz,7296,7424,0.0,dry
f:\MAPATHON\sylhet_flood_2024\data\processed\patches_overlap128_optimistic\patch_4106.npz,7296,7552,0.0,dry
f:\MAPATHON\sylhet_flood_2024\data\processed\patches_overlap128_optimistic\patch_4107.npz,7296,7680,0.0,dry
f:\MAPATHON\sylhet_flood_2024\data\processed\patches_overlap128_optimistic\patch_4108.npz,7296,7808,0.0,dry
f:\MAPATHON\sylhet_flood_2024\data\processed\patches_overlap128_optimistic\patch_4109.npz,7296,7936,0.0,dry
f:\MAPATHON\sylhet_flood_2024\data\processed\patches_overlap128_optimistic\patch_4110.npz,7296,8064,0.0,dry
f:\MAPATHON\sylhet_flood_2024\data\processed\patches_overlap128_optimistic\patch_4111.npz,7296,8192,0.0,dry
f:\MAPATHON\sylhet_flood_2024\data\processed\patches_overlap128_optimistic\patch_4112.npz,7296,8320,0.0,dry
f:\MAPATHON\sylhet_flood_2024\data\processed\patches_overlap128_optimistic\patch_4113.npz,7296,8448,0.0,dry
f:\MAPATHON\sylhet_flood_2024\data\processed\patches_overlap128_optimistic\patch_4114.npz,7296,8576,0.0,dry
f:\MAPATHON\sylhet_flood_2024\data\processed\patches_overlap128_optimistic\patch_4115.npz,7296,8704,0.0,dry
f:\MAPATHON\sylhet_flood_2024\data\processed\patches_overlap128_optimistic\patch_4116.npz,7296,8832,0.0,dry
f:\MAPATHON\sylhet_flood_2024\data\processed\patches_overlap128_optimistic\patch_4117.npz,7296,8892,0.0,dry
f:\MAPATHON\sylhet_flood_2024\data\processed\patches_overlap128_optimistic\patch_4118.npz,7424,0,0.2527923583984375,high
f:\MAPATHON\sylhet_flood_2024\data\processed\patches_overlap128_optimistic\patch_4119.npz,7424,128,0.609954833984375,high
f:\MAPATHON\sylhet_flood_2024\data\processed\patches_overlap128_optimistic\patch_4120.npz,7424,256,0.758819580078125,high
f:\MAPATHON\sylhet_flood_2024\data\processed\patches_overlap128_optimistic\patch_4121.npz,7424,384,0.640625,high
f:\MAPATHON\sylhet_flood_2024\data\processed\patches_overlap128_optimistic\patch_4122.npz,7424,512,0.642822265625,high
f:\MAPATHON\sylhet_flood_2024\data\processed\patches_overlap128_optimistic\patch_4123.npz,7424,640,0.664703369140625,high
f:\MAPATHON\sylhet_flood_2024\data\processed\patches_overlap128_optimistic\patch_4124.npz,7424,768,0.429534912109375,high
f:\MAPATHON\sylhet_flood_2024\data\processed\patches_overlap128_optimistic\patch_4125.npz,7424,896,0.343963623046875,high
f:\MAPATHON\sylhet_flood_2024\data\processed\patches_overlap128_optimistic\patch_4126.npz,7424,1024,0.310791015625,high
f:\MAPATHON\sylhet_flood_2024\data\processed\patches_overlap128_optimistic\patch_4127.npz,7424,1152,0.11968994140625,medium
f:\MAPATHON\sylhet_flood_2024\data\processed\patches_overlap128_optimistic\patch_4128.npz,7424,1280,0.0365753173828125,low
f:\MAPATHON\sylhet_flood_2024\data\processed\patches_overlap128_optimistic\patch_4129.npz,7424,1408,0.0199432373046875,low
f:\MAPATHON\sylhet_flood_2024\data\processed\patches_overlap128_optimistic\patch_4130.npz,7424,1536,0.016265869140625,low
f:\MAPATHON\sylhet_flood_2024\data\processed\patches_overlap128_optimistic\patch_4131.npz,7424,1664,0.003570556640625,very_low
f:\MAPATHON\sylhet_flood_2024\data\processed\patches_overlap128_optimistic\patch_4132.npz,7424,1792,0.0,dry
f:\MAPATHON\sylhet_flood_2024\data\processed\patches_overlap128_optimistic\patch_4133.npz,7424,1920,0.0,dry
f:\MAPATHON\sylhet_flood_2024\data\processed\patches_overlap128_optimistic\patch_4134.npz,7424,2048,0.0,dry
f:\MAPATHON\sylhet_flood_2024\data\processed\patches_overlap128_optimistic\patch_4135.npz,7424,2176,0.00018310546875,very_low
f:\MAPATHON\sylhet_flood_2024\data\processed\patches_overlap128_optimistic\patch_4136.npz,7424,2304,0.0002593994140625,very_low
f:\MAPATHON\sylhet_flood_2024\data\processed\patches_overlap128_optimistic\patch_4137.npz,7424,2432,0.0028076171875,very_low
f:\MAPATHON\sylhet_flood_2024\data\processed\patches_overlap128_optimistic\patch_4138.npz,7424,2560,0.0146942138671875,low
f:\MAPATHON\sylhet_flood_2024\data\processed\patches_overlap128_optimistic\patch_4139.npz,7424,2688,0.059600830078125,medium
f:\MAPATHON\sylhet_flood_2024\data\processed\patches_overlap128_optimistic\patch_4140.npz,7424,2816,0.062255859375,medium
f:\MAPATHON\sylhet_flood_2024\data\processed\patches_overlap128_optimistic\patch_4141.npz,7424,2944,0.014617919921875,low
f:\MAPATHON\sylhet_flood_2024\data\processed\patches_overlap128_optimistic\patch_4142.npz,7424,3072,0.0,dry
f:\MAPATHON\sylhet_flood_2024\data\processed\patches_overlap128_optimistic\patch_4143.npz,7424,3200,0.0,dry
f:\MAPATHON\sylhet_flood_2024\data\processed\patches_overlap128_optimistic\patch_4144.npz,7424,3328,0.0,dry
f:\MAPATHON\sylhet_flood_2024\data\processed\patches_overlap128_optimistic\patch_4145.npz,7424,3456,0.002655029296875,very_low
f:\MAPATHON\sylhet_flood_2024\data\processed\patches_overlap128_optimistic\patch_4146.npz,7424,3584,0.108734130859375,medium
f:\MAPATHON\sylhet_flood_2024\data\processed\patches_overlap128_optimistic\patch_4147.npz,7424,3712,0.3894805908203125,high
f:\MAPATHON\sylhet_flood_2024\data\processed\patches_overlap128_optimistic\patch_4148.npz,7424,3840,0.46307373046875,high
f:\MAPATHON\sylhet_flood_2024\data\processed\patches_overlap128_optimistic\patch_4149.npz,7424,3968,0.3860015869140625,high
f:\MAPATHON\sylhet_flood_2024\data\processed\patches_overlap128_optimistic\patch_4150.npz,7424,4096,0.34344482421875,high
f:\MAPATHON\sylhet_flood_2024\data\processed\patches_overlap128_optimistic\patch_4151.npz,7424,4224,0.1424407958984375,medium
f:\MAPATHON\sylhet_flood_2024\data\processed\patches_overlap128_optimistic\patch_4152.npz,7424,4352,0.1885528564453125,medium
f:\MAPATHON\sylhet_flood_2024\data\processed\patches_overlap128_optimistic\patch_4153.npz,7424,4480,0.2288665771484375,high
f:\MAPATHON\sylhet_flood_2024\data\processed\patches_overlap128_optimistic\patch_4154.npz,7424,4608,0.0456390380859375,low
f:\MAPATHON\sylhet_flood_2024\data\processed\patches_overlap128_optimistic\patch_4155.npz,7424,4736,0.00042724609375,very_low
f:\MAPATHON\sylhet_flood_2024\data\processed\patches_overlap128_optimistic\patch_4156.npz,7424,4864,0.00042724609375,very_low
f:\MAPATHON\sylhet_flood_2024\data\processed\patches_overlap128_optimistic\patch_4157.npz,7424,4992,0.0,dry
f:\MAPATHON\sylhet_flood_2024\data\processed\patches_overlap128_optimistic\patch_4158.npz,7424,5120,0.0,dry
f:\MAPATHON\sylhet_flood_2024\data\processed\patches_overlap128_optimistic\patch_4159.npz,7424,5248,0.1016998291015625,medium
f:\MAPATHON\sylhet_flood_2024\data\processed\patches_overlap128_optimistic\patch_4160.npz,7424,5376,0.448089599609375,high
f:\MAPATHON\sylhet_flood_2024\data\processed\patches_overlap128_optimistic\patch_4161.npz,7424,5504,0.3847198486328125,high
f:\MAPATHON\sylhet_flood_2024\data\processed\patches_overlap128_optimistic\patch_4162.npz,7424,5632,0.043914794921875,low
f:\MAPATHON\sylhet_flood_2024\data\processed\patches_overlap128_optimistic\patch_4163.npz,7424,5760,0.0078125,very_low
f:\MAPATHON\sylhet_flood_2024\data\processed\patches_overlap128_optimistic\patch_4164.npz,7424,5888,0.0279541015625,low
f:\MAPATHON\sylhet_flood_2024\data\processed\patches_overlap128_optimistic\patch_4165.npz,7424,6016,0.0269775390625,low
f:\MAPATHON\sylhet_flood_2024\data\processed\patches_overlap128_optimistic\patch_4166.npz,7424,6144,0.001251220703125,very_low
f:\MAPATHON\sylhet_flood_2024\data\processed\patches_overlap128_optimistic\patch_4167.npz,7424,6272,0.0,dry
f:\MAPATHON\sylhet_flood_2024\data\processed\patches_overlap128_optimistic\patch_4168.npz,7424,6400,0.0,dry
f:\MAPATHON\sylhet_flood_2024\data\processed\patches_overlap128_optimistic\patch_4169.npz,7424,6528,0.0,dry
f:\MAPATHON\sylhet_flood_2024\data\processed\patches_overlap128_optimistic\patch_4170.npz,7424,6656,0.0,dry
f:\MAPATHON\sylhet_flood_2024\data\processed\patches_overlap128_optimistic\patch_4171.npz,7424,6784,0.0,dry
f:\MAPATHON\sylhet_flood_2024\data\processed\patches_overlap128_optimistic\patch_4172.npz,7424,6912,0.0,dry
f:\MAPATHON\sylhet_flood_2024\data\processed\patches_overlap128_optimistic\patch_4173.npz,7424,7040,0.0,dry
f:\MAPATHON\sylhet_flood_2024\data\processed\patches_overlap128_optimistic\patch_4174.npz,7424,7168,0.0,dry
f:\MAPATHON\sylhet_flood_2024\data\processed\patches_overlap128_optimistic\patch_4175.npz,7424,7296,0.0,dry
f:\MAPATHON\sylhet_flood_2024\data\processed\patches_overlap128_optimistic\patch_4176.npz,7424,7424,0.0,dry
f:\MAPATHON\sylhet_flood_2024\data\processed\patches_overlap128_optimistic\patch_4177.npz,7424,7552,0.0,dry
f:\MAPATHON\sylhet_flood_2024\data\processed\patches_overlap128_optimistic\patch_4178.npz,7424,7680,0.0,dry
f:\MAPATHON\sylhet_flood_2024\data\processed\patches_overlap128_optimistic\patch_4179.npz,7424,7808,0.0,dry
f:\MAPATHON\sylhet_flood_2024\data\processed\patches_overlap128_optimistic\patch_4180.npz,7424,7936,0.0,dry
f:\MAPATHON\sylhet_flood_2024\data\processed\patches_overlap128_optimistic\patch_4181.npz,7424,8064,0.0,dry
f:\MAPATHON\sylhet_flood_2024\data\processed\patches_overlap128_optimistic\patch_4182.npz,7424,8192,0.0,dry
f:\MAPATHON\sylhet_flood_2024\data\processed\patches_overlap128_optimistic\patch_4183.npz,7424,8320,0.0,dry
f:\MAPATHON\sylhet_flood_2024\data\processed\patches_overlap128_optimistic\patch_4184.npz,7424,8448,0.0,dry
f:\MAPATHON\sylhet_flood_2024\data\processed\patches_overlap128_optimistic\patch_4185.npz,7424,8576,0.0,dry
f:\MAPATHON\sylhet_flood_2024\data\processed\patches_overlap128_optimistic\patch_4186.npz,7424,8704,0.0,dry
f:\MAPATHON\sylhet_flood_2024\data\processed\patches_overlap128_optimistic\patch_4187.npz,7424,8832,0.0,dry
f:\MAPATHON\sylhet_flood_2024\data\processed\patches_overlap128_optimistic\patch_4188.npz,7424,8892,0.0,dry
f:\MAPATHON\sylhet_flood_2024\data\processed\patches_overlap128_optimistic\patch_4189.npz,7432,0,0.2462615966796875,high
f:\MAPATHON\sylhet_flood_2024\data\processed\patches_overlap128_optimistic\patch_4190.npz,7432,128,0.603118896484375,high
f:\MAPATHON\sylhet_flood_2024\data\processed\patches_overlap128_optimistic\patch_4191.npz,7432,256,0.7690277099609375,high
f:\MAPATHON\sylhet_flood_2024\data\processed\patches_overlap128_optimistic\patch_4192.npz,7432,384,0.6479339599609375,high
f:\MAPATHON\sylhet_flood_2024\data\processed\patches_overlap128_optimistic\patch_4193.npz,7432,512,0.640289306640625,high
f:\MAPATHON\sylhet_flood_2024\data\processed\patches_overlap128_optimistic\patch_4194.npz,7432,640,0.6574554443359375,high
f:\MAPATHON\sylhet_flood_2024\data\processed\patches_overlap128_optimistic\patch_4195.npz,7432,768,0.4200439453125,high
f:\MAPATHON\sylhet_flood_2024\data\processed\patches_overlap128_optimistic\patch_4196.npz,7432,896,0.34747314453125,high
f:\MAPATHON\sylhet_flood_2024\data\processed\patches_overlap128_optimistic\patch_4197.npz,7432,1024,0.3203887939453125,high
f:\MAPATHON\sylhet_flood_2024\data\processed\patches_overlap128_optimistic\patch_4198.npz,7432,1152,0.12384033203125,medium
f:\MAPATHON\sylhet_flood_2024\data\processed\patches_overlap128_optimistic\patch_4199.npz,7432,1280,0.0362091064453125,low
f:\MAPATHON\sylhet_flood_2024\data\processed\patches_overlap128_optimistic\patch_4200.npz,7432,1408,0.0199432373046875,low
f:\MAPATHON\sylhet_flood_2024\data\processed\patches_overlap128_optimistic\patch_4201.npz,7432,1536,0.016265869140625,low
f:\MAPATHON\sylhet_flood_2024\data\processed\patches_overlap128_optimistic\patch_4202.npz,7432,1664,0.003570556640625,very_low
f:\MAPATHON\sylhet_flood_2024\data\processed\patches_overlap128_optimistic\patch_4203.npz,7432,1792,0.0,dry
f:\MAPATHON\sylhet_flood_2024\data\processed\patches_overlap128_optimistic\patch_4204.npz,7432,1920,0.0,dry
f:\MAPATHON\sylhet_flood_2024\data\processed\patches_overlap128_optimistic\patch_4205.npz,7432,2048,0.0,dry
f:\MAPATHON\sylhet_flood_2024\data\processed\patches_overlap128_optimistic\patch_4206.npz,7432,2176,0.00018310546875,very_low
f:\MAPATHON\sylhet_flood_2024\data\processed\patches_overlap128_optimistic\patch_4207.npz,7432,2304,0.0002593994140625,very_low
f:\MAPATHON\sylhet_flood_2024\data\processed\patches_overlap128_optimistic\patch_4208.npz,7432,2432,0.0064239501953125,very_low
f:\MAPATHON\sylhet_flood_2024\data\processed\patches_overlap128_optimistic\patch_4209.npz,7432,2560,0.015960693359375,low
f:\MAPATHON\sylhet_flood_2024\data\processed\patches_overlap128_optimistic\patch_4210.npz,7432,2688,0.056304931640625,medium
f:\MAPATHON\sylhet_flood_2024\data\processed\patches_overlap128_optimistic\patch_4211.npz,7432,2816,0.063323974609375,medium
f:\MAPATHON\sylhet_flood_2024\data\processed\patches_overlap128_optimistic\patch_4212.npz,7432,2944,0.016632080078125,low
f:\MAPATHON\sylhet_flood_2024\data\processed\patches_overlap128_optimistic\patch_4213.npz,7432,3072,0.0,dry
f:\MAPATHON\sylhet_flood_2024\data\processed\patches_overlap128_optimistic\patch_4214.npz,7432,3200,0.0,dry
f:\MAPATHON\sylhet_flood_2024\data\processed\patches_overlap128_optimistic\patch_4215.npz,7432,3328,0.0,dry
f:\MAPATHON\sylhet_flood_2024\data\processed\patches_overlap128_optimistic\patch_4216.npz,7432,3456,0.002655029296875,very_low
f:\MAPATHON\sylhet_flood_2024\data\processed\patches_overlap128_optimistic\patch_4217.npz,7432,3584,0.1105194091796875,medium
f:\MAPATHON\sylhet_flood_2024\data\processed\patches_overlap128_optimistic\patch_4218.npz,7432,3712,0.3832855224609375,high
f:\MAPATHON\sylhet_flood_2024\data\processed\patches_overlap128_optimistic\patch_4219.npz,7432,3840,0.4481353759765625,high
f:\MAPATHON\sylhet_flood_2024\data\processed\patches_overlap128_optimistic\patch_4220.npz,7432,3968,0.38543701171875,high
f:\MAPATHON\sylhet_flood_2024\data\processed\patches_overlap128_optimistic\patch_4221.npz,7432,4096,0.3516693115234375,high
f:\MAPATHON\sylhet_flood_2024\data\processed\patches_overlap128_optimistic\patch_4222.npz,7432,4224,0.1442718505859375,medium
f:\MAPATHON\sylhet_flood_2024\data\processed\patches_overlap128_optimistic\patch_4223.npz,7432,4352,0.1790618896484375,medium
f:\MAPATHON\sylhet_flood_2024\data\processed\patches_overlap128_optimistic\patch_4224.npz,7432,4480,0.215301513671875,high
f:\MAPATHON\sylhet_flood_2024\data\processed\patches_overlap128_optimistic\patch_4225.npz,7432,4608,0.04156494140625,low
f:\MAPATHON\sylhet_flood_2024\data\processed\patches_overlap128_optimistic\patch_4226.npz,7432,4736,0.00042724609375,very_low
f:\MAPATHON\sylhet_flood_2024\data\processed\patches_overlap128_optimistic\patch_4227.npz,7432,4864,0.00042724609375,very_low
f:\MAPATHON\sylhet_flood_2024\data\processed\patches_overlap128_optimistic\patch_4228.npz,7432,4992,0.0,dry
f:\MAPATHON\sylhet_flood_2024\data\processed\patches_overlap128_optimistic\patch_4229.npz,7432,5120,0.0,dry
f:\MAPATHON\sylhet_flood_2024\data\processed\patches_overlap128_optimistic\patch_4230.npz,7432,5248,0.10797119140625,medium
f:\MAPATHON\sylhet_flood_2024\data\processed\patches_overlap128_optimistic\patch_4231.npz,7432,5376,0.4515380859375,high
f:\MAPATHON\sylhet_flood_2024\data\processed\patches_overlap128_optimistic\patch_4232.npz,7432,5504,0.379150390625,high
f:\MAPATHON\sylhet_flood_2024\data\processed\patches_overlap128_optimistic\patch_4233.npz,7432,5632,0.040496826171875,low
f:\MAPATHON\sylhet_flood_2024\data\processed\patches_overlap128_optimistic\patch_4234.npz,7432,5760,0.00714111328125,very_low
f:\MAPATHON\sylhet_flood_2024\data\processed\patches_overlap128_optimistic\patch_4235.npz,7432,5888,0.0279541015625,low
f:\MAPATHON\sylhet_flood_2024\data\processed\patches_overlap128_optimistic\patch_4236.npz,7432,6016,0.02783203125,low
f:\MAPATHON\sylhet_flood_2024\data\processed\patches_overlap128_optimistic\patch_4237.npz,7432,6144,0.002105712890625,very_low
f:\MAPATHON\sylhet_flood_2024\data\processed\patches_overlap128_optimistic\patch_4238.npz,7432,6272,0.0,dry
f:\MAPATHON\sylhet_flood_2024\data\processed\patches_overlap128_optimistic\patch_4239.npz,7432,6400,0.0,dry
f:\MAPATHON\sylhet_flood_2024\data\processed\patches_overlap128_optimistic\patch_4240.npz,7432,6528,0.0,dry
f:\MAPATHON\sylhet_flood_2024\data\processed\patches_overlap128_optimistic\patch_4241.npz,7432,6656,0.0,dry
f:\MAPATHON\sylhet_flood_2024\data\processed\patches_overlap128_optimistic\patch_4242.npz,7432,6784,0.0,dry
f:\MAPATHON\sylhet_flood_2024\data\processed\patches_overlap128_optimistic\patch_4243.npz,7432,6912,0.0,dry
f:\MAPATHON\sylhet_flood_2024\data\processed\patches_overlap128_optimistic\patch_4244.npz,7432,7040,0.0,dry
f:\MAPATHON\sylhet_flood_2024\data\processed\patches_overlap128_optimistic\patch_4245.npz,7432,7168,0.0,dry
f:\MAPATHON\sylhet_flood_2024\data\processed\patches_overlap128_optimistic\patch_4246.npz,7432,7296,0.0,dry
f:\MAPATHON\sylhet_flood_2024\data\processed\patches_overlap128_optimistic\patch_4247.npz,7432,7424,0.0,dry
f:\MAPATHON\sylhet_flood_2024\data\processed\patches_overlap128_optimistic\patch_4248.npz,7432,7552,0.0,dry
f:\MAPATHON\sylhet_flood_2024\data\processed\patches_overlap128_optimistic\patch_4249.npz,7432,7680,0.0,dry
f:\MAPATHON\sylhet_flood_2024\data\processed\patches_overlap128_optimistic\patch_4250.npz,7432,7808,0.0,dry
f:\MAPATHON\sylhet_flood_2024\data\processed\patches_overlap128_optimistic\patch_4251.npz,7432,7936,0.0,dry
f:\MAPATHON\sylhet_flood_2024\data\processed\patches_overlap128_optimistic\patch_4252.npz,7432,8064,0.0,dry
f:\MAPATHON\sylhet_flood_2024\data\processed\patches_overlap128_optimistic\patch_4253.npz,7432,8192,0.0,dry
f:\MAPATHON\sylhet_flood_2024\data\processed\patches_overlap128_optimistic\patch_4254.npz,7432,8320,0.0,dry
f:\MAPATHON\sylhet_flood_2024\data\processed\patches_overlap128_optimistic\patch_4255.npz,7432,8448,0.0,dry
f:\MAPATHON\sylhet_flood_2024\data\processed\patches_overlap128_optimistic\patch_4256.npz,7432,8576,0.0,dry
f:\MAPATHON\sylhet_flood_2024\data\processed\patches_overlap128_optimistic\patch_4257.npz,7432,8704,0.0,dry
f:\MAPATHON\sylhet_flood_2024\data\processed\patches_overlap128_optimistic\patch_4258.npz,7432,8832,0.0,dry
f:\MAPATHON\sylhet_flood_2024\data\processed\patches_overlap128_optimistic\patch_4259.npz,7432,8892,0.0,dry
